memory_initialization_radix=16;
memory_initialization_vector=
0004,
0003,
0001,
0001,
ffff,
0000,
0000,
fffe,
fffd,
fffe,
fffe,
ffff,
ffff,
ffff,
ffff,
0000,
0001,
0003,
0002,
0001,
ffff,
fffe,
fffd,
fffd,
ffff,
fffe,
fffc,
0002,
fffe,
0007,
fffb,
0007,
fff1,
0004,
ffed,
0006,
fff0,
0016,
ffd6,
0628,
151d,
0347,
e5d1,
eb07,
f393,
fea5,
17d1,
26a7,
26c9,
23e1,
1660,
083b,
ffaa,
e2ac,
c9fc,
d830,
e7c5,
e9cf,
f062,
f506,
fc25,
0963,
10ad,
0d02,
0f65,
12d2,
0ba4,
05b1,
019f,
fde6,
fa53,
f922,
f838,
f88f,
fb39,
fc93,
fec8,
00e0,
0068,
fcf6,
fd89,
0142,
02b5,
0256,
016a,
01be,
0263,
0313,
0173,
ff86,
ff5b,
fead,
fdf9,
fd89,
fd5a,
fd0e,
fdb1,
ff02,
008b,
01ff,
01e0,
015a,
018a,
01f7,
0187,
00be,
0030,
ff9d,
ff4d,
fee5,
fe8a,
fe55,
fe6e,
fe8f,
feba,
ff3d,
ff9e,
ffc4,
fffe,
0085,
0020,
ff05,
feb9,
ff3a,
0063,
01aa,
024d,
027c,
0004,
0002,
0001,
0000,
0000,
0000,
0000,
fffe,
fffe,
fffe,
fffe,
ffff,
ffff,
ffff,
0001,
0002,
0003,
0003,
0002,
0000,
0000,
ffff,
fffd,
ffff,
0000,
fffc,
0000,
0000,
0003,
0002,
0000,
0000,
fff2,
0004,
ffe8,
0011,
ffe1,
0018,
0150,
103f,
12df,
efbb,
e0bd,
e9d7,
efb7,
08de,
2796,
3028,
2ec6,
25f2,
1177,
04d0,
f0b3,
cd28,
cb6b,
e215,
e6c0,
edc0,
f72f,
f707,
fe94,
0c67,
0c7a,
0955,
102e,
0d5a,
0728,
0631,
03ea,
016f,
fe85,
f9c5,
f766,
fa57,
faa6,
faea,
fe24,
ffaa,
fd93,
fbfe,
fe69,
0165,
0342,
02ee,
02bd,
03aa,
040c,
02f8,
00a0,
ff32,
fdf8,
fd0f,
fcd0,
fcdd,
fd4d,
fdbd,
fe76,
ffd7,
01e2,
02ce,
0217,
0175,
0180,
0174,
00c1,
0019,
ffb8,
ff6e,
ff06,
fea4,
fea2,
feb5,
febb,
fe94,
feb4,
ff37,
0004,
0072,
ff6d,
fe54,
fe92,
ff8f,
00c0,
020c,
0309,
034e,
01e1,
ffd9,
0002,
0001,
0000,
0000,
0000,
0000,
0000,
ffff,
ffff,
ffff,
0000,
0000,
ffff,
0001,
0001,
0002,
0003,
0002,
0000,
ffff,
ffff,
fffd,
0000,
0001,
fffd,
ffff,
0002,
0002,
0005,
fffe,
0004,
ffee,
0009,
ffe3,
0017,
ffd9,
0029,
007f,
0e1c,
1794,
f591,
dc66,
e4ef,
ed73,
04f9,
27c6,
3535,
328a,
2a5b,
15bf,
0504,
f1a1,
cc70,
c3c7,
ddbb,
e7c6,
ecc2,
f82b,
f92c,
fc24,
09ae,
0de2,
0937,
0dc8,
0c30,
0718,
07fd,
06c1,
041d,
003d,
f9f1,
f6b4,
fb09,
fbd7,
fa57,
fcb0,
fe30,
fc46,
fa9f,
fced,
ffeb,
0265,
0328,
041c,
05bd,
05c2,
0437,
0195,
ffd8,
fe38,
fccb,
fbf1,
fb98,
fc3b,
fd48,
fe82,
ffe8,
01d1,
02e9,
0276,
01e4,
01cb,
0159,
0047,
ff84,
ff25,
ff1b,
ff2a,
ff14,
ff2c,
ff44,
ff3c,
ff18,
ff2b,
ff54,
ff91,
0013,
ff96,
fe34,
fdd7,
febc,
ffeb,
0155,
02c4,
03bf,
034a,
012c,
000b,
0002,
0001,
0000,
0000,
0000,
0000,
0000,
ffff,
ffff,
ffff,
0000,
0000,
ffff,
0001,
0001,
0002,
0003,
0002,
0000,
ffff,
ffff,
fffd,
0000,
0001,
fffd,
ffff,
0002,
0002,
0005,
fffe,
0004,
ffee,
0009,
ffe3,
0017,
ffd9,
0029,
007f,
0e1c,
1794,
f591,
dc66,
e4ef,
ed73,
04f9,
27c6,
3535,
328a,
2a5b,
15bf,
0504,
f1a1,
cc70,
c3c7,
ddbb,
e7c6,
ecc2,
f82b,
f92c,
fc24,
09ae,
0de2,
0937,
0dc8,
0c30,
0718,
07fd,
06c1,
041d,
003d,
f9f1,
f6b4,
fb09,
fbd7,
fa57,
fcb0,
fe30,
fc46,
fa9f,
fced,
ffeb,
0265,
0328,
041c,
05bd,
05c2,
0437,
0195,
ffd8,
fe38,
fccb,
fbf1,
fb98,
fc3b,
fd48,
fe82,
ffe8,
01d1,
02e9,
0276,
01e4,
01cb,
0159,
0047,
ff84,
ff25,
ff1b,
ff2a,
ff14,
ff2c,
ff44,
ff3c,
ff18,
ff2b,
ff54,
ff91,
0013,
ff96,
fe34,
fdd7,
febc,
ffeb,
0155,
02c4,
03bf,
034a,
012c,
000b,
0001,
0000,
0000,
0000,
0000,
0000,
ffff,
ffff,
fffe,
fffe,
fffe,
ffff,
0000,
0002,
0002,
0003,
0001,
ffff,
fffe,
ffff,
fffd,
fffe,
0001,
fffe,
fffe,
0002,
0000,
0008,
fffb,
0008,
ffec,
000a,
ffe0,
0015,
ffda,
0029,
fff6,
0adc,
1a8b,
fe84,
db2c,
de51,
ea0c,
00a0,
24c9,
38a0,
37e1,
2f7c,
1b26,
06a2,
f229,
cc53,
bd8a,
d8a3,
e9ba,
ee05,
f722,
f90e,
fa4c,
05c0,
0e0d,
09ff,
0a0f,
098f,
0818,
0c05,
0aed,
05c0,
00e6,
fbaf,
f824,
fb4a,
fc29,
f951,
fa86,
fcf9,
fbd2,
f903,
fa37,
fd88,
0143,
0382,
050f,
0718,
074a,
05e2,
037b,
0182,
ff46,
fd23,
fbd9,
fafe,
fb1e,
fc00,
fd7d,
ff2a,
0114,
025e,
0268,
0217,
01dd,
0185,
009c,
ffb4,
ff43,
ff4e,
ff76,
ff86,
ffbb,
ffba,
ff84,
ff3a,
ff11,
ff0e,
ff1a,
ff7f,
ff95,
fe72,
fd65,
fddb,
ff25,
00a4,
0236,
03b6,
0470,
0311,
0142,
00c8,
0001,
0001,
0001,
0001,
0001,
0000,
0000,
0000,
0000,
0000,
0000,
0000,
0002,
0003,
0002,
0001,
0000,
fffe,
0000,
ffff,
ffff,
0001,
0001,
fffe,
0004,
ffff,
000a,
fffc,
000a,
ffed,
0005,
ffe8,
0008,
ffea,
0016,
ffcf,
06ed,
1ad6,
0974,
de92,
d7c6,
e4b3,
faf2,
1f36,
394e,
3ceb,
3633,
22fc,
0abc,
f24b,
cb64,
b9ce,
d4e5,
eb09,
eefe,
f5c4,
f69c,
f6dd,
0328,
0e99,
09c7,
0594,
0785,
0a5e,
0fd1,
0df1,
0716,
0183,
fe69,
fbb6,
fba0,
fae8,
f7e7,
f8e4,
fbc9,
fbd5,
f7fc,
f71e,
fa8d,
ffa9,
03e3,
062f,
07a1,
079a,
0756,
0601,
03c3,
00ba,
fdbf,
fc32,
fb2d,
fac8,
fb13,
fc27,
fda2,
ff9a,
0179,
0207,
01be,
0176,
0175,
0131,
00a8,
0029,
fffd,
001e,
0033,
0054,
0019,
ff7e,
feef,
fe9f,
fe83,
fe6f,
feb3,
ff4a,
fee2,
fd92,
fd60,
fe93,
0028,
01ad,
0341,
04c9,
04a5,
02bb,
0190,
0080,
0001,
0001,
0002,
0001,
0001,
0001,
0001,
0001,
ffff,
ffff,
0000,
0001,
0002,
0003,
0002,
0001,
0000,
ffff,
fffe,
fffe,
0000,
0002,
fffd,
0004,
0001,
000a,
ffff,
0006,
fff6,
fff9,
fff8,
fff1,
0006,
ffee,
fff9,
0334,
17a2,
140f,
e753,
d3bf,
de68,
f40d,
16a9,
360a,
407e,
3c93,
2d13,
122c,
f347,
cba4,
b912,
d1e3,
ea65,
eed8,
f3f9,
f2e6,
f1dd,
0165,
0eaa,
0838,
0342,
0806,
0c11,
1159,
0fe5,
086e,
0387,
013f,
fe01,
fc9c,
fa89,
f617,
f715,
fabd,
fb4a,
f7b1,
f596,
f7d0,
fd87,
036a,
0699,
0847,
0842,
0832,
077c,
0595,
0292,
ff2f,
fcc3,
fb28,
faa8,
fab0,
fb3e,
fc38,
fe08,
0038,
014f,
0168,
0144,
0141,
0122,
013e,
014d,
011a,
0109,
00fd,
00e8,
0076,
ff9e,
feac,
fe0b,
fdc2,
fdb6,
fde8,
fea3,
ff1d,
fe13,
fd45,
fe20,
ffdc,
0186,
02ee,
046b,
0542,
0436,
0276,
0136,
fec1,
0000,
0001,
0001,
0000,
0001,
0000,
fffe,
fffe,
fffe,
fffe,
0000,
0002,
0002,
0000,
ffff,
fffe,
fffd,
fffd,
fffc,
fffe,
0002,
fffe,
0001,
0001,
0005,
0005,
fffd,
0002,
ffec,
0007,
ffdc,
0019,
ffcc,
0030,
009e,
1164,
1c4d,
f4f6,
d2dc,
d7a8,
ec51,
0c81,
2e9b,
40fa,
4274,
384a,
1b8b,
f73b,
d0d1,
ba51,
ccd4,
e87b,
ee83,
f057,
eeff,
ed90,
fd53,
0c47,
07fa,
03e4,
0a42,
0d69,
1121,
1153,
0977,
0572,
0469,
ff3b,
fbfe,
faff,
f5f9,
f552,
f9c3,
fae9,
f782,
f50f,
f667,
fb99,
026b,
0602,
07ba,
08cc,
0918,
0844,
06b2,
0478,
010c,
fded,
fba0,
fa6b,
fa20,
fa5e,
faf9,
fc93,
feff,
00a0,
013f,
0159,
015d,
0158,
0180,
01c2,
01e1,
01fb,
01a8,
0121,
00a7,
ffdd,
feaa,
fda2,
fd34,
fd38,
fd71,
fdfb,
feff,
fecb,
fd8d,
fd9d,
ff36,
013b,
02df,
0437,
052a,
04ee,
0379,
01f2,
ffc8,
fc65,
0002,
0002,
0002,
0001,
0000,
fffe,
fffd,
fffd,
fffe,
0000,
0002,
0001,
0001,
0000,
ffff,
fffd,
fffd,
fffc,
fffe,
0001,
0001,
fffe,
0004,
ffff,
000b,
fff9,
000b,
ffea,
000c,
ffde,
0011,
ffd8,
0029,
ffb5,
0927,
1e8f,
070d,
d849,
d17e,
e479,
0137,
233a,
3ce2,
44ef,
4133,
2781,
0084,
dade,
bf80,
c84e,
e460,
ecdd,
eb3b,
eba4,
eb23,
f640,
05b5,
08a3,
0690,
0b84,
0f87,
1257,
125b,
0ad2,
06b7,
0674,
017e,
fb4b,
f952,
f61b,
f4e6,
f86c,
fa4f,
f822,
f536,
f5f6,
fac7,
0167,
0520,
06ee,
0875,
090d,
08da,
078f,
057a,
0244,
ff52,
fce6,
fab0,
f96c,
f964,
fa33,
fb9e,
fdf3,
0000,
0118,
0184,
01bb,
01ef,
01eb,
01ee,
0204,
0221,
01df,
014b,
00b6,
ffcd,
feaf,
fdc8,
fd57,
fd2f,
fd53,
fda0,
fe8c,
ff5e,
fe68,
fd74,
fe3f,
0048,
0263,
03ee,
0500,
0526,
0425,
02b1,
00c8,
fdae,
fab2,
0003,
0002,
0002,
0002,
0001,
fffe,
fffe,
ffff,
0000,
0002,
0002,
0002,
0001,
0001,
0000,
ffff,
fffe,
fffd,
0001,
0003,
fffe,
0004,
0001,
000a,
0000,
0003,
fffb,
fff4,
0000,
ffe2,
0015,
ffd4,
001b,
0229,
1847,
1925,
e763,
cd11,
db87,
f66b,
1556,
341b,
446e,
44fd,
33e4,
0f4f,
e851,
c8dc,
c66e,
dee7,
eb25,
e66c,
e6d2,
e8d8,
ef37,
fe0f,
072f,
07a0,
0bdd,
113d,
13ae,
157f,
0fa3,
0772,
058a,
031d,
fc1a,
f815,
f5c7,
f3dc,
f644,
f982,
f963,
f6b6,
f669,
f9e7,
0011,
04b6,
0690,
07ef,
0888,
089e,
07e9,
063e,
0315,
ffdc,
fdb1,
fb97,
f9bc,
f8ed,
f978,
fac1,
fcfc,
ff65,
00fa,
01b9,
0214,
0284,
02ab,
0273,
020c,
01cd,
0193,
00fc,
0058,
ffa5,
feb4,
fdc3,
fd7f,
fdcd,
fdf5,
fde4,
fe28,
ff4f,
ff78,
fe25,
fdaf,
fee2,
0124,
0324,
0465,
0504,
0481,
0357,
01c4,
ff0e,
fbd5,
fa24,
0003,
0002,
0002,
0002,
0001,
fffe,
fffe,
ffff,
0000,
0002,
0002,
0002,
0001,
0001,
0000,
ffff,
fffe,
fffd,
0001,
0003,
fffe,
0004,
0001,
000a,
0000,
0003,
fffb,
fff4,
0000,
ffe2,
0015,
ffd4,
001b,
0229,
1847,
1925,
e763,
cd11,
db87,
f66b,
1556,
341b,
446e,
44fd,
33e4,
0f4f,
e851,
c8dc,
c66e,
dee7,
eb25,
e66c,
e6d2,
e8d8,
ef37,
fe0f,
072f,
07a0,
0bdd,
113d,
13ae,
157f,
0fa3,
0772,
058a,
031d,
fc1a,
f815,
f5c7,
f3dc,
f644,
f982,
f963,
f6b6,
f669,
f9e7,
0011,
04b6,
0690,
07ef,
0888,
089e,
07e9,
063e,
0315,
ffdc,
fdb1,
fb97,
f9bc,
f8ed,
f978,
fac1,
fcfc,
ff65,
00fa,
01b9,
0214,
0284,
02ab,
0273,
020c,
01cd,
0193,
00fc,
0058,
ffa5,
feb4,
fdc3,
fd7f,
fdcd,
fdf5,
fde4,
fe28,
ff4f,
ff78,
fe25,
fdaf,
fee2,
0124,
0324,
0465,
0504,
0481,
0357,
01c4,
ff0e,
fbd5,
fa24,
0002,
0002,
0001,
0001,
fffe,
fffd,
fffd,
ffff,
0000,
0002,
0001,
0001,
0000,
0001,
fffe,
ffff,
fffd,
ffff,
0001,
0000,
fffe,
0006,
0001,
000c,
fff6,
000e,
ffe2,
0013,
ffd4,
001c,
ffca,
003d,
ffa2,
0b58,
2184,
01a7,
d0e2,
d10e,
eab1,
075a,
2635,
3f7b,
4513,
3d52,
2111,
f896,
d68a,
c96b,
d967,
e9b5,
e520,
e12a,
e355,
e805,
f6c7,
04e3,
0827,
08d5,
0eeb,
1430,
18c3,
176d,
0cdb,
055b,
0202,
fccc,
f871,
f5f3,
f2ec,
f38d,
f730,
f95b,
f8f4,
f7e5,
f93f,
fe22,
0417,
06fa,
0819,
081c,
07cc,
07ea,
06ba,
03f0,
005f,
fd91,
fb9f,
fa58,
f98e,
f96e,
fa53,
fc10,
fe53,
0070,
01f2,
029e,
02f1,
030e,
02f7,
02aa,
01f7,
0129,
005c,
ffa7,
ff11,
fe80,
fdfa,
fdad,
fdfc,
fe86,
fec9,
feac,
ff0f,
fff5,
ff4a,
fdf8,
fdff,
ff80,
01c1,
0341,
0435,
0472,
03a5,
02a7,
00a2,
fd7b,
faeb,
fa96,
0003,
0002,
0001,
ffff,
fffd,
fffd,
fffe,
0000,
0002,
0003,
0000,
0000,
0001,
0000,
ffff,
ffff,
fffc,
fffe,
0002,
fffd,
0003,
0001,
0007,
0002,
ffff,
0003,
ffea,
0011,
ffd0,
002d,
ffb1,
004f,
0125,
1821,
1cd8,
e634,
c920,
dcc1,
f8fb,
1593,
34c1,
4278,
4116,
330e,
0c6b,
e564,
d0d0,
d606,
e894,
e991,
de4f,
dbcd,
df89,
ecc2,
fff0,
0aa4,
0831,
07bc,
0fd2,
189f,
1d31,
1639,
0a77,
0321,
fe13,
f8b7,
f586,
f334,
f1d3,
f453,
f7a1,
f93c,
f8e2,
f97d,
fc71,
0215,
0733,
0909,
08d7,
0760,
0727,
06fb,
051e,
01a7,
fdf4,
fb5e,
f9bd,
f96e,
f9e7,
fac4,
fbbc,
fd37,
ff55,
0177,
02ea,
037a,
038f,
0344,
030c,
0295,
0190,
0048,
ff07,
fe4b,
fdf5,
fdcd,
fdbd,
fe0c,
febc,
ff39,
ff65,
ff6f,
0031,
0096,
ff12,
fdcd,
fe2c,
fffd,
01f7,
02ed,
03ab,
038e,
02f6,
0215,
ff80,
fc68,
fad4,
fba6,
0002,
0002,
0000,
fffd,
fffb,
fffb,
ffff,
0001,
0003,
0000,
0001,
0000,
0001,
ffff,
0000,
fffd,
fffd,
0000,
0001,
fffa,
0007,
fffc,
000d,
fff4,
0010,
ffe9,
000c,
ffe6,
0003,
fff0,
0006,
ffc4,
063f,
21e8,
0ce7,
d1a0,
ccc0,
e9f1,
03cf,
2296,
3d07,
3ffc,
3d5d,
25c6,
f769,
d9c9,
d6e5,
e49b,
eff0,
e686,
d779,
d505,
e073,
f520,
07a8,
0c69,
05e5,
0752,
1212,
1c69,
1d4a,
1377,
089c,
01fc,
fc89,
f6ac,
f30d,
f0c0,
f1a9,
f4eb,
f80d,
f923,
f8de,
fa8d,
ff14,
05b2,
0971,
0a30,
08cb,
06f0,
06a8,
05e2,
03a6,
ffe6,
fc45,
f966,
f84c,
f919,
fa83,
fbdd,
fcdb,
fe35,
002c,
0266,
03ab,
0406,
03de,
0368,
0302,
023b,
00fd,
ff68,
fe17,
fd63,
fd3c,
fd7c,
fdd3,
fe6e,
ff20,
ffb8,
fff9,
0024,
0118,
0118,
ff1f,
fdb3,
fe20,
001a,
01d3,
028d,
030d,
02be,
0283,
0184,
fe99,
fbf0,
fb40,
fcd2,
0003,
0003,
0001,
fffe,
fffb,
fffd,
0000,
0003,
0004,
0001,
0001,
0002,
0004,
0001,
0001,
fffd,
ffff,
0001,
0000,
fffd,
0009,
ffff,
000f,
fff0,
0018,
ffda,
0025,
ffc2,
0038,
ffaa,
006b,
ff56,
0d43,
24ed,
fac2,
c792,
d515,
f401,
0bb3,
2c13,
3f76,
3de5,
3972,
1610,
e664,
d87c,
e1d1,
ee43,
f30f,
e369,
cfba,
d179,
e5ce,
fb08,
0b1b,
0c27,
03ad,
080c,
158f,
1d3d,
1aa4,
1159,
06be,
01aa,
fd6e,
f680,
f1ab,
efec,
f0d6,
f44b,
f8d1,
f914,
f892,
fb48,
00fd,
078c,
0acf,
0ad1,
0875,
0720,
067d,
051a,
02c0,
fedb,
faf1,
f835,
f7c7,
f8e4,
fabb,
fc38,
fd52,
fee9,
0104,
030e,
041f,
047d,
0417,
0376,
02dd,
01e7,
0098,
feea,
fd8c,
fce2,
fce2,
fd45,
fde8,
feb6,
ff43,
ffcd,
0047,
00d8,
01d2,
0164,
ff35,
fdc9,
fe2d,
0012,
0181,
021d,
0280,
023d,
0237,
00f2,
fe00,
fbdb,
fbd6,
fdc8,
0003,
0003,
0001,
fffe,
fffb,
fffd,
0000,
0003,
0004,
0001,
0001,
0002,
0004,
0001,
0001,
fffd,
ffff,
0001,
0000,
fffd,
0009,
ffff,
000f,
fff0,
0018,
ffda,
0025,
ffc2,
0038,
ffaa,
006b,
ff56,
0d43,
24ed,
fac2,
c792,
d515,
f401,
0bb3,
2c13,
3f76,
3de5,
3972,
1610,
e664,
d87c,
e1d1,
ee43,
f30f,
e369,
cfba,
d179,
e5ce,
fb08,
0b1b,
0c27,
03ad,
080c,
158f,
1d3d,
1aa4,
1159,
06be,
01aa,
fd6e,
f680,
f1ab,
efec,
f0d6,
f44b,
f8d1,
f914,
f892,
fb48,
00fd,
078c,
0acf,
0ad1,
0875,
0720,
067d,
051a,
02c0,
fedb,
faf1,
f835,
f7c7,
f8e4,
fabb,
fc38,
fd52,
fee9,
0104,
030e,
041f,
047d,
0417,
0376,
02dd,
01e7,
0098,
feea,
fd8c,
fce2,
fce2,
fd45,
fde8,
feb6,
ff43,
ffcd,
0047,
00d8,
01d2,
0164,
ff35,
fdc9,
fe2d,
0012,
0181,
021d,
0280,
023d,
0237,
00f2,
fe00,
fbdb,
fbd6,
fdc8,
0003,
0002,
ffff,
fffc,
fffb,
fffd,
0001,
0002,
0002,
0000,
0000,
0001,
0002,
ffff,
ffff,
fffb,
ffff,
0000,
fffc,
fffe,
0006,
0000,
0008,
fff2,
0013,
ffda,
0029,
ffb5,
004d,
ff89,
0097,
ff6a,
1324,
23a5,
ed18,
c429,
dc8b,
faca,
110e,
315c,
4031,
3cf9,
3386,
0772,
dcc9,
dc99,
eb1b,
f4c8,
f521,
df73,
ca2d,
d22e,
e96f,
fd38,
0cbb,
0afe,
01d6,
0930,
17ee,
1d13,
18c4,
0f0a,
052b,
01d4,
fe08,
f7c3,
f311,
f04a,
efab,
f343,
f856,
f8bb,
f8b0,
fb96,
01c4,
0809,
0b14,
0af3,
089e,
0786,
06c4,
0526,
0235,
fe4b,
fa73,
f7c0,
f780,
f8bf,
faa1,
fbfb,
fd2b,
ff03,
018f,
03a3,
0487,
04cf,
043a,
0372,
02bd,
01d5,
0081,
fec9,
fd50,
fc90,
fcb8,
fd36,
fdf5,
fec9,
ff42,
ffae,
0039,
0124,
0250,
01af,
ff51,
fe01,
fe65,
001f,
014b,
01b4,
01fb,
01e9,
0200,
0080,
fdb3,
fbf2,
fc52,
fe67,
0003,
0001,
ffff,
fffc,
fffb,
fffe,
0001,
0003,
0001,
ffff,
ffff,
0001,
0002,
0000,
0000,
fffc,
fffe,
0001,
fffc,
0000,
0003,
0002,
0005,
fff7,
000f,
ffdc,
0027,
ffb5,
0051,
ff80,
00a2,
ff9b,
1612,
219f,
e641,
c419,
e152,
fe8a,
1367,
336e,
405c,
3b1d,
2d8b,
fe2f,
d961,
e1b2,
f226,
f9ae,
f5e0,
dcab,
c89a,
d32d,
e971,
fd19,
0d63,
09b7,
0031,
098c,
18b1,
1d51,
18ec,
0e03,
0402,
0187,
fdef,
f8dc,
f612,
f286,
ef2d,
f1cf,
f6b6,
f78e,
f8b0,
fbda,
0183,
07b7,
0b01,
0aa4,
08c9,
084d,
0774,
05a7,
0253,
fe3a,
fa84,
f7c1,
f730,
f88f,
fa8e,
fb83,
fc85,
fe9b,
019a,
0402,
04f9,
0509,
0449,
038e,
02c7,
01dc,
009b,
fee3,
fd56,
fc90,
fcc7,
fd4b,
fdf4,
fe8f,
fefa,
ff81,
0017,
00fc,
024b,
01f1,
ffc1,
fe64,
fe97,
002d,
0144,
0187,
01a6,
01a5,
01a3,
001d,
fdac,
fc30,
fca2,
fea4,
0003,
0002,
ffff,
fffc,
fffb,
fffe,
0001,
0002,
0001,
ffff,
0000,
0002,
0002,
0001,
0001,
fffd,
ffff,
0002,
fffc,
0001,
0004,
0002,
0005,
fff6,
0011,
ffdc,
002a,
ffb3,
0055,
ff7b,
00ac,
ff7a,
15df,
21a8,
e608,
c405,
e237,
ff89,
138f,
339e,
4011,
3910,
29ec,
fa7c,
d90f,
e5c9,
f79d,
fd0d,
f672,
dc47,
c892,
d29b,
e751,
fb53,
0cba,
0971,
ffa5,
083f,
17ea,
1e61,
1a66,
0e9e,
0423,
00a0,
fce1,
f972,
f82f,
f537,
f0f3,
f103,
f464,
f650,
f836,
fb46,
010f,
072d,
0a6d,
0a4a,
0891,
086d,
0856,
06a9,
0303,
fedc,
fafa,
f80d,
f751,
f857,
fa28,
fb1b,
fbd8,
fdc6,
0118,
03dd,
050c,
0537,
0489,
03da,
0303,
01ee,
00b0,
ff3c,
fdc1,
fce7,
fcf6,
fd3f,
fdc4,
fe41,
fe8e,
ff14,
ffc8,
00c2,
022d,
021e,
002b,
fed3,
fed7,
0037,
0168,
01a1,
017b,
016b,
0157,
ffcb,
fd98,
fc5c,
fcd6,
fec0,
0004,
0003,
0000,
fffc,
fffb,
fffe,
0002,
0002,
0000,
ffff,
0000,
0001,
0003,
0000,
0000,
fffd,
ffff,
0001,
fffd,
ffff,
0006,
ffff,
0009,
fff1,
0016,
ffd6,
002f,
ffad,
005a,
ff78,
00b4,
ff1d,
12f0,
233c,
eb3c,
c44e,
e0b0,
fed4,
1269,
31e0,
3e8d,
3665,
27b0,
fade,
dae5,
e99b,
fc58,
ff3f,
f708,
dd07,
c8f9,
d1a6,
e47a,
f7da,
0a7f,
097c,
ff8b,
06dc,
16c5,
1ea5,
1c99,
1133,
05c0,
00e1,
fbff,
f8a9,
f907,
f75c,
f2c7,
f156,
f2ba,
f44c,
f733,
fa91,
0002,
065b,
09e6,
09ba,
086f,
08b6,
08fc,
07ad,
042c,
fff5,
fc08,
f8e7,
f78e,
f80c,
f9a1,
fa88,
fb32,
fcfa,
002e,
030c,
0496,
0519,
04b8,
0439,
035d,
023f,
0121,
ffdc,
fe67,
fd69,
fd45,
fd5f,
fdad,
fdda,
fdf5,
fe7c,
ff45,
003f,
01d6,
026e,
00ac,
ff14,
fee5,
0016,
017e,
01d2,
0190,
0160,
0129,
ffc3,
fdd5,
fcb3,
fcf6,
feb5,
0004,
0002,
ffff,
fffc,
fffb,
fffd,
0001,
0001,
0000,
fffe,
ffff,
0000,
0002,
0000,
0001,
fffc,
ffff,
0000,
0000,
fffa,
0009,
fffa,
000f,
ffec,
001d,
ffd3,
002e,
ffb7,
0047,
ff97,
0087,
ff0b,
0c04,
2473,
f9de,
c70a,
da16,
fa63,
0d97,
2c4d,
3d14,
3543,
28ac,
01f1,
ded3,
eaeb,
ffe3,
00c6,
f8ab,
e102,
ca88,
cfaa,
e015,
f0f2,
0562,
0a6f,
0119,
04c9,
1449,
1d8e,
1e7d,
15f8,
09a9,
02a0,
fc6e,
f791,
f7d9,
f86c,
f463,
f143,
f1e3,
f351,
f5e4,
f997,
fed0,
049a,
08ed,
09c1,
088c,
08d6,
0976,
084e,
0541,
019e,
fdba,
fa35,
f7f2,
f76d,
f8d9,
fa21,
fabc,
fc20,
ff0d,
01e2,
03ae,
04c3,
04d7,
0496,
03fa,
02eb,
01cd,
00a0,
ff22,
fde4,
fd72,
fd59,
fd87,
fd98,
fd7e,
fdcc,
fe95,
ff96,
0142,
0291,
015c,
ff79,
fed9,
ffd7,
01af,
026b,
01e6,
015b,
0112,
ffc2,
fdef,
fcef,
fd08,
fe75,
0005,
0003,
0000,
fffd,
fffb,
fffc,
0000,
0001,
0001,
fffe,
ffff,
0000,
0003,
0000,
0001,
fffd,
ffff,
ffff,
0002,
fff8,
0008,
fff9,
000f,
fff0,
0015,
ffe5,
0014,
ffe1,
000b,
ffec,
000b,
ffc1,
0486,
2059,
0cdc,
d0d0,
d173,
f33f,
06c0,
2338,
3a74,
3519,
2a2c,
0c44,
e596,
ea6c,
02f4,
0361,
f9dc,
e66c,
cd7f,
cd36,
dc15,
e963,
fd2e,
097f,
0398,
0354,
1129,
1c0c,
1fb2,
1a95,
0e82,
0647,
feb9,
f766,
f657,
f7d7,
f51b,
f134,
f0a6,
f22e,
f55f,
f8ba,
fd18,
02d9,
078c,
0969,
0914,
092f,
09b8,
0926,
0671,
0302,
ffa6,
fbfc,
f8c0,
f70a,
f7d9,
f962,
fa3d,
fb4a,
fdb7,
009a,
029a,
0413,
04d9,
0519,
04be,
03be,
0292,
0172,
0009,
fe76,
fd95,
fd3e,
fd4e,
fd64,
fd2e,
fd28,
fdc5,
feda,
008c,
025a,
01e5,
0007,
ff0b,
ff97,
0182,
02eb,
02ad,
01b5,
0115,
ffec,
fe18,
fd03,
fd08,
fe26,
0005,
0003,
0000,
fffd,
fffb,
fffc,
0000,
0001,
0001,
fffe,
ffff,
0000,
0003,
0000,
0001,
fffd,
ffff,
ffff,
0002,
fff8,
0008,
fff9,
000f,
fff0,
0015,
ffe5,
0014,
ffe1,
000b,
ffec,
000b,
ffc1,
0486,
2059,
0cdc,
d0d0,
d173,
f33f,
06c0,
2338,
3a74,
3519,
2a2c,
0c44,
e596,
ea6c,
02f4,
0361,
f9dc,
e66c,
cd7f,
cd36,
dc15,
e963,
fd2e,
097f,
0398,
0354,
1129,
1c0c,
1fb2,
1a95,
0e82,
0647,
feb9,
f766,
f657,
f7d7,
f51b,
f134,
f0a6,
f22e,
f55f,
f8ba,
fd18,
02d9,
078c,
0969,
0914,
092f,
09b8,
0926,
0671,
0302,
ffa6,
fbfc,
f8c0,
f70a,
f7d9,
f962,
fa3d,
fb4a,
fdb7,
009a,
029a,
0413,
04d9,
0519,
04be,
03be,
0292,
0172,
0009,
fe76,
fd95,
fd3e,
fd4e,
fd64,
fd2e,
fd28,
fdc5,
feda,
008c,
025a,
01e5,
0007,
ff0b,
ff97,
0182,
02eb,
02ad,
01b5,
0115,
ffec,
fe18,
fd03,
fd08,
fe26,
0005,
0002,
0000,
fffd,
fffb,
fffc,
ffff,
0000,
0000,
fffe,
ffff,
0000,
0001,
0001,
0000,
ffff,
fffe,
0000,
0002,
fffa,
0001,
ffff,
0003,
0001,
fffe,
0007,
ffea,
0018,
ffc8,
003e,
ff9b,
0082,
ffd3,
151b,
1c99,
e60a,
cb7c,
e892,
ff0e,
165b,
3487,
3639,
2ae6,
1726,
f165,
e91b,
0346,
08b9,
fb35,
eb7f,
d35c,
caf9,
d7d9,
e344,
f2c8,
0497,
05d0,
02f5,
0d8d,
1a30,
1faf,
1e8b,
1457,
0aaf,
0330,
f973,
f50e,
f66e,
f53e,
f0df,
ef32,
f037,
f3ab,
f821,
fbcb,
00bf,
0620,
090c,
0954,
09d6,
0a89,
0a24,
07f8,
045f,
010e,
fdb9,
fa20,
f72d,
f6d8,
f83a,
f938,
fa3b,
fc44,
ff44,
01c6,
0393,
04b8,
055b,
056a,
049a,
0376,
0250,
00fe,
ff3e,
fde0,
fd2c,
fcea,
fcf0,
fccc,
fcb8,
fd2e,
fe20,
ff95,
01b6,
0245,
00ae,
ff62,
ff86,
014d,
033a,
0371,
0257,
016f,
0042,
fe3d,
fcee,
fcf3,
fdc6,
0006,
0004,
0000,
fffe,
fffc,
fffc,
fffe,
0001,
0000,
ffff,
fffe,
ffff,
0001,
0002,
ffff,
0001,
fffd,
ffff,
0000,
0001,
fffa,
0006,
fff9,
000c,
fff2,
0016,
ffe0,
001d,
ffcf,
002a,
ffc1,
0050,
ff57,
07db,
1f29,
0323,
d147,
dab5,
f68f,
081a,
27e6,
37bb,
2c68,
1e4f,
0194,
ebd2,
fe97,
0f59,
0088,
ee62,
db04,
cbb1,
d26f,
debe,
e8d6,
faec,
05a8,
0447,
09d3,
1710,
1ec7,
204e,
1ad1,
1070,
0842,
fe32,
f590,
f468,
f516,
f187,
edb9,
edbb,
f0bc,
f619,
faef,
ff38,
0406,
082c,
09b6,
0a2f,
0b86,
0bb2,
09b2,
05fb,
0265,
ff44,
fbdd,
f84e,
f630,
f6ac,
f7c4,
f8d4,
fac2,
fddd,
00ea,
0311,
047d,
055f,
05f6,
0597,
0479,
0350,
0218,
0053,
fe64,
fd12,
fc62,
fc5a,
fc68,
fc48,
fc8a,
fd69,
febe,
00d9,
0258,
016a,
fff0,
ffbc,
0120,
0355,
043d,
0326,
01c1,
00ab,
feb9,
fcf4,
fcae,
fd38,
0006,
0006,
0003,
ffff,
fffd,
fffc,
fffe,
0000,
0000,
0000,
fffe,
ffff,
0000,
0003,
0001,
0001,
0000,
fffe,
ffff,
0003,
fffc,
0000,
fffe,
0002,
0001,
0001,
0004,
ffef,
000f,
ffd8,
002b,
ffb7,
0059,
0025,
12c7,
19c1,
ea85,
d146,
ea1d,
fcc5,
1365,
3296,
31cf,
2194,
1051,
f76a,
f7e4,
0ff5,
0c2d,
f2db,
e0bf,
d19d,
ce2e,
d9b8,
e228,
edb6,
ff68,
062d,
0811,
11ea,
1c65,
1fcc,
1f0f,
185d,
0e95,
0473,
f93d,
f3a4,
f3f5,
f2c6,
edd3,
eb09,
ed07,
f268,
f8c2,
fdbd,
0220,
0637,
096a,
0ae9,
0c53,
0d4e,
0bd1,
0821,
03f2,
00db,
fdb0,
f9e0,
f66d,
f535,
f60e,
f756,
f953,
fc25,
ff63,
0220,
041f,
0574,
0653,
0686,
059b,
044d,
0300,
0162,
ff47,
fd6d,
fc3c,
fbc3,
fbcc,
fbcf,
fbff,
fcb8,
fde7,
ffc3,
01d8,
020e,
00c3,
002f,
00f8,
02f6,
049e,
041f,
0258,
0112,
ff73,
fd56,
fc84,
fcc9,
0006,
0006,
0004,
0001,
fffe,
fffd,
fffc,
fffe,
ffff,
fffe,
fffe,
fffd,
0001,
0002,
0003,
0000,
0000,
fffe,
0000,
0001,
0001,
fffa,
0004,
fffb,
0009,
fff8,
000e,
ffee,
0009,
ffe9,
0008,
ffef,
0010,
ffc6,
043e,
1930,
0c05,
dce9,
da6c,
f307,
00f3,
1ea2,
3574,
283a,
1739,
07b8,
f9f7,
07a5,
1599,
0034,
e4a5,
d797,
cff0,
d3d0,
de3b,
e3cd,
f1ac,
02bb,
090a,
0e2b,
1821,
1e1c,
1f17,
1e06,
16f1,
0c28,
ffba,
f556,
f296,
f31d,
efee,
ea90,
e989,
edc2,
f4ef,
fb8f,
0065,
045a,
07a7,
0a78,
0cb7,
0e82,
0df3,
0aa6,
062b,
026d,
ff8f,
fbd7,
f7af,
f4d9,
f4b6,
f5fa,
f7ac,
fa2d,
fd57,
0095,
033e,
055d,
06b5,
0735,
068d,
0525,
03d0,
0265,
006a,
fe2c,
fc81,
fb8b,
fb4e,
fb6b,
fb89,
fc0c,
fd20,
febc,
00ea,
023f,
019b,
00be,
0100,
0269,
0453,
04cb,
0338,
0189,
0036,
fe26,
fc9e,
fc9c,
0006,
0006,
0004,
0001,
fffe,
fffd,
fffc,
fffe,
ffff,
fffe,
fffe,
fffd,
0001,
0002,
0003,
0000,
0000,
fffe,
0000,
0001,
0001,
fffa,
0004,
fffb,
0009,
fff8,
000e,
ffee,
0009,
ffe9,
0008,
ffef,
0010,
ffc6,
043e,
1930,
0c05,
dce9,
da6c,
f307,
00f3,
1ea2,
3574,
283a,
1739,
07b8,
f9f7,
07a5,
1599,
0034,
e4a5,
d797,
cff0,
d3d0,
de3b,
e3cd,
f1ac,
02bb,
090a,
0e2b,
1821,
1e1c,
1f17,
1e06,
16f1,
0c28,
ffba,
f556,
f296,
f31d,
efee,
ea90,
e989,
edc2,
f4ef,
fb8f,
0065,
045a,
07a7,
0a78,
0cb7,
0e82,
0df3,
0aa6,
062b,
026d,
ff8f,
fbd7,
f7af,
f4d9,
f4b6,
f5fa,
f7ac,
fa2d,
fd57,
0095,
033e,
055d,
06b5,
0735,
068d,
0525,
03d0,
0265,
006a,
fe2c,
fc81,
fb8b,
fb4e,
fb6b,
fb89,
fc0c,
fd20,
febc,
00ea,
023f,
019b,
00be,
0100,
0269,
0453,
04cb,
0338,
0189,
0036,
fe26,
fc9e,
fc9c,
0005,
0006,
0006,
0003,
ffff,
fffd,
fffd,
fffd,
ffff,
ffff,
fffd,
fffd,
ffff,
0002,
0003,
0002,
ffff,
0000,
ffff,
0000,
0001,
0000,
fffc,
0002,
fffd,
0008,
fff9,
000d,
ffe9,
0010,
ffde,
001e,
ffd0,
0039,
ffc3,
0953,
197b,
fe67,
d99c,
e413,
f665,
0602,
2701,
31b8,
1e66,
110d,
0650,
02fc,
12ad,
105c,
f0f2,
dafe,
d429,
d1aa,
d9dc,
e051,
e473,
f5da,
0691,
0ce9,
13e4,
1c0c,
1de3,
1e76,
1d30,
1475,
0885,
fb80,
f2ba,
f1a9,
f1be,
ed61,
e8d1,
e9af,
ef85,
f7cf,
fe75,
02aa,
05b0,
08a6,
0b9e,
0e3b,
0f66,
0d53,
090b,
045f,
0116,
fe3a,
fa31,
f623,
f421,
f4ad,
f633,
f870,
fb46,
fe65,
0192,
0468,
0679,
0773,
075f,
062b,
0493,
0321,
0184,
ff6a,
fd5d,
fbe9,
fb26,
fb0e,
fb37,
fb98,
fc77,
fdc6,
ffac,
01ba,
0238,
016a,
0125,
01e0,
0371,
04bf,
041b,
023d,
00e6,
ff52,
fd49,
fc90,
0004,
0005,
0006,
0004,
0001,
fffe,
fffd,
fffd,
fffd,
fffe,
fffe,
fffe,
ffff,
0000,
0002,
0002,
0001,
0000,
ffff,
fffe,
0000,
0001,
fffc,
fffd,
0000,
ffff,
0005,
fffc,
0008,
ffec,
000e,
ffe0,
0020,
ffcd,
003b,
008e,
0d2c,
1600,
f4f8,
dc38,
ea46,
f74e,
0c04,
2abf,
29da,
17e0,
10b1,
096e,
0bf2,
1602,
04d3,
e419,
d72b,
d3f7,
d4b3,
de90,
e0ea,
e5f0,
fa47,
0a9a,
111c,
180a,
1d31,
1d32,
1e4f,
1b69,
10db,
042e,
f7c5,
f170,
f14d,
f02b,
eb9c,
e900,
eb6b,
f214,
fa8c,
00a7,
044d,
06d2,
0985,
0c5f,
0ea4,
0ead,
0bba,
075b,
02f8,
fffa,
fcf3,
f903,
f59d,
f45a,
f52a,
f6cd,
f943,
fc26,
ff4c,
0287,
054f,
0711,
078f,
06f9,
0586,
03f4,
027f,
00c6,
feae,
fccc,
fb8e,
fafd,
faf6,
fb39,
fbee,
fd15,
fe98,
00a3,
0229,
0209,
0164,
016f,
024f,
03cc,
047d,
0354,
01b7,
005c,
fe54,
fcce,
0003,
0004,
0006,
0005,
0004,
0000,
fffe,
fffd,
fffd,
fffe,
ffff,
fffe,
fffe,
ffff,
0001,
0003,
0003,
0001,
0000,
0000,
ffff,
0001,
0001,
fffc,
ffff,
ffff,
0002,
0003,
ffff,
0003,
fff1,
000b,
ffe4,
001f,
ffcd,
004f,
01aa,
0f23,
1155,
f06c,
e0a8,
ecc2,
f851,
1141,
29bf,
221a,
159d,
13e9,
0efc,
10f4,
1182,
f8d0,
dcda,
d642,
d565,
d890,
e07c,
e1a3,
ea09,
fe62,
0da1,
1542,
1ab9,
1c48,
1c11,
1d57,
18a0,
0d2c,
0032,
f4e7,
f0a2,
f115,
ef9e,
eba1,
ea24,
ed88,
f507,
fd0e,
024c,
056e,
0793,
0a04,
0c96,
0e37,
0d1e,
0990,
0558,
01af,
ff43,
fc69,
f8d9,
f5e0,
f4c3,
f56d,
f74b,
fa3f,
fd51,
0058,
0343,
05a6,
0702,
073f,
067d,
04ef,
035a,
01e2,
0025,
fe2d,
fc79,
fb51,
fad7,
fb04,
fb9b,
fc96,
fdd8,
ff6f,
0157,
023b,
01bd,
0137,
016e,
027c,
03d7,
040a,
02bc,
0144,
ff92,
fda0,
0004,
0004,
0004,
0006,
0005,
0002,
0000,
fffe,
fffd,
fffd,
fffd,
fffe,
fffe,
fffe,
ffff,
0002,
0002,
0002,
0001,
0000,
ffff,
0000,
0000,
0001,
fffb,
0000,
fffd,
0004,
ffff,
0004,
fffd,
fff8,
0003,
ffeb,
0016,
ffd1,
007c,
0298,
0f74,
0d6e,
efab,
e406,
ed17,
fa0a,
13e9,
264f,
1dd9,
163f,
1793,
146d,
1198,
08e7,
ef57,
da26,
d6ab,
d780,
dc31,
e14c,
e34a,
ef39,
0294,
1022,
1742,
1b2f,
1b69,
1b06,
1aca,
14b0,
09e2,
fd84,
f398,
f07b,
f0b3,
ef6f,
ecbf,
ec4d,
eff6,
f77e,
ff13,
03bb,
0605,
07a3,
0a19,
0c81,
0d41,
0b26,
077a,
03ba,
00e8,
fef7,
fc1a,
f873,
f591,
f509,
f66c,
f8ba,
fb75,
fe1f,
00f6,
03ca,
05f7,
06e0,
06b5,
05b7,
0433,
02c9,
0159,
ff96,
fdb4,
fc3e,
fb5b,
fb16,
fb62,
fc13,
fd23,
fe68,
000f,
01b7,
020f,
0165,
00f4,
0151,
028c,
03c7,
0394,
0234,
00c4,
fef7,
0004,
0004,
0003,
0003,
0004,
0003,
0000,
fffe,
fffd,
fffd,
fffd,
fffd,
fffd,
fffd,
fffe,
0000,
0002,
0002,
0002,
0000,
0000,
fffe,
ffff,
fffe,
0000,
fffa,
0000,
fffb,
0005,
fffc,
0006,
fff7,
ffff,
fff9,
fff7,
0006,
ffe5,
00b3,
0334,
0ea5,
0aed,
f0f5,
e5e4,
ecfb,
fb9d,
1416,
22fa,
1ca6,
184a,
1a74,
1709,
0f2b,
00eb,
e91c,
d8f1,
d797,
da5a,
dfd2,
e343,
e59d,
f2c5,
05e7,
129f,
17fd,
1a1d,
19e6,
197f,
182d,
1126,
069e,
fbc8,
f3c1,
f0c0,
f06a,
ef86,
ee15,
eecf,
f2e1,
f9da,
0046,
03f7,
05e0,
07ca,
0a2d,
0bf0,
0c30,
09f9,
0656,
02a8,
ffd2,
fd9f,
fb04,
f834,
f621,
f600,
f788,
f9f3,
fc89,
fef9,
019e,
0425,
05e7,
067f,
062b,
04fe,
036d,
021b,
00d8,
ff4b,
fda0,
fc50,
fb89,
fb60,
fbba,
fc77,
fd79,
feac,
005f,
01c4,
01bc,
010c,
00c7,
015b,
02bf,
03d0,
0339,
01bb,
0032,
0004,
0005,
0004,
0004,
0004,
0003,
0003,
0001,
fffe,
fffd,
fffd,
fffd,
fffd,
fffe,
fffd,
ffff,
0000,
0003,
0003,
0003,
0001,
0001,
0000,
0000,
ffff,
0000,
fffa,
0001,
fffc,
0007,
fffc,
0008,
fff4,
0004,
fff3,
0002,
fff7,
0005,
00ea,
0376,
0d4b,
09ca,
f2be,
e6b4,
ed01,
fc92,
137e,
20f3,
1c9c,
1a1c,
1c93,
16c7,
0a85,
fb30,
e5e3,
d863,
d941,
de26,
e357,
e5db,
e843,
f47d,
078e,
14db,
18c2,
187b,
172e,
1705,
15e9,
0f34,
04ce,
fa4d,
f31b,
f0bd,
f130,
f101,
eff6,
f0bb,
f4cb,
fb6b,
011a,
0419,
059e,
07c1,
0a3f,
0ba8,
0b56,
08cb,
051d,
017d,
feae,
fc8c,
fa8c,
f878,
f6c5,
f6bb,
f85f,
faec,
fd78,
ffbb,
0218,
0451,
05b6,
0609,
0593,
0467,
02f6,
01b2,
0077,
ff1e,
fdbd,
fc8c,
fbb9,
fb84,
fbeb,
fc9d,
fd71,
feb2,
008e,
01b7,
0179,
00e4,
00d5,
01aa,
0318,
03c3,
02d3,
014e,
0004,
0005,
0004,
0004,
0004,
0003,
0003,
0001,
fffe,
fffd,
fffd,
fffd,
fffd,
fffe,
fffd,
ffff,
0000,
0003,
0003,
0003,
0001,
0001,
0000,
0000,
ffff,
0000,
fffa,
0001,
fffc,
0007,
fffc,
0008,
fff4,
0004,
fff3,
0002,
fff7,
0005,
00ea,
0376,
0d4b,
09ca,
f2be,
e6b4,
ed01,
fc92,
137e,
20f3,
1c9c,
1a1c,
1c93,
16c7,
0a85,
fb30,
e5e3,
d863,
d941,
de26,
e357,
e5db,
e843,
f47d,
078e,
14db,
18c2,
187b,
172e,
1705,
15e9,
0f34,
04ce,
fa4d,
f31b,
f0bd,
f130,
f101,
eff6,
f0bb,
f4cb,
fb6b,
011a,
0419,
059e,
07c1,
0a3f,
0ba8,
0b56,
08cb,
051d,
017d,
feae,
fc8c,
fa8c,
f878,
f6c5,
f6bb,
f85f,
faec,
fd78,
ffbb,
0218,
0451,
05b6,
0609,
0593,
0467,
02f6,
01b2,
0077,
ff1e,
fdbd,
fc8c,
fbb9,
fb84,
fbeb,
fc9d,
fd71,
feb2,
008e,
01b7,
0179,
00e4,
00d5,
01aa,
0318,
03c3,
02d3,
014e,
0003,
0004,
0005,
0004,
0003,
0003,
0003,
0002,
0000,
fffe,
fffd,
fffd,
fffe,
fffd,
fffe,
fffe,
0000,
0001,
0003,
0004,
0003,
0000,
0001,
ffff,
0000,
ffff,
0000,
fffc,
0000,
fffd,
0006,
fffd,
0007,
fff5,
0005,
fff1,
0006,
ffee,
0026,
011f,
036b,
0bda,
0980,
f44d,
e704,
ed09,
fd6e,
1345,
1fc4,
1c71,
1aec,
1db5,
1521,
0561,
f66f,
e451,
d9ca,
dca6,
e221,
e59e,
e74f,
ea88,
f6cc,
094c,
1598,
1811,
1693,
14f9,
1516,
13e8,
0d2e,
031f,
f981,
f2fa,
f10b,
f233,
f2a8,
f1df,
f243,
f5ed,
fc57,
01d9,
0460,
059e,
07bd,
09f7,
0b21,
0a6d,
077a,
03b8,
009b,
fe8c,
fcd6,
fab6,
f829,
f66a,
f6e6,
f933,
fbf6,
fe38,
002a,
024c,
0458,
059b,
05c5,
051e,
03fd,
02c0,
019c,
007b,
ff21,
fda6,
fc67,
fba1,
fb79,
fbd3,
fc7f,
fd7e,
ff17,
00ed,
01a1,
012e,
00c2,
0105,
021f,
0374,
03a5,
0263,
0001,
0003,
0004,
0003,
0004,
0004,
0004,
0004,
0002,
ffff,
ffff,
fffe,
fffe,
fffd,
fffe,
ffff,
ffff,
0001,
0002,
0003,
0002,
0002,
0001,
0001,
0000,
0000,
0000,
0000,
fffc,
0000,
ffff,
0006,
fffe,
0005,
fff7,
0003,
fff3,
0007,
ffed,
0047,
0155,
033e,
0aaf,
0965,
f513,
e70a,
edf4,
ff95,
13ca,
1e5f,
1b18,
1a5b,
1d12,
1267,
0119,
f2d0,
e3c6,
dcce,
e11e,
e588,
e6f5,
e84b,
ecba,
f9c9,
0b2f,
1501,
15fe,
1498,
13c8,
13de,
11cb,
0a9c,
0145,
f949,
f402,
f26a,
f321,
f35c,
f2d5,
f3cf,
f7b8,
fd49,
019f,
03c6,
05bd,
0833,
09cf,
0a0d,
08d7,
065b,
03a3,
013a,
fed9,
fc6a,
f9f9,
f7b9,
f6a4,
f780,
f9a9,
fc25,
fe64,
0066,
0282,
046e,
057d,
05a1,
0520,
0416,
02c2,
0181,
0046,
fed9,
fd5b,
fc27,
fb78,
fb6e,
fbdf,
fca9,
fdde,
ff82,
0108,
0166,
00f7,
00bf,
0136,
025d,
036c,
0341,
fffd,
ffff,
0002,
0003,
0004,
0003,
0002,
0003,
0002,
0001,
ffff,
fffd,
fffd,
fffe,
fffe,
fffe,
fffd,
fffe,
ffff,
0001,
0002,
0002,
0001,
0000,
ffff,
ffff,
ffff,
ffff,
ffff,
fffd,
fffe,
ffff,
0003,
ffff,
0002,
fff9,
ffff,
fff7,
0002,
fff1,
0063,
017e,
02e1,
09ae,
0978,
f544,
e6ec,
ef8d,
01c7,
13c0,
1cc5,
1989,
18f8,
1b4d,
1001,
fecc,
f154,
e43e,
df73,
e4c6,
e83d,
e84d,
e9fd,
eef8,
fb8a,
0bc9,
1421,
1416,
12c1,
1295,
1278,
0fc1,
08d1,
0075,
f95a,
f4b1,
f377,
f40a,
f42e,
f3e2,
f50f,
f8c2,
fdd8,
01d9,
03f5,
05b5,
0798,
0905,
095f,
085b,
064e,
03ca,
00ea,
fdf8,
fba5,
f9ae,
f7d2,
f6da,
f79d,
f9c2,
fc4b,
feae,
00f2,
032b,
04ea,
05be,
05a2,
04ea,
03cf,
0271,
011f,
ffd8,
fe74,
fd05,
fbe5,
fb67,
fb86,
fc10,
fd03,
fe64,
0009,
012c,
0135,
00d3,
00d6,
017a,
0286,
0318,
fffd,
ffff,
0001,
0002,
0004,
0004,
0004,
0003,
0003,
0002,
0001,
ffff,
fffe,
fffe,
ffff,
fffe,
fffe,
fffe,
ffff,
0000,
0002,
0003,
0002,
0001,
0001,
ffff,
ffff,
ffff,
ffff,
ffff,
fffd,
fffe,
0000,
0003,
0001,
0001,
fffd,
fffc,
fffd,
ffff,
fffa,
007f,
019d,
0278,
0900,
0940,
f4b0,
e781,
f23b,
03d1,
1348,
1ae1,
1718,
168b,
19a6,
0ea8,
fd74,
f09f,
e507,
e1d4,
e7cb,
eac3,
ea44,
ebc3,
f0b4,
fcf2,
0bfd,
12f3,
1255,
10f4,
1105,
1158,
0ebc,
0788,
ff6b,
f948,
f565,
f472,
f4e7,
f4e9,
f4e0,
f657,
f9e7,
fe8d,
0200,
037c,
04f9,
0704,
08e2,
09c2,
08a4,
05c2,
028d,
ffb0,
fd23,
fb3a,
f96c,
f798,
f6ed,
f81a,
fa8a,
fd46,
ffa8,
0197,
0388,
0527,
05b9,
054c,
045c,
032a,
01eb,
00c8,
ff80,
fe0b,
fcbe,
fbd3,
fb80,
fbd2,
fc93,
fd99,
feec,
005c,
012b,
0116,
00c1,
00c1,
0158,
0242,
fffd,
ffff,
0001,
0002,
0004,
0004,
0004,
0003,
0003,
0002,
0001,
ffff,
fffe,
fffe,
ffff,
fffe,
fffe,
fffe,
ffff,
0000,
0002,
0003,
0002,
0001,
0001,
ffff,
ffff,
ffff,
ffff,
ffff,
fffd,
fffe,
0000,
0003,
0001,
0001,
fffd,
fffc,
fffd,
ffff,
fffa,
007f,
019d,
0278,
0900,
0940,
f4b0,
e781,
f23b,
03d1,
1348,
1ae1,
1718,
168b,
19a6,
0ea8,
fd74,
f09f,
e507,
e1d4,
e7cb,
eac3,
ea44,
ebc3,
f0b4,
fcf2,
0bfd,
12f3,
1255,
10f4,
1105,
1158,
0ebc,
0788,
ff6b,
f948,
f565,
f472,
f4e7,
f4e9,
f4e0,
f657,
f9e7,
fe8d,
0200,
037c,
04f9,
0704,
08e2,
09c2,
08a4,
05c2,
028d,
ffb0,
fd23,
fb3a,
f96c,
f798,
f6ed,
f81a,
fa8a,
fd46,
ffa8,
0197,
0388,
0527,
05b9,
054c,
045c,
032a,
01eb,
00c8,
ff80,
fe0b,
fcbe,
fbd3,
fb80,
fbd2,
fc93,
fd99,
feec,
005c,
012b,
0116,
00c1,
00c1,
0158,
0242,
fffc,
fffd,
ffff,
0001,
0002,
0003,
0003,
0002,
0002,
0002,
0001,
0000,
ffff,
fffe,
fffe,
fffe,
fffe,
fffe,
fffe,
ffff,
0001,
0002,
0003,
0002,
0001,
0000,
0000,
0000,
ffff,
0000,
0000,
fffd,
ffff,
0000,
0002,
0000,
ffff,
fffd,
fffa,
0002,
fffa,
0004,
009e,
01a9,
021c,
08b3,
084d,
f394,
e947,
f57e,
0573,
1286,
185d,
13d9,
1465,
18ae,
0d74,
fc3b,
effc,
e5fd,
e4af,
eb08,
ed19,
ebbc,
ed30,
f27d,
fe64,
0c07,
1183,
106b,
0f57,
0fef,
102b,
0d41,
0681,
ff28,
f985,
f5ed,
f50b,
f567,
f5d1,
f650,
f7ae,
fabd,
fec4,
0191,
02f1,
051e,
07bb,
0953,
091a,
06f4,
03db,
0112,
fec9,
fcb6,
fb30,
f9a1,
f817,
f7c7,
f938,
fbb9,
fe3c,
0045,
01e6,
0397,
04e9,
053f,
04b8,
03be,
029b,
016e,
0053,
ff1f,
fddf,
fcc8,
fc0a,
fbd5,
fc34,
fd0b,
fe1c,
ff60,
009c,
0116,
00bc,
0056,
008a,
015a,
fffd,
fffd,
fffe,
ffff,
0001,
0002,
0003,
0003,
0003,
0003,
0002,
0002,
0000,
ffff,
ffff,
ffff,
fffe,
ffff,
fffe,
fffe,
0000,
0001,
0002,
0002,
0002,
0001,
0001,
0000,
0000,
0000,
0000,
0000,
fffd,
0000,
0001,
0003,
0000,
0001,
fffd,
fffc,
0003,
fffa,
0010,
00c6,
0195,
01f2,
08a4,
063f,
f287,
ec55,
f8f3,
06af,
1154,
1548,
10bb,
1318,
1765,
0b7a,
fb18,
efb3,
e781,
e862,
ee57,
ee8e,
ec90,
eea1,
f4b1,
0022,
0bb8,
0f83,
0e9b,
0e48,
0f0d,
0ee3,
0bcb,
0572,
fed2,
f9ea,
f6ac,
f59e,
f5ea,
f6d5,
f78b,
f8e3,
fb93,
fece,
017d,
038c,
05b2,
0718,
0775,
068c,
04ba,
02d9,
00f9,
feeb,
fcf6,
fb8f,
fa1f,
f918,
f923,
fa61,
fc85,
feaa,
0065,
01dd,
0358,
0450,
048f,
0430,
0350,
023b,
0119,
0005,
fee5,
fddf,
fcfa,
fc4d,
fc19,
fc85,
fd85,
feb2,
ffd3,
0089,
008e,
0035,
001f,
00aa,
fffd,
fffd,
fffe,
fffe,
ffff,
0001,
0002,
0003,
0003,
0003,
0002,
0002,
0002,
0000,
ffff,
ffff,
ffff,
ffff,
fffe,
fffe,
ffff,
ffff,
0001,
0002,
0002,
0001,
0001,
0000,
0001,
0000,
0000,
ffff,
0000,
ffff,
0001,
0000,
0003,
0000,
0002,
fffa,
0000,
0003,
fffe,
0019,
00ee,
0162,
020d,
0866,
03b0,
f241,
efda,
fbe3,
0736,
0fda,
1273,
0e4b,
1210,
1587,
0942,
fa2b,
efe7,
e9e8,
ec1d,
f0a4,
ef84,
ed89,
f03e,
f6c6,
0197,
0b53,
0df7,
0d39,
0d2b,
0e3b,
0df8,
0a46,
03c1,
fe04,
fa09,
f7d1,
f77c,
f740,
f785,
f817,
f948,
fbff,
ffc3,
0209,
02cc,
040a,
04e9,
0565,
056b,
0472,
02ca,
012a,
ff52,
fd54,
fc1b,
fb02,
fa20,
fa27,
fb35,
fcde,
fe9f,
0034,
018a,
02f0,
03e8,
0417,
03a0,
02e2,
020f,
010d,
fff6,
fecd,
fdd2,
fd09,
fc87,
fc90,
fd23,
fe08,
feec,
ffc0,
0021,
0006,
ffec,
002d,
fffe,
fffd,
fffd,
fffe,
fffe,
0000,
0000,
0002,
0003,
0003,
0002,
0002,
0002,
0001,
0000,
0000,
ffff,
ffff,
ffff,
ffff,
ffff,
ffff,
0000,
0001,
0001,
0001,
0001,
0002,
0001,
0001,
0000,
0000,
0000,
0000,
ffff,
0002,
0000,
0004,
0000,
0002,
fffb,
0005,
0000,
ffff,
002a,
010f,
011c,
0272,
07b8,
00dd,
f2d6,
f396,
fe2f,
074f,
0e8f,
0fc1,
0c4b,
1116,
12f3,
06e3,
f9be,
f10c,
ecd6,
ef00,
f1c4,
f030,
ef3a,
f27f,
f8ea,
02c8,
0ab2,
0c99,
0c2f,
0caa,
0d39,
0bbd,
07f9,
0277,
fe34,
fb8e,
f990,
f84f,
f790,
f767,
f7f3,
fa62,
fd76,
ffc5,
00b7,
011a,
024c,
03fe,
0563,
0546,
041f,
0293,
010e,
ffbc,
fe6c,
fd0c,
fb78,
fa7b,
fa87,
fbac,
fd3c,
fe9f,
fff0,
0153,
02a7,
035c,
0370,
0315,
029b,
0203,
012a,
000f,
fee0,
fdf7,
fd54,
fd08,
fd1a,
fd78,
fe00,
feb6,
ff70,
ffb3,
ffac,
ffce,
ffff,
fffe,
fffd,
fffd,
fffe,
ffff,
0000,
0001,
0002,
0002,
0002,
0002,
0001,
0001,
0001,
0000,
ffff,
ffff,
ffff,
ffff,
fffe,
ffff,
ffff,
0000,
0001,
0001,
0002,
0001,
0001,
0001,
0000,
0000,
0001,
0001,
ffff,
ffff,
0001,
0002,
0004,
0000,
0001,
fffb,
0008,
fffc,
0002,
0045,
0114,
00de,
02f3,
0691,
fe6f,
f429,
f6e5,
ffc6,
0751,
0d57,
0d2e,
0ac2,
1001,
104d,
04fe,
f9b9,
f23f,
ef00,
f0f9,
f30e,
f1c6,
f16d,
f4c1,
fadf,
037c,
0a05,
0be5,
0b59,
0b1d,
0b4c,
09f9,
0700,
02c2,
fe83,
fb1e,
f93f,
f7e9,
f79f,
f8f7,
fa0f,
fb2e,
fceb,
fe8f,
ff43,
0086,
0279,
03fb,
0502,
04bf,
0392,
0276,
0198,
005d,
fef5,
fd6e,
fbba,
fad4,
faf6,
fbf0,
fd52,
feb9,
ffe5,
00f4,
0209,
02b8,
02fb,
02ec,
02a5,
0207,
0129,
0042,
ff58,
fe86,
fdbe,
fd33,
fd10,
fd57,
fde2,
fe8e,
ff13,
ff2e,
ff5e,
0000,
ffff,
ffff,
ffff,
ffff,
ffff,
ffff,
0001,
0001,
0002,
0003,
0003,
0002,
0002,
0002,
0002,
0001,
0000,
0001,
0001,
0000,
0000,
0000,
0000,
0001,
0002,
0003,
0003,
0003,
0003,
0002,
0003,
0002,
0002,
0001,
0001,
0002,
0003,
0003,
0003,
0000,
0002,
0000,
0008,
fffc,
0008,
005e,
00fb,
00cc,
036d,
0508,
fcae,
f5f0,
f999,
00dd,
0745,
0c00,
0ad4,
09f3,
0f25,
0d76,
02f0,
f996,
f362,
f157,
f380,
f4b8,
f32a,
f361,
f6cf,
fce2,
04e8,
0986,
0a08,
099b,
09df,
0a55,
094d,
05ce,
00ec,
fccf,
f9bc,
f90d,
f9f3,
fa91,
fa86,
fa30,
fa86,
fbf7,
fe19,
ff81,
00c3,
024a,
0391,
044b,
0434,
039e,
02c5,
01d9,
0086,
ff1e,
fdb5,
fc33,
fb3a,
fb35,
fc25,
fd52,
fe6d,
ff78,
00a3,
01d9,
02ad,
0304,
02e9,
0296,
0208,
0159,
0098,
ffae,
fea3,
fdae,
fd29,
fd17,
fd59,
fdca,
fe3f,
fe92,
fee2,
0000,
ffff,
ffff,
ffff,
ffff,
ffff,
ffff,
0001,
0001,
0002,
0003,
0003,
0002,
0002,
0002,
0002,
0001,
0000,
0001,
0001,
0000,
0000,
0000,
0000,
0001,
0002,
0003,
0003,
0003,
0003,
0002,
0003,
0002,
0002,
0001,
0001,
0002,
0003,
0003,
0003,
0000,
0002,
0000,
0008,
fffc,
0008,
005e,
00fb,
00cc,
036d,
0508,
fcae,
f5f0,
f999,
00dd,
0745,
0c00,
0ad4,
09f3,
0f25,
0d76,
02f0,
f996,
f362,
f157,
f380,
f4b8,
f32a,
f361,
f6cf,
fce2,
04e8,
0986,
0a08,
099b,
09df,
0a55,
094d,
05ce,
00ec,
fccf,
f9bc,
f90d,
f9f3,
fa91,
fa86,
fa30,
fa86,
fbf7,
fe19,
ff81,
00c3,
024a,
0391,
044b,
0434,
039e,
02c5,
01d9,
0086,
ff1e,
fdb5,
fc33,
fb3a,
fb35,
fc25,
fd52,
fe6d,
ff78,
00a3,
01d9,
02ad,
0304,
02e9,
0296,
0208,
0159,
0098,
ffae,
fea3,
fdae,
fd29,
fd17,
fd59,
fdca,
fe3f,
fe92,
fee2,
ffff,
ffff,
fffe,
fffd,
fffd,
fffd,
fffd,
fffe,
ffff,
ffff,
0001,
0000,
0000,
0001,
0001,
0001,
0000,
ffff,
ffff,
fffe,
ffff,
fffe,
fffe,
fffe,
fffe,
ffff,
0000,
0001,
0001,
0001,
0000,
0000,
0000,
0000,
0000,
0000,
0000,
0001,
0001,
0001,
0000,
0001,
0001,
ffff,
0002,
fffc,
000a,
0075,
00d2,
00e7,
03a7,
034a,
fba6,
f7d1,
fba9,
019c,
0734,
0aba,
0925,
0987,
0d7f,
0a1c,
0137,
fa1a,
f551,
f3da,
f553,
f5d5,
f4b8,
f63a,
fa1e,
feeb,
048c,
076c,
07ad,
0862,
099c,
0928,
06c0,
027b,
fddf,
fc2f,
fc7e,
fc5d,
fb82,
fad0,
f9e2,
f9a9,
fafe,
fcb3,
fe28,
ff3e,
0068,
01bb,
0349,
0447,
0427,
0382,
029c,
01ac,
00a6,
ff6a,
fdcb,
fc58,
fb90,
fb77,
fc1b,
fd1c,
fe30,
ff61,
00dd,
022e,
02de,
02fc,
02c2,
0281,
0219,
0160,
005f,
ff51,
fe67,
fdc3,
fd7a,
fd5c,
fd51,
fd75,
fde7,
fe87,
0000,
0000,
ffff,
ffff,
fffe,
ffff,
fffe,
fffe,
ffff,
ffff,
0000,
0000,
0001,
0000,
0001,
0000,
0000,
0000,
ffff,
0000,
ffff,
ffff,
ffff,
ffff,
ffff,
ffff,
0000,
0001,
0001,
0000,
0001,
0001,
0001,
0001,
0000,
0001,
0001,
0000,
0001,
0000,
0002,
0001,
0000,
fffe,
0002,
0001,
fffc,
0014,
0085,
00a9,
0129,
038b,
019d,
fb4c,
f98f,
fd3a,
0265,
0751,
0952,
0787,
08d9,
0b66,
078b,
00cb,
fae7,
f6c6,
f60a,
f75c,
f857,
f834,
f898,
fa8f,
fe5f,
02f9,
0623,
0727,
071b,
0748,
05ba,
02c5,
0117,
005f,
ff50,
fe54,
fcf4,
fad5,
f9df,
fa02,
fa9a,
fbc7,
fd14,
fda7,
fe7b,
006f,
024f,
039a,
0401,
0396,
02ff,
0285,
01b8,
0075,
ff36,
fdd0,
fc77,
fbbd,
fbc6,
fc56,
fd4c,
fe90,
ffe5,
013b,
0239,
02ac,
02c8,
02c0,
0266,
01a4,
00c8,
ffee,
ff2c,
fe8e,
fe1c,
fdbf,
fd5f,
fd2c,
fd6f,
fe3c,
0001,
0001,
0000,
0000,
ffff,
ffff,
ffff,
ffff,
ffff,
ffff,
0000,
0000,
0000,
0000,
0001,
0001,
0001,
0001,
0000,
0000,
0000,
0000,
0000,
ffff,
ffff,
ffff,
0000,
0001,
0001,
0001,
0001,
0001,
0002,
0001,
0001,
0001,
0001,
0001,
0000,
0000,
0001,
0002,
ffff,
fffe,
ffff,
0003,
fffe,
fffe,
0024,
0089,
008a,
016b,
0313,
0042,
fb7d,
fb3d,
fed0,
030b,
06b4,
0778,
0631,
0850,
09c9,
05cc,
00a9,
fc31,
f8fb,
f98b,
fae1,
f98e,
f7f5,
f7fb,
fa09,
fecd,
031c,
04c3,
051a,
03f1,
02c1,
03f1,
0527,
0410,
0249,
ffee,
fd50,
fbcd,
fb11,
fa71,
fa52,
faf3,
fba0,
fcb1,
fdfe,
ff5d,
00f5,
025a,
0339,
0368,
0337,
02b7,
0210,
014c,
0053,
ff09,
fdab,
fcb4,
fc35,
fc65,
fd20,
fe13,
ff12,
0015,
0103,
01ce,
027d,
02a5,
024a,
01ba,
011f,
0086,
fff6,
ff71,
fedc,
fe30,
fd8a,
fd42,
fd83,
fe1e,
0001,
0002,
0001,
0001,
0000,
ffff,
ffff,
ffff,
ffff,
ffff,
ffff,
0000,
0000,
0001,
0000,
0001,
0001,
0001,
0001,
0001,
0000,
0000,
ffff,
ffff,
0000,
ffff,
0000,
0000,
0001,
0001,
0001,
0001,
0001,
0002,
0002,
0001,
0000,
0000,
0001,
0000,
0001,
0001,
0000,
fffe,
0001,
0002,
0003,
0001,
0005,
0031,
0077,
0077,
019e,
026b,
ff65,
fc76,
fd03,
ff88,
02ae,
0598,
05ff,
05b7,
07f6,
08ca,
05c6,
01c7,
fe9e,
fc34,
fada,
f9b3,
f7da,
f76f,
f8e1,
fb3b,
fee5,
01c0,
017b,
0093,
0254,
0513,
06f1,
072d,
04c9,
014d,
fea0,
fcee,
fba1,
fb24,
facf,
fa39,
fa81,
fbda,
fd9c,
fef0,
fff7,
00de,
01ef,
02e4,
031b,
02ca,
0249,
01b9,
00e2,
fff5,
fef1,
fde9,
fd47,
fd1a,
fd59,
fdda,
fe73,
ff04,
ffd1,
00cb,
018b,
01f8,
020e,
01cf,
0164,
010d,
00c0,
004f,
ff9a,
feac,
fddd,
fd77,
fd98,
fe15,
0001,
0002,
0001,
0001,
0000,
ffff,
ffff,
ffff,
ffff,
ffff,
ffff,
0000,
0000,
0001,
0000,
0001,
0001,
0001,
0001,
0001,
0000,
0000,
ffff,
ffff,
0000,
ffff,
0000,
0000,
0001,
0001,
0001,
0001,
0001,
0002,
0002,
0001,
0000,
0000,
0001,
0000,
0001,
0001,
0000,
fffe,
0001,
0002,
0003,
0001,
0005,
0031,
0077,
0077,
019e,
026b,
ff65,
fc76,
fd03,
ff88,
02ae,
0598,
05ff,
05b7,
07f6,
08ca,
05c6,
01c7,
fe9e,
fc34,
fada,
f9b3,
f7da,
f76f,
f8e1,
fb3b,
fee5,
01c0,
017b,
0093,
0254,
0513,
06f1,
072d,
04c9,
014d,
fea0,
fcee,
fba1,
fb24,
facf,
fa39,
fa81,
fbda,
fd9c,
fef0,
fff7,
00de,
01ef,
02e4,
031b,
02ca,
0249,
01b9,
00e2,
fff5,
fef1,
fde9,
fd47,
fd1a,
fd59,
fdda,
fe73,
ff04,
ffd1,
00cb,
018b,
01f8,
020e,
01cf,
0164,
010d,
00c0,
004f,
ff9a,
feac,
fddd,
fd77,
fd98,
fe15,
0002,
0002,
0002,
0001,
0001,
0001,
0000,
0000,
ffff,
ffff,
ffff,
0000,
0001,
0000,
0001,
0001,
0001,
0002,
0001,
0001,
0001,
0000,
0000,
0000,
0000,
0000,
0000,
0001,
0001,
0001,
0001,
0002,
0002,
0002,
0002,
0001,
0001,
0000,
0001,
0001,
0000,
ffff,
ffff,
0000,
0002,
0004,
0003,
0004,
0000,
0006,
0033,
005d,
0081,
01c4,
0230,
ff9b,
fd1b,
fd36,
ff58,
0266,
04cd,
0534,
0695,
095b,
0996,
06e8,
02f7,
fea3,
faac,
f8c2,
f8bb,
f867,
f828,
f931,
fafa,
fcba,
fe49,
ffdc,
0234,
05bd,
082b,
0827,
0662,
036b,
0026,
fdc7,
fc83,
fb7d,
facf,
fa5f,
fa61,
fb48,
fcb5,
fe1a,
ff28,
0012,
00e8,
01df,
02b4,
02f5,
02a3,
01f3,
0138,
0089,
ffeb,
ff35,
fe75,
fde2,
fdab,
fdbd,
fdf1,
fe62,
fef9,
ffaa,
007e,
013d,
01a5,
01b8,
01a6,
018e,
0169,
0101,
002e,
ff27,
fe3d,
fdb3,
fdb0,
fe17,
0001,
0002,
0002,
0002,
0001,
0000,
0000,
ffff,
fffe,
fffe,
fffe,
ffff,
0000,
0000,
0000,
0000,
0001,
0001,
0001,
0001,
0000,
0000,
0000,
0000,
0000,
0000,
0000,
0000,
0000,
0000,
0001,
0002,
0002,
0002,
0002,
0001,
0000,
0000,
0001,
0001,
0000,
ffff,
0000,
0002,
0005,
0005,
0003,
0003,
ffff,
ffff,
0007,
0031,
0058,
0113,
02a3,
01c2,
fe7f,
fcc8,
fd6d,
ff43,
026a,
05a2,
0774,
09cc,
0ae5,
0917,
0579,
ffe8,
fb39,
f9aa,
f92c,
f85b,
f7dc,
f74a,
f79b,
fa51,
fcc4,
fee2,
02ae,
0632,
082d,
08d7,
0767,
043a,
0163,
ff1f,
fd0f,
fbc8,
faec,
fa69,
fa8d,
fb30,
fc11,
fd2c,
fe42,
ff37,
0065,
018f,
0267,
02b8,
02a1,
0251,
01d2,
0137,
0087,
ffd4,
ff1a,
fe74,
fdea,
fda0,
fdb2,
fdf7,
fe6c,
ff15,
ffd8,
0093,
013a,
01b1,
01e2,
01ec,
01c1,
014c,
0080,
ff71,
fe72,
fdec,
fdf6,
fe41,
0002,
0002,
0002,
0002,
0001,
0000,
0000,
ffff,
fffe,
fffe,
fffe,
fffe,
0000,
0000,
0000,
0001,
0001,
0001,
0001,
0000,
0000,
0000,
0000,
0000,
0000,
ffff,
ffff,
0000,
ffff,
0000,
0000,
0001,
0002,
0002,
0002,
0001,
0000,
0000,
0000,
0000,
ffff,
0000,
0001,
0002,
0005,
0004,
0004,
fffe,
ffff,
0001,
0001,
0009,
0096,
017c,
01c5,
017b,
0015,
fd9e,
fc40,
fde0,
017a,
0634,
09d8,
09b2,
0985,
0947,
054b,
007c,
fd3c,
fa64,
f888,
f7ab,
f62c,
f60e,
f857,
fa03,
fbbe,
ff0c,
02c6,
063c,
08c0,
08d9,
06cb,
0468,
020a,
ffc0,
fdbb,
fc0a,
fae0,
fa73,
fabd,
fb47,
fbde,
fc7a,
fd82,
fef7,
0073,
0181,
01f8,
025c,
02b7,
02c9,
026c,
01b9,
00cc,
ffe2,
ff28,
fe77,
fde3,
fd84,
fd7a,
fdd1,
fe6d,
ff05,
ff9a,
005c,
011f,
01bc,
020e,
020f,
01c8,
0130,
004d,
ff4a,
fe84,
fe3c,
fe52,
fe82,
0002,
0003,
0002,
0001,
0001,
0000,
0000,
ffff,
ffff,
fffe,
fffe,
ffff,
ffff,
0000,
0001,
0001,
0001,
0001,
0001,
0001,
0001,
0000,
0001,
0001,
0000,
0000,
0000,
0000,
0000,
0001,
0001,
0002,
0002,
0003,
0003,
0002,
0001,
0000,
0000,
0000,
0000,
0000,
0001,
0004,
0005,
0005,
0001,
0000,
0002,
0003,
ffff,
003d,
0153,
01d1,
00be,
004b,
ffda,
fdf6,
fd2b,
ff02,
034f,
07fb,
0986,
08c4,
0823,
06c7,
041b,
0104,
fd8a,
fa03,
f72e,
f57d,
f60f,
f823,
f991,
fb05,
fceb,
ff48,
031d,
0707,
0879,
079c,
05e2,
03b0,
01cc,
0017,
fdec,
fbe1,
fabf,
faa9,
fb2e,
fb90,
fb96,
fc2f,
fdb4,
ff75,
00be,
015c,
01bd,
023f,
02d5,
0315,
02c1,
01cd,
008e,
ff89,
fed8,
fe44,
fda5,
fd3d,
fd5c,
fdf8,
feba,
ff6a,
0002,
009a,
013b,
01cb,
0223,
020d,
0187,
00a6,
ffa7,
fee2,
fe87,
fe88,
feab,
fed9,
0001,
0000,
0000,
ffff,
ffff,
fffe,
fffd,
fffd,
fffd,
fffd,
fffe,
fffd,
fffe,
ffff,
fffe,
0000,
0000,
ffff,
ffff,
0000,
ffff,
ffff,
ffff,
ffff,
ffff,
fffe,
fffe,
ffff,
ffff,
ffff,
ffff,
0000,
0000,
0000,
0000,
0001,
0000,
ffff,
ffff,
ffff,
ffff,
0000,
0001,
0003,
0004,
0002,
fffc,
0001,
0004,
0003,
001a,
0128,
0239,
0148,
ffb8,
fe66,
fdeb,
fece,
0069,
033c,
06d7,
0849,
0774,
07a6,
06cf,
038b,
0124,
ff58,
fc19,
f81d,
f58d,
f5a3,
f807,
fa76,
fbe2,
fd3b,
feda,
0125,
044a,
06c0,
071c,
05fb,
0450,
0296,
0124,
ff81,
fd3d,
fb55,
faf8,
fb72,
fb90,
fb7c,
fbdd,
fd07,
fe9d,
0005,
00f1,
0193,
021a,
026e,
02b4,
02cd,
0255,
0144,
0013,
ff19,
fe4f,
fdbe,
fd69,
fd59,
fda3,
fe4d,
ff29,
0004,
00bc,
0130,
0180,
01d0,
01fe,
01c0,
0101,
fff5,
fef8,
fe73,
fe6e,
feb0,
ff0d,
ff3e,
0002,
0002,
0001,
0000,
0000,
0000,
ffff,
ffff,
ffff,
0000,
0000,
0000,
0000,
0000,
0001,
0001,
0001,
0001,
0001,
0001,
0001,
0000,
0001,
0000,
0000,
0000,
0000,
0000,
0001,
0001,
0001,
0000,
0000,
0000,
0001,
0002,
0002,
0001,
0001,
0000,
ffff,
0001,
0004,
0003,
0004,
0000,
0001,
0001,
0007,
000a,
00ee,
02c1,
024c,
ff6d,
fd66,
fcec,
fdc6,
0111,
0565,
08a5,
0942,
0682,
05d4,
074a,
041a,
fea7,
fc99,
fb9f,
f8e8,
f6bf,
f63e,
f79d,
fabd,
fd07,
fe65,
0066,
0287,
03e3,
04be,
0532,
04d9,
03fb,
02bd,
015f,
ffe2,
fde4,
fbea,
fb4e,
fbea,
fc19,
fbac,
fbc4,
fcf6,
fe85,
ffb1,
0083,
0149,
0226,
02a6,
0298,
0244,
01da,
0134,
004a,
ff5d,
fe88,
fdd9,
fd60,
fd5b,
fdd6,
fe83,
ff19,
ffb7,
0086,
0140,
019d,
01b1,
01b9,
0198,
011f,
0046,
ff49,
fe87,
fe37,
fe5f,
feda,
ff57,
ff76,
0002,
0002,
0001,
0000,
0000,
0000,
ffff,
ffff,
ffff,
0000,
0000,
0000,
0000,
0000,
0001,
0001,
0001,
0001,
0001,
0001,
0001,
0000,
0001,
0000,
0000,
0000,
0000,
0000,
0001,
0001,
0001,
0000,
0000,
0000,
0001,
0002,
0002,
0001,
0001,
0000,
ffff,
0001,
0004,
0003,
0004,
0000,
0001,
0001,
0007,
000a,
00ee,
02c1,
024c,
ff6d,
fd66,
fcec,
fdc6,
0111,
0565,
08a5,
0942,
0682,
05d4,
074a,
041a,
fea7,
fc99,
fb9f,
f8e8,
f6bf,
f63e,
f79d,
fabd,
fd07,
fe65,
0066,
0287,
03e3,
04be,
0532,
04d9,
03fb,
02bd,
015f,
ffe2,
fde4,
fbea,
fb4e,
fbea,
fc19,
fbac,
fbc4,
fcf6,
fe85,
ffb1,
0083,
0149,
0226,
02a6,
0298,
0244,
01da,
0134,
004a,
ff5d,
fe88,
fdd9,
fd60,
fd5b,
fdd6,
fe83,
ff19,
ffb7,
0086,
0140,
019d,
01b1,
01b9,
0198,
011f,
0046,
ff49,
fe87,
fe37,
fe5f,
feda,
ff57,
ff76,
0002,
0001,
0001,
0001,
0000,
ffff,
ffff,
0000,
ffff,
0000,
0001,
0001,
0001,
0001,
0001,
0001,
0001,
0001,
0001,
0001,
0001,
0001,
0001,
0001,
0000,
0001,
0001,
0001,
0001,
0001,
0001,
0000,
0000,
ffff,
0001,
0002,
0001,
0002,
0002,
0003,
0001,
0001,
0001,
0004,
0002,
0002,
0002,
0004,
fffd,
00b2,
0327,
0393,
ff6b,
fbf5,
fc2e,
fdae,
0082,
0541,
0a6e,
0c53,
0835,
0561,
0723,
0476,
fd26,
f90d,
f83a,
f761,
f6d0,
f6a3,
f7d7,
fb62,
fe03,
ff5d,
01c5,
04a6,
062c,
05d1,
0441,
02b8,
0221,
01a0,
00f1,
ffe9,
fdfd,
fbf4,
fb4c,
fc1f,
fccb,
fc99,
fc37,
fce8,
fe9b,
0005,
009e,
0108,
01ef,
02b3,
02be,
022a,
015f,
009c,
ffd3,
ff23,
fe7c,
fde8,
fd77,
fd6a,
fe00,
feed,
ffa3,
0010,
008e,
0113,
016c,
018c,
0181,
0158,
00f8,
0050,
ff75,
feb3,
fe46,
fe33,
fe80,
ff1b,
ff9e,
ffa7,
0002,
0001,
0001,
0000,
0000,
0000,
0000,
0001,
0001,
0002,
0003,
0002,
0002,
0002,
0002,
0001,
0001,
0001,
0002,
0002,
0001,
0002,
0002,
0002,
0002,
0001,
0001,
0002,
0002,
0002,
0001,
0001,
0000,
0000,
0001,
0000,
0002,
0003,
0004,
0003,
0004,
0001,
0001,
0001,
0002,
0005,
0003,
fffc,
007c,
037e,
04ce,
ff87,
fa92,
fb0a,
fd7e,
00e9,
05cf,
0ada,
0da7,
0a99,
06f4,
07f7,
0540,
fbe6,
f525,
f4d7,
f572,
f539,
f57d,
f725,
fb81,
ff36,
0114,
032d,
061e,
083f,
07f8,
05f5,
0327,
00c0,
ff11,
fea5,
fe9c,
fda7,
fc11,
fb12,
fbce,
fd29,
fdbd,
fd54,
fd91,
ff00,
006b,
012c,
015c,
01cb,
024a,
0259,
01e5,
012f,
0046,
ff32,
fe7a,
fe11,
fdc4,
fd76,
fd77,
fe26,
ff43,
003d,
00c9,
012d,
0168,
0173,
0156,
0126,
00f1,
008c,
0000,
ff53,
feb9,
fe4e,
fe13,
fe30,
fecb,
ff9c,
fffd,
ffe4,
ffff,
ffff,
ffff,
fffe,
ffff,
ffff,
ffff,
0001,
0000,
0001,
0001,
0001,
0001,
0000,
0000,
0000,
ffff,
ffff,
0000,
0000,
0000,
0000,
0000,
0000,
0001,
0001,
0001,
0002,
0001,
0000,
ffff,
fffe,
ffff,
ffff,
fffe,
ffff,
0000,
0001,
0002,
0003,
0002,
0000,
0001,
0001,
0005,
ffff,
fffd,
0062,
03d9,
05d4,
ff8a,
f964,
f9e2,
fcf5,
015b,
070d,
0c4e,
0ef0,
0b7e,
0797,
0923,
0699,
fb7a,
f21f,
f12d,
f354,
f45c,
f43e,
f542,
fa55,
ff78,
028d,
0538,
07f7,
09a7,
0958,
0797,
04e4,
020d,
fe97,
fc08,
fb87,
fba9,
fb44,
fac6,
fb90,
fd17,
fe3f,
fe7a,
feec,
0039,
0164,
01e2,
01f6,
0242,
0247,
01cc,
0105,
0051,
ffb6,
fed6,
fdfc,
fd5f,
fd32,
fd43,
fd95,
fe77,
ffa8,
009e,
013b,
01d9,
023d,
0224,
019b,
00f5,
0086,
002a,
ffa3,
fee9,
fe5e,
fe00,
fdc4,
fdd4,
fe5d,
ff59,
001d,
004f,
0039,
fffe,
fffe,
fffe,
fffe,
ffff,
ffff,
0000,
0001,
0001,
0001,
0001,
0000,
0000,
0001,
0000,
ffff,
ffff,
ffff,
ffff,
0000,
ffff,
0000,
0000,
0001,
0002,
0001,
0001,
0001,
0000,
0000,
ffff,
ffff,
ffff,
fffe,
ffff,
ffff,
0001,
0002,
0002,
0002,
0000,
0002,
ffff,
0006,
ffff,
fffe,
005c,
045d,
06d1,
ff49,
f832,
f8c1,
fc05,
01c0,
08d1,
0e37,
10c3,
0d46,
0819,
08ab,
068b,
fb0a,
f062,
ee70,
f0d6,
f344,
f3d5,
f410,
f89b,
fec7,
0329,
06cb,
0a39,
0b75,
0a71,
0899,
05f6,
0327,
ff86,
fbed,
f9b0,
f8f1,
f8d0,
f925,
fafe,
fd37,
fe8d,
ff06,
0009,
01b2,
02ea,
0341,
02ed,
02cd,
029b,
01c3,
0065,
ff64,
fed2,
fe16,
fd5b,
fcc8,
fc8a,
fcb8,
fd69,
fea3,
0015,
0126,
01aa,
022d,
02b6,
02e1,
0262,
016e,
008c,
fff1,
ff6f,
fec3,
fe16,
fd86,
fd28,
fd1b,
fd90,
fea9,
ffdc,
0080,
009d,
00c3,
fffe,
fffe,
fffe,
fffe,
ffff,
ffff,
0000,
0001,
0001,
0001,
0001,
0000,
0000,
0001,
0000,
ffff,
ffff,
ffff,
ffff,
0000,
ffff,
0000,
0000,
0001,
0002,
0001,
0001,
0001,
0000,
0000,
ffff,
ffff,
ffff,
fffe,
ffff,
ffff,
0001,
0002,
0002,
0002,
0000,
0002,
ffff,
0006,
ffff,
fffe,
005c,
045d,
06d1,
ff49,
f832,
f8c1,
fc05,
01c0,
08d1,
0e37,
10c3,
0d46,
0819,
08ab,
068b,
fb0a,
f062,
ee70,
f0d6,
f344,
f3d5,
f410,
f89b,
fec7,
0329,
06cb,
0a39,
0b75,
0a71,
0899,
05f6,
0327,
ff86,
fbed,
f9b0,
f8f1,
f8d0,
f925,
fafe,
fd37,
fe8d,
ff06,
0009,
01b2,
02ea,
0341,
02ed,
02cd,
029b,
01c3,
0065,
ff64,
fed2,
fe16,
fd5b,
fcc8,
fc8a,
fcb8,
fd69,
fea3,
0015,
0126,
01aa,
022d,
02b6,
02e1,
0262,
016e,
008c,
fff1,
ff6f,
fec3,
fe16,
fd86,
fd28,
fd1b,
fd90,
fea9,
ffdc,
0080,
009d,
00c3,
fffe,
fffe,
fffd,
fffe,
0000,
0000,
0002,
0001,
0001,
0001,
0001,
0001,
0000,
0000,
0000,
fffe,
fffe,
fffe,
ffff,
ffff,
ffff,
0000,
0001,
0002,
0002,
0002,
0001,
0000,
ffff,
fffe,
fffe,
ffff,
fffd,
fffe,
ffff,
0001,
0002,
0001,
0000,
ffff,
0001,
fffe,
0006,
fffc,
0000,
006a,
04f2,
07b2,
fee2,
f70a,
f7ca,
fadf,
01d3,
0ad7,
10b5,
12c6,
0f00,
0918,
089e,
0551,
f892,
ee71,
ed23,
ef08,
f231,
f3be,
f375,
f782,
fe0f,
02b5,
0744,
0c3e,
0d57,
0b7c,
099f,
06f8,
03b8,
ffbf,
fbf1,
f972,
f83c,
f725,
f6ee,
f929,
fc4e,
fe7c,
ff90,
00f2,
02ae,
0404,
0473,
042c,
03e0,
0349,
01f8,
0031,
ff02,
fe4e,
fd6e,
fc9d,
fc18,
fbf1,
fc20,
fcdb,
fe43,
0011,
0180,
022e,
029e,
0308,
0339,
02d2,
01f3,
0109,
0048,
ff99,
fed3,
fe14,
fd61,
fcc9,
fc73,
fc9c,
fd92,
ff0a,
002a,
00af,
010a,
0170,
fffe,
fffe,
ffff,
0000,
0001,
0002,
0002,
0002,
0002,
0002,
0002,
0001,
0000,
0000,
ffff,
ffff,
ffff,
ffff,
0000,
ffff,
0000,
0002,
0002,
0003,
0003,
0002,
0000,
ffff,
ffff,
ffff,
ffff,
fffd,
ffff,
ffff,
0001,
0001,
0002,
0002,
fffe,
0002,
fffe,
0007,
fffc,
0000,
0070,
0596,
08b8,
fe77,
f5b2,
f6e2,
f9c9,
0178,
0cb0,
13a8,
1557,
110c,
0a46,
0862,
03eb,
f5c4,
eb47,
eb66,
edcf,
f164,
f433,
f3f7,
f6d3,
fd56,
02b4,
06f7,
0cac,
0ef1,
0cc6,
0a7c,
0805,
0480,
ffd9,
fbaf,
f8c3,
f793,
f6d9,
f676,
f812,
faed,
fd63,
ff2f,
0185,
03a2,
04d9,
0519,
04da,
04a9,
040d,
0298,
0075,
fef9,
fe1d,
fd33,
fc56,
fbb4,
fb81,
fbb8,
fc82,
fde7,
ffb0,
0136,
021e,
02d3,
0362,
037e,
02f4,
021b,
0153,
00b3,
0016,
ff51,
fe75,
fd8c,
fcbe,
fc27,
fc0d,
fcb8,
fe17,
ff74,
0044,
00e3,
017e,
0205,
fffe,
fffe,
0000,
0001,
0002,
0003,
0002,
0002,
0002,
0002,
0001,
0001,
ffff,
ffff,
fffe,
fffe,
ffff,
ffff,
ffff,
0000,
0001,
0003,
0003,
0003,
0001,
ffff,
ffff,
ffff,
ffff,
ffff,
fffd,
fffe,
fffe,
0001,
0001,
0001,
0001,
fffd,
0000,
fffb,
0008,
fff8,
0003,
0072,
0665,
09ea,
fdb6,
f404,
f5e4,
f8e4,
0148,
0e7c,
16e1,
1861,
133a,
0b71,
0879,
0254,
f1e5,
e729,
e96b,
ec9e,
f051,
f4b3,
f5aa,
f7d1,
fd37,
0281,
06c7,
0cfd,
0f87,
0cc5,
0a90,
08ee,
058e,
0028,
fb73,
f81f,
f6fe,
f6bc,
f682,
f81d,
facd,
fcb7,
fe1d,
0107,
03d3,
052a,
0577,
0550,
0524,
046d,
02ef,
00c2,
ff3c,
fe5a,
fd53,
fc54,
fb96,
fb51,
fb86,
fc62,
fdd6,
ffa6,
0117,
01d1,
0282,
033d,
0381,
02fd,
0219,
014a,
00b4,
004a,
ffb3,
fef0,
fe07,
fd13,
fc43,
fbfd,
fc6b,
fd75,
fedb,
ffd8,
0089,
013b,
01d8,
0261,
ffff,
0000,
0002,
0002,
0003,
0003,
0002,
0001,
0002,
0001,
0000,
0000,
ffff,
ffff,
ffff,
fffe,
ffff,
0000,
ffff,
0001,
0003,
0004,
0003,
0002,
0001,
ffff,
ffff,
ffff,
0000,
fffd,
ffff,
ffff,
0001,
0002,
0001,
0002,
fffb,
0001,
fff7,
000b,
fff4,
0007,
0065,
0733,
0b82,
fce9,
f1e7,
f4c6,
f7f8,
0148,
1054,
1a0d,
1bd5,
15d8,
0c7e,
0887,
00ff,
edd3,
e258,
e6d0,
eb83,
ef09,
f425,
f735,
fa4a,
feb2,
032d,
0722,
0d0a,
0fa8,
0c9c,
0937,
07ac,
05ea,
0106,
fbaf,
f7b5,
f6b2,
f754,
f7a1,
f8d7,
faff,
fc94,
fd7a,
004e,
0332,
0468,
04cf,
0532,
059d,
0510,
035a,
00c5,
ff3f,
fead,
fdd5,
fcd4,
fbd1,
fb43,
fb56,
fc4a,
fde7,
ffcf,
013c,
01c0,
022d,
02db,
0358,
0303,
0220,
0133,
007f,
0015,
ff97,
fefb,
fe40,
fd7a,
fcbd,
fc64,
fcac,
fd5e,
fe8c,
ff9a,
003f,
00e8,
018e,
0217,
0293,
ffff,
0001,
0002,
0002,
0002,
0001,
0001,
0001,
0001,
0000,
ffff,
ffff,
fffe,
ffff,
fffe,
fffe,
ffff,
ffff,
0001,
0002,
0003,
0002,
0001,
0000,
fffe,
fffe,
fffe,
ffff,
fffc,
fffd,
ffff,
0000,
0002,
ffff,
0002,
fff7,
0003,
fff0,
000d,
ffef,
000f,
003c,
07a1,
0db2,
fcc5,
ef3c,
f370,
f6ed,
010f,
1238,
1cda,
1f4e,
194f,
0dca,
0859,
004b,
ea03,
dcc3,
e3ce,
ea51,
edfb,
f337,
f727,
fc0b,
0160,
0570,
088b,
0e0b,
0fea,
0c0d,
07ad,
0525,
043c,
0080,
fb7d,
f7fc,
f7b0,
f8a1,
f934,
fa89,
fbf7,
fcb2,
fd08,
ffa7,
026a,
0345,
0350,
03f1,
0530,
055b,
03f0,
0136,
ff98,
ff18,
fe3e,
fd2f,
fc2b,
fba4,
fb99,
fc4b,
fdc0,
ffd0,
0160,
01c0,
01fc,
027f,
02f5,
02d4,
0239,
0163,
0089,
ffd4,
ff2c,
feaa,
fe28,
fd9f,
fd22,
fcf7,
fd38,
fdad,
fe8a,
ff90,
0027,
008d,
011b,
019b,
022e,
02a8,
0002,
0003,
0003,
0002,
0001,
0000,
0001,
0000,
0000,
fffe,
fffe,
ffff,
fffe,
fffe,
ffff,
fffe,
ffff,
0001,
0003,
0003,
0002,
0001,
ffff,
fffe,
fffd,
fffe,
0000,
fffd,
fffe,
0000,
0000,
0003,
fffd,
0004,
fff5,
0005,
ffed,
000e,
ffeb,
0016,
0015,
07d1,
1024,
fd32,
ec16,
f1a9,
f5e9,
00b5,
1483,
1fc0,
2230,
1d32,
0fb5,
07f4,
ff9c,
e686,
d6ce,
e07c,
e938,
ed13,
f294,
f64e,
fcdf,
047f,
0835,
09c5,
0fdd,
1174,
0b80,
065c,
02f7,
0155,
fe2c,
fa6c,
f7e1,
f8ad,
fa7f,
fb22,
fc9c,
fdd7,
fdaa,
fcd6,
ff05,
01d5,
0296,
0223,
0225,
0395,
049e,
0413,
0191,
fffe,
ffbd,
fedd,
fdb0,
fc93,
fbfe,
fbf1,
fcb6,
fe15,
ffe5,
0142,
017d,
01d2,
0266,
02b8,
026c,
01d3,
0135,
0093,
ffe5,
ff04,
fe66,
fe05,
fdb9,
fd76,
fd75,
fddc,
fe52,
fedf,
ffa2,
001b,
001f,
0066,
00e1,
0183,
025b,
02a0,
0002,
0003,
0003,
0002,
0001,
0000,
0001,
0000,
0000,
fffe,
fffe,
ffff,
fffe,
fffe,
ffff,
fffe,
ffff,
0001,
0003,
0003,
0002,
0001,
ffff,
fffe,
fffd,
fffe,
0000,
fffd,
fffe,
0000,
0000,
0003,
fffd,
0004,
fff5,
0005,
ffed,
000e,
ffeb,
0016,
0015,
07d1,
1024,
fd32,
ec16,
f1a9,
f5e9,
00b5,
1483,
1fc0,
2230,
1d32,
0fb5,
07f4,
ff9c,
e686,
d6ce,
e07c,
e938,
ed13,
f294,
f64e,
fcdf,
047f,
0835,
09c5,
0fdd,
1174,
0b80,
065c,
02f7,
0155,
fe2c,
fa6c,
f7e1,
f8ad,
fa7f,
fb22,
fc9c,
fdd7,
fdaa,
fcd6,
ff05,
01d5,
0296,
0223,
0225,
0395,
049e,
0413,
0191,
fffe,
ffbd,
fedd,
fdb0,
fc93,
fbfe,
fbf1,
fcb6,
fe15,
ffe5,
0142,
017d,
01d2,
0266,
02b8,
026c,
01d3,
0135,
0093,
ffe5,
ff04,
fe66,
fe05,
fdb9,
fd76,
fd75,
fddc,
fe52,
fedf,
ffa2,
001b,
001f,
0066,
00e1,
0183,
025b,
02a0,
0004,
0004,
0003,
0002,
0001,
0001,
0000,
0000,
fffe,
fffe,
ffff,
ffff,
ffff,
ffff,
ffff,
0000,
0001,
0001,
0003,
0002,
0002,
0000,
ffff,
fffd,
ffff,
0000,
fffe,
fffd,
0002,
ffff,
0006,
fffc,
0005,
fff2,
0007,
ffea,
000d,
ffea,
001c,
ffeb,
0777,
12da,
fefb,
e897,
eefb,
f4ec,
0011,
16b2,
2325,
248d,
20dc,
1287,
07c0,
ff3b,
e383,
d05c,
dcd4,
e861,
ebd0,
f1bc,
f564,
fcf0,
0799,
0c54,
0b32,
101f,
1282,
0b93,
05fb,
01d8,
fead,
fba5,
f997,
f794,
f887,
fb99,
fc9b,
fe20,
ffc7,
ff33,
fd01,
fead,
01a6,
0244,
01b3,
013b,
0218,
033c,
0388,
016f,
ffed,
ffeb,
ff30,
fe37,
fd36,
fc95,
fc77,
fd3b,
fe83,
0034,
0182,
0164,
015f,
0214,
028b,
020d,
015a,
00c1,
001a,
ff9d,
ff05,
fe7b,
fe1a,
fdfa,
fde2,
fe09,
fe99,
ff0c,
ff61,
ffed,
0050,
ffd5,
ff74,
ffc4,
006e,
018e,
0261,
0288,
0002,
0001,
0001,
0000,
0000,
ffff,
ffff,
0000,
0001,
0000,
ffff,
ffff,
ffff,
0002,
0003,
0004,
0005,
0002,
fffe,
fffb,
fffb,
fffa,
ffff,
ffff,
fffc,
0002,
0000,
0001,
0005,
fffd,
000b,
ffeb,
001a,
ffd0,
003b,
ffb6,
0060,
006f,
105a,
1531,
f80f,
f4c8,
f702,
f3f3,
070a,
1665,
1d40,
2b91,
1940,
ed09,
f2e4,
f84d,
d5d0,
d39b,
e5b0,
e26b,
ecf0,
026d,
05a1,
0cc4,
1bbf,
194c,
14cc,
1741,
0e47,
028c,
fe72,
faea,
f6ee,
f673,
f432,
f149,
f506,
f866,
f49b,
f38a,
f9e7,
fe70,
0105,
04e9,
0777,
080f,
09a0,
0a9e,
0934,
07c0,
0475,
004a,
fe5f,
fd17,
fa9e,
f8e1,
f801,
f76d,
f92f,
fb84,
fd16,
ff5c,
01de,
02f2,
03b8,
04bb,
04df,
0495,
038c,
01d1,
0056,
ff48,
fe20,
fd47,
fd17,
fccf,
fcb6,
fd3c,
fe18,
ff06,
0016,
00ee,
0123,
0136,
0161,
0186,
01c0,
01dc,
0156,
0084,
ffd3,
ff39,
0004,
0003,
0000,
0000,
0001,
ffff,
0000,
0002,
0000,
fffe,
ffff,
ffff,
0001,
0004,
0002,
0004,
0003,
ffff,
fffa,
fffe,
fffa,
fffe,
0002,
fffd,
fffd,
0005,
fffd,
000a,
fff5,
0016,
ffdc,
0026,
ffc1,
0044,
ffaf,
0071,
ffb0,
0d8b,
1acb,
fbfb,
f0d9,
f670,
f212,
045e,
1721,
1e31,
2d5e,
20f6,
ed8d,
ec99,
fc76,
d952,
cda7,
e2bb,
e183,
e863,
0068,
05dd,
0aa5,
1bd9,
1c8f,
1643,
1956,
11f9,
042b,
fe4b,
fb15,
f6ae,
f613,
f457,
f046,
f37e,
f83e,
f481,
f151,
f7d7,
fd85,
ffb4,
0420,
07d9,
08e5,
0aba,
0c4c,
0ac0,
0976,
0672,
0150,
feba,
fd82,
fa8f,
f826,
f789,
f6c2,
f7fe,
fa5e,
fbed,
fe68,
016e,
02c7,
036c,
04af,
051d,
04fd,
044c,
02af,
012e,
0012,
fec3,
fda0,
fd45,
fcb8,
fc22,
fc7e,
fd79,
fe79,
ff93,
00a2,
0102,
0127,
0177,
01b9,
0203,
0235,
01c4,
00e3,
0027,
ff7c,
ff24,
0000,
0001,
0003,
0000,
ffff,
0001,
0002,
0002,
0001,
fffd,
fffe,
0002,
0003,
0004,
0007,
0002,
fffe,
fffa,
fffa,
fff9,
0000,
0000,
fffe,
fffc,
0007,
fff9,
0012,
fff0,
001b,
ffdf,
0024,
ffc9,
002f,
ffcf,
0043,
ff9a,
098b,
1ecd,
0338,
eccd,
f45a,
f06c,
016c,
178b,
200a,
2ef1,
28aa,
f110,
e4c1,
fd46,
de31,
c91e,
df19,
e0d6,
e427,
fe31,
0669,
08a8,
1b1b,
1fe0,
182c,
1a89,
151b,
06ad,
fea2,
fa7f,
f660,
f611,
f4e9,
ef2e,
f14f,
f834,
f4e0,
ef02,
f543,
fcb5,
fee9,
03a6,
087c,
09e2,
0b82,
0d94,
0c32,
0ae6,
081b,
0211,
feb8,
fd88,
fae2,
f82c,
f6fb,
f58f,
f698,
f9c3,
fb8b,
fdb7,
00ed,
02c5,
0376,
04b5,
0549,
054d,
04d7,
034e,
01ab,
0066,
ff18,
fde1,
fd5e,
fcc5,
fbf5,
fbee,
fcc3,
fdfd,
ff44,
005e,
00d9,
0121,
01a6,
0202,
024b,
0286,
0226,
0133,
005c,
ff9c,
ff33,
ff39,
0001,
0001,
0001,
ffff,
0000,
0001,
0001,
ffff,
fffd,
fffd,
ffff,
0003,
0003,
0006,
0003,
ffff,
fff9,
fffa,
fff9,
fffd,
0001,
0000,
fff9,
0007,
fff8,
0010,
fff4,
0013,
ffea,
000a,
ffed,
fff9,
0010,
ffea,
0002,
0519,
1f5f,
0e59,
eadd,
f01d,
ef4b,
fcf7,
168b,
2248,
3016,
2fec,
f96c,
dd43,
fa4b,
e505,
c52d,
da21,
e25b,
e00d,
f9e8,
07d2,
06d7,
1812,
2293,
1ac4,
1adb,
178f,
093e,
ff89,
fb14,
f6e0,
f606,
f61e,
ef9f,
ee6f,
f6c3,
f656,
ed39,
f08a,
fae7,
fee1,
03d7,
0993,
0a8f,
0b73,
0ec3,
0e16,
0be8,
098e,
0338,
fe88,
fd53,
fb45,
f855,
f6b1,
f4ad,
f50e,
f910,
fba3,
fd65,
0068,
02a8,
0367,
04a6,
0577,
0583,
0548,
03c9,
01f7,
00ba,
ff7f,
fe04,
fd41,
fcca,
fbf3,
fba8,
fc42,
fd6b,
fed6,
0042,
00fc,
011a,
0177,
0208,
0293,
02f6,
02a5,
0184,
0071,
ffab,
ff35,
ff2d,
fee0,
0003,
0001,
0000,
0001,
0001,
0000,
0000,
fffe,
fffd,
fffe,
0002,
0005,
0006,
0005,
0000,
fffa,
fff8,
fff9,
fffd,
0002,
0001,
fffc,
0005,
fffb,
0008,
0002,
0003,
0005,
ffec,
0016,
ffc7,
0049,
ff9c,
0076,
0195,
1b35,
1af7,
eece,
e935,
edfe,
f8b8,
1267,
2377,
3229,
3534,
0632,
dad5,
f21e,
ec85,
c530,
d04b,
e33b,
e094,
f349,
0756,
07a0,
13c1,
22da,
1e8f,
1b11,
184d,
0b61,
00d0,
fc80,
f8ab,
f678,
f6d9,
f169,
ed18,
f3f1,
f746,
ed1c,
eac4,
f75a,
fff6,
0437,
094e,
0b61,
0bd2,
0f44,
1022,
0d0e,
0a4b,
0481,
fef9,
fd52,
fb7c,
f7f3,
f5f7,
f49e,
f458,
f811,
fb96,
fd7a,
0013,
02a4,
0386,
0451,
055b,
05a8,
0589,
042d,
0254,
00f8,
ffc1,
fe49,
fd3d,
fcae,
fbe8,
fb7f,
fbd7,
fcf6,
fe89,
0020,
0117,
0139,
016d,
01f6,
02a5,
0329,
0302,
01f4,
00ae,
ffbf,
ff1c,
fef3,
febc,
fdf9,
0003,
0001,
0000,
0002,
0002,
0000,
fffd,
fffb,
fffd,
0001,
0004,
0006,
0007,
0001,
fffc,
fff7,
fffb,
fffb,
0002,
0002,
fffc,
ffff,
0002,
0000,
000b,
fff6,
0016,
ffda,
0026,
ffb9,
0051,
ff99,
0088,
ffd4,
1364,
2416,
fb10,
e2d3,
e9d0,
f57c,
0d08,
213e,
33b1,
3987,
13ac,
e086,
e91b,
f04b,
caf4,
c64b,
dd11,
e295,
eff8,
0424,
0808,
110d,
2148,
2205,
1c66,
173f,
0c52,
030c,
fe53,
fa6d,
f7ef,
f7a8,
f2d0,
ed75,
f28d,
f666,
ec75,
e784,
f403,
ff6b,
040a,
086f,
0b2a,
0c88,
1011,
119e,
0e7f,
0b19,
0592,
ffb6,
fd5d,
fb76,
f7e8,
f55c,
f42e,
f40a,
f76d,
fb4f,
fd8c,
0007,
02aa,
03dc,
044e,
0507,
0572,
059e,
047a,
028b,
0124,
fff2,
fe7c,
fd4d,
fcb5,
fbdd,
fb42,
fb91,
fcc5,
fe73,
fff1,
00f4,
014e,
0191,
020b,
02a0,
0323,
0321,
024a,
00f9,
ffca,
feef,
feb3,
fea6,
fe14,
fd42,
0002,
0000,
0001,
0003,
0001,
fffc,
fffb,
fffd,
ffff,
0004,
0006,
0006,
0003,
ffff,
fffa,
fffb,
fffb,
0000,
0002,
0000,
fffa,
0005,
fffc,
000f,
fff2,
0017,
ffdc,
001a,
ffcc,
002d,
ffca,
004d,
ff84,
0aca,
25c4,
0cdc,
e335,
e1da,
f17a,
07a6,
1caf,
33a1,
3c2a,
1eed,
ed1b,
e48c,
eff9,
d481,
c0bb,
d18e,
e094,
ed31,
0104,
08e4,
0e47,
1e72,
260d,
1eaa,
14e0,
0d1d,
05ae,
ffeb,
fc31,
f984,
f881,
f384,
eea3,
f30f,
f4b1,
eb03,
e6dd,
f260,
fdde,
0263,
06ac,
0a41,
0ce2,
107b,
1268,
1040,
0c6c,
06dc,
007f,
fd1f,
fb5b,
f853,
f53b,
f3cc,
f3cb,
f6a3,
fabf,
fd88,
0035,
02ea,
0412,
0426,
0507,
05c4,
0576,
044c,
02a3,
013a,
ffe7,
fe8b,
fd6a,
fcb7,
fbec,
fb36,
fb7a,
fca7,
fe4d,
ffd0,
00ee,
0171,
01ac,
020a,
0289,
031c,
0332,
026b,
0105,
ffb9,
fed5,
fe82,
fe8b,
fe43,
fd8c,
fd00,
0001,
0001,
0002,
0001,
fffd,
fffa,
fffa,
fffd,
0003,
0005,
0008,
0005,
0000,
fff9,
fff9,
fffa,
ffff,
0001,
0002,
fffa,
0003,
fffc,
000e,
fff8,
000e,
fff1,
0001,
fff2,
fff8,
000f,
ffe8,
0001,
03c3,
1fd1,
1d82,
ee31,
da9e,
e9a7,
027e,
15df,
30ef,
3fe6,
2664,
f9c2,
e832,
eeb9,
ddd5,
c436,
c52c,
d79d,
ea2c,
fb5e,
0740,
0ed9,
1b11,
26c7,
2315,
14bf,
0cd5,
08d8,
0211,
fd2e,
fb0f,
f92c,
f362,
efce,
f41e,
f329,
ea69,
e77e,
f19a,
fc8a,
00cb,
043b,
0808,
0cce,
1047,
11e4,
11a1,
0e56,
0857,
01c0,
fda3,
fafe,
f8a9,
f5bb,
f3a3,
f3b5,
f605,
f993,
fced,
008c,
0338,
043d,
0427,
04f3,
0638,
05dc,
0446,
026b,
011b,
ffb7,
fe57,
fd5d,
fcb9,
fc28,
fb6a,
fb7f,
fc95,
fe30,
ffaa,
00de,
01aa,
01e5,
0213,
0259,
02f0,
0334,
0281,
0103,
ff83,
fea5,
fe6c,
fe98,
fe76,
fde0,
fd31,
fd34,
0001,
0002,
0001,
ffff,
fffa,
fffa,
fffc,
0000,
0005,
0006,
0005,
0002,
fffd,
fff9,
fffb,
fffd,
0001,
0001,
fffc,
fffe,
0000,
0005,
0007,
fffb,
000a,
ffdf,
0016,
ffc7,
0045,
ffa5,
007b,
ffee,
149c,
2735,
0110,
dace,
deeb,
fafa,
0f29,
2904,
438c,
2f7a,
0365,
eda8,
f05b,
e640,
cd97,
c0fc,
ca51,
e1cb,
f652,
01e4,
0bc9,
19d4,
269f,
24f8,
1840,
0f7b,
0aa3,
04c3,
ff90,
fbf0,
f880,
f3a8,
f0ca,
f2f1,
f1a1,
ec0c,
e982,
f034,
faee,
007d,
02f6,
05aa,
0b15,
0f45,
10e6,
115b,
0f60,
0a92,
03b9,
fe87,
fb4a,
f918,
f675,
f3ff,
f39a,
f542,
f877,
fc01,
0013,
0335,
0490,
04ab,
0510,
063b,
0645,
04df,
02ab,
00da,
ff41,
fdde,
fd21,
fcb3,
fc53,
fba8,
fb91,
fc84,
fe23,
ffb8,
00dc,
01c5,
0227,
022a,
0233,
02aa,
030b,
0285,
011c,
ff6c,
fe64,
fe2f,
fe8d,
fec2,
fe57,
fd7c,
fd1b,
fdfa,
0000,
0004,
0001,
fffc,
fff8,
fffa,
ffff,
0006,
000a,
0009,
0004,
fffe,
fff7,
fff9,
fffa,
0000,
0002,
0000,
fff8,
0004,
fffd,
0011,
fff5,
0018,
ffe1,
0015,
ffd6,
0023,
ffd9,
0036,
ff84,
084c,
2613,
16d1,
e4db,
d6df,
ef5c,
087e,
1d5c,
4185,
3bba,
0db2,
f32b,
f2c5,
ed30,
d8f6,
c68f,
c187,
d489,
ee8b,
fbea,
0579,
14fd,
22f9,
2603,
1ed1,
1435,
0d20,
08a1,
030f,
fdf8,
f80f,
f31f,
f1c8,
f088,
ee04,
ed75,
edb5,
ef8f,
f7a8,
0009,
0366,
0538,
092b,
0d01,
0f07,
1033,
0f57,
0c0e,
0639,
003b,
fc1a,
f99b,
f7b2,
f54c,
f3ad,
f428,
f70a,
faf2,
ff30,
02b4,
0455,
0520,
05be,
064f,
066d,
059b,
0388,
010c,
fef8,
fd69,
fcbd,
fc7e,
fc2c,
fbbf,
fbb9,
fc7d,
fdf5,
ffa7,
00ef,
01e9,
0268,
0256,
0225,
0258,
02bc,
0280,
0163,
ffac,
fe47,
fdd5,
fe47,
fed3,
fec5,
fe0b,
fd3f,
fd91,
ff25,
0000,
ffff,
fffd,
fff9,
fffb,
fffd,
0001,
0005,
0007,
0004,
0001,
fffd,
fff9,
fffb,
fffe,
0000,
0000,
fffa,
fffd,
fffd,
0009,
0003,
ffff,
0005,
ffe2,
0013,
ffcc,
0048,
ffa1,
0075,
007e,
195e,
27c0,
f9b6,
d550,
e1e5,
0025,
1174,
360f,
47a3,
1bf2,
f8a5,
f553,
f3e9,
e3b3,
cfda,
c181,
c8fa,
e338,
f556,
fe6a,
0d2b,
1b46,
20f8,
231c,
1d8e,
12c3,
0bae,
07e0,
02b5,
f964,
f307,
f2a5,
edd7,
e94e,
ec5c,
f02b,
f0c6,
f545,
fdda,
0313,
06b4,
0915,
0ad8,
0ce9,
0e30,
0e59,
0cb7,
0864,
01fb,
fd70,
faaf,
f8c2,
f70a,
f4f0,
f3b4,
f500,
f930,
fe00,
01e2,
03b6,
04d5,
061f,
06cb,
06f9,
064d,
0487,
01cb,
ff4b,
fd6b,
fc57,
fc04,
fbba,
fb91,
fbb3,
fc6f,
fdae,
ff55,
00f1,
020c,
02ad,
0299,
0242,
021d,
0257,
0262,
01a2,
002b,
fe8e,
fdad,
fdd2,
fe95,
fefa,
fe87,
fd9f,
fd69,
fe92,
006c,
fffe,
fffe,
fffd,
fffa,
fffd,
0000,
0006,
0007,
0006,
0002,
ffff,
fff9,
fffb,
fffe,
0001,
ffff,
0001,
fff8,
0003,
fffa,
0014,
fff1,
0019,
ffd9,
0016,
ffd5,
0025,
ffdc,
002b,
ff8f,
0857,
28c4,
165f,
dfaa,
d5ae,
f39c,
0981,
2223,
4a96,
3116,
ff8e,
f6ce,
f968,
eeff,
dc08,
c7b0,
c067,
d6eb,
eedd,
f7a3,
04d4,
1236,
16b5,
2009,
23c5,
1a57,
127b,
0e33,
0737,
fe1e,
f68b,
f373,
ecd1,
e563,
e87d,
ef46,
f159,
f367,
fb79,
01c3,
06c0,
0a71,
0a6e,
0b52,
0c6c,
0d23,
0c7b,
09e1,
0401,
fea5,
fbdb,
f9d9,
f8ce,
f6bd,
f453,
f3d8,
f715,
fbf0,
005c,
0304,
0410,
059f,
06c7,
0792,
0772,
05d5,
02fb,
002e,
fe18,
fc57,
fb97,
fb40,
fb23,
fb66,
fc19,
fd40,
fec8,
009c,
01ff,
02dc,
02e8,
0273,
0223,
021a,
0242,
01e8,
00bf,
ff06,
fdcd,
fd9d,
fe38,
fedc,
fecc,
fe10,
fd69,
fe02,
ffc2,
016b,
0001,
fffb,
fff7,
fffa,
fffe,
0001,
0005,
0007,
0004,
0000,
fffe,
fff9,
fffb,
fffb,
0001,
ffff,
fffa,
fff9,
0001,
0002,
000a,
fff3,
0015,
ffcd,
002e,
ffb0,
006c,
ff76,
00ae,
ff72,
167b,
2c14,
fbb6,
d22c,
e161,
0163,
1196,
3a04,
4847,
1033,
f55f,
fc03,
f973,
e9e9,
d4f1,
c0d7,
c6e7,
e446,
f3ed,
fcfd,
09f4,
0d17,
14fd,
22bb,
20e0,
1797,
14b7,
1055,
04a7,
fb22,
f7ae,
efee,
e35b,
e3c0,
ec48,
efa2,
f0a4,
f793,
ffdb,
0504,
0acf,
0b92,
0ac9,
0b6e,
0c28,
0c9b,
0afb,
0630,
ffed,
fcf3,
fafb,
f9de,
f8a9,
f5df,
f3eb,
f549,
f9b2,
fdf8,
0174,
032e,
04a3,
0618,
0732,
0849,
07b0,
0519,
0199,
ff10,
fd10,
fbad,
fb23,
fac8,
fae1,
fb63,
fc73,
fded,
ffdd,
01aa,
02b5,
0325,
02ce,
0245,
0209,
0236,
0230,
0166,
ffdf,
fe36,
fd85,
fde3,
fead,
fee9,
fe65,
fd9c,
fd8c,
fed9,
00bd,
01f5,
ffff,
ffff,
fffc,
fffe,
0002,
0008,
000a,
0009,
0006,
0001,
fffa,
fffc,
0000,
0003,
0002,
0004,
fff8,
0003,
fffc,
0013,
fffb,
0010,
fff2,
fff7,
000a,
ffe4,
003d,
ffab,
0054,
02c1,
24db,
21f7,
e3a4,
d171,
f04d,
08c0,
1fa4,
4b59,
318f,
f8dd,
f7b0,
ffca,
f81c,
e5fc,
ccc9,
bed2,
d254,
ec57,
f764,
025b,
0701,
08fa,
191c,
227b,
1c62,
17d8,
16a0,
0e1d,
0368,
fdef,
f5db,
e763,
e113,
e801,
ed17,
ee1d,
f184,
fa62,
02ad,
08bb,
0c06,
0b6a,
0b65,
0b43,
0c80,
0ca7,
0901,
02af,
fdc3,
fbe0,
fab8,
fa4d,
f7d3,
f4c4,
f47e,
f782,
fb74,
fefa,
01e9,
036a,
04de,
061d,
07cb,
08ec,
07a0,
0432,
00a3,
fe56,
fc71,
fb6b,
fb00,
faad,
fab4,
fb54,
fca8,
fe81,
00c2,
025a,
0303,
0317,
02ab,
0238,
0218,
0251,
020e,
00ef,
ff2c,
fdc2,
fd98,
fe56,
fefc,
fec4,
fdf6,
fd51,
fde2,
ffa6,
0168,
0218,
fffd,
fffa,
fffa,
fffe,
0001,
0007,
0007,
0006,
0001,
ffff,
fff8,
fffd,
fffe,
0002,
ffff,
0000,
fff2,
0007,
fff8,
0018,
ffe9,
0022,
ffc9,
0029,
ffc5,
0041,
ffc1,
004c,
ff53,
09b5,
2dc3,
10af,
d3e5,
d876,
fc6d,
0dbb,
3165,
4de3,
15a7,
ef2c,
fd59,
0176,
f782,
e1ff,
c51d,
c23d,
dd43,
f095,
fac9,
0263,
009a,
0a85,
1dbb,
1fbe,
19f9,
191a,
153d,
0ad0,
0505,
ffaa,
f144,
e2f2,
e40c,
eb99,
ec58,
ed13,
f293,
fbf5,
0492,
0a81,
0b7e,
0b3f,
0bab,
0b6c,
0d40,
0c4e,
06da,
00a6,
fd12,
fb2a,
fad7,
fa86,
f6d0,
f415,
f562,
f91e,
fc82,
ff7f,
01dd,
0372,
04dc,
064e,
0880,
0928,
0708,
0367,
0043,
fdfc,
fc43,
fb74,
faf7,
faa5,
fa98,
fb33,
fcc0,
fef8,
0147,
0299,
0309,
02ed,
027c,
0232,
0240,
0263,
01e2,
008f,
feb8,
fd9f,
fde5,
fec1,
ff15,
fe88,
fd95,
fd2f,
fe44,
003c,
01ba,
01f4,
fffb,
fff8,
fffa,
fffd,
0003,
0009,
0007,
0005,
ffff,
fffd,
fff9,
fffe,
fffc,
0005,
0000,
fff9,
fff5,
0007,
fffa,
0014,
ffea,
0022,
ffbd,
0044,
ffa1,
007f,
ff61,
00d1,
fea7,
11e6,
2ffc,
ff97,
cc56,
e1d7,
0474,
139d,
3fe8,
44eb,
ffa3,
ee01,
0268,
0277,
f7b6,
ddfe,
c005,
c85a,
e5a6,
f302,
fbbb,
fee8,
fc7a,
0d35,
1ff0,
1e54,
19b0,
1946,
1217,
090c,
06a4,
fdcb,
edb5,
e4e4,
e8a5,
ec17,
ebfd,
eddf,
f2eb,
fc89,
0566,
0a00,
0a71,
0b48,
0b45,
0baf,
0e16,
0bad,
0558,
0000,
fd1c,
fb46,
fb7c,
fa45,
f5eb,
f40e,
f5f5,
f9b0,
fd36,
ffeb,
016a,
0314,
04fd,
06d0,
08e5,
08df,
0654,
0306,
004b,
fdf8,
fc65,
fbb8,
fb0b,
fa99,
fa8c,
fb2f,
fcda,
ff3b,
0170,
028b,
02e3,
02a3,
023d,
0236,
0283,
0284,
01bc,
0045,
fe89,
fdcc,
fe52,
ff19,
ff20,
fe4f,
fd42,
fd2a,
fe9c,
0091,
01c5,
01aa,
fffd,
fff8,
fffb,
ffff,
0002,
0007,
0006,
0002,
0000,
fffd,
fff9,
0000,
0001,
ffff,
ffff,
fffa,
fff8,
0001,
0003,
000c,
fff1,
0018,
ffc4,
003e,
ffa1,
008b,
ff46,
00ff,
feb0,
186a,
2e35,
f315,
ca0e,
e9cb,
0982,
19e6,
4789,
3892,
f215,
efef,
0640,
0379,
f856,
db29,
bdcf,
ce14,
eba7,
f3cf,
f995,
fba4,
fb49,
0e1e,
1faf,
1e72,
1af8,
18ce,
0f5c,
0849,
064a,
faac,
ecb1,
e911,
ecbb,
ec61,
ec12,
eed1,
f3a9,
fcc8,
04ab,
0867,
0953,
0ace,
0a82,
0bc4,
0e70,
0b40,
04bc,
fff5,
fd97,
fc4d,
fc6b,
f9d6,
f55e,
f449,
f62e,
f9a9,
fd79,
0001,
00e4,
02af,
0502,
072b,
0913,
0887,
05c5,
02db,
007d,
fe1f,
fca8,
fc1c,
fb50,
faa5,
fa76,
fb2d,
fd02,
ff6b,
015a,
023f,
028e,
023f,
01f8,
0240,
02bc,
02a2,
01aa,
0018,
fe87,
fe23,
feca,
ff60,
ff22,
fe1d,
fd06,
fd28,
fedb,
00bd,
019a,
014b,
fffc,
fffa,
fffb,
ffff,
0006,
0008,
0006,
0003,
fffe,
fff9,
fffb,
0000,
0000,
0003,
0000,
fff3,
fffc,
0000,
0006,
0006,
fffb,
000b,
ffd2,
0037,
ffad,
0081,
ff4e,
00f2,
ff02,
1bc1,
2bd3,
ec79,
c9f4,
ee90,
0cdf,
1ec5,
4929,
2e9d,
eaf3,
f22a,
0984,
04b3,
f956,
da74,
bdb2,
d1e4,
ef8c,
f322,
f5c2,
f98e,
fb53,
0d4b,
1e61,
1ea1,
1bf7,
1934,
0ec7,
0797,
045a,
f898,
ed4a,
ec44,
efaa,
edb9,
ed15,
ef3c,
f43d,
fd57,
03b1,
0621,
07b4,
09e5,
098b,
0b7b,
0e4d,
0b04,
04bc,
0067,
fe63,
fd94,
fd8d,
f9dd,
f544,
f47f,
f63e,
f95f,
fd36,
ffc2,
0068,
023f,
04d3,
073e,
091b,
0869,
058e,
02bc,
009a,
fe5f,
fcfd,
fc8a,
fbc1,
fad9,
fa77,
fb34,
fd26,
ff8c,
0130,
01cc,
0207,
01cb,
01b3,
0236,
02db,
02c4,
01c1,
0020,
fea6,
fe81,
ff38,
ffa4,
ff30,
fdff,
fce9,
fd2b,
feef,
00bb,
0167,
00ee,
fffb,
fff9,
fffc,
ffff,
0005,
0007,
0005,
0001,
ffff,
fffb,
fffb,
ffff,
0001,
0001,
0000,
fff4,
fffb,
ffff,
0009,
0004,
fffa,
000a,
ffd4,
0032,
ffb4,
0079,
ff56,
00e7,
ff0b,
1b85,
2afb,
ebd8,
ca2a,
efb1,
0ec2,
2101,
4729,
2994,
e7fa,
f339,
0c8f,
0646,
facf,
dc37,
bf03,
d351,
f154,
f1bb,
f199,
f804,
fb3b,
0b9e,
1ce3,
1e53,
1c09,
1a0a,
1044,
07b8,
0238,
f772,
ee76,
ee1e,
f15e,
ef43,
ee73,
f016,
f4d9,
fd7f,
0338,
046c,
0555,
0871,
08c6,
0aab,
0d8a,
0ae3,
0505,
0107,
ff67,
febb,
fe92,
fa9d,
f5d0,
f4cf,
f643,
f8e4,
fc95,
ff55,
0002,
01b2,
0458,
0712,
0905,
086b,
0596,
02bc,
00ad,
fe9a,
fd57,
fcf1,
fc32,
fb28,
faa6,
fb4e,
fd2b,
ff86,
010e,
016f,
017a,
014b,
015f,
020d,
02da,
02e0,
01e0,
0047,
fee9,
fed3,
ff8a,
ffe5,
ff48,
fe03,
fce8,
fd29,
fee2,
009d,
0137,
00a5,
fffd,
fffa,
fffc,
0000,
0003,
0007,
0006,
0001,
ffff,
fffc,
fffa,
0000,
0001,
0000,
0000,
fff6,
fff9,
ffff,
0005,
0009,
fff5,
0010,
ffce,
0035,
ffb0,
0079,
ff59,
00e4,
febc,
17de,
2bb5,
f124,
ca5d,
ed39,
0ee1,
208b,
4326,
298e,
e827,
f24c,
0f7f,
08a0,
fcab,
e031,
c191,
d29b,
f14f,
f05b,
ed70,
f63b,
faa1,
093a,
1b36,
1dd5,
1b49,
1aba,
12c8,
0902,
0187,
f71b,
ef39,
ef43,
f28a,
f01f,
ef37,
f147,
f5d7,
fd8f,
02bb,
0361,
035f,
06a0,
07c8,
097e,
0c74,
0aae,
0551,
01a2,
0059,
ffb0,
ff7c,
fbdb,
f6e8,
f54b,
f65c,
f877,
fbd0,
fede,
ff9d,
0100,
03a3,
068f,
08c9,
0877,
05b5,
02d8,
00e8,
fee9,
fd97,
fd3f,
fc95,
fb87,
fb01,
fb7b,
fd14,
ff50,
00dd,
0139,
0122,
00d8,
00ec,
01bf,
02c3,
02f3,
0206,
0073,
ff2a,
ff1d,
ffcf,
001e,
ff72,
fe21,
fcf8,
fd20,
fec1,
006d,
00fd,
0079,
fffd,
fffa,
fffc,
0000,
0003,
0007,
0006,
0002,
fffe,
fffd,
fffa,
0000,
0000,
0002,
ffff,
fff8,
fff4,
0003,
fffe,
0010,
ffef,
0018,
ffc8,
003b,
ffb1,
0072,
ff6a,
00cd,
fe8d,
1167,
2c30,
fc34,
cbe4,
e73f,
0cd6,
1dd7,
3d6f,
2dab,
ebf6,
eeee,
1189,
0c54,
fed9,
e606,
c58d,
d041,
efab,
ef97,
e94e,
f38d,
f9b4,
0639,
18f3,
1d4c,
1a7b,
1af0,
1585,
0b56,
0248,
f7c3,
efdb,
efc3,
f378,
f0de,
ef02,
f1bb,
f6e2,
fdee,
026b,
02d6,
020b,
04fc,
06ce,
080f,
0b00,
0a61,
05a7,
01f6,
0108,
007c,
003b,
fd35,
f845,
f609,
f6b1,
f853,
fb18,
fe51,
ff57,
0051,
02c5,
05cb,
0832,
0865,
0614,
0322,
012b,
ff58,
fdde,
fd5d,
fce4,
fbf0,
fb55,
fba6,
fcf6,
fefe,
00a3,
011f,
00f8,
00a3,
0094,
0151,
0281,
02f9,
0231,
00aa,
ff61,
ff4a,
fff9,
0053,
ffb3,
fe59,
fd19,
fd15,
fe88,
002c,
00da,
0076,
fffe,
fffb,
fffb,
ffff,
0002,
0006,
0006,
0003,
fffe,
fffe,
fff9,
ffff,
0000,
0002,
fffd,
fffc,
fff1,
0004,
fffa,
0015,
ffea,
001d,
ffcc,
002e,
ffc6,
004e,
ffa5,
0076,
feff,
097b,
295d,
0bb4,
d1e2,
de75,
07f4,
19e1,
352f,
3391,
f4d8,
e9ec,
110d,
11c1,
0152,
ed0d,
cbc8,
cd0b,
ec36,
efd3,
e5d2,
ef58,
f845,
02d4,
15b7,
1c7b,
19d4,
1ac9,
1809,
0e6a,
048b,
f935,
f084,
f01e,
f42c,
f1dc,
ee93,
f116,
f6cd,
fe3a,
02ad,
02d2,
014e,
0385,
05f1,
06f3,
096e,
09b0,
0604,
0242,
014c,
0101,
00c7,
fe5a,
f9ae,
f70c,
f747,
f878,
fa9b,
fdc0,
ff21,
ffde,
01d8,
04ab,
0752,
0825,
067f,
03ac,
0187,
ffb8,
fe39,
fd90,
fd19,
fc43,
fb9b,
fbaf,
fcc1,
fea7,
0062,
010c,
00f2,
00ac,
0084,
0104,
0216,
02cc,
024f,
00f5,
ff9b,
ff47,
fff3,
0078,
ffff,
feab,
fd56,
fd00,
fe37,
fff9,
00df,
0094,
ffff,
fffd,
fffc,
ffff,
0001,
0005,
0007,
0005,
0000,
fffe,
fffa,
ffff,
0000,
0002,
fffe,
fffe,
fff1,
0002,
fff9,
0012,
fff4,
0011,
ffe5,
000a,
fff7,
0007,
0009,
ffe5,
fffd,
0293,
20e2,
1b8e,
dfcb,
d57e,
feb9,
15d5,
2a4c,
3760,
03f9,
e5f7,
0bd2,
1874,
04f5,
f3ce,
d538,
ca5d,
e64a,
f0d7,
e402,
e98a,
f5e9,
ff31,
1159,
1b47,
194d,
1a03,
1a3c,
122d,
07cb,
fbe2,
f164,
f005,
f4b4,
f384,
ee74,
efce,
f591,
fd4b,
02fb,
039e,
013a,
0234,
0522,
0622,
0838,
0901,
0615,
028a,
017d,
0129,
00db,
ff51,
fb1b,
f81b,
f800,
f8db,
fa54,
fd3a,
ff07,
ff93,
010f,
0372,
0622,
07b0,
06dc,
0452,
0211,
0033,
fe8d,
fdc4,
fd54,
fc78,
fbbb,
fba9,
fc70,
fe2c,
000a,
00f6,
0109,
00e9,
00b5,
00ef,
01bf,
0285,
0257,
013f,
ffe2,
ff37,
ffb2,
0063,
0036,
ff08,
fda9,
fd0d,
fdf4,
ffbc,
00d5,
00a4,
fffe,
fffe,
fffb,
fffe,
0000,
0002,
0006,
0006,
0001,
0000,
fffe,
fffc,
0001,
0001,
fffe,
fffe,
fff7,
fff9,
ffff,
0005,
0006,
fff9,
0009,
ffde,
0025,
ffcb,
0053,
ff87,
00a3,
ff21,
1377,
24e5,
f685,
d285,
f025,
10f6,
1f27,
33f1,
1775,
e88c,
00c7,
1d84,
0bd5,
f8c8,
e14a,
cb6c,
dd8b,
f10b,
e54f,
e2ff,
f1d0,
fb8a,
0b61,
1961,
191c,
1870,
1b3e,
1691,
0bf1,
ffde,
f37b,
ef94,
f422,
f591,
efd1,
ee4a,
f3a1,
fb2a,
0206,
0479,
024c,
012a,
0410,
05c1,
0724,
089a,
0674,
02aa,
0167,
0160,
00a3,
ffb7,
fc9d,
f929,
f899,
f96c,
fa4f,
fc97,
feea,
ff84,
0070,
0270,
04d9,
06d1,
06f9,
0506,
02b7,
00d8,
ff0e,
fde9,
fd70,
fcae,
fbd3,
fb9d,
fc20,
fd86,
ff6f,
00ca,
012f,
013a,
0117,
010e,
0190,
024f,
0260,
0177,
0026,
ff36,
ff50,
ffff,
002b,
ff5c,
fe25,
fd63,
fdce,
ff41,
0076,
0097,
ffff,
ffff,
fffe,
fffd,
ffff,
0001,
0006,
0006,
0005,
0000,
ffff,
fffc,
0000,
0000,
0000,
fffc,
fffc,
fff3,
0003,
fffc,
0012,
fff1,
0016,
ffdb,
0020,
ffd9,
0031,
ffc6,
0046,
ff5b,
065d,
218f,
100c,
dcf2,
dfe9,
0720,
179e,
27ff,
2704,
f729,
f3d4,
1b30,
16fa,
fda2,
ec2a,
d35b,
d492,
ed10,
e9fc,
de79,
eae4,
f80c,
0431,
1550,
1988,
16d1,
1a0d,
1a8a,
1134,
04f6,
f794,
efe0,
f278,
f648,
f2bb,
ee1d,
f155,
f849,
ff9a,
042f,
03b8,
0153,
02a4,
0561,
066a,
0803,
0746,
0374,
010d,
0138,
00c8,
ffb2,
fdc7,
fa67,
f907,
f9e0,
faa7,
fbfc,
fe62,
ff9c,
001e,
01ac,
03b9,
05ae,
069a,
059e,
038c,
01a3,
ffc9,
fe2b,
fd66,
fcd1,
fc01,
fb9c,
fbd9,
fcda,
fea0,
0061,
013b,
0179,
0184,
016b,
0198,
0229,
0275,
01d0,
0079,
ff3a,
fee1,
ff6c,
ffe7,
ff9d,
feb7,
fdcf,
fd9b,
fe8a,
ffee,
0097,
ffff,
ffff,
fffd,
fffb,
fffd,
fffe,
0004,
0006,
0005,
0002,
0000,
fffe,
fffd,
0000,
ffff,
fffe,
fffd,
fff4,
fffb,
ffff,
0008,
0001,
0000,
0001,
ffee,
0017,
ffde,
0037,
ffa9,
006f,
ffb8,
131f,
1f92,
f614,
d8d8,
f567,
121d,
1a8b,
2820,
0ead,
f025,
0dce,
20fd,
0791,
f2db,
e02d,
d213,
e343,
ee14,
dfd5,
e1e6,
f2ff,
fde4,
0dcb,
18e8,
16b8,
170e,
1bcc,
1765,
0af1,
fd84,
f277,
f100,
f517,
f517,
f00b,
efc0,
f557,
fc09,
0230,
0430,
0268,
01c8,
0477,
05fe,
0720,
07f0,
0516,
0181,
00b8,
00e0,
ffca,
fe73,
fbd3,
f983,
f9e8,
fb05,
fbc8,
fd7f,
ff52,
0000,
012b,
02e7,
0489,
05d2,
05d4,
045f,
0282,
00a7,
feaf,
fd6c,
fce5,
fc42,
fbb1,
fba6,
fc49,
fdca,
ffb2,
0109,
018f,
01ce,
01d4,
01d5,
0229,
027a,
021c,
00eb,
ff7b,
fea2,
fedd,
ff8a,
ffad,
fefa,
fdfd,
fd80,
fe14,
ff7d,
008a,
ffff,
fffd,
fffe,
fffd,
fffd,
fffe,
0000,
0004,
0006,
0004,
0001,
0000,
fffd,
0000,
0000,
ffff,
fffb,
fffc,
fff5,
0001,
fffd,
000d,
fff5,
0010,
ffe6,
0015,
ffe6,
0021,
ffd9,
002a,
ff8f,
04bc,
1be1,
11bc,
e56c,
e308,
0669,
1389,
1bce,
1ece,
fe5a,
fda7,
1f19,
17a9,
f9cf,
ea63,
d9ea,
d980,
eafe,
e6ec,
dc73,
e9aa,
f90b,
050f,
1441,
17d5,
14df,
1901,
1c07,
1256,
0415,
f7df,
f179,
f309,
f590,
f2f8,
efa2,
f2e4,
f8c9,
fea7,
0300,
034c,
01df,
031d,
058f,
0653,
07a4,
06e6,
0318,
00c5,
00d3,
0020,
fea8,
fd27,
faa8,
f9b9,
fae3,
fbe0,
fcdb,
fe8d,
ffb1,
009b,
024a,
03c8,
04ee,
0597,
04ea,
033d,
017f,
ff91,
fdd0,
fcf3,
fc79,
fbe4,
fba4,
fbf3,
fd03,
fecf,
0090,
0184,
01eb,
0220,
0217,
022b,
0262,
0249,
016b,
0016,
fef8,
fe97,
fee3,
ff25,
fede,
fe37,
fdd1,
fe0a,
fef9,
0010,
ffff,
0000,
0000,
fffd,
fffc,
fffd,
ffff,
0003,
0005,
0004,
0003,
0002,
0000,
ffff,
ffff,
fffd,
fffe,
fffd,
fff7,
fff9,
0001,
0002,
0004,
fffa,
0007,
ffed,
0019,
ffdf,
002c,
ffba,
005b,
ff7e,
0c19,
1c8f,
01b9,
e08d,
f257,
0df3,
109e,
1aea,
138f,
fc84,
0f5d,
228f,
0910,
f02c,
e570,
d9e0,
e113,
eb34,
e02e,
df0a,
f16d,
fe73,
0b69,
16a4,
1582,
148c,
1b70,
1a1a,
0ba7,
fe7e,
f5a4,
f20c,
f415,
f545,
f1aa,
f0b4,
f5e9,
fb58,
000a,
02d8,
026b,
01ea,
0452,
0624,
06bf,
0789,
0565,
01fa,
00f3,
00cb,
ff28,
fdab,
fc25,
fa46,
fa68,
fbaf,
fc76,
fd8f,
ff0b,
0011,
016c,
032a,
0461,
0512,
04fc,
03c0,
0228,
008a,
feae,
fd40,
fca4,
fc30,
fbdb,
fc02,
fc9c,
fde0,
ffad,
0133,
01e0,
0227,
022d,
0212,
0229,
0250,
01ff,
00f3,
ff9a,
fe8b,
fe3f,
fe81,
febe,
fe9f,
fe45,
fdff,
fe52,
ff6b,
0000,
0000,
fffe,
fffe,
ffff,
fffd,
ffff,
0000,
0002,
0005,
0005,
0002,
0001,
ffff,
fffe,
ffff,
fffe,
fffb,
fffd,
fff8,
fffe,
fffe,
0006,
fffd,
0005,
fffa,
fffe,
0002,
fffb,
0009,
ffe6,
000e,
013b,
11fa,
177d,
f591,
e4b6,
ff03,
0cf5,
0d9d,
18cf,
0d0a,
03a9,
1bae,
1bdc,
fb6d,
ebbe,
e3e0,
dc18,
e575,
e7eb,
dca0,
e502,
f815,
02f1,
0fb0,
16b9,
1370,
15fc,
1ce6,
153e,
05a8,
fbc4,
f4f4,
f28f,
f4d1,
f4cb,
f141,
f296,
f821,
fcd6,
00cf,
025b,
0197,
0253,
054e,
0678,
06e7,
06dc,
0437,
01da,
0177,
0071,
fe3c,
fd10,
fba7,
fa6c,
fb1e,
fc1c,
fca0,
fdc4,
ff6f,
00c9,
024b,
03a5,
0469,
04c8,
0435,
02c6,
013b,
ffa0,
fdfd,
fcf7,
fc9b,
fc4f,
fc43,
fca7,
fd6f,
feb9,
0044,
0165,
01e6,
0221,
021b,
0213,
0229,
0221,
017f,
0037,
feee,
fe3d,
fe5a,
feb7,
febd,
fe60,
fe11,
fe35,
fef8,
ffff,
0000,
0000,
fffe,
ffff,
fffe,
fffe,
ffff,
0001,
0003,
0004,
0005,
0003,
0001,
fffd,
fffe,
fffd,
fffc,
fffc,
fffd,
fff8,
0000,
fffe,
0006,
fffc,
0009,
fff6,
0008,
fff7,
0008,
fff1,
000a,
ffdf,
03ef,
14f2,
102c,
ef3b,
ed42,
0501,
07f8,
0c57,
1754,
0bc7,
0d2b,
2010,
1033,
f2a8,
eb69,
e387,
de46,
e735,
e3d1,
dcb6,
ec1a,
fd09,
0666,
11e0,
1562,
12e0,
1860,
1b88,
0f45,
0212,
facc,
f4a9,
f33a,
f549,
f42b,
f1dc,
f4b0,
f96a,
fd64,
00fe,
01d1,
0114,
02fa,
05e3,
0672,
06ba,
0636,
03d3,
0248,
01bf,
ffdd,
fdd5,
fcf7,
fb7f,
fa93,
fb65,
fc22,
fc8e,
fe00,
fffe,
018d,
02c2,
0385,
040e,
0455,
0393,
01ef,
004e,
feed,
fdbf,
fd1e,
fce9,
fcc8,
fcee,
fd5c,
fe17,
ff36,
006f,
014a,
01c8,
0211,
0218,
01f4,
01c0,
016c,
00bd,
ffd8,
ff07,
fe92,
fe8f,
feab,
fe98,
fe6a,
fe67,
fead,
0000,
0000,
0000,
ffff,
ffff,
ffff,
fffe,
fffe,
ffff,
0001,
0003,
0005,
0005,
0003,
0001,
fffe,
fffe,
fffc,
fffd,
fffd,
fffd,
fffa,
0002,
ffff,
0006,
fffc,
000a,
fff5,
000d,
fff1,
000e,
ffe8,
0016,
0018,
068a,
155d,
0925,
ee72,
f553,
04b9,
032a,
0d25,
16e8,
0dee,
14e7,
1d65,
04cc,
ef62,
ecae,
e2e0,
e02e,
e734,
e083,
dfb1,
f2a9,
009d,
08b0,
1256,
13ff,
13f3,
19d2,
17e4,
0a6e,
0067,
fa57,
f4c4,
f3f9,
f546,
f3f1,
f328,
f669,
fa05,
fd77,
009e,
0121,
013b,
03b7,
05ee,
062a,
0690,
05fb,
0406,
02bf,
01a2,
ff96,
fe06,
fce4,
fb34,
fab7,
fb76,
fbe4,
fca2,
fe73,
0055,
01b1,
02bd,
0358,
03ab,
03a6,
02c9,
0162,
0013,
fee9,
fde3,
fd61,
fd4a,
fd58,
fd8a,
fdd9,
fe7d,
ff6f,
006c,
0123,
0195,
01cd,
01b2,
016f,
0145,
0119,
0094,
ffd1,
ff26,
fed2,
feca,
fed1,
fec3,
fea7,
fea3,
0002,
0000,
0000,
0000,
0000,
0000,
ffff,
ffff,
ffff,
0000,
0002,
0004,
0004,
0005,
0003,
0000,
fffd,
fffd,
fffc,
fffd,
fffe,
fffd,
fffb,
0002,
fffe,
0006,
fffc,
000b,
fff3,
0011,
ffe9,
0017,
ffda,
002f,
0089,
087b,
13f5,
0439,
f155,
f9e8,
0119,
00b6,
0f03,
172f,
118f,
18c5,
16bf,
fcdf,
f00c,
ed53,
e214,
e237,
e5dc,
def9,
e489,
f7ca,
02a6,
09ef,
1206,
1356,
152f,
194e,
13fe,
079f,
ffac,
f9bc,
f54f,
f4d1,
f520,
f41d,
f478,
f7a3,
fa4b,
fd43,
ffb4,
007c,
01cf,
0456,
05ae,
05dd,
06b1,
0621,
045d,
031e,
019b,
ff67,
fdf2,
fcc8,
fb35,
fae5,
fb72,
fbc6,
fc9c,
fe73,
0047,
0186,
027b,
030b,
034f,
0322,
0268,
0171,
0061,
ff21,
fe03,
fd9f,
fdb2,
fdd1,
fdf1,
fe24,
fe9e,
ff64,
0050,
00ed,
012c,
0143,
0136,
0125,
011e,
0100,
0091,
fff8,
ff71,
ff23,
ff0b,
fefc,
fee4,
fec3,
0002,
0001,
0000,
0000,
0000,
ffff,
ffff,
ffff,
ffff,
0000,
0000,
0002,
0004,
0004,
0004,
0002,
ffff,
fffd,
fffd,
fffc,
fffc,
fffe,
fffd,
fffe,
0000,
ffff,
0005,
fffe,
000a,
fff3,
0011,
ffe5,
001e,
ffcd,
005b,
0101,
0995,
11a7,
021a,
f522,
faa1,
fd32,
00ae,
10c1,
17ea,
152a,
18d1,
0f5e,
f947,
f201,
ec74,
e252,
e3c8,
e3c4,
dfb9,
e9ed,
fae0,
0351,
0b13,
11ba,
12ff,
15a8,
1796,
10ca,
066c,
ff68,
f90e,
f5c7,
f5a2,
f551,
f467,
f575,
f840,
fa66,
fd01,
feef,
003d,
023d,
0477,
0589,
061e,
06de,
0642,
04cb,
033c,
0142,
ff39,
fdf3,
fcc3,
fb92,
fb54,
fb3d,
fb33,
fc3a,
fe3b,
fff3,
011b,
022a,
02fa,
036b,
0335,
0272,
0197,
00a9,
ff7f,
fe66,
fde1,
fdcb,
fde0,
fe02,
fe38,
fea4,
ff3d,
ffeb,
007f,
00eb,
0104,
00e5,
00e8,
011e,
0135,
00e1,
004c,
ffab,
ff41,
ff15,
fef7,
fecd,
0003,
0002,
0002,
0001,
0000,
ffff,
ffff,
0000,
0000,
ffff,
ffff,
0000,
0001,
0003,
0004,
0003,
0002,
ffff,
fffe,
fffd,
fffd,
fffd,
ffff,
fffd,
ffff,
ffff,
0002,
0001,
0002,
0005,
fff8,
0008,
ffeb,
0019,
ffd0,
008c,
0173,
09de,
0f56,
0238,
f7ef,
f909,
fad9,
0202,
119f,
18fd,
17b3,
1613,
097a,
f8e8,
f2fa,
eb34,
e3ff,
e439,
e228,
e281,
ee7f,
fc35,
03a2,
0beb,
1181,
12d3,
1545,
1534,
0e6a,
0622,
ff53,
f8d2,
f628,
f64c,
f5b1,
f4bb,
f5f8,
f857,
fa6f,
fcde,
febd,
004f,
0258,
045b,
05a6,
06bc,
0727,
0612,
0494,
0322,
0132,
ff51,
fe15,
fce6,
fbd1,
fb26,
fa9a,
fa9a,
fbe2,
fde3,
ff94,
00f8,
0247,
033c,
039e,
0375,
02e8,
0212,
00e1,
ff85,
fe73,
fdf5,
fdc9,
fdcc,
fdee,
fe10,
fe58,
fee8,
ffa0,
003c,
00bc,
00fa,
00fe,
011c,
0155,
0164,
0116,
007c,
ffbe,
ff2a,
fed6,
feb8,
0002,
0002,
0002,
0001,
0001,
ffff,
ffff,
0000,
0000,
0000,
ffff,
ffff,
ffff,
0001,
0002,
0004,
0004,
0002,
ffff,
fffd,
fffc,
fffd,
fffe,
0000,
fffc,
0000,
fffd,
0004,
ffff,
0005,
ffff,
ffff,
ffff,
fff6,
000b,
ffe7,
00b3,
01d4,
096c,
0daf,
038d,
f903,
f6cd,
fa5e,
0354,
11ba,
1a6d,
189b,
1228,
061c,
f9a2,
f27d,
eb1c,
e624,
e38c,
e1f4,
e62c,
f16d,
fcc3,
0423,
0c05,
1157,
1305,
1407,
12b1,
0d3c,
05c1,
fef3,
f99e,
f6e2,
f62f,
f5d6,
f54a,
f63f,
f84d,
fa61,
fcd5,
fef0,
00cd,
028c,
045d,
05d9,
06b5,
06de,
05d6,
0483,
0324,
0174,
ff9f,
fe03,
fc9e,
fb51,
fa7c,
fa22,
fa67,
fba7,
fdac,
ffa7,
013e,
029f,
03a4,
0403,
03d6,
0368,
0272,
00e0,
ff48,
fe32,
fdcd,
fdbb,
fdb1,
fd9b,
fda4,
fdee,
fe8a,
ff7a,
005e,
00fe,
014d,
015f,
0159,
0168,
016d,
0114,
006e,
ffa9,
ff00,
fea0,
0000,
0001,
0002,
0002,
0002,
0001,
0001,
0000,
0000,
0002,
0001,
0000,
fffe,
0000,
0001,
0003,
0005,
0004,
0002,
fffe,
fffc,
fffc,
fffe,
ffff,
0001,
fffd,
0000,
fffe,
0005,
fffe,
0007,
fffd,
0004,
fff9,
0002,
fffc,
0009,
00d3,
0215,
0896,
0cdb,
04e8,
f8a4,
f550,
fb28,
0411,
11aa,
1b95,
17e2,
0e89,
0496,
f9d9,
f1b2,
ec59,
e7b5,
e2ce,
e341,
e989,
f327,
fd4e,
04bf,
0b8d,
10dc,
1324,
1292,
10bc,
0c5f,
051d,
fec8,
fa86,
f7a9,
f5f4,
f5e3,
f604,
f667,
f825,
fa71,
fcf6,
ff67,
01a1,
0315,
0437,
055d,
0620,
067e,
0608,
04ea,
033f,
0134,
ff1d,
fd72,
fc33,
fae1,
f9da,
f993,
fa55,
fc10,
fe54,
0057,
01c5,
0307,
03ea,
0444,
0433,
03a3,
0251,
008e,
fefe,
fde2,
fd6f,
fd5a,
fd4f,
fd3f,
fd61,
fdd5,
fea0,
ffbb,
00c0,
0167,
0190,
017b,
0177,
018c,
0172,
00f0,
0033,
ff6f,
fede,
ffff,
0000,
0000,
0001,
0002,
0001,
0000,
ffff,
ffff,
0000,
0001,
0001,
ffff,
ffff,
fffe,
0001,
0003,
0004,
0003,
0001,
fffe,
fffc,
fffc,
fffd,
fffe,
0000,
fffd,
fffe,
fffe,
0003,
ffff,
0006,
fffd,
0004,
fff7,
0006,
fff3,
002d,
00f0,
022b,
07a8,
0cb4,
05a3,
f79d,
f4eb,
fc50,
044d,
119d,
1c13,
1639,
0bcc,
03dc,
f97b,
f176,
ee2c,
e89e,
e2a1,
e53b,
ec35,
f467,
fde8,
0512,
0aef,
102c,
12b3,
11a6,
0f85,
0b68,
045c,
fe8e,
faf5,
f839,
f663,
f629,
f652,
f6ac,
f852,
fab7,
fd58,
0007,
0230,
030e,
03f4,
052b,
05e2,
064f,
061e,
04e6,
02a7,
0046,
fe45,
fcdd,
fbaf,
fa4a,
f986,
f9d4,
fb10,
fd14,
ff70,
0131,
0250,
0370,
0429,
043f,
03f9,
033a,
01c5,
000f,
fe9c,
fd80,
fcf1,
fcd9,
fd00,
fd49,
fdb4,
fe31,
feef,
0006,
0107,
01a0,
01c8,
01b4,
0184,
016a,
014f,
00d3,
0005,
ff33,
0001,
0001,
0001,
0001,
0002,
0002,
0002,
0001,
0000,
0000,
0001,
0001,
0000,
ffff,
ffff,
ffff,
0001,
0003,
0004,
0003,
0000,
fffe,
fffc,
fffd,
fffe,
ffff,
0000,
ffff,
fffe,
ffff,
0002,
0001,
0003,
0000,
0000,
fffc,
0003,
fff6,
0048,
010c,
0212,
06e2,
0cd6,
0587,
f6b3,
f573,
fd79,
043a,
116c,
1bc5,
1428,
09f1,
0359,
f8f8,
f1f4,
f00a,
e926,
e313,
e787,
ee61,
f555,
fe6f,
0500,
0a36,
0f92,
11f1,
10ee,
0eda,
0a47,
035f,
fe6f,
fb4a,
f899,
f6fc,
f6ba,
f69c,
f748,
f926,
fb07,
fd55,
0009,
0243,
0331,
0433,
0569,
05f7,
0602,
0544,
03bf,
0189,
ff4f,
fd4a,
fbf7,
fb59,
fabc,
fa67,
facd,
fc29,
fe46,
0089,
020d,
02e6,
0399,
03cc,
038d,
031f,
0259,
00ff,
ff79,
fe1e,
fd31,
fcf5,
fd05,
fd27,
fd68,
fdde,
fe88,
ff7d,
009b,
0167,
01c2,
01b9,
0186,
015f,
0151,
0123,
0098,
ffcc,
0000,
ffff,
ffff,
0000,
0000,
0002,
0001,
0001,
0000,
0000,
0000,
0000,
0001,
ffff,
ffff,
fffe,
ffff,
0001,
0002,
0002,
0002,
0000,
fffe,
fffd,
fffd,
fffd,
ffff,
ffff,
fffe,
fffd,
0001,
0000,
0002,
0000,
0004,
fffb,
0002,
fffa,
0003,
005b,
0128,
01d8,
0670,
0ce4,
04c5,
f620,
f68e,
fe83,
03fc,
112d,
1abf,
120a,
08bc,
02e6,
f889,
f2e6,
f198,
e983,
e434,
e9e5,
f00e,
f615,
fed2,
04ac,
099a,
0f48,
115f,
0fb5,
0dd7,
0974,
029f,
fe70,
fb79,
f8af,
f77c,
f7ac,
f787,
f837,
f9de,
fad9,
fcd4,
0021,
02a5,
03aa,
04e1,
05ac,
0555,
04c3,
03c1,
0200,
fff0,
fe36,
fcca,
fc37,
fc20,
fbc6,
fbc0,
fc5a,
fd8c,
ff5f,
014e,
025d,
02cd,
031d,
02e7,
0267,
0201,
0162,
003f,
ff03,
fe0e,
fd7b,
fd5b,
fd5d,
fd62,
fd9a,
fe24,
ff0f,
003b,
012b,
017e,
0185,
017b,
0155,
0131,
0117,
00c8,
003c,
ffff,
0000,
0001,
0000,
0002,
0003,
0003,
0003,
0002,
0000,
0001,
0001,
0000,
0001,
0000,
fffe,
ffff,
0000,
0001,
0002,
0003,
0002,
0001,
0000,
fffe,
fffe,
ffff,
ffff,
ffff,
ffff,
fffd,
0000,
0001,
0003,
fffe,
0005,
fff9,
0005,
fff5,
0012,
0069,
013c,
0192,
0647,
0ca5,
039f,
f606,
f81c,
ff55,
03af,
10bb,
1912,
1016,
0815,
0270,
f833,
f422,
f2d7,
e9fc,
e5f0,
ec28,
f13b,
f6b8,
ff1b,
0456,
0957,
0f0b,
1065,
0e2d,
0c9b,
08de,
0284,
fe4a,
fb6a,
f912,
f832,
f8bd,
f8a4,
f8bd,
f9c4,
fae2,
fd36,
00b5,
035c,
0415,
048b,
0481,
03c5,
032d,
0221,
0057,
feb0,
fded,
fd79,
fd8e,
fdb1,
fd4d,
fd1e,
fd9a,
febc,
001c,
0143,
01af,
01e6,
0213,
01db,
018b,
0128,
0089,
ffbc,
ff0f,
fe75,
fe06,
fdd2,
fdae,
fdc3,
fe28,
fec3,
ff79,
0055,
011b,
0182,
0193,
015e,
0105,
00ba,
0091,
005b,
ffff,
0000,
0000,
0000,
0000,
0001,
0002,
0002,
0002,
0001,
0000,
0000,
0000,
0000,
ffff,
0000,
ffff,
ffff,
0000,
0001,
0003,
0003,
0002,
0000,
fffe,
fffd,
fffd,
fffe,
fffe,
ffff,
ffff,
fffe,
0000,
0001,
0003,
0000,
0005,
fff8,
0007,
fff3,
001e,
0079,
013f,
0156,
065a,
0c12,
0230,
f65b,
f9e0,
ffe1,
0370,
101f,
1708,
0e71,
07c4,
01c3,
f80f,
f589,
f3b5,
eaba,
e807,
edfe,
f211,
f785,
ff7c,
0426,
0937,
0e7e,
0ef7,
0cd7,
0bc5,
0803,
0248,
fe86,
fbb6,
f9b4,
f8d8,
f901,
f901,
f97a,
fa4b,
fbc2,
fecf,
0196,
0296,
0279,
02e3,
02fa,
024a,
0191,
00b8,
ffc8,
ff31,
ff00,
fee7,
ff21,
ff21,
fe9b,
fe3b,
fe5e,
feec,
ffaf,
0057,
009d,
00ee,
0133,
010c,
00d4,
00ae,
0062,
ffdc,
ff5f,
feea,
fe7a,
fe3f,
fe2e,
fe5e,
feb5,
ff18,
ff97,
0042,
00f4,
0163,
0178,
0126,
00a3,
003c,
0006,
fffd,
ffff,
0000,
0001,
0000,
0001,
0001,
0001,
0002,
0001,
0001,
0000,
0000,
0000,
0000,
0001,
0001,
0000,
0000,
0000,
0002,
0002,
0002,
0001,
0000,
fffe,
fffd,
fffe,
fffe,
ffff,
0000,
ffff,
ffff,
0000,
0002,
0002,
0002,
0003,
fffb,
0007,
fff4,
002a,
008a,
0131,
0133,
0696,
0b1c,
00a5,
f733,
fbae,
0028,
0347,
0f5d,
14c6,
0d17,
0787,
00ef,
f834,
f6f9,
f467,
ebb3,
ea22,
ef87,
f2fb,
f891,
ffd5,
03fc,
08f8,
0d89,
0d94,
0be1,
0aeb,
0720,
021f,
ff1f,
fc3f,
f987,
f8b9,
f988,
fa1b,
fb00,
fbf6,
fcf2,
fec3,
006c,
00af,
007c,
010c,
0122,
00f4,
013a,
0153,
00f7,
00a8,
0073,
002f,
0044,
0010,
ff35,
fe59,
fe00,
fe2f,
febb,
ff59,
ffcd,
0053,
00a9,
00a1,
00a3,
00cc,
00b3,
0036,
ff99,
ff15,
fed1,
fed0,
fee8,
fef9,
feff,
ff19,
ff7f,
0024,
00ab,
00f1,
0107,
00c8,
0051,
ffef,
fffd,
fffd,
ffff,
ffff,
0000,
0000,
0000,
0000,
0000,
0000,
0000,
0000,
0000,
0000,
ffff,
ffff,
0000,
0000,
0000,
ffff,
0000,
0000,
0001,
0002,
0001,
0000,
fffd,
fffd,
fffd,
fffe,
ffff,
0000,
fffd,
0000,
fffe,
0002,
0000,
0003,
0001,
fffe,
0004,
fff9,
0032,
0098,
0117,
0133,
06db,
09c2,
ff3e,
f874,
fd48,
003d,
0348,
0e71,
126d,
0c0b,
0737,
0005,
f8b8,
f85f,
f4c5,
ecbb,
ec55,
f104,
f40a,
f9b0,
0007,
03b1,
08ad,
0ca6,
0c3d,
0b0b,
0a4f,
0676,
01d4,
feb2,
fbd2,
f9e8,
fa0d,
fb46,
fbe6,
fc50,
fc0e,
fbf5,
fd3d,
feb6,
fee3,
fe8d,
ff5a,
008a,
01b1,
02b1,
02e9,
027e,
020f,
019d,
010a,
008c,
ffad,
fe6f,
fd8b,
fd36,
fd5b,
fdfb,
fed6,
ff93,
0041,
00a4,
00ac,
00cf,
0102,
00e2,
0062,
ffdf,
ff7a,
ff4f,
ff60,
ff64,
ff3b,
fefd,
fef0,
ff3d,
ffc5,
003b,
0076,
0081,
005c,
0026,
fffd,
fffd,
fffd,
ffff,
ffff,
ffff,
ffff,
ffff,
0000,
0001,
0001,
0001,
0001,
0001,
0000,
ffff,
0000,
0001,
0000,
ffff,
ffff,
ffff,
0000,
0001,
0000,
0000,
0000,
fffe,
fffe,
fffe,
ffff,
ffff,
0000,
fffe,
0000,
ffff,
0004,
fffe,
0005,
fffe,
0002,
0000,
0001,
0039,
00aa,
00f4,
015c,
0713,
0816,
fe1d,
f9fa,
fe92,
0042,
0375,
0d5e,
1028,
0b31,
06b0,
ff36,
f996,
f967,
f4d5,
ee20,
eeac,
f264,
f536,
faac,
0010,
03b2,
087e,
0bac,
0b41,
0a6c,
0942,
0500,
0099,
fe5a,
fd05,
fc2e,
fc40,
fc9d,
fc03,
faf7,
fa24,
fa80,
fbe1,
fcf0,
fd68,
fe58,
002a,
01ea,
0367,
0455,
0447,
039c,
02de,
01db,
0097,
ff7b,
fe4f,
fd2e,
fc9f,
fcb2,
fd2f,
fe05,
fef5,
ffc7,
006c,
00b4,
00cd,
010b,
013b,
0115,
00b5,
0047,
ffde,
ffa2,
ff9b,
ff75,
ff1d,
fec3,
feab,
feee,
ff57,
ffb0,
fff2,
002b,
0045,
fffe,
fffd,
fffd,
fffe,
ffff,
ffff,
ffff,
ffff,
0000,
0001,
0001,
0001,
0002,
0001,
0000,
0000,
0000,
0000,
0001,
0000,
fffe,
ffff,
ffff,
ffff,
0000,
0000,
0000,
0000,
fffe,
ffff,
ffff,
0000,
ffff,
ffff,
fffe,
0001,
ffff,
0003,
fffe,
0005,
fffc,
0006,
fffc,
000a,
003d,
00b7,
00c9,
01ab,
071a,
063e,
fd6f,
fb8b,
ff80,
0050,
03b3,
0c26,
0e19,
0a7f,
05f3,
fea2,
fa94,
fa04,
f507,
efe4,
f0d8,
f397,
f667,
fbb6,
0045,
03e2,
088a,
0ab9,
09d0,
08e3,
0732,
03bb,
016c,
004b,
fefe,
fdc9,
fc92,
fb07,
f9c4,
f914,
f87e,
f924,
fb0e,
fcdb,
fe61,
0063,
027c,
03c2,
04b6,
053a,
04b9,
039a,
023f,
00a2,
ff21,
fe11,
fd1b,
fc73,
fc6e,
fce5,
fd9a,
fe6d,
ff37,
fff2,
0099,
00f3,
012d,
016b,
0181,
014f,
00f3,
0080,
fffa,
ff9c,
ff66,
ff31,
fee3,
fe91,
fe68,
fe7d,
fed7,
ff5e,
ffe7,
004e,
ffff,
fffe,
fffe,
fffd,
fffd,
fffe,
fffe,
ffff,
ffff,
0000,
0000,
0001,
0001,
0001,
0001,
0001,
0000,
0000,
0000,
0000,
ffff,
ffff,
ffff,
ffff,
ffff,
0001,
0000,
0000,
0000,
ffff,
ffff,
ffff,
ffff,
ffff,
ffff,
fffe,
0001,
ffff,
0003,
fffe,
0006,
fffc,
0009,
fff9,
0014,
0045,
00bb,
009f,
0223,
06dd,
045d,
fd2c,
fd06,
0028,
0076,
03ef,
0ad8,
0c5a,
09c6,
0502,
fe64,
fb93,
fa5c,
f576,
f1c3,
f2aa,
f4eb,
f801,
fcd6,
00c4,
0420,
07b3,
08b0,
07a1,
0770,
073c,
0567,
035c,
0141,
fe7f,
fbcf,
fa21,
f902,
f809,
f784,
f7c6,
f9a5,
fca4,
ff43,
0114,
02ca,
044e,
04fa,
0518,
04aa,
036d,
01e2,
0082,
ff28,
fe00,
fd44,
fcc4,
fc97,
fcdc,
fd64,
fe0d,
fecc,
ff8d,
0054,
00ff,
0159,
018a,
01c0,
01b8,
015e,
00e1,
004c,
ffab,
ff39,
ff0b,
feec,
feab,
fe53,
fe24,
fe58,
fee3,
ff8c,
002e,
0001,
ffff,
fffe,
fffe,
fffd,
fffe,
ffff,
0000,
0000,
0000,
0000,
0000,
0001,
0001,
0001,
0002,
0002,
0000,
0000,
0000,
0000,
ffff,
ffff,
fffe,
0000,
0001,
0002,
0002,
0002,
0000,
ffff,
ffff,
ffff,
0000,
0000,
ffff,
ffff,
0000,
0000,
0002,
0001,
0006,
ffff,
000a,
fffa,
001e,
004d,
00b2,
008c,
02ae,
0649,
02a4,
fd4b,
fe57,
0096,
00a5,
0417,
0998,
0ae4,
08f4,
042e,
fe85,
fc6b,
fa8a,
f601,
f393,
f4ae,
f6dc,
f9e3,
fd77,
0048,
034b,
060b,
06fa,
07e1,
0951,
08c9,
05a4,
01c3,
fe45,
fb75,
f953,
f801,
f78f,
f7aa,
f846,
f9ed,
fcc9,
ffd2,
01fe,
0347,
043f,
04d9,
04a9,
03b9,
024d,
00f5,
000c,
ff2e,
fe3b,
fda5,
fd6c,
fd33,
fd2c,
fd7c,
fdf4,
fe8e,
ff4f,
0012,
00cb,
0167,
01b0,
01c5,
01cd,
01a1,
011f,
006a,
ffb2,
ff21,
fede,
fec2,
fe9f,
fe7a,
fe65,
fe77,
fec4,
ff46,
ffe2,
0001,
ffff,
ffff,
fffd,
fffd,
fffd,
fffe,
fffe,
0000,
0001,
0001,
0002,
0002,
0001,
0002,
0001,
0001,
0000,
ffff,
ffff,
ffff,
ffff,
ffff,
ffff,
0000,
0000,
0000,
0001,
0001,
0001,
0000,
0000,
ffff,
0000,
ffff,
0000,
ffff,
ffff,
ffff,
0001,
0001,
0002,
0003,
0002,
0006,
fffe,
0022,
0051,
00a1,
009c,
0324,
0563,
0143,
fdc8,
ff65,
00c3,
00e4,
0428,
085e,
09aa,
0836,
039c,
fed2,
fce4,
fa89,
f716,
f63d,
f72d,
f80d,
fa0f,
fce4,
ff64,
030a,
070e,
090b,
09d6,
092d,
05ae,
0122,
fdc7,
fb2d,
f8e3,
f78d,
f77f,
f8c9,
fa99,
fc0b,
fdba,
0030,
025b,
037c,
0406,
03ff,
034a,
023d,
012a,
0006,
ff15,
feb9,
fe89,
fe50,
fe25,
fe0e,
fdfc,
fdf9,
fe35,
fea5,
ff36,
ffd5,
008d,
0139,
0190,
01a7,
01a7,
0185,
010f,
0068,
ffb9,
ff2b,
fed2,
fe9d,
fe80,
fe8e,
fec9,
ff00,
ff30,
ff68,
ffbc,
0001,
0000,
ffff,
ffff,
fffe,
fffe,
ffff,
0000,
0001,
0001,
0001,
0002,
0002,
0002,
0001,
0001,
0000,
0000,
0000,
0000,
0000,
0000,
0000,
0000,
0001,
0000,
0001,
0001,
0001,
0001,
0001,
0000,
0000,
0000,
0000,
0000,
0001,
0000,
0001,
0000,
0003,
0002,
0005,
0002,
0005,
0004,
0004,
0023,
005b,
008e,
00c4,
0372,
0456,
004d,
fe66,
001a,
00dc,
0139,
041d,
074d,
08df,
07b6,
0309,
fed8,
fd5b,
fbbb,
f947,
f7bf,
f747,
f7eb,
fa09,
fd72,
0200,
06e4,
097e,
086e,
05e9,
0365,
004f,
fd05,
fa88,
f8f2,
f84c,
f906,
fae8,
fd21,
ff05,
0017,
00de,
0220,
032f,
0320,
0253,
016a,
0073,
ffaf,
ff1e,
fe86,
fe43,
fe8b,
fed9,
fef6,
ff0b,
fef8,
fed3,
fee2,
ff19,
ff65,
ffcf,
0040,
00b5,
012d,
0168,
0144,
00ff,
00a7,
0038,
ffcb,
ff62,
fef8,
fea5,
fe94,
feba,
ff12,
ff80,
ffc4,
ffe1,
fff3,
0001,
0000,
ffff,
fffe,
fffe,
fffe,
ffff,
ffff,
0000,
0001,
0001,
0001,
0000,
0001,
0000,
0000,
0000,
ffff,
ffff,
ffff,
0000,
0000,
0001,
0001,
0000,
0001,
0000,
0000,
0001,
0000,
0000,
0000,
0000,
ffff,
ffff,
0000,
ffff,
0000,
ffff,
0001,
0001,
0003,
0002,
0003,
0001,
0005,
0000,
000b,
0023,
0063,
0076,
010c,
038c,
0335,
ffb2,
ff0e,
0093,
00eb,
0192,
0401,
06c4,
0878,
06d2,
0282,
0014,
feca,
fbad,
f8d9,
f78d,
f75f,
f9b7,
fe52,
02c5,
05f5,
06b6,
0449,
017e,
fffb,
fe43,
fbef,
fa27,
f99d,
fa72,
fc3f,
fe0c,
ffd9,
01a2,
0285,
0268,
0229,
01fc,
013e,
001e,
ff31,
fe91,
fe22,
fdfe,
fe29,
fe66,
febd,
ff2f,
ff94,
ffdb,
0002,
fff5,
ffcf,
ffc5,
ffdb,
fff9,
0013,
0039,
007a,
00b4,
00a1,
0051,
000a,
ffe4,
ffc0,
ff85,
ff3d,
ff07,
feff,
ff27,
ff7a,
ffd5,
0013,
0035,
0041,
0000,
0000,
ffff,
0000,
0000,
0000,
0000,
0000,
0000,
0001,
0001,
0001,
0000,
0000,
ffff,
ffff,
ffff,
fffe,
ffff,
ffff,
0000,
0001,
0001,
0002,
0001,
0000,
0000,
0000,
0001,
0000,
0000,
0000,
0000,
0000,
0000,
0000,
ffff,
0000,
0001,
0000,
0002,
0002,
0003,
0001,
0004,
ffff,
0006,
0002,
000d,
0027,
0066,
006c,
0160,
0361,
0224,
ff79,
ffa9,
00c6,
0107,
022e,
0449,
0675,
0837,
071b,
02eb,
ff66,
fd19,
fa22,
f898,
f9f3,
fd20,
0113,
0394,
02b5,
0074,
ff18,
fd7a,
fbde,
fb48,
fab5,
fa58,
fb84,
fdd7,
0002,
01c2,
02fb,
03c9,
0443,
03d2,
024f,
0063,
fecf,
fdac,
fcf0,
fc98,
fcac,
fd26,
fdde,
fea3,
ff39,
ffb4,
0029,
008e,
00da,
0101,
00e7,
0098,
0059,
002e,
000b,
ffeb,
ffc8,
ffaf,
ff95,
ff80,
ff7f,
ff90,
ff91,
ff86,
ff88,
ff9c,
ffc0,
ffea,
0010,
0026,
0031,
003c,
0049,
ffff,
ffff,
ffff,
0000,
0000,
0001,
0001,
0001,
0001,
0001,
0000,
0000,
ffff,
ffff,
ffff,
fffe,
fffe,
ffff,
ffff,
0000,
0001,
0001,
0001,
0001,
0002,
0001,
0001,
0000,
0000,
0000,
0000,
ffff,
0000,
0001,
0000,
0000,
0000,
0000,
0001,
0001,
0002,
0001,
0002,
0001,
0000,
0001,
0002,
0007,
0004,
0011,
0031,
0061,
0068,
01b3,
0304,
0143,
ff76,
000d,
0110,
01ca,
02ea,
04de,
07cf,
0857,
04b1,
0044,
fd01,
fb2d,
fc5c,
ffd6,
02b9,
0388,
011a,
fd2e,
fad5,
f9c2,
f8ea,
f861,
f86d,
f980,
fbd4,
fe9b,
014a,
03cf,
055c,
05e3,
05e7,
0562,
0407,
01b2,
feec,
fcae,
fb68,
face,
fae0,
fb90,
fc9b,
fdc4,
feca,
ff9b,
0057,
00fe,
0154,
018e,
01c4,
01b7,
0159,
00d7,
0062,
0001,
ffa5,
ff2a,
fec2,
fe8d,
fe9b,
fee5,
ff2b,
ff62,
ff9c,
ffe9,
0036,
0081,
00bb,
00c5,
0097,
0049,
001a,
000b,
ffff,
0000,
0001,
0001,
0002,
0002,
0002,
0002,
0002,
0001,
0000,
0000,
0000,
ffff,
fffe,
fffd,
fffe,
ffff,
0000,
0001,
0001,
0002,
0002,
0002,
0002,
0001,
0001,
0000,
ffff,
ffff,
0000,
0000,
0000,
0001,
0001,
0000,
0000,
0001,
0002,
0002,
0002,
0001,
0001,
0001,
ffff,
0000,
0002,
0007,
0007,
0008,
0014,
0033,
0053,
008a,
01f2,
026c,
0090,
ffb0,
00e7,
01f4,
033c,
04ea,
0537,
0605,
05e5,
00fe,
fc21,
fe0e,
035d,
070a,
0717,
01e1,
fbf1,
f8f3,
f685,
f4ce,
f4fb,
f547,
f666,
fa18,
fe3c,
0180,
04a0,
06df,
081c,
08a2,
07a0,
0553,
0310,
00a0,
fda8,
fb18,
f98c,
f939,
f9d5,
faf7,
fc44,
fda0,
feea,
fffe,
00f4,
01c1,
0247,
025a,
0237,
0212,
01c6,
0141,
0099,
ffe2,
ff33,
fe9e,
fe19,
fdda,
fdfe,
fe47,
fead,
ff3e,
ffdc,
0062,
00cd,
011b,
014e,
0159,
0102,
006e,
0001,
ffc3,
ffff,
ffff,
ffff,
0001,
0002,
0002,
0003,
0002,
0001,
0001,
0000,
ffff,
fffe,
fffe,
fffd,
fffc,
fffd,
ffff,
0000,
0000,
0000,
0002,
0002,
0001,
0001,
0001,
0000,
ffff,
ffff,
ffff,
0000,
ffff,
ffff,
0000,
0000,
0000,
0000,
0001,
0001,
0001,
0001,
0001,
ffff,
ffff,
0000,
fffd,
0003,
0006,
000a,
0006,
0006,
0017,
003a,
004c,
00a8,
01eb,
01da,
0095,
0102,
0326,
03ee,
02ab,
02e1,
0484,
04d0,
010e,
fdf7,
0304,
0b1c,
0c21,
0572,
fdc2,
f84c,
f4ed,
f3c1,
f2b9,
f162,
f2d5,
f722,
fbe6,
006a,
0454,
06b0,
08a7,
0a7a,
0a2b,
07b3,
04a4,
01cc,
ff3f,
fcc0,
fa03,
f85f,
f899,
f9a5,
fabf,
fc13,
fd96,
fef1,
0050,
018e,
0273,
02f1,
02f1,
028c,
0220,
01e0,
0165,
0095,
ffa5,
fece,
fe20,
fdb5,
fd98,
fda2,
fdef,
fe7c,
ff36,
0003,
00c3,
0146,
018b,
01ae,
0189,
011a,
008b,
0009,
ff93,
ffff,
0000,
0001,
0003,
0003,
0003,
0003,
0003,
0001,
0000,
ffff,
fffd,
fffd,
fffe,
fffe,
fffe,
fffe,
ffff,
0000,
0001,
0001,
0002,
0002,
0001,
0001,
0001,
0000,
ffff,
ffff,
ffff,
ffff,
0000,
0000,
0000,
0001,
0001,
0001,
0001,
0001,
0000,
0001,
0000,
fffd,
ffff,
ffff,
0001,
0002,
0006,
0009,
0008,
0007,
0010,
001e,
002e,
002e,
00d5,
022b,
02b2,
0359,
0327,
0132,
00ee,
0241,
0344,
03ce,
0286,
02a2,
08fb,
0e12,
0a3c,
022d,
fa44,
f438,
f317,
f39b,
f130,
f039,
f3bc,
f8b1,
fe01,
02d3,
0580,
07b4,
0a42,
0ae7,
0962,
06eb,
03b2,
0080,
fe1b,
fbdb,
f99c,
f874,
f8c1,
f9cc,
fb0d,
fc4b,
fd97,
ff17,
00ac,
0208,
02e2,
0334,
0310,
02a7,
022b,
01b1,
0116,
004a,
ff5e,
fe75,
fde7,
fda7,
fd8a,
fda9,
fe14,
feb4,
ff69,
0025,
00d8,
0171,
01c0,
01b5,
016c,
0102,
0080,
fffb,
ff7f,
ffff,
0001,
0002,
0002,
0003,
0003,
0003,
0002,
0001,
0000,
ffff,
ffff,
fffe,
fffe,
fffe,
ffff,
0000,
0001,
0001,
0001,
0001,
0001,
0001,
0001,
0001,
0001,
0001,
0000,
ffff,
ffff,
0000,
0000,
0001,
0001,
0001,
0001,
0001,
0001,
0001,
0000,
0000,
0001,
fffe,
fffd,
0001,
0002,
0002,
0005,
0008,
0009,
000e,
000a,
000b,
0004,
0019,
0074,
02c9,
05ef,
03d1,
ffd9,
ffdb,
007e,
014a,
03bd,
052e,
064d,
08ce,
09ac,
08f8,
0682,
fe9f,
f5fb,
f39e,
f3ce,
f280,
f234,
f3a1,
f624,
faed,
002c,
0338,
05f3,
08cf,
09ae,
08d6,
0788,
057a,
0284,
ff9b,
fd2a,
fb5c,
fa3b,
f977,
f960,
fa68,
fbc4,
fcb1,
fde2,
ff8e,
0109,
0212,
02d6,
0315,
02d3,
0273,
01eb,
0144,
009c,
ffd8,
feff,
fe54,
fdf8,
fdd1,
fde3,
fe22,
fe8b,
ff26,
ffc3,
004a,
00d4,
0145,
016a,
015d,
012c,
00cd,
0051,
ffd3,
ff63,
0000,
0001,
0002,
0002,
0002,
0001,
0001,
0000,
ffff,
ffff,
fffe,
fffe,
ffff,
ffff,
ffff,
0000,
0000,
ffff,
0000,
0000,
0000,
0001,
0000,
0000,
0000,
0000,
0000,
0000,
ffff,
ffff,
0000,
0000,
0001,
0002,
0001,
0000,
ffff,
ffff,
ffff,
0000,
ffff,
fffe,
fffe,
fffe,
0000,
0002,
0001,
0004,
0008,
000f,
000a,
0003,
fffb,
ffff,
0039,
0252,
0529,
03ec,
0112,
ffc8,
ff1c,
0045,
02e2,
0569,
0919,
0b6e,
0827,
04e5,
03ee,
ff33,
f962,
f6fe,
f518,
f375,
f462,
f645,
f804,
fab8,
fd83,
fffe,
0350,
0663,
077c,
0701,
060b,
04fd,
0393,
0160,
fece,
fce3,
fbec,
fb45,
fabd,
fadc,
fb8a,
fc5c,
fd69,
fec4,
000b,
0109,
01d5,
0256,
0285,
0256,
01d0,
013a,
00bb,
001c,
ff5f,
fecb,
fe64,
fe3f,
fe6b,
fea6,
fee3,
ff38,
ffa0,
000f,
0069,
00a3,
00c3,
00d1,
00ca,
00ab,
006b,
000c,
ffac,
ff5f,
0000,
0001,
0001,
0001,
0001,
0000,
ffff,
ffff,
fffe,
ffff,
ffff,
ffff,
ffff,
ffff,
ffff,
0000,
0000,
ffff,
0000,
ffff,
ffff,
0000,
0000,
0000,
0000,
ffff,
ffff,
0000,
0000,
0000,
0000,
0001,
0001,
0001,
0000,
ffff,
ffff,
ffff,
ffff,
0000,
ffff,
fffe,
ffff,
ffff,
ffff,
0002,
0006,
0006,
000c,
0009,
0005,
fff6,
0005,
006d,
02df,
04e1,
024a,
0042,
006a,
ffc5,
0039,
02a4,
0586,
09cf,
0c30,
0823,
0442,
01a1,
fb5e,
f77f,
f88b,
f822,
f689,
f724,
f878,
fab0,
fdee,
fed5,
feb1,
0088,
02ef,
0441,
0472,
03a3,
02c7,
0281,
0196,
fff6,
fe99,
fd9e,
fccd,
fc7a,
fcb1,
fcba,
fccd,
fd6a,
fe8b,
ff90,
0045,
00d8,
0140,
0197,
01a5,
0157,
00e3,
0076,
0004,
ff8d,
ff2b,
fece,
febd,
fefc,
ff4c,
ff92,
ffc7,
ffe9,
0010,
004a,
0048,
0029,
0027,
0032,
0029,
0008,
ffe1,
ffb7,
ff9c,
ff7c,
0001,
0001,
0001,
0000,
ffff,
ffff,
ffff,
fffe,
ffff,
ffff,
0000,
0001,
0000,
0000,
0000,
0000,
0000,
0000,
0000,
ffff,
ffff,
ffff,
0000,
0000,
ffff,
0000,
ffff,
ffff,
0000,
0000,
0001,
0001,
0001,
0000,
ffff,
ffff,
fffe,
ffff,
ffff,
ffff,
fffe,
fffe,
0000,
ffff,
ffff,
0002,
0008,
000a,
0004,
0000,
fff5,
0008,
00e1,
03d3,
0460,
0152,
0005,
ff18,
ff36,
01d2,
03e2,
0635,
0abf,
0b41,
0654,
03da,
00bf,
f9be,
f5da,
f5be,
f66d,
f8ce,
fb8f,
fc53,
fdad,
0086,
017f,
0136,
00fb,
0098,
00a4,
0100,
008b,
ffd5,
000b,
001a,
ff8a,
ff28,
fee7,
fe50,
fe16,
fe6d,
fe87,
fe7e,
feac,
ff10,
ff7a,
fff6,
0048,
0058,
007f,
0087,
005f,
002b,
ffe7,
ff8f,
ff55,
ff30,
ff0f,
ff3b,
ff97,
fff3,
0042,
0074,
007c,
0082,
0076,
0030,
ffe7,
ffad,
ff8b,
ff81,
ff75,
ff69,
ff6e,
ff86,
ff8c,
ff91,
0001,
0001,
0000,
ffff,
ffff,
fffe,
ffff,
ffff,
0000,
0001,
0001,
0001,
0000,
0000,
0001,
0001,
0000,
0000,
0000,
ffff,
0000,
0000,
0000,
0000,
ffff,
ffff,
ffff,
0001,
0001,
0003,
0003,
0002,
0000,
0000,
ffff,
ffff,
ffff,
ffff,
0000,
0000,
fffe,
0000,
0000,
0000,
ffff,
0008,
000c,
000c,
fffd,
fff4,
000a,
0199,
04c1,
0392,
00a6,
000b,
fe77,
fec5,
01d8,
04d2,
089c,
0c58,
09d3,
0484,
028b,
fe43,
f845,
f630,
f508,
f426,
f71b,
fc0b,
ffa1,
02b7,
044e,
03a0,
03c5,
0397,
0167,
ff64,
fe59,
fd1a,
fc5e,
fcdb,
fd5d,
fde4,
fe89,
feb5,
fecf,
ff90,
0018,
000f,
004a,
00a8,
00c2,
008f,
004e,
0009,
ffeb,
ffbf,
ff58,
ff27,
ff1e,
fefc,
fed7,
fed6,
fed7,
ff01,
ff7d,
0012,
0097,
0100,
0124,
010e,
0108,
00df,
006e,
ffe9,
ff84,
ff38,
feff,
fed6,
fec5,
feeb,
ff36,
ff73,
ff98,
ffc5,
0000,
ffff,
fffe,
fffd,
fffc,
fffd,
fffd,
ffff,
0000,
0001,
0002,
0002,
0002,
0001,
0001,
0001,
0000,
0000,
ffff,
fffe,
fffe,
fffe,
fffe,
ffff,
ffff,
ffff,
0000,
0001,
0001,
0001,
0001,
0000,
ffff,
ffff,
fffe,
ffff,
ffff,
fffe,
0000,
ffff,
0000,
0000,
0000,
fffc,
0005,
0006,
0011,
fffe,
fffa,
001e,
0289,
0579,
027f,
0023,
001f,
fe03,
feec,
0296,
0556,
09ed,
0db8,
0904,
0350,
0132,
fb58,
f603,
f5a5,
f47d,
f3da,
f75d,
fb5b,
ff0f,
04ab,
0809,
0777,
06ee,
05c2,
02dd,
0034,
fe27,
fb97,
f9a6,
f976,
fa14,
fb37,
fcad,
fd91,
fe2e,
ffb3,
0120,
0186,
01d8,
026b,
02a5,
0263,
01ce,
00c6,
ffe6,
ff56,
fe9f,
fe14,
fdeb,
fdc7,
fdcb,
fe16,
fe50,
febb,
ff7c,
0045,
0103,
01a4,
01cb,
019e,
0183,
0142,
00bc,
0024,
ff9a,
ff27,
fecb,
fe79,
fe4d,
fe6a,
feb4,
ff09,
ff69,
ffd0,
0021,
0000,
ffff,
fffd,
fffd,
fffc,
fffd,
fffe,
ffff,
0000,
0000,
0002,
0003,
0003,
0003,
0002,
0002,
0001,
0000,
ffff,
ffff,
fffe,
fffe,
ffff,
fffe,
ffff,
0001,
0001,
0001,
0002,
0001,
0000,
0001,
ffff,
ffff,
ffff,
fffe,
ffff,
0000,
0000,
ffff,
0000,
0000,
fffb,
0005,
0001,
0013,
0001,
0000,
005a,
03b7,
05de,
0143,
ffb7,
0000,
fdc0,
ff8e,
0385,
066e,
0bd1,
0dd4,
06e3,
02b2,
0084,
f87b,
f405,
f4d7,
f325,
f33e,
f816,
fc39,
fff6,
0539,
081c,
08f9,
0a4a,
090d,
04c8,
010e,
fea2,
fbd6,
f937,
f7ba,
f766,
f880,
fa37,
fb34,
fc71,
ff01,
010d,
020a,
0309,
03ea,
042b,
0420,
03a2,
0259,
0101,
ff99,
fe36,
fd76,
fd1d,
fca7,
fc86,
fcf4,
fd7f,
fe62,
ff6a,
0044,
012d,
0209,
024a,
021f,
01f8,
0195,
00fc,
0061,
ffcc,
ff41,
fec5,
fe53,
fe11,
fe29,
fe69,
fead,
ff0c,
ff8f,
0017,
0092,
fffe,
fffd,
fffd,
fffd,
fffe,
ffff,
ffff,
0000,
0000,
0000,
0001,
0001,
0001,
0001,
0001,
0000,
0000,
0000,
ffff,
ffff,
fffe,
fffe,
ffff,
0000,
0000,
0001,
0002,
0002,
0001,
0000,
ffff,
ffff,
ffff,
fffe,
ffff,
0000,
0000,
0001,
0001,
0001,
0002,
fffe,
0003,
0000,
0012,
0002,
0003,
00b3,
050d,
0609,
0003,
ff40,
ffa0,
fda4,
0075,
04b1,
07ec,
0de3,
0ddc,
04c0,
0149,
ff05,
f61b,
f2ad,
f406,
f1e3,
f2b4,
f852,
fc97,
012b,
072e,
091a,
0930,
0aa2,
0a2a,
0701,
0325,
ff80,
fc1f,
f9a2,
f79e,
f68e,
f72a,
f843,
f8cf,
fa25,
fd18,
ffce,
01c1,
0371,
04b4,
0546,
057a,
0524,
03fc,
0294,
00c1,
feba,
fd59,
fc9a,
fbf8,
fb99,
fbbd,
fc69,
fdbc,
ff16,
002d,
014b,
0235,
0281,
0274,
0250,
01d8,
013f,
00a5,
fffb,
ff59,
fece,
fe52,
fe05,
fe12,
fe44,
fe82,
fed9,
ff55,
ffea,
007e,
00ef,
fffd,
fffd,
fffd,
fffd,
ffff,
0000,
0000,
0000,
0002,
0002,
0003,
0004,
0003,
0003,
0002,
0001,
0001,
0000,
0000,
fffe,
ffff,
ffff,
ffff,
0000,
0001,
0002,
0003,
0001,
0001,
0001,
0000,
0001,
0000,
ffff,
0000,
0000,
0003,
0000,
0002,
0001,
fffe,
0001,
0000,
0010,
0003,
0007,
0127,
0675,
061b,
fed7,
febc,
fefc,
fd9b,
019a,
05fd,
09bc,
101b,
0d88,
0298,
0047,
fd3f,
f2f0,
f107,
f391,
f116,
f283,
f8c9,
fce1,
01ef,
0876,
0a44,
0aba,
0bd1,
09d5,
067b,
03bd,
00b3,
fd45,
fa7e,
f7d6,
f66c,
f727,
f7d4,
f77e,
f868,
fb4c,
fdf3,
004b,
02d3,
04c5,
05af,
063b,
062f,
0539,
03f5,
0204,
ffca,
fe19,
fcd5,
fba4,
faf3,
fafe,
fb9b,
fced,
fe6d,
ffcc,
0136,
024f,
02a4,
0296,
026c,
0200,
017d,
00eb,
002e,
ff6e,
fed5,
fe50,
fe09,
fe19,
fe3d,
fe6c,
fec3,
ff41,
ffd2,
006a,
00dd,
010f,
fffc,
fffc,
fffc,
fffe,
ffff,
ffff,
0000,
0000,
0001,
0002,
0002,
0001,
0002,
0001,
0000,
0000,
0001,
ffff,
ffff,
ffff,
fffe,
ffff,
0000,
0000,
0001,
0001,
0000,
0000,
0000,
ffff,
0000,
0000,
fffe,
0000,
ffff,
0002,
ffff,
0002,
0000,
fffe,
fffe,
ffff,
000c,
0005,
0004,
01a7,
07ed,
0627,
fdb7,
fe27,
fe1f,
fd86,
02ed,
077d,
0bc3,
1272,
0d09,
0052,
ff3a,
fb81,
f01c,
ef0d,
f232,
f055,
f2f7,
f982,
fd89,
0310,
096d,
0ac6,
0baa,
0d45,
0aaa,
064b,
0319,
fffc,
fd1a,
fb58,
f904,
f6f3,
f742,
f7f2,
f74f,
f7f8,
fa8f,
fcb5,
fedc,
0198,
03d0,
0525,
0645,
0695,
05e8,
04da,
02f8,
00ca,
ff24,
fda3,
fbe6,
facf,
fabb,
fb41,
fc68,
fdd2,
ff3f,
00c3,
020a,
02a9,
02b9,
0265,
01f7,
01ab,
0128,
0053,
ff82,
fedf,
fe5d,
fe20,
fe27,
fe37,
fe62,
fec1,
ff41,
ffd2,
0061,
00c4,
00ef,
0109,
fffe,
ffff,
0000,
0000,
ffff,
0001,
0001,
0000,
0001,
0001,
0001,
0001,
0001,
0001,
0001,
0000,
0000,
ffff,
ffff,
ffff,
0000,
0001,
0001,
0001,
0001,
0000,
ffff,
fffe,
ffff,
0000,
0000,
ffff,
0001,
ffff,
0003,
0000,
0004,
0000,
0002,
fffc,
0000,
0009,
0006,
0002,
022c,
0975,
063c,
fca0,
fd8f,
fd13,
fd4e,
0463,
0938,
0e09,
14ec,
0c7a,
fddf,
fe11,
f99e,
ed31,
ed50,
f0d0,
ef29,
f337,
fa80,
fe7c,
04af,
0af2,
0b54,
0c34,
0dfc,
0b14,
0640,
0316,
ffbe,
fc2c,
fa80,
f8fb,
f7a7,
f82f,
f871,
f738,
f80d,
faec,
fcaf,
fe5a,
00ed,
02ee,
040e,
0563,
0610,
05ed,
0557,
0370,
0148,
ffec,
fe70,
fc6f,
fb52,
fb06,
fb23,
fc35,
fda4,
fef9,
0061,
01a0,
0235,
0273,
0275,
022b,
01c1,
011a,
0054,
ff9d,
fefe,
fe6a,
fe33,
fe44,
fe44,
fe5e,
febc,
ff4f,
ffe2,
006d,
00c3,
00cd,
00d8,
00e6,
ffff,
0000,
0000,
0000,
0000,
0000,
0001,
0000,
0000,
0001,
0001,
0001,
0001,
0001,
0000,
0000,
0000,
ffff,
ffff,
0001,
0001,
0002,
0001,
0000,
ffff,
fffe,
fffd,
ffff,
0000,
ffff,
fffe,
0001,
ffff,
0003,
ffff,
0005,
fffd,
0004,
fffa,
fffe,
0005,
000a,
fffd,
02b3,
0b1b,
0661,
fb81,
fce9,
fbe8,
fce7,
05dd,
0b3c,
108e,
1788,
0be4,
fb4e,
fcba,
f77c,
e9f9,
eb8a,
ef73,
ee0d,
f3d4,
fb72,
ff36,
0682,
0ceb,
0c49,
0d1b,
0e8c,
0aff,
05c3,
0232,
ff68,
fc50,
f9fe,
f7fd,
f72e,
f83b,
f8d3,
f7c5,
f86d,
fb63,
fd54,
fed7,
0120,
02f2,
03ae,
048f,
04f9,
04ff,
0501,
037f,
016f,
000f,
fe99,
fce8,
fc13,
fb91,
fb61,
fc5e,
fd9a,
fed6,
0069,
018f,
01c8,
0206,
025b,
0237,
01bf,
0108,
0041,
ff97,
ff04,
fe7c,
fe43,
fe50,
fe53,
fe6b,
fec4,
ff4d,
ffec,
0081,
00ca,
00c7,
00c6,
00ca,
00c7,
ffff,
0000,
0001,
ffff,
0000,
0002,
0001,
ffff,
0001,
0000,
ffff,
0000,
0000,
0001,
0001,
ffff,
ffff,
0001,
0001,
0000,
0003,
0003,
0000,
fffe,
fffe,
fffd,
fffe,
ffff,
fffe,
fffd,
0001,
fffe,
0004,
fffd,
0006,
fffc,
0004,
fff9,
0000,
0001,
000a,
fffb,
031e,
0ccf,
06ca,
fa53,
fc2f,
fab4,
fc54,
073e,
0d5f,
1344,
1a5d,
0b85,
f8c5,
fb51,
f530,
e658,
e964,
ee29,
ecda,
f47a,
fd01,
002e,
07ee,
0ee5,
0d8a,
0e2e,
0f6d,
0ae8,
056b,
0138,
fddf,
fbc0,
fa30,
f79f,
f686,
f7cf,
f84a,
f788,
f8f1,
fc33,
fe25,
ffaf,
01e1,
0381,
041b,
04b0,
048d,
0417,
0414,
02e4,
00f9,
ff9e,
fe6a,
fd17,
fc5e,
fbde,
fbbd,
fcb2,
fdd1,
fefc,
0088,
0185,
01aa,
0213,
0271,
0229,
019b,
00df,
0010,
ff7e,
ff0a,
fe79,
fe3a,
fe52,
fe57,
fe74,
fed7,
ff59,
ffe5,
0073,
00c5,
00c7,
00c6,
00dc,
00e8,
00de,
0001,
0002,
0000,
ffff,
0002,
0000,
ffff,
0001,
0000,
ffff,
0000,
0000,
0000,
0001,
ffff,
ffff,
0001,
0001,
0002,
0005,
0003,
0000,
fffe,
fffc,
fffb,
fffe,
ffff,
fffe,
fffe,
0003,
fffd,
0005,
fffe,
0006,
fffd,
0008,
fff8,
0001,
0003,
0005,
fff8,
034d,
0e72,
07c4,
f93b,
fb59,
f97d,
fb62,
0857,
0f84,
15ee,
1d76,
0bdc,
f655,
fa07,
f334,
e26e,
e6b2,
ec9e,
eb73,
f4c0,
feae,
0192,
09a3,
10e8,
0ebd,
0f2a,
107c,
0ae9,
0501,
00f3,
fc95,
fa55,
f9c8,
f729,
f5d5,
f7b1,
f810,
f6bd,
f8a0,
fc98,
fece,
00ba,
0315,
0465,
04a8,
052d,
0504,
0453,
03d2,
0215,
fffc,
fef5,
fe14,
fcb4,
fbfb,
fba0,
fba4,
fcc9,
fe24,
ff51,
00a6,
01ae,
020b,
0268,
0286,
0231,
01c6,
0103,
0002,
ff40,
fec6,
fe54,
fe2c,
fe44,
fe46,
fe6b,
fedc,
ff61,
ffde,
0068,
00ae,
00aa,
00c8,
0102,
0120,
0117,
00cc,
0002,
0003,
0002,
0000,
0001,
0002,
0000,
0000,
0000,
0000,
0000,
0000,
ffff,
0000,
0000,
ffff,
0002,
0004,
0003,
0002,
0002,
fffe,
fffc,
fffc,
fffd,
ffff,
0000,
fffd,
0003,
fffd,
0005,
ffff,
0008,
fffb,
0006,
fffc,
fffc,
0006,
0000,
fffe,
02fe,
0fcc,
09be,
f864,
fa5c,
f87e,
f9d7,
08c8,
117c,
1842,
20db,
0d74,
f430,
f8c0,
f242,
de68,
e32f,
eaf0,
e99c,
f456,
0012,
02fe,
0b53,
135a,
106e,
1007,
116e,
0b25,
046f,
00bd,
fc50,
f914,
f8e3,
f6b8,
f4b7,
f6dc,
f809,
f65c,
f7fc,
fc7b,
fed0,
0123,
0457,
05b6,
057f,
05e3,
05c8,
0518,
0455,
01f2,
ff91,
fe90,
fd78,
fbf4,
fb51,
fad8,
fabb,
fc37,
fdf5,
ff56,
00f2,
0235,
0286,
02cb,
02f4,
0298,
0212,
0139,
002c,
ff58,
feac,
fe08,
fdd9,
fe09,
fe15,
fe42,
fec1,
ff49,
ffd1,
0067,
00b1,
00a7,
00c5,
0106,
0132,
014e,
0121,
0080,
0001,
0000,
0001,
0000,
ffff,
0000,
0000,
fffe,
0000,
0000,
0000,
0000,
fffe,
fffe,
0000,
0001,
0002,
0004,
0004,
0001,
fffd,
fffc,
fffa,
fffc,
ffff,
fffe,
fffd,
0003,
fffc,
0005,
fffe,
0005,
fffd,
0002,
ffff,
fff4,
0012,
ffee,
0011,
0264,
10d5,
0c61,
f7bb,
f92e,
f7a5,
f81f,
08b9,
1344,
1a65,
247b,
0fcc,
f20e,
f7b3,
f251,
da8c,
df10,
e914,
e732,
f336,
0138,
03f2,
0cdb,
165d,
12b9,
1154,
12b5,
0b6a,
03a5,
ffff,
fc2f,
f8a0,
f7bd,
f5b8,
f3f6,
f64d,
f790,
f586,
f719,
fc57,
fee8,
0115,
04d5,
06b8,
0695,
0729,
0711,
05ed,
0513,
027b,
ff8a,
fe7f,
fd56,
fb3d,
fa46,
f9e8,
f9c6,
fb33,
fcf7,
fead,
00fe,
029d,
02d5,
0344,
03c6,
0373,
02c1,
01ae,
005f,
ff66,
feb8,
fdfb,
fda2,
fdb4,
fdaa,
fdc6,
fe5d,
ff1d,
ffba,
0058,
00c0,
00d2,
00e8,
010f,
0136,
0161,
0152,
00cd,
0026,
0002,
0000,
0000,
0002,
0000,
ffff,
0000,
ffff,
0000,
0000,
fffe,
ffff,
0000,
ffff,
0001,
0004,
0004,
0003,
0002,
fffd,
fffc,
fffc,
fffb,
0000,
0001,
fffc,
0003,
fffe,
0004,
0001,
0003,
0001,
fff7,
000c,
ffe3,
0024,
ffd3,
0038,
0172,
1132,
1039,
f75e,
f796,
f726,
f610,
082f,
14c6,
1bfd,
284e,
139b,
ef82,
f65f,
f444,
d71a,
d9fa,
e766,
e471,
f0cb,
024a,
04b5,
0d59,
1973,
15ca,
1303,
14aa,
0c3d,
02fb,
ff1f,
fb70,
f832,
f72f,
f488,
f2b6,
f605,
f7d5,
f4ba,
f54f,
fb5b,
ff0b,
0141,
04d6,
071f,
077b,
088e,
08c3,
0767,
0655,
0347,
ffa0,
fe68,
fd6f,
fae3,
f958,
f8e5,
f898,
fa23,
fc48,
fdf1,
0026,
0240,
02fb,
03a7,
047c,
0458,
03b8,
0296,
00fa,
ffae,
fed6,
fdee,
fd6a,
fd70,
fd4b,
fd43,
fdcc,
fe9a,
ff69,
004f,
00e9,
0102,
0114,
0132,
014b,
0186,
0192,
0108,
0047,
ffa5,
0003,
0004,
0002,
0000,
fffe,
fffe,
ffff,
0001,
0000,
fffe,
fffc,
fffd,
fffe,
0003,
0005,
0006,
0003,
ffff,
fffb,
fffd,
fffd,
0000,
ffff,
ffff,
fffa,
fffe,
fffb,
000b,
fffd,
0010,
ffed,
0010,
ffe1,
001e,
ffe4,
002c,
ffbe,
049f,
12f8,
1115,
0127,
ebf2,
e50a,
f9b1,
169e,
2a42,
2442,
0c09,
f4e6,
f59f,
fed1,
ed90,
d83f,
d92d,
e697,
f183,
fb6e,
043a,
07d2,
0f93,
14e3,
1474,
11b5,
0e0e,
07f7,
006c,
fd0c,
f8d9,
f5f9,
f5d0,
f954,
fd90,
fea3,
fac2,
f66c,
faee,
ff55,
ff1a,
0037,
040b,
04d2,
0444,
0625,
05e2,
0319,
fe5c,
f9fb,
f92c,
fba6,
fcab,
fbd6,
fc3e,
fd20,
feeb,
00fc,
02a7,
03c1,
03eb,
02c4,
0159,
0166,
0186,
00ca,
ff5b,
fdc2,
fcc7,
fc9c,
fd14,
fdf5,
fefc,
ff49,
ff14,
ff7a,
0098,
01ca,
025f,
0242,
017d,
0099,
000e,
fff7,
0026,
0005,
ff60,
fe8f,
fe5d,
fee2,
ffab,
0006,
0004,
0002,
0000,
0001,
0003,
0003,
0002,
0000,
ffff,
ffff,
0002,
0006,
0008,
0009,
0004,
0000,
fffc,
ffff,
ffff,
0003,
0002,
0001,
fffc,
0001,
fffe,
000f,
fffe,
0015,
ffe9,
001a,
ffda,
0030,
ffd3,
004b,
ffa2,
06a6,
16cb,
11f4,
fe0e,
e50a,
e118,
feba,
1fd3,
301f,
249a,
06ff,
eef7,
f536,
feee,
e7e9,
d3e0,
d8aa,
e661,
f317,
fe84,
04df,
08a1,
12f6,
16ce,
1594,
12dc,
0d7a,
066a,
00c3,
fcd2,
f6bf,
f4b7,
f4d1,
f890,
fd87,
ff21,
fb33,
f6f1,
fab6,
ff2c,
ffa4,
ff36,
027d,
053c,
0606,
075c,
0731,
0428,
fe2a,
f995,
f8b1,
fab2,
fbff,
fbbd,
fbc7,
fc55,
fe83,
0159,
039d,
0494,
0458,
0309,
01b2,
01a5,
01b3,
00e7,
ff15,
fd45,
fc8a,
fca0,
fd0d,
fdd7,
fed9,
ff0b,
fecf,
ff4a,
008d,
01f4,
029e,
025a,
0165,
0084,
0014,
001c,
0069,
0041,
ff79,
fe95,
fe5b,
fed5,
ff9f,
0023,
0003,
0000,
fffe,
ffff,
0001,
0002,
0001,
fffe,
fffc,
fffd,
ffff,
0005,
0006,
0007,
0003,
fffe,
fff9,
fffb,
fffe,
0002,
0000,
0000,
fff9,
0000,
fff9,
0010,
fffc,
0015,
ffe7,
0012,
ffdf,
0020,
ffe5,
0029,
ffbd,
04bb,
17b0,
1717,
0115,
e3a4,
d9f9,
f950,
2190,
3652,
2a25,
0a03,
ed58,
ef9e,
fec9,
e9ec,
d064,
d59f,
e504,
f0ce,
fe72,
0706,
0783,
128a,
1988,
16e3,
13f7,
0ef0,
06af,
00d5,
fe96,
f68a,
f2f2,
f40f,
f725,
fbd3,
febf,
fcaf,
f7de,
fa4e,
fe76,
ffe7,
ff3d,
0085,
03e1,
06b7,
081c,
07cd,
0657,
fff4,
f9b3,
f804,
f9a9,
fbcf,
fc6c,
fbbe,
faee,
fd86,
0141,
03cc,
0513,
04ce,
0351,
01dd,
01dd,
01e0,
010c,
ff3c,
fd35,
fc2e,
fc4f,
fd18,
fde8,
fec7,
ff13,
fed9,
ff17,
0039,
01cf,
02c2,
029e,
0173,
004b,
ffdd,
0004,
006d,
0066,
ffc0,
febd,
fe37,
fe88,
ff7f,
0054,
0059,
0003,
0000,
fffe,
ffff,
0001,
0002,
0001,
fffe,
fffc,
fffd,
ffff,
0005,
0006,
0007,
0003,
fffe,
fff9,
fffb,
fffe,
0002,
0000,
0000,
fff9,
0000,
fff9,
0010,
fffc,
0015,
ffe7,
0012,
ffdf,
0020,
ffe5,
0029,
ffbd,
04bb,
17b0,
1717,
0115,
e3a4,
d9f9,
f950,
2190,
3652,
2a25,
0a03,
ed58,
ef9e,
fec9,
e9ec,
d064,
d59f,
e504,
f0ce,
fe72,
0706,
0783,
128a,
1988,
16e3,
13f7,
0ef0,
06af,
00d5,
fe96,
f68a,
f2f2,
f40f,
f725,
fbd3,
febf,
fcaf,
f7de,
fa4e,
fe76,
ffe7,
ff3d,
0085,
03e1,
06b7,
081c,
07cd,
0657,
fff4,
f9b3,
f804,
f9a9,
fbcf,
fc6c,
fbbe,
faee,
fd86,
0141,
03cc,
0513,
04ce,
0351,
01dd,
01dd,
01e0,
010c,
ff3c,
fd35,
fc2e,
fc4f,
fd18,
fde8,
fec7,
ff13,
fed9,
ff17,
0039,
01cf,
02c2,
029e,
0173,
004b,
ffdd,
0004,
006d,
0066,
ffc0,
febd,
fe37,
fe88,
ff7f,
0054,
0059,
0000,
fffe,
fffe,
0001,
0002,
0000,
fffe,
fffc,
fffc,
fffe,
0004,
0007,
0008,
0003,
fffd,
fff7,
fff9,
fffc,
0001,
0001,
0001,
fff9,
fffe,
fff8,
000d,
0000,
0011,
fff2,
0003,
fff1,
0002,
000c,
fff7,
0002,
027d,
161d,
1d0d,
06db,
e48c,
d30b,
f100,
1e85,
3ac4,
336b,
0f52,
ee54,
ea42,
fbab,
ed9c,
cf08,
cfd9,
e345,
f0bf,
fba9,
080a,
0962,
1066,
1a17,
1948,
14c9,
0fb3,
0860,
00e6,
ff91,
f886,
f1ea,
f298,
f68b,
fa9b,
fd0f,
fd89,
f92a,
f974,
fd58,
fff9,
0055,
0007,
01fe,
05ef,
08c3,
075c,
06d2,
0332,
fae6,
f68e,
f915,
fcc3,
fd43,
fc24,
fa6e,
fc21,
00ae,
03fd,
0532,
04d3,
037a,
01f2,
01c6,
01cb,
0145,
ffc3,
fd48,
fbb5,
fbe0,
fd15,
fe11,
fede,
ff4a,
ff29,
ff28,
ffe8,
01a2,
02f8,
02e7,
0191,
0022,
ff88,
ffa9,
0036,
0069,
ffd8,
fea5,
fdef,
fe5e,
ff88,
0089,
00ac,
001d,
fffd,
fffe,
0000,
0003,
0002,
ffff,
fffc,
fffc,
0000,
0004,
0008,
0009,
0006,
ffff,
fff9,
fff8,
fffc,
ffff,
0001,
0002,
fffb,
fffc,
fff9,
0009,
0006,
000a,
fffe,
fff3,
0003,
ffea,
0026,
ffd8,
003a,
00c0,
11ef,
2189,
0fee,
e89a,
cd92,
e611,
1846,
3ad6,
3bc7,
19eb,
f333,
e64b,
f653,
f0ec,
d074,
c9aa,
dda0,
f014,
fb65,
06ee,
0a2d,
109e,
1a36,
1a1c,
1646,
108a,
0961,
01d9,
003a,
fa28,
f298,
f1c6,
f500,
fa03,
fbec,
fcff,
faba,
f916,
fae6,
ff67,
0205,
00af,
0111,
0480,
088d,
072b,
060a,
04ec,
fce8,
f63d,
f86d,
fd8f,
fe85,
fd37,
fab8,
faaa,
ff84,
03fc,
0533,
04b5,
039e,
01db,
0182,
01ee,
0165,
ffec,
fd75,
fba5,
fb90,
fcd2,
fe02,
fedd,
ff8d,
ff9b,
ff74,
ffc8,
015c,
031f,
035b,
01f4,
0027,
ff48,
ff54,
ffdc,
0014,
ff95,
fe85,
fdbb,
fe1a,
ff6e,
00c3,
0106,
0067,
ffa6,
fffc,
fffe,
0001,
0002,
ffff,
fffd,
fffc,
fffd,
0002,
0008,
0009,
0006,
ffff,
fff8,
fff5,
fff9,
fffe,
0001,
0001,
fffc,
fff9,
fffa,
0003,
000b,
0004,
0009,
ffea,
000b,
ffde,
002a,
ffcf,
004e,
ffcf,
0c2b,
2214,
1afa,
f1f2,
cb0d,
d983,
0db0,
3721,
41c1,
248f,
fd37,
e87f,
ef70,
f201,
d5a5,
c516,
d4bc,
ebf3,
f976,
070d,
0bfa,
0e7f,
1a9d,
1d4a,
16f2,
10b4,
0b46,
028d,
004b,
fc82,
f325,
f176,
f499,
f8c5,
fad7,
fccd,
fb93,
f88a,
f941,
fe3f,
027e,
01be,
013f,
0351,
0754,
0764,
05ce,
04a1,
fdd4,
f77a,
f8b8,
fdf4,
ff97,
fe47,
fbbd,
fa3c,
fddd,
02dd,
053a,
04d2,
0370,
01df,
017b,
01fc,
0160,
fff5,
fdc0,
fbe5,
fb75,
fc6f,
fdba,
feaf,
ff9c,
fff1,
ffd5,
ffeb,
0134,
0304,
039d,
028a,
009e,
ff54,
feff,
ff56,
ff9e,
ff4d,
fe6c,
fd9a,
fdd6,
ff23,
009f,
0139,
00cf,
ffee,
ff85,
fffe,
0001,
0002,
0001,
fffd,
fffb,
fffc,
0001,
0007,
000a,
0008,
0001,
fffa,
fff6,
fff7,
fffb,
ffff,
0001,
ffff,
fff8,
fffb,
fffe,
000f,
0001,
000e,
ffea,
0009,
ffe2,
001d,
ffe0,
0033,
ffa9,
0658,
1dd7,
2435,
00fd,
ce9c,
ccf9,
ffa7,
2e2b,
43ae,
307b,
0779,
eea7,
ee99,
f107,
daca,
c5f6,
cbaf,
e2ce,
f54a,
0386,
0d6b,
100b,
187e,
1e8a,
1be8,
1222,
0ad0,
04d7,
0097,
fd73,
f4cf,
f140,
f372,
f865,
fa83,
fbb6,
fbd7,
f81f,
f845,
fd8d,
028b,
01eb,
016c,
02e7,
0548,
0744,
0711,
03d4,
fd04,
f95d,
fa61,
fe35,
001e,
fef0,
fcb9,
faf6,
fceb,
00d7,
0444,
04bd,
037e,
024a,
0185,
01a2,
0152,
0068,
fe6a,
fc68,
fb76,
fbf2,
fd42,
fe74,
ff86,
ffe9,
ffee,
0024,
0144,
02df,
03b3,
0319,
0149,
ff9e,
feb3,
fec7,
ff4a,
ff44,
fe7e,
fd99,
fd9b,
fea5,
0033,
0133,
0106,
0027,
ffa3,
002e,
0000,
0001,
0001,
ffff,
fffc,
fffc,
0000,
0005,
000a,
000a,
0004,
fffc,
fff6,
fff6,
fffa,
ffff,
0000,
0001,
fffa,
fffb,
fffb,
000d,
0006,
000c,
fff7,
fffa,
fff6,
fffc,
0009,
fff7,
ffff,
01df,
157f,
2850,
12d8,
db74,
c37b,
ee88,
2149,
3e5b,
3aa2,
14ff,
f6ec,
f019,
f278,
e155,
c903,
c69b,
d89f,
ece9,
fcb2,
0a96,
0ff6,
1870,
2023,
1e73,
16c7,
0db3,
05e0,
010c,
ff77,
f648,
f06a,
f2f8,
f6d9,
f9e5,
fbd7,
fb1d,
f6c5,
f834,
fd79,
0236,
02da,
011b,
01b2,
039d,
068e,
07a0,
0428,
fd03,
fa79,
fc5c,
fe85,
0057,
ff9c,
fd40,
fba5,
fcf9,
ff72,
0245,
03e0,
0378,
02c3,
01c0,
013a,
0127,
00fa,
ff8a,
fd6b,
fbe2,
fb8b,
fca2,
fe05,
ff3d,
ffba,
ffc0,
0010,
0126,
02ba,
03c0,
03a6,
020e,
ffe6,
fe81,
fe6f,
ff1c,
ff5a,
fecc,
fdd7,
fd7d,
fe36,
ffa7,
00d0,
00f7,
0065,
ffe4,
0026,
0101,
0000,
0000,
0000,
fffe,
fffc,
ffff,
0004,
0009,
000a,
0006,
ffff,
fff9,
fff6,
fff8,
fffc,
0000,
0001,
fffd,
fffa,
fffb,
0005,
000d,
0005,
0007,
ffef,
0006,
ffe7,
001c,
ffde,
0031,
ffdd,
0b58,
24fb,
22c3,
f0f7,
c267,
dae9,
1281,
3375,
3e14,
239d,
014f,
f560,
f570,
e7a6,
cfa4,
c5e6,
cf35,
e3d9,
f433,
025c,
0c7e,
159a,
1ffb,
235a,
1cb8,
10b8,
099d,
0407,
003b,
f91e,
f0be,
f09f,
f4fc,
f922,
fa95,
fa2c,
f6b0,
f716,
fccf,
028c,
0467,
01b3,
0066,
016a,
053a,
0764,
043f,
fe81,
fc31,
fdc7,
fe9c,
0024,
0064,
fe3f,
fc20,
fc73,
feba,
0109,
029e,
027d,
026f,
0212,
0156,
0129,
013d,
00a1,
fed9,
fd12,
fbcd,
fc13,
fd64,
fea7,
ff53,
ff79,
ffdc,
00ab,
021d,
0398,
0421,
02d0,
0062,
fead,
fe4a,
fede,
ff67,
ff35,
fe52,
fdaa,
fdfa,
ff10,
0046,
00d4,
009c,
0010,
fff9,
009d,
017f,
0000,
0000,
0000,
fffe,
fffc,
ffff,
0004,
0009,
000a,
0006,
ffff,
fff9,
fff6,
fff8,
fffc,
0000,
0001,
fffd,
fffa,
fffb,
0005,
000d,
0005,
0007,
ffef,
0006,
ffe7,
001c,
ffde,
0031,
ffdd,
0b58,
24fb,
22c3,
f0f7,
c267,
dae9,
1281,
3375,
3e14,
239d,
014f,
f560,
f570,
e7a6,
cfa4,
c5e6,
cf35,
e3d9,
f433,
025c,
0c7e,
159a,
1ffb,
235a,
1cb8,
10b8,
099d,
0407,
003b,
f91e,
f0be,
f09f,
f4fc,
f922,
fa95,
fa2c,
f6b0,
f716,
fccf,
028c,
0467,
01b3,
0066,
016a,
053a,
0764,
043f,
fe81,
fc31,
fdc7,
fe9c,
0024,
0064,
fe3f,
fc20,
fc73,
feba,
0109,
029e,
027d,
026f,
0212,
0156,
0129,
013d,
00a1,
fed9,
fd12,
fbcd,
fc13,
fd64,
fea7,
ff53,
ff79,
ffdc,
00ab,
021d,
0398,
0421,
02d0,
0062,
fead,
fe4a,
fede,
ff67,
ff35,
fe52,
fdaa,
fdfa,
ff10,
0046,
00d4,
009c,
0010,
fff9,
009d,
017f,
0001,
0000,
fffe,
fffc,
fffc,
0001,
0007,
000b,
0009,
0003,
fffb,
fff6,
fff6,
fffa,
fffe,
ffff,
ffff,
fff9,
fffb,
ffff,
000e,
0005,
000b,
fff5,
ffff,
fff4,
0003,
ffff,
0001,
ffe0,
031b,
19d3,
2b33,
0c0a,
cf44,
c7fc,
ff0c,
270c,
391b,
2fee,
0deb,
fb41,
fb30,
f196,
d763,
c7a6,
c9a3,
da3f,
ec4e,
f953,
045b,
0ebe,
1bc9,
23e8,
23c9,
18dd,
0d22,
0742,
0473,
fe0e,
f22a,
eef8,
f24a,
f68f,
f940,
f864,
f5c2,
f64f,
fbb9,
0162,
05c4,
0421,
0042,
ffaa,
031b,
05eb,
0427,
00f0,
fe16,
feb3,
ff99,
ffdc,
0032,
ff4f,
fd91,
fbf4,
fd37,
ffe3,
020a,
01d2,
00fb,
0152,
018e,
01a3,
0186,
0166,
003a,
fe9f,
fd09,
fc41,
fce9,
fde8,
feb8,
ff15,
ff8c,
0015,
012e,
02d4,
03e0,
0369,
015d,
ff4c,
fe5a,
feb4,
ff67,
ff7e,
fedf,
fe20,
fe04,
fe9c,
ffd0,
00c9,
00cf,
001a,
ffa7,
001b,
00fe,
019f,
0000,
ffff,
fffd,
fffc,
ffff,
0005,
000a,
000a,
0007,
ffff,
fff9,
fff5,
fff8,
fffb,
ffff,
0000,
fffd,
fff9,
fffd,
0006,
000e,
0002,
0009,
ffec,
000b,
ffe4,
0021,
ffd4,
0036,
ffc1,
0b36,
26b3,
23de,
ecb5,
c02b,
e39c,
1942,
2f03,
351e,
1cee,
01c8,
fec6,
fd77,
e5ac,
cdf7,
c6f5,
ce6d,
e3eb,
f357,
fb6e,
04f4,
131b,
1efd,
2564,
21ee,
143e,
0c09,
089c,
041c,
f922,
f00c,
ef72,
f2ea,
f707,
f5ea,
f443,
f4f5,
f911,
ff6e,
05b3,
067f,
01ca,
ffca,
0134,
03b5,
03a0,
0294,
00c8,
ffaa,
0037,
0042,
0069,
ff92,
fea3,
fcc8,
fc19,
fe0c,
0085,
01a2,
00a1,
000f,
0052,
0176,
0232,
0231,
0191,
000b,
fe8b,
fd57,
fd2f,
fd84,
fe1d,
fea0,
ff09,
ff7f,
0025,
0190,
02e9,
0354,
0231,
004a,
feea,
feaa,
ff4e,
ffc1,
ff85,
fea6,
fe17,
fe77,
ff92,
00bb,
0100,
0051,
ff79,
ff7a,
003e,
0118,
014e,
ffff,
fffd,
fffc,
fffd,
0001,
0007,
000a,
0008,
0002,
fffb,
fff7,
fff6,
fff9,
fffd,
fffe,
fffe,
fff9,
fffa,
fffe,
000d,
0006,
0005,
fffd,
fff6,
0001,
fff2,
0017,
ffdb,
0019,
0140,
1600,
2ca2,
11c7,
d24f,
c74a,
00fa,
2523,
3010,
2af5,
0d8b,
ff70,
0457,
f82f,
db10,
cc38,
c86a,
d3ff,
eac4,
f6f5,
fc56,
0710,
1630,
203b,
2569,
1d92,
1112,
0cfd,
0b21,
02b0,
f576,
f0da,
f105,
f304,
f3b4,
f206,
f2bf,
f5b1,
fb96,
029f,
0794,
04a6,
008c,
00e9,
0219,
02c2,
0340,
0336,
0153,
00ed,
00ec,
009d,
003c,
ff3e,
fdc6,
fc0b,
fc8d,
fe69,
0047,
0090,
ffdd,
ff6d,
ffc7,
0176,
02b9,
0301,
01ce,
fffd,
fe99,
fe10,
fe10,
fe0d,
fe5e,
fe98,
fee0,
ff34,
0015,
0181,
028f,
0262,
0101,
ffa8,
fef9,
ff3f,
ffe7,
0019,
ff6d,
fe77,
fe5c,
ff4f,
00aa,
0147,
00ba,
ffa7,
ff18,
ff74,
003b,
00dd,
00b2,
ffff,
fffd,
fffc,
fffe,
0003,
0009,
000a,
0007,
0000,
fffb,
fff6,
fff8,
fffb,
fffe,
fffe,
fffe,
fff7,
fffd,
0001,
0011,
ffff,
000d,
ffef,
0008,
ffee,
0010,
fff0,
000e,
ffc0,
04ba,
1fd0,
2acb,
fc4b,
c4ef,
da33,
14af,
2810,
2d44,
1f69,
050e,
0326,
064b,
ef7a,
d653,
cd51,
ca7f,
d9f2,
eee6,
f6f4,
fccd,
0a7e,
1791,
20d8,
240b,
18ab,
0f72,
0f24,
0c6e,
00a4,
f59d,
f282,
f1c5,
f21a,
f00a,
f004,
f292,
f653,
fd2e,
04b2,
0686,
0258,
0144,
016f,
01a7,
038c,
04f3,
03d5,
01fb,
01ca,
0134,
00f8,
0016,
fe71,
fccf,
fbd7,
fc91,
fe30,
ffb6,
ff98,
ff34,
ff02,
ffb4,
019d,
0341,
038f,
01f3,
0028,
ff0e,
fede,
fed5,
feae,
fea8,
fe78,
fe79,
fec4,
ffe3,
0144,
01e0,
0148,
0020,
ff59,
ff3d,
ffe3,
0073,
003d,
ff56,
feae,
ff13,
0047,
0155,
014c,
004f,
ff37,
fee3,
ff63,
001e,
0073,
ffff,
ffff,
fffd,
fffc,
fffe,
0003,
0009,
000a,
0007,
0000,
fffb,
fff6,
fff8,
fffb,
fffe,
fffe,
fffe,
fff7,
fffd,
0001,
0011,
ffff,
000d,
ffef,
0008,
ffee,
0010,
fff0,
000e,
ffc0,
04ba,
1fd0,
2acb,
fc4b,
c4ef,
da33,
14af,
2810,
2d44,
1f69,
050e,
0326,
064b,
ef7a,
d653,
cd51,
ca7f,
d9f2,
eee6,
f6f4,
fccd,
0a7e,
1791,
20d8,
240b,
18ab,
0f72,
0f24,
0c6e,
00a4,
f59d,
f282,
f1c5,
f21a,
f00a,
f004,
f292,
f653,
fd2e,
04b2,
0686,
0258,
0144,
016f,
01a7,
038c,
04f3,
03d5,
01fb,
01ca,
0134,
00f8,
0016,
fe71,
fccf,
fbd7,
fc91,
fe30,
ffb6,
ff98,
ff34,
ff02,
ffb4,
019d,
0341,
038f,
01f3,
0028,
ff0e,
fede,
fed5,
feae,
fea8,
fe78,
fe79,
fec4,
ffe3,
0144,
01e0,
0148,
0020,
ff59,
ff3d,
ffe3,
0073,
003d,
ff56,
feae,
ff13,
0047,
0155,
014c,
004f,
ff37,
fee3,
ff63,
001e,
0073,
ffff,
fffe,
fffc,
fffc,
0000,
0004,
0008,
0009,
0005,
ffff,
fffa,
fff7,
fffa,
fffc,
fffe,
fffd,
fffc,
fff6,
fffe,
0004,
0010,
fffc,
000c,
ffe9,
0011,
ffe2,
0024,
ffd1,
003a,
ff86,
08de,
262f,
2475,
eaf7,
c32c,
ecb0,
1e3c,
271a,
28b7,
162d,
02a1,
084b,
0483,
e893,
d605,
ce51,
cd02,
df27,
f07f,
f58f,
fd07,
0c0d,
186a,
21e2,
215b,
150d,
0f6c,
109e,
0c49,
ffae,
f779,
f483,
f1b3,
f029,
ef0e,
efe5,
f1b4,
f687,
fe1f,
0455,
0448,
019d,
012a,
00a3,
029b,
05a3,
068a,
04ba,
02cb,
0223,
01d2,
018b,
ff90,
fd8f,
fbf1,
fb70,
fc62,
fde2,
fee7,
fea4,
fe96,
febe,
fff9,
01e7,
0395,
03b5,
020f,
0098,
ffce,
ffbb,
ff91,
ff59,
fecf,
fe31,
fdfb,
fe5d,
ffa4,
00c5,
00fd,
004b,
ff93,
ff3b,
ff88,
005b,
00ba,
0057,
ff90,
ff4f,
ffe6,
00fa,
0196,
0118,
ffee,
fef1,
feca,
ff49,
ffe8,
fffd,
ff5f,
ffff,
fffd,
fffe,
0001,
0005,
0009,
0008,
0004,
fffe,
fffa,
fff8,
fffa,
fffc,
fffe,
fffd,
fffb,
fff8,
ffff,
0006,
000d,
fffd,
000b,
ffea,
0014,
ffe0,
002b,
ffc4,
004d,
ff81,
0bf6,
28e3,
1dc6,
e0eb,
c743,
f9a7,
216b,
243c,
2396,
105d,
03b7,
0ca0,
0214,
e537,
d795,
cf1b,
cf66,
e2d6,
f0c9,
f3e4,
fccf,
0b6e,
17c3,
22c2,
1f54,
12a5,
103a,
1192,
0b13,
fff3,
f9f5,
f5ac,
f1f0,
efe8,
ef2d,
f04f,
f176,
f60d,
fd8e,
02a6,
022c,
00e1,
fff4,
ffe4,
044c,
07ce,
07d3,
05bc,
03ee,
02d8,
02a0,
01fb,
ff38,
fccc,
fae6,
fadb,
fc42,
fd9d,
fdf8,
fdb4,
fe04,
fea4,
0053,
021b,
0396,
0394,
0239,
0128,
00ac,
00a5,
0059,
ffed,
fee3,
fdf6,
fda8,
fe17,
ff3f,
001a,
002a,
ff89,
ff20,
ff21,
ffb7,
008c,
00dc,
0097,
0012,
0007,
009f,
0173,
01aa,
00e4,
ffa4,
fec1,
fec2,
ff3e,
ffad,
ff84,
fedc,
ffff,
fffd,
fffe,
0001,
0005,
0007,
0006,
0002,
fffe,
fffb,
fff8,
fffb,
fffc,
fffd,
fffd,
fffb,
fff8,
ffff,
0007,
000c,
fffb,
0009,
ffeb,
0015,
ffdf,
002e,
ffbf,
0052,
ff7f,
0cc2,
28e6,
1a62,
de39,
cb3c,
ff50,
219e,
2123,
1f83,
0e04,
05a5,
0f71,
0190,
e526,
d9a3,
cff5,
d04c,
e414,
f0db,
f2b5,
fb9c,
09c2,
161f,
2208,
1ec4,
1277,
10c8,
1210,
0a54,
004b,
fbca,
f687,
f257,
f116,
f024,
f05f,
f1cc,
f608,
fbec,
006b,
009f,
ff68,
fe60,
ffd0,
0559,
0904,
091b,
06da,
0522,
0429,
037d,
0233,
ff5b,
fc5b,
f9d1,
fa41,
fc16,
fd22,
fd2d,
fcf3,
fd5e,
fe83,
008d,
0229,
0379,
037c,
0272,
01be,
018b,
0175,
0108,
0061,
fef7,
fddd,
fd78,
fdcf,
fec4,
ff7f,
ff8c,
fef7,
feb8,
fef6,
ffc0,
009a,
00ff,
00ea,
008f,
00a0,
012a,
01c6,
01b5,
00c6,
ff7e,
feab,
feb9,
ff2d,
ff7b,
ff26,
fe76,
ffff,
fffd,
fffe,
0001,
0005,
0007,
0007,
0003,
fffe,
fffb,
fff9,
fffc,
fffc,
fffd,
fffd,
fffb,
fff8,
0001,
0005,
000d,
fffb,
000d,
ffe9,
0017,
ffdf,
002d,
ffc0,
0050,
ff6d,
0afe,
26d4,
1b21,
e1d7,
cd73,
fe7f,
2047,
1e2c,
1c91,
0e10,
0717,
1137,
03d1,
e7ab,
dc49,
d1bc,
cfad,
e2aa,
f0e1,
f22e,
f988,
0730,
139b,
200c,
1e5a,
1387,
11c9,
1232,
0a4e,
0134,
fcb9,
f791,
f3a7,
f22b,
f151,
f11f,
f201,
f5fe,
fab9,
fdff,
fece,
fdf4,
fce9,
ff60,
0598,
0943,
09d5,
0849,
0694,
058f,
0483,
02a5,
ffb3,
fc6d,
f948,
f98e,
fbac,
fc9a,
fc83,
fc68,
fcd6,
fe0d,
005e,
021b,
0356,
0374,
02ab,
0240,
0240,
0235,
019d,
00b8,
ff28,
fdf6,
fd7a,
fd95,
fe57,
fefb,
ff05,
fe83,
fe5a,
feb7,
ffa1,
00a1,
0125,
012c,
00e9,
0104,
017f,
0200,
01d7,
00d1,
ff84,
feb0,
feaa,
ff06,
ff4d,
fef8,
fe42,
ffff,
fffe,
fffe,
0000,
0004,
0007,
0006,
0003,
fffe,
fffc,
fff9,
fffc,
fffc,
fffd,
fffc,
fffd,
fff9,
0001,
0002,
000f,
fff9,
000e,
ffea,
0014,
ffe4,
0023,
ffd3,
0037,
ff80,
0731,
2269,
1f28,
eb26,
cec2,
f79c,
1d61,
1c03,
1aa7,
0ff2,
079b,
11bc,
08a8,
ec7d,
df8b,
d50f,
ce7e,
de41,
efd9,
f273,
f721,
0400,
1032,
1d07,
1e68,
14f6,
1276,
12d6,
0b02,
0233,
fdc6,
f8de,
f521,
f33d,
f21a,
f1d5,
f2d1,
f5fc,
f989,
fc3b,
fd25,
fc9f,
fbf8,
fe63,
0494,
08d9,
0a24,
095d,
0808,
070d,
0577,
034f,
0061,
fd0d,
f98e,
f8fc,
fae5,
fc0a,
fc16,
fbf0,
fc66,
fd79,
ffb4,
01c9,
0343,
0396,
02ec,
02a0,
02b5,
02c6,
0222,
0105,
ff60,
fe25,
fd9f,
fd8f,
fe0c,
fe85,
fe95,
fe35,
fe1b,
fe7a,
ff70,
008f,
0132,
0155,
0121,
012c,
0198,
0216,
0206,
0114,
ffbc,
fecc,
fea2,
fede,
ff21,
feeb,
fe43,
0000,
fffe,
fffd,
0000,
0003,
0007,
0006,
0003,
0000,
fffe,
fffb,
fffb,
fffb,
fffd,
fffc,
fffe,
fff7,
ffff,
0001,
000e,
fffb,
0009,
fff3,
0007,
fff8,
0006,
fffd,
fffa,
ffe2,
02e7,
1ad8,
238a,
f976,
d2bf,
ec49,
170b,
1a96,
18fc,
1349,
0832,
1030,
0ea0,
f3ee,
e37b,
da14,
cf1d,
d7e3,
ec26,
f2f7,
f50b,
0051,
0c19,
1898,
1df7,
1743,
12d1,
12da,
0cdf,
03ba,
fec8,
fae6,
f6fb,
f41e,
f2d4,
f220,
f35b,
f6a5,
f88e,
fa43,
fc17,
fbed,
fb20,
fd4a,
02c1,
0768,
0a03,
0a37,
090d,
0858,
0687,
03f3,
0150,
fe48,
fa89,
f8d1,
fa10,
fb5d,
fbce,
fbaa,
fbed,
fcce,
fedb,
0125,
02eb,
03c8,
0357,
02e4,
02e0,
031f,
0290,
0154,
ffb6,
fe61,
fdd6,
fdb3,
fdef,
fe2f,
fe46,
fe01,
fdef,
fe53,
ff37,
0059,
0118,
015c,
0139,
0136,
0186,
01ff,
021f,
0166,
0023,
ff0c,
fead,
fec9,
fefe,
feeb,
fe69,
0000,
fffe,
fffd,
0000,
0003,
0007,
0006,
0003,
0000,
fffe,
fffb,
fffb,
fffb,
fffd,
fffc,
fffe,
fff7,
ffff,
0001,
000e,
fffb,
0009,
fff3,
0007,
fff8,
0006,
fffd,
fffa,
ffe2,
02e7,
1ad8,
238a,
f976,
d2bf,
ec49,
170b,
1a96,
18fc,
1349,
0832,
1030,
0ea0,
f3ee,
e37b,
da14,
cf1d,
d7e3,
ec26,
f2f7,
f50b,
0051,
0c19,
1898,
1df7,
1743,
12d1,
12da,
0cdf,
03ba,
fec8,
fae6,
f6fb,
f41e,
f2d4,
f220,
f35b,
f6a5,
f88e,
fa43,
fc17,
fbed,
fb20,
fd4a,
02c1,
0768,
0a03,
0a37,
090d,
0858,
0687,
03f3,
0150,
fe48,
fa89,
f8d1,
fa10,
fb5d,
fbce,
fbaa,
fbed,
fcce,
fedb,
0125,
02eb,
03c8,
0357,
02e4,
02e0,
031f,
0290,
0154,
ffb6,
fe61,
fdd6,
fdb3,
fdef,
fe2f,
fe46,
fe01,
fdef,
fe53,
ff37,
0059,
0118,
015c,
0139,
0136,
0186,
01ff,
021f,
0166,
0023,
ff0c,
fead,
fec9,
fefe,
feeb,
fe69,
0001,
ffff,
fffd,
ffff,
0001,
0005,
0006,
0005,
0001,
ffff,
fffc,
fffb,
fffc,
fffd,
fffd,
fffd,
fffa,
fffc,
0001,
0008,
0004,
fffe,
0004,
fff3,
0011,
ffe6,
0026,
ffc5,
0045,
0014,
1075,
241c,
0aaa,
dd43,
e0a4,
0b15,
18de,
1702,
16f5,
0b01,
0c93,
12f9,
fe36,
e895,
dfb9,
d323,
d230,
e4d9,
f233,
f3be,
fc62,
07e0,
1310,
1bfb,
19db,
1439,
1224,
0e5f,
0651,
0028,
fcb2,
f970,
f59d,
f336,
f245,
f373,
f71b,
f861,
f891,
fabb,
fbe6,
fb03,
fc1f,
00bf,
055c,
08e4,
0a9a,
0a03,
091f,
0757,
04c2,
0253,
ffb2,
fc1d,
f955,
f968,
fa9e,
fb7e,
fb90,
fb99,
fc2e,
fde4,
0060,
0266,
03b1,
03ce,
034d,
02df,
0313,
02d7,
019e,
001c,
febb,
fe09,
fdcc,
fdf0,
fe12,
fe22,
fdff,
fddd,
fe34,
ff00,
000c,
00d6,
0142,
013e,
012c,
0165,
01c7,
0202,
0197,
0098,
ff77,
fed4,
fec5,
feed,
ff01,
feaf,
0001,
0000,
ffff,
ffff,
0001,
0004,
0006,
0005,
0003,
0000,
ffff,
fffb,
fffc,
fffc,
fffd,
fffd,
fffe,
fff9,
0001,
0001,
000d,
fff9,
000d,
ffed,
0012,
ffe7,
001e,
ffd9,
002e,
ff9b,
0632,
1d50,
1a07,
eff2,
db2e,
f980,
13bd,
14e0,
18ba,
1138,
097b,
1290,
09d1,
f0af,
e4ff,
da4e,
d0ab,
db58,
ede1,
f2fe,
f83c,
039f,
0d3b,
17a2,
1b41,
16da,
1215,
0f09,
093a,
0245,
fe80,
fbb2,
f801,
f45a,
f246,
f31e,
f70a,
f87e,
f783,
f94d,
fb86,
fb55,
fba0,
fee7,
030e,
06fb,
0a12,
0aa8,
09d2,
07f2,
057f,
0351,
010d,
fded,
fa9f,
f957,
f9e8,
fafa,
fb71,
fb76,
fbd0,
fd09,
ff70,
01ba,
0358,
0403,
03bc,
030d,
02cd,
02c1,
01db,
008f,
ff3d,
fe4b,
fdd8,
fde0,
fe13,
fe31,
fe39,
fdfd,
fe1a,
fec4,
ffb4,
007e,
0103,
0138,
0127,
0142,
017d,
01b8,
019a,
00f0,
ffe9,
ff18,
fee1,
fefb,
ff29,
ff0a,
0001,
0000,
0000,
fffe,
ffff,
0002,
0004,
0006,
0004,
0002,
0000,
fffd,
fffb,
fffc,
fffc,
fffc,
fffe,
fff9,
fffd,
ffff,
0007,
0002,
0003,
0001,
fff8,
0009,
ffef,
001a,
ffd5,
002f,
006b,
1017,
1fd4,
0771,
e2b5,
e86d,
074d,
119c,
16ea,
1858,
0ba6,
0d61,
11a9,
fd2b,
eab4,
e244,
d566,
d420,
e513,
f10d,
f498,
fe8d,
0840,
1144,
19a0,
1982,
13a5,
0f34,
0bf4,
052e,
0042,
fe01,
fa7a,
f682,
f345,
f2c8,
f603,
f870,
f730,
f7ca,
fac3,
fb7f,
fb8e,
fdbf,
0105,
04a4,
0892,
0a84,
0a49,
08c6,
063c,
03ff,
021b,
ffa8,
fc79,
fa19,
f996,
fa45,
fb22,
fb63,
fbb1,
fc9c,
fe7c,
00ce,
02ae,
03e0,
03fe,
0358,
02a5,
0267,
01df,
00f1,
ffe5,
fec3,
fe02,
fdc2,
fdf8,
fe45,
fe88,
fe5d,
fe26,
fe88,
ff45,
0013,
00b4,
0119,
0129,
0128,
0138,
0158,
0167,
010d,
004b,
ff7b,
ff17,
ff18,
ff46,
ff57,
0001,
0000,
0000,
ffff,
fffe,
0000,
0002,
0005,
0006,
0004,
0001,
ffff,
fffb,
fffc,
fffc,
fffd,
fffd,
fffe,
fff9,
ffff,
ffff,
000b,
fffc,
000b,
fff2,
000b,
ffef,
0013,
ffe7,
001c,
ffba,
0412,
17b3,
1986,
f7db,
e2ac,
f526,
09a6,
11e2,
1b08,
1428,
09d7,
10d4,
0aba,
f43c,
e8d8,
de9f,
d3e2,
db0d,
eb2f,
f1e4,
f87d,
036d,
0b1f,
1424,
19f6,
1678,
1012,
0d76,
093c,
0277,
ffd7,
fd42,
f8e5,
f557,
f3bd,
f4ee,
f729,
f76f,
f6cf,
f916,
fb64,
fbcf,
fce5,
ff55,
02bf,
0668,
0959,
0a4e,
0990,
0758,
04aa,
02b9,
00d4,
fe82,
fbae,
f9e4,
f9c4,
fa81,
fb3b,
fbc2,
fc8b,
fdca,
ffd7,
01bd,
0339,
0401,
03a1,
02b9,
020c,
01b6,
0123,
0070,
ff6c,
fe75,
fded,
fdc9,
fe18,
fe95,
fed4,
fe8c,
fe76,
fedf,
ff8e,
0051,
00e5,
0129,
011c,
010d,
00ff,
0109,
0108,
00a3,
ffef,
ff54,
ff27,
ff45,
ff83,
0001,
0000,
0000,
ffff,
fffe,
0000,
0002,
0005,
0006,
0004,
0001,
ffff,
fffb,
fffc,
fffc,
fffd,
fffd,
fffe,
fff9,
ffff,
ffff,
000b,
fffc,
000b,
fff2,
000b,
ffef,
0013,
ffe7,
001c,
ffba,
0412,
17b3,
1986,
f7db,
e2ac,
f526,
09a6,
11e2,
1b08,
1428,
09d7,
10d4,
0aba,
f43c,
e8d8,
de9f,
d3e2,
db0d,
eb2f,
f1e4,
f87d,
036d,
0b1f,
1424,
19f6,
1678,
1012,
0d76,
093c,
0277,
ffd7,
fd42,
f8e5,
f557,
f3bd,
f4ee,
f729,
f76f,
f6cf,
f916,
fb64,
fbcf,
fce5,
ff55,
02bf,
0668,
0959,
0a4e,
0990,
0758,
04aa,
02b9,
00d4,
fe82,
fbae,
f9e4,
f9c4,
fa81,
fb3b,
fbc2,
fc8b,
fdca,
ffd7,
01bd,
0339,
0401,
03a1,
02b9,
020c,
01b6,
0123,
0070,
ff6c,
fe75,
fded,
fdc9,
fe18,
fe95,
fed4,
fe8c,
fe76,
fedf,
ff8e,
0051,
00e5,
0129,
011c,
010d,
00ff,
0109,
0108,
00a3,
ffef,
ff54,
ff27,
ff45,
ff83,
0000,
0001,
0001,
0000,
ffff,
ffff,
0000,
0003,
0005,
0005,
0003,
0001,
fffe,
fffb,
fffc,
fffc,
fffd,
fffe,
fffc,
fffa,
ffff,
0003,
0007,
0000,
0006,
fff5,
000b,
ffed,
0018,
ffdc,
0032,
ffc3,
08ee,
1a9e,
1035,
ef69,
e81e,
faed,
096a,
165b,
1c3d,
0f3f,
0afc,
10b5,
02ac,
f010,
e79b,
db6c,
d5eb,
e1b4,
ede4,
f34e,
fcd0,
066f,
0d16,
1600,
1884,
1284,
0e20,
0c7c,
06a3,
014b,
ffac,
fbbe,
f785,
f59d,
f57a,
f5cc,
f698,
f6cc,
f74c,
fa2b,
fc17,
fcc6,
fdcb,
00cc,
049b,
077c,
098d,
09c6,
0882,
05db,
0353,
017c,
ffda,
fdb1,
fafd,
f9c8,
f9eb,
facb,
fbb9,
fc9d,
fd8c,
fee8,
00c1,
0244,
038c,
03c7,
0303,
020d,
017c,
0125,
00ae,
0007,
ff0d,
fe63,
fde9,
fdcd,
fe3c,
fed4,
ff04,
fecb,
fed1,
ff23,
ffd5,
0090,
0103,
011c,
00f6,
00cf,
00bd,
00d6,
00c3,
0050,
ffb0,
ff3f,
ff2a,
ff64,
0000,
0001,
0001,
0002,
0000,
ffff,
ffff,
0001,
0004,
0006,
0005,
0003,
0000,
fffd,
fffc,
fffc,
fffd,
fffd,
fffe,
fffb,
fffd,
fffe,
0005,
0003,
0006,
0000,
fffc,
0001,
fffa,
0008,
fff1,
000c,
009d,
0cfc,
19e6,
0813,
ecd8,
eca9,
fc17,
0b83,
1b2b,
1a36,
0bfb,
0c8e,
0dc3,
fcc3,
eebf,
e619,
d9e3,
d9e7,
e66b,
ef14,
f583,
006c,
07e9,
0e76,
1689,
156c,
0fbc,
0db9,
0b3a,
04c3,
0133,
fed0,
fa17,
f777,
f6e5,
f66c,
f58a,
f61e,
f679,
f81a,
fb58,
fcef,
fd65,
fec9,
0272,
05be,
083c,
097b,
08d1,
0726,
04a5,
0247,
0084,
ff35,
fcc9,
fa65,
f9db,
fa54,
fb4d,
fc6c,
fd83,
fe5d,
ffaf,
0141,
02a9,
03a3,
0364,
027c,
018f,
0114,
00bc,
0054,
ffaa,
fed5,
fe49,
fddd,
fde1,
fe52,
fee8,
ff26,
ff1e,
ff34,
ff7e,
0015,
00aa,
0114,
0112,
00d3,
0094,
007f,
009c,
0091,
002a,
ff88,
ff1f,
ff1f,
ffff,
0000,
0001,
0001,
0001,
0000,
ffff,
ffff,
0000,
0003,
0005,
0005,
0003,
0000,
fffd,
fffc,
fffc,
fffd,
ffff,
fffe,
fffb,
fffd,
ffff,
0005,
0003,
0005,
fffd,
ffff,
fffe,
0000,
0001,
0000,
ffed,
01d6,
0f77,
1774,
02b2,
ecf9,
ee88,
fca4,
0f7c,
1dc0,
16d8,
0a7f,
0d05,
0a1c,
f996,
ee74,
e497,
da53,
de3e,
e938,
f001,
f811,
02ad,
0852,
0f53,
154d,
127b,
0ea5,
0d6a,
09ef,
0401,
010d,
fd65,
f988,
f851,
f7ae,
f66e,
f569,
f5d2,
f671,
f925,
fc3f,
fd70,
fe31,
003c,
0375,
066a,
08ae,
08f8,
07ac,
05d3,
039f,
0193,
0010,
fe6a,
fbf1,
fa43,
fa05,
faad,
fbf1,
fd1d,
fe07,
fee9,
002f,
019d,
0302,
03af,
031f,
021c,
013d,
00c9,
0071,
fff5,
ff3b,
fe9e,
fe27,
fdbf,
fddf,
fe68,
ff02,
ff4b,
ff70,
ff92,
ffd5,
0052,
00d3,
0120,
00f9,
0099,
004c,
0052,
007f,
0073,
000d,
ff77,
ff12,
ffff,
0000,
0000,
0001,
0002,
0001,
0000,
ffff,
ffff,
0000,
0003,
0005,
0004,
0002,
ffff,
fffd,
fffc,
fffc,
fffe,
ffff,
fffe,
fffb,
fffd,
0000,
0006,
0003,
0004,
fffd,
fffe,
ffff,
fffe,
0002,
fffe,
fff7,
02ef,
1075,
14ae,
ffdb,
ed8e,
eee7,
fe1f,
1331,
1de7,
13ea,
09fa,
0c4b,
073e,
f84e,
ee4a,
e3e0,
dc34,
e1cc,
eae7,
f125,
fa3a,
03a5,
0859,
0f0b,
1359,
10c3,
0e11,
0d00,
091f,
03a5,
007c,
fc93,
f9cd,
f908,
f7cb,
f648,
f5a1,
f5c0,
f6b9,
fa06,
fcc4,
fddd,
ff90,
0199,
03c5,
06a3,
08d2,
0844,
067b,
04b0,
02b9,
014a,
ffee,
fdd5,
fb70,
fa23,
f9f0,
fae4,
fc86,
fd96,
fe44,
ff36,
00b3,
0237,
037a,
03b0,
02d9,
01ef,
012d,
0091,
fff8,
ff72,
fee0,
fe58,
fdd4,
fd92,
fdeb,
fe8f,
ff2a,
ff97,
ffd9,
ffe1,
000f,
0087,
00fe,
0123,
00d7,
0061,
001e,
0046,
0082,
006c,
fff7,
ff59,
0001,
ffff,
0000,
0000,
0000,
0001,
0001,
0000,
ffff,
ffff,
0000,
0003,
0005,
0004,
0001,
ffff,
fffc,
fffc,
fffd,
ffff,
ffff,
ffff,
fffc,
fffe,
0000,
0006,
0002,
0004,
fffc,
fffe,
fffe,
fffe,
0004,
fff8,
001f,
03a4,
104f,
1253,
fec1,
ee00,
ef1f,
0014,
153c,
1cae,
11ff,
0980,
0b18,
0593,
f7ff,
ee6b,
e445,
dea1,
e482,
ec0f,
f23f,
fb95,
03d9,
07af,
0de0,
11d8,
0f98,
0d9e,
0cd1,
08a5,
0357,
002e,
fc54,
fa17,
f988,
f7e0,
f609,
f5ac,
f623,
f75b,
fa8d,
fd00,
feaf,
00d8,
0254,
03ce,
0692,
08b8,
077c,
054b,
03cb,
0259,
0139,
ffeb,
fd94,
faed,
f9c1,
f9c1,
fae3,
fcaf,
fddf,
fea1,
ffba,
016c,
02ed,
03cf,
0397,
02c2,
01f8,
0110,
002a,
ff65,
fef0,
fe70,
fddc,
fd74,
fd8b,
fe1d,
fed0,
ff86,
fff1,
000c,
0005,
0039,
00b3,
0122,
0131,
00cd,
0060,
002b,
003a,
005a,
0038,
ffc0,
0002,
0000,
ffff,
ffff,
ffff,
0000,
0001,
0001,
ffff,
fffe,
fffe,
0000,
0003,
0004,
0003,
0000,
fffe,
fffc,
fffc,
fffd,
fffe,
fffe,
ffff,
fffb,
fffe,
ffff,
0007,
0000,
0005,
fffa,
0001,
fffb,
0001,
0001,
fff9,
0052,
03ed,
0f72,
108b,
fe98,
ee6b,
efb5,
01a3,
15a6,
1b35,
10d6,
08f0,
0a01,
04b2,
f82f,
ef00,
e56e,
e112,
e684,
ecf5,
f32a,
fc5d,
0374,
067a,
0cc3,
1092,
0e90,
0d88,
0cc0,
081a,
033c,
0028,
fc25,
fa71,
fa17,
f7dd,
f584,
f5cb,
f723,
f833,
fac5,
fd58,
ff90,
0175,
028b,
03f6,
066f,
0814,
06cd,
04aa,
0336,
0231,
012f,
ffa0,
fd36,
faae,
f948,
f942,
fab8,
fcc4,
fe4e,
ff66,
00a3,
0213,
035b,
0409,
03a4,
02be,
01d6,
00c6,
ffa2,
fec1,
fe4e,
fdf3,
fda3,
fd74,
fd9b,
fe3d,
ff17,
ffdc,
003d,
0033,
001c,
005d,
00eb,
0161,
0165,
00ec,
0055,
0001,
000a,
001d,
fff2,
0002,
0000,
ffff,
ffff,
ffff,
0000,
0001,
0001,
ffff,
fffe,
fffe,
0000,
0003,
0004,
0003,
0000,
fffe,
fffc,
fffc,
fffd,
fffe,
fffe,
ffff,
fffb,
fffe,
ffff,
0007,
0000,
0005,
fffa,
0001,
fffb,
0001,
0001,
fff9,
0052,
03ed,
0f72,
108b,
fe98,
ee6b,
efb5,
01a3,
15a6,
1b35,
10d6,
08f0,
0a01,
04b2,
f82f,
ef00,
e56e,
e112,
e684,
ecf5,
f32a,
fc5d,
0374,
067a,
0cc3,
1092,
0e90,
0d88,
0cc0,
081a,
033c,
0028,
fc25,
fa71,
fa17,
f7dd,
f584,
f5cb,
f723,
f833,
fac5,
fd58,
ff90,
0175,
028b,
03f6,
066f,
0814,
06cd,
04aa,
0336,
0231,
012f,
ffa0,
fd36,
faae,
f948,
f942,
fab8,
fcc4,
fe4e,
ff66,
00a3,
0213,
035b,
0409,
03a4,
02be,
01d6,
00c6,
ffa2,
fec1,
fe4e,
fdf3,
fda3,
fd74,
fd9b,
fe3d,
ff17,
ffdc,
003d,
0033,
001c,
005d,
00eb,
0161,
0165,
00ec,
0055,
0001,
000a,
001d,
fff2,
0002,
0003,
0002,
0001,
0000,
0001,
0002,
0002,
0001,
0001,
ffff,
ffff,
0000,
0003,
0004,
0003,
0001,
ffff,
fffd,
fffd,
fffe,
ffff,
ffff,
0000,
fffd,
0000,
ffff,
0007,
0000,
0006,
fff9,
0003,
fff8,
0007,
fffc,
0004,
007d,
03da,
0e20,
0f40,
ff08,
ef2f,
f088,
0247,
14f2,
19c4,
1025,
086d,
090b,
044f,
f8e2,
f00a,
e70a,
e36a,
e809,
ed97,
f3e4,
fcb6,
027b,
0534,
0ba5,
0f3b,
0e0a,
0db1,
0c46,
07ba,
0389,
000e,
fc25,
faf2,
fa5d,
f7a3,
f571,
f635,
f804,
f923,
fb20,
fdbc,
0008,
0192,
027f,
0406,
0633,
0758,
065d,
04a2,
02f9,
01a0,
00b1,
ff46,
fcdc,
fa47,
f8d4,
f902,
fae5,
fd30,
fed5,
002f,
017e,
02bb,
03a7,
03ff,
0384,
02a4,
018d,
0030,
ff0a,
fe59,
fdfe,
fdb0,
fd7f,
fd71,
fdbc,
fe72,
ff51,
0019,
0076,
006f,
0065,
00ad,
011a,
0162,
0153,
00e5,
0054,
ffe9,
ffcc,
ffd0,
0000,
0002,
0002,
0000,
ffff,
ffff,
0000,
0000,
0001,
ffff,
ffff,
fffe,
fffe,
0000,
0001,
0002,
0002,
0000,
ffff,
fffd,
fffd,
fffd,
ffff,
ffff,
ffff,
fffd,
ffff,
fffe,
0006,
ffff,
0005,
fff7,
0003,
fff7,
0008,
fff6,
0011,
009c,
0396,
0c9d,
0e34,
ffba,
f059,
f172,
0236,
1395,
1851,
0fc1,
0804,
0832,
0445,
f9df,
f145,
e900,
e5a7,
e921,
ee21,
f4a0,
fc8c,
0138,
041b,
0a67,
0e1e,
0dd2,
0d77,
0bc0,
07d7,
03ad,
ffd6,
fc6c,
fb67,
fa5c,
f796,
f5f3,
f6dc,
f872,
f9e3,
fc04,
fdf9,
fffe,
0187,
024c,
03e0,
0607,
06d4,
05da,
049a,
02d1,
00f4,
ffdc,
fe7f,
fc69,
fa28,
f8f8,
f979,
fb77,
fda6,
ff4a,
00df,
0221,
0309,
039a,
03a7,
0328,
026b,
0152,
ffc8,
fe9d,
fe05,
fdbe,
fd90,
fd8e,
fd99,
fde1,
fea0,
ff94,
006a,
00bf,
00ab,
008b,
00b4,
0110,
0151,
0145,
00d4,
0041,
ffd2,
ffa8,
ffff,
0001,
0002,
0002,
0001,
0000,
0001,
0001,
0000,
0001,
0000,
0000,
ffff,
ffff,
0000,
0001,
0002,
0003,
0001,
ffff,
fffe,
fffd,
fffd,
ffff,
ffff,
0000,
fffd,
fffe,
fffe,
0004,
0000,
0004,
fff9,
0002,
fff8,
0008,
fff5,
001d,
00b0,
0330,
0b0a,
0d4f,
00a6,
f1da,
f241,
0195,
11cb,
16f3,
0f94,
07b6,
0786,
0470,
faf9,
f2bc,
eb2b,
e7a1,
e9fe,
eebf,
f529,
fbff,
001d,
031b,
0912,
0d27,
0d87,
0d27,
0b8c,
07d5,
0376,
ffe6,
fcff,
fbb7,
fa48,
f7e7,
f6b8,
f789,
f8f0,
fa61,
fca9,
fe45,
ffc2,
0166,
0249,
0391,
057f,
0644,
0535,
0427,
02c0,
0082,
fec9,
fdb1,
fc51,
fab3,
f9d2,
fa3f,
fc01,
fe23,
ffd7,
011c,
0203,
02c1,
0355,
0380,
02fd,
0212,
00da,
ff75,
fe74,
fdf0,
fdbd,
fda3,
fdac,
fddf,
fe48,
fef7,
ffbb,
006a,
00b8,
00af,
0095,
00b2,
00ff,
0139,
012d,
00c6,
003c,
ffc8,
ffff,
ffff,
0000,
0000,
0002,
0001,
0001,
0000,
0000,
0000,
0000,
0000,
0000,
ffff,
fffe,
ffff,
0000,
0002,
0002,
0001,
0000,
fffe,
fffd,
fffd,
fffe,
ffff,
ffff,
fffd,
fffe,
fffe,
0004,
0000,
0003,
fffb,
0002,
fffa,
0005,
fff7,
0025,
00b8,
02bc,
0979,
0c70,
01b7,
f3a6,
f307,
0081,
0fb0,
158f,
0f73,
07a0,
0708,
04a3,
fc27,
f472,
ed71,
e96c,
eac6,
ef56,
f57a,
fb6c,
ff15,
01ed,
07c2,
0c53,
0d2d,
0ce5,
0b35,
077e,
0376,
0061,
fd9b,
fbe0,
fa49,
f87d,
f7af,
f83e,
f982,
fabc,
fc79,
fe5f,
0036,
015a,
01ea,
02f8,
046a,
053f,
04c0,
03a4,
022a,
006f,
feb8,
fd84,
fca4,
fb7f,
facf,
fb19,
fc62,
fe26,
fff2,
011d,
01a2,
0256,
02fe,
031b,
02a4,
01cd,
009b,
ff5a,
fe86,
fe1b,
fdff,
fe05,
fe0c,
fe1f,
fe75,
ff0d,
ffab,
0036,
0082,
0091,
0094,
00b6,
00f7,
0129,
0123,
00c6,
0039,
ffff,
ffff,
0000,
0000,
0002,
0001,
0001,
0000,
0000,
0000,
0000,
0000,
0000,
ffff,
fffe,
ffff,
0000,
0002,
0002,
0001,
0000,
fffe,
fffd,
fffd,
fffe,
ffff,
ffff,
fffd,
fffe,
fffe,
0004,
0000,
0003,
fffb,
0002,
fffa,
0005,
fff7,
0025,
00b8,
02bc,
0979,
0c70,
01b7,
f3a6,
f307,
0081,
0fb0,
158f,
0f73,
07a0,
0708,
04a3,
fc27,
f472,
ed71,
e96c,
eac6,
ef56,
f57a,
fb6c,
ff15,
01ed,
07c2,
0c53,
0d2d,
0ce5,
0b35,
077e,
0376,
0061,
fd9b,
fbe0,
fa49,
f87d,
f7af,
f83e,
f982,
fabc,
fc79,
fe5f,
0036,
015a,
01ea,
02f8,
046a,
053f,
04c0,
03a4,
022a,
006f,
feb8,
fd84,
fca4,
fb7f,
facf,
fb19,
fc62,
fe26,
fff2,
011d,
01a2,
0256,
02fe,
031b,
02a4,
01cd,
009b,
ff5a,
fe86,
fe1b,
fdff,
fe05,
fe0c,
fe1f,
fe75,
ff0d,
ffab,
0036,
0082,
0091,
0094,
00b6,
00f7,
0129,
0123,
00c6,
0039,
0000,
ffff,
ffff,
0000,
0001,
0001,
0002,
0001,
0000,
0000,
0001,
0002,
0001,
0000,
ffff,
ffff,
ffff,
0002,
0003,
0003,
0003,
0000,
fffe,
fffe,
fffe,
ffff,
ffff,
0000,
fffd,
fffe,
0000,
0003,
0001,
0003,
fffe,
0002,
fffd,
0005,
fffb,
002a,
00b9,
0251,
080f,
0b8e,
02af,
f57c,
f3c8,
ff5d,
0da2,
141c,
0f4a,
07b9,
06a1,
04be,
fd62,
f63f,
ef84,
eb0b,
eba1,
f004,
f5cb,
faca,
fdf3,
00f6,
06d3,
0b6b,
0ca4,
0c8b,
0ab1,
0735,
03ba,
00f4,
fe13,
fbf9,
fa91,
f95b,
f8a2,
f8f7,
f9ed,
facb,
fc47,
fe75,
008e,
0133,
0126,
01d5,
032f,
0431,
0421,
035f,
020c,
00bc,
ff99,
fe4b,
fd1a,
fc13,
fb45,
fb5a,
fc95,
fe46,
ffc5,
00c8,
014a,
01c7,
026e,
02b4,
0263,
01aa,
009d,
ff96,
fef0,
fe97,
fe66,
fe43,
fe2d,
fe39,
fe83,
feee,
ff5e,
ffe2,
0051,
0094,
00b2,
00c8,
00ed,
011a,
011a,
00c5,
ffff,
ffff,
ffff,
ffff,
0000,
0001,
0002,
0002,
0000,
0000,
0000,
0000,
0001,
0001,
0000,
ffff,
ffff,
ffff,
0001,
0002,
0003,
0001,
0000,
ffff,
fffe,
fffe,
ffff,
ffff,
0000,
fffe,
fffe,
ffff,
0002,
0002,
0002,
ffff,
0000,
ffff,
0002,
ffff,
002a,
00b0,
01ef,
06c8,
0ab2,
0394,
f74b,
f477,
fe3c,
0ba0,
129f,
0f1f,
07e4,
0648,
04e8,
fe9d,
f7e4,
f168,
eca5,
eca4,
f0aa,
f5e7,
fa23,
fd19,
0053,
05bb,
0a41,
0c33,
0c33,
0a1d,
06ff,
0420,
0191,
fe75,
fc3d,
fb32,
fa38,
f94b,
f960,
fa44,
fb06,
fc34,
fdfd,
fff5,
00ca,
006e,
009d,
01fa,
036f,
03f6,
03bc,
02c6,
016b,
005b,
ff3e,
fda0,
fc19,
fb54,
fb66,
fc65,
fe0c,
ff94,
006f,
00d9,
0153,
01f5,
0270,
0257,
01ba,
00f6,
002a,
ff64,
fed1,
fe97,
fe6d,
fe36,
fe28,
fe4c,
fe9a,
ff1d,
ffc8,
0055,
00b0,
00d4,
00cc,
00d7,
0101,
0112,
fffe,
ffff,
0000,
0000,
0000,
0000,
0001,
0002,
0001,
0001,
0000,
0000,
0001,
0001,
0001,
0001,
0000,
ffff,
ffff,
0001,
0002,
0003,
0002,
0000,
ffff,
fffe,
fffe,
0000,
0000,
0000,
ffff,
ffff,
ffff,
0002,
0002,
0002,
0001,
ffff,
0000,
0002,
0002,
0028,
00a7,
019b,
05a9,
09d3,
0459,
f8fe,
f526,
fd31,
09ac,
1124,
0eef,
0828,
060a,
050c,
ffc1,
f970,
f330,
ee3c,
ed9c,
f141,
f61b,
f9a5,
fc5b,
ff89,
048b,
095f,
0bcc,
0b9b,
098e,
0713,
04b0,
0217,
fef4,
fcb5,
fba5,
faae,
f9c4,
f9ec,
faa5,
fad0,
fb86,
fd3a,
fefd,
ffe7,
ffe7,
000b,
017f,
0389,
0486,
0464,
0382,
021d,
009f,
ff74,
fe30,
fc56,
fad5,
fac0,
fc2a,
fe16,
ff70,
ffed,
004b,
0138,
0221,
0272,
0254,
01ed,
014d,
0081,
ffae,
ff05,
fea1,
fe52,
fe0a,
fdfe,
fe2d,
fe7c,
fef9,
ffc7,
008a,
00de,
00d1,
00b7,
00cc,
00f8,
fffd,
fffe,
ffff,
ffff,
ffff,
fffe,
ffff,
0000,
0000,
0001,
0000,
ffff,
ffff,
0000,
0000,
0000,
0000,
ffff,
ffff,
fffe,
ffff,
0001,
0001,
0001,
ffff,
fffe,
fffd,
fffd,
fffe,
ffff,
ffff,
fffe,
fffd,
ffff,
0000,
0002,
0001,
0001,
fffe,
0001,
ffff,
0002,
0024,
0099,
0151,
04b2,
08f7,
04f1,
fa8a,
f5e1,
fc52,
07da,
0fa7,
0ea7,
0860,
05e0,
053f,
00cf,
fac8,
f4c0,
efcf,
eece,
f213,
f633,
f8ec,
fb9f,
fee2,
0389,
086f,
0b37,
0b35,
0942,
0749,
0568,
0291,
ff21,
fce7,
fbf4,
fb1f,
fa4a,
fa08,
fa2f,
fa49,
facf,
fc3a,
fe10,
ff43,
fff5,
00b7,
0217,
0403,
051e,
04e2,
03c0,
0232,
0098,
ff49,
fe07,
fc42,
faac,
fa9f,
fbf7,
fda0,
ff0e,
fff4,
0079,
0139,
0234,
02ab,
0275,
0207,
016a,
0098,
ffbf,
ff06,
fe78,
fe21,
fdf8,
fdf7,
fe1d,
fe75,
ff1c,
fff3,
009c,
00db,
00d2,
00c3,
00c6,
fffb,
fffb,
fffc,
fffd,
fffd,
fffe,
fffd,
fffe,
ffff,
ffff,
0000,
ffff,
ffff,
ffff,
ffff,
fffe,
ffff,
ffff,
fffe,
fffe,
fffe,
fffe,
0000,
0000,
0000,
0000,
ffff,
fffe,
fffe,
fffe,
ffff,
ffff,
ffff,
fffe,
ffff,
0000,
0003,
0002,
0002,
fffc,
0001,
ffff,
0004,
0021,
008b,
011a,
03e7,
082d,
0563,
fbde,
f691,
fb9f,
0643,
0e44,
0e4d,
08a3,
05e5,
056d,
0192,
fbe0,
f655,
f191,
f015,
f29e,
f5fb,
f861,
fb09,
fe1e,
02b8,
07f5,
0af3,
0ae2,
093a,
07a6,
0583,
0269,
ff38,
fd32,
fc38,
fb0d,
f9fd,
f9be,
f9ca,
f9a1,
fa0e,
fbc6,
fe0f,
ffc5,
00b8,
01ae,
031e,
0499,
0533,
048c,
0351,
01d7,
002b,
feb4,
fdb3,
fc93,
fb0b,
fa65,
fb8b,
fda9,
ff4c,
000b,
008e,
0171,
0274,
02db,
028d,
01fc,
014e,
006a,
ff81,
fedc,
fe71,
fe11,
fde0,
fe08,
fe5b,
febb,
ff47,
0006,
00aa,
00f4,
00e1,
00b2,
fffe,
fffd,
fffd,
fffd,
fffe,
ffff,
ffff,
fffe,
ffff,
0000,
0001,
0002,
0001,
0001,
0000,
0001,
0000,
0000,
0000,
ffff,
ffff,
ffff,
ffff,
0000,
0001,
0001,
0001,
0000,
fffe,
fffe,
ffff,
0000,
0000,
ffff,
fffe,
0000,
0000,
0003,
0001,
0001,
fffd,
0001,
0000,
0004,
001d,
007f,
00ea,
033a,
0775,
05bf,
fd08,
f729,
fafe,
04e0,
0d0b,
0e02,
08e2,
05d5,
0581,
0258,
fd1e,
f7fb,
f322,
f126,
f2fe,
f581,
f78c,
fa8a,
fdff,
0278,
07bf,
0adb,
0a74,
08ab,
0761,
0568,
025c,
ff3a,
fcfb,
fba7,
faa5,
f9e2,
f970,
f94c,
f959,
fa4c,
fc84,
fef6,
00ae,
0198,
027e,
039a,
045a,
0474,
03d8,
028b,
00ef,
ffab,
fece,
fdc9,
fc56,
fb20,
fafb,
fc03,
fdb0,
ff34,
0025,
00e5,
01dc,
0297,
02b4,
026b,
01cc,
00eb,
0004,
ff4d,
feb9,
fe43,
fe0e,
fe21,
fe69,
feac,
feee,
ff71,
002b,
00b7,
00df,
00c5,
fffe,
fffd,
fffd,
fffd,
fffe,
ffff,
ffff,
fffe,
ffff,
0000,
0001,
0002,
0001,
0001,
0000,
0001,
0000,
0000,
0000,
ffff,
ffff,
ffff,
ffff,
0000,
0001,
0001,
0001,
0000,
fffe,
fffe,
ffff,
0000,
0000,
ffff,
fffe,
0000,
0000,
0003,
0001,
0001,
fffd,
0001,
0000,
0004,
001d,
007f,
00ea,
033a,
0775,
05bf,
fd08,
f729,
fafe,
04e0,
0d0b,
0e02,
08e2,
05d5,
0581,
0258,
fd1e,
f7fb,
f322,
f126,
f2fe,
f581,
f78c,
fa8a,
fdff,
0278,
07bf,
0adb,
0a74,
08ab,
0761,
0568,
025c,
ff3a,
fcfb,
fba7,
faa5,
f9e2,
f970,
f94c,
f959,
fa4c,
fc84,
fef6,
00ae,
0198,
027e,
039a,
045a,
0474,
03d8,
028b,
00ef,
ffab,
fece,
fdc9,
fc56,
fb20,
fafb,
fc03,
fdb0,
ff34,
0025,
00e5,
01dc,
0297,
02b4,
026b,
01cc,
00eb,
0004,
ff4d,
feb9,
fe43,
fe0e,
fe21,
fe69,
feac,
feee,
ff71,
002b,
00b7,
00df,
00c5,
ffff,
fffe,
fffd,
fffd,
fffe,
fffe,
ffff,
0000,
ffff,
0000,
0001,
0001,
0001,
0001,
0000,
0000,
0000,
0000,
0000,
0000,
ffff,
fffe,
ffff,
ffff,
0000,
0002,
0001,
0001,
0000,
ffff,
fffe,
ffff,
0000,
0000,
ffff,
fffe,
0000,
0001,
0003,
0001,
0002,
ffff,
0002,
0000,
0006,
001d,
006f,
00c2,
02b3,
06e0,
060d,
fdf3,
f790,
fa74,
03d2,
0c1c,
0da4,
08f5,
05e2,
05dd,
0343,
fe55,
f97c,
f46e,
f198,
f297,
f50f,
f799,
fab1,
fe44,
02a2,
0751,
09c4,
0952,
0848,
075d,
04f7,
01a8,
feae,
fc7c,
fb48,
fa9c,
f9db,
f941,
f9a4,
fa62,
fb7d,
fdac,
0009,
0167,
01d8,
0235,
02fd,
03c8,
03a7,
02b2,
01b2,
00bc,
ffa6,
fea2,
fda7,
fc83,
fbbe,
fbc7,
fc80,
fdc8,
ff48,
0076,
013e,
01f8,
0273,
025b,
01ec,
015b,
00a4,
ffc7,
fef4,
fe76,
fe5f,
fe7f,
fea3,
fec3,
feee,
ff3b,
ffae,
0035,
0098,
00b4,
0000,
ffff,
fffd,
fffd,
fffd,
fffe,
ffff,
ffff,
0000,
0000,
0000,
0001,
0002,
0002,
0001,
0001,
0000,
0000,
0000,
0000,
0000,
ffff,
ffff,
fffe,
0000,
0001,
0001,
0001,
0000,
0000,
ffff,
ffff,
0000,
0000,
0000,
ffff,
ffff,
0000,
0000,
0002,
0001,
0003,
ffff,
0003,
0000,
0007,
001a,
005f,
00a6,
0253,
0677,
0648,
fea1,
f7c3,
f9e4,
0309,
0b6c,
0d5b,
0937,
0648,
067a,
046f,
ff74,
f9e4,
f47c,
f1f0,
f2fb,
f54d,
f816,
fb34,
fe0b,
019a,
0623,
08f0,
08cd,
079b,
0670,
0439,
010c,
fe2d,
fc7d,
fb7b,
faaa,
fa3e,
fa51,
faf6,
fbba,
fcd7,
fe80,
0033,
010a,
011c,
017e,
0249,
02db,
02c9,
024e,
0187,
007d,
ff72,
fea1,
fdf0,
fd13,
fc60,
fc60,
fd18,
fe3e,
ff81,
008a,
0142,
01c3,
01f3,
01c2,
016b,
0100,
0053,
ff71,
fed3,
feb8,
fedd,
fefb,
ff08,
ff21,
ff49,
ff7c,
ffbe,
0010,
0056,
0001,
0000,
fffe,
fffd,
fffd,
fffe,
fffe,
ffff,
ffff,
0000,
0001,
0000,
0001,
0001,
0001,
0001,
0001,
0000,
0000,
0000,
0000,
0000,
0000,
ffff,
0000,
0000,
0001,
0002,
0002,
0001,
0000,
0000,
ffff,
ffff,
0000,
0000,
0000,
ffff,
ffff,
0000,
0003,
0001,
0004,
0000,
0001,
0000,
000a,
0017,
0053,
0095,
021f,
063c,
068c,
ff08,
f764,
f93c,
02dc,
0b56,
0d54,
09cd,
0753,
072d,
047c,
ff3d,
fa12,
f54f,
f2c4,
f39f,
f5c7,
f7b9,
f9f5,
fcff,
0147,
05b1,
07a0,
078e,
0733,
05f7,
0384,
010c,
fe9a,
fca5,
fbd8,
fbb2,
fb78,
fb96,
fc4d,
fc99,
fd0a,
fe2f,
ff70,
0030,
007c,
00bf,
0162,
0266,
02c2,
0239,
0153,
0052,
ff70,
ff03,
fe8c,
fd8c,
fce4,
fd14,
fdbc,
fe8c,
ff81,
0051,
00dc,
0144,
015c,
0140,
0103,
008a,
fffb,
ff99,
ff5c,
ff30,
ff3f,
ff66,
ff74,
ff77,
ff78,
ff7c,
ff96,
ffd5,
0002,
0001,
ffff,
ffff,
fffe,
fffe,
fffe,
fffe,
ffff,
0000,
0000,
0000,
0000,
0001,
0001,
0001,
0001,
0000,
0000,
0000,
0000,
0000,
0000,
ffff,
ffff,
ffff,
0000,
0002,
0002,
0002,
0002,
0001,
0000,
ffff,
ffff,
0000,
0000,
0000,
ffff,
ffff,
0000,
0003,
0002,
0003,
fffe,
0001,
0006,
000c,
0016,
0048,
0083,
022d,
0660,
06cb,
feb3,
f630,
f8e5,
03c6,
0c3d,
0e3d,
0a6a,
06f6,
06da,
050f,
ffd0,
fa52,
f607,
f32a,
f2bc,
f43a,
f671,
f98c,
fcd3,
0075,
04b0,
074d,
077e,
06de,
060c,
0428,
0168,
fec5,
fd44,
fce5,
fccb,
fc7f,
fc45,
fc55,
fc40,
fc5d,
fd5d,
fee6,
ffa9,
ffaf,
002f,
0167,
02a3,
02d8,
0207,
0121,
0095,
0006,
ff6a,
fecd,
fe09,
fd71,
fd75,
fdf5,
fe95,
ff3c,
ffd6,
005c,
00bc,
00ec,
00d9,
0089,
0055,
005b,
003d,
ffd3,
ff8f,
ff9d,
ffbd,
ffb8,
ff8f,
ff63,
ff4d,
ff5f,
0002,
0001,
ffff,
ffff,
fffe,
fffe,
fffe,
fffe,
ffff,
0000,
0000,
0000,
0000,
0001,
0001,
0001,
0001,
0000,
0000,
0000,
0000,
0000,
0000,
ffff,
ffff,
ffff,
0000,
0002,
0002,
0002,
0002,
0001,
0000,
ffff,
ffff,
0000,
0000,
0000,
ffff,
ffff,
0000,
0003,
0002,
0003,
fffe,
0001,
0006,
000c,
0016,
0048,
0083,
022d,
0660,
06cb,
feb3,
f630,
f8e5,
03c6,
0c3d,
0e3d,
0a6a,
06f6,
06da,
050f,
ffd0,
fa52,
f607,
f32a,
f2bc,
f43a,
f671,
f98c,
fcd3,
0075,
04b0,
074d,
077e,
06de,
060c,
0428,
0168,
fec5,
fd44,
fce5,
fccb,
fc7f,
fc45,
fc55,
fc40,
fc5d,
fd5d,
fee6,
ffa9,
ffaf,
002f,
0167,
02a3,
02d8,
0207,
0121,
0095,
0006,
ff6a,
fecd,
fe09,
fd71,
fd75,
fdf5,
fe95,
ff3c,
ffd6,
005c,
00bc,
00ec,
00d9,
0089,
0055,
005b,
003d,
ffd3,
ff8f,
ff9d,
ffbd,
ffb8,
ff8f,
ff63,
ff4d,
ff5f,
0001,
0001,
0000,
0000,
fffe,
fffd,
fffd,
fffd,
fffe,
ffff,
ffff,
ffff,
0000,
0000,
0001,
0001,
0001,
0001,
0000,
0000,
ffff,
ffff,
ffff,
ffff,
ffff,
ffff,
ffff,
ffff,
0000,
0001,
0001,
0001,
0000,
ffff,
fffe,
ffff,
0000,
0000,
0000,
ffff,
ffff,
0000,
0002,
0000,
0001,
fffd,
0000,
000d,
000e,
000f,
0038,
0097,
02be,
06fe,
06bb,
fcb2,
f3e5,
fa68,
0774,
0db1,
0d76,
09e7,
0790,
0815,
05f6,
ff42,
f901,
f468,
f0ea,
f139,
f3bc,
f59e,
f897,
fd17,
017b,
053c,
07a6,
0806,
07ad,
06fa,
0494,
012e,
fed8,
fdf4,
fd99,
fd26,
fc4f,
fbae,
fb84,
fb7d,
fbf2,
fd37,
fe78,
fee9,
ff8e,
00e3,
01fc,
0278,
02a0,
0254,
01a1,
00f3,
004d,
ff9e,
fee9,
fe2c,
fd98,
fd8c,
fde7,
fe51,
fed3,
ff68,
fffa,
0072,
009b,
0082,
0097,
00e7,
00ef,
0091,
0021,
ffe3,
ffdc,
ffe1,
ffba,
ff66,
ff26,
ff05,
0002,
0001,
0001,
0000,
ffff,
fffe,
fffd,
fffc,
fffd,
fffd,
ffff,
ffff,
0001,
ffff,
ffff,
0000,
0000,
0000,
0000,
0000,
ffff,
0000,
ffff,
ffff,
0000,
ffff,
ffff,
fffe,
ffff,
0001,
0002,
0002,
0001,
0000,
fffe,
fffe,
fffe,
ffff,
ffff,
ffff,
fffd,
fffe,
ffff,
0002,
0004,
ffff,
0000,
0008,
0011,
0009,
000e,
0024,
014e,
044e,
080a,
0464,
f76b,
f3d0,
0006,
0b46,
0e62,
0d5b,
0a45,
08fd,
08db,
036e,
faa9,
f53d,
f218,
efa5,
efea,
f299,
f662,
fabf,
ff27,
037f,
06f7,
089e,
094c,
08e9,
06d3,
038b,
0057,
fe85,
fe10,
fd8c,
fc31,
fb22,
fada,
fb0e,
fb84,
fbf4,
fcc2,
fe47,
ffcf,
007b,
0102,
0208,
02f3,
0327,
02a7,
01e0,
0107,
002a,
ff57,
feaa,
fe15,
fd8a,
fd54,
fd95,
fe18,
fea2,
ff44,
ffeb,
0053,
0083,
00d1,
0134,
0153,
0125,
00c1,
004c,
0001,
ffef,
ffce,
ff76,
ff13,
fec4,
0003,
0002,
0001,
0001,
0000,
ffff,
ffff,
fffe,
fffe,
ffff,
ffff,
0000,
0001,
0001,
0000,
0000,
0000,
0001,
0002,
0001,
0001,
0000,
0000,
0000,
0000,
0000,
0000,
0000,
0001,
0002,
0002,
0003,
0002,
0001,
0000,
fffe,
ffff,
0000,
0001,
0001,
fffe,
fffe,
0002,
0004,
0006,
0002,
0000,
0001,
0016,
000d,
0007,
fff6,
0109,
03c1,
0720,
060b,
fa69,
f309,
fc9d,
09d3,
0ecd,
0e3e,
0c31,
09b6,
0813,
0437,
fc9d,
f631,
f1dd,
eedc,
ef0b,
f1da,
f559,
f96b,
fe6c,
02cb,
063f,
08bd,
09e6,
09a2,
07dc,
04cd,
010a,
ff0d,
fe7d,
fd6c,
fc09,
fb09,
fa9b,
fae0,
fb56,
fb3a,
fc0c,
fe23,
ff86,
ffee,
00b3,
01df,
02de,
038c,
0354,
0270,
017e,
007f,
ff95,
ff06,
fe71,
fd95,
fd16,
fd36,
fda7,
fe37,
fed6,
ff76,
000c,
0087,
00ed,
0153,
018e,
0176,
011a,
00a4,
0044,
0006,
ffd1,
ff78,
ff00,
fea1,
0002,
0002,
0002,
0001,
0001,
ffff,
ffff,
ffff,
ffff,
ffff,
ffff,
0000,
0000,
0001,
0001,
0000,
0001,
0000,
0001,
0001,
0000,
0000,
0000,
0000,
0000,
0000,
0000,
0000,
0001,
0002,
0002,
0002,
0001,
0001,
ffff,
ffff,
ffff,
0001,
0001,
fffe,
fffd,
0000,
0003,
0006,
0005,
0005,
fffa,
0003,
0011,
0018,
ffff,
000f,
01b0,
051f,
07a1,
010d,
f652,
f7c1,
028e,
0ace,
0e42,
0d38,
09c5,
081d,
06e2,
032f,
fce8,
f546,
f021,
f06f,
f22c,
f310,
f5a9,
f9e6,
fe7a,
02f6,
067e,
0830,
08e2,
08c9,
0768,
0460,
013e,
ffbc,
fe92,
fd2d,
fc1d,
fb58,
facd,
fadf,
fb08,
fb75,
fcc4,
fdf0,
fea9,
ffa3,
00c7,
01c8,
02f2,
0390,
031f,
026b,
01a1,
00b7,
ffef,
ff3e,
fe5d,
fd8e,
fd35,
fd41,
fdb0,
fe38,
fea3,
ff27,
ffd4,
0070,
00eb,
015d,
0197,
017f,
0126,
00c6,
007a,
002f,
ffd8,
ff64,
feec,
fe9c,
0001,
0001,
0001,
0000,
ffff,
ffff,
fffe,
ffff,
fffe,
ffff,
ffff,
0000,
0000,
0000,
0000,
0001,
0001,
0000,
0000,
0000,
0000,
0000,
0001,
0000,
ffff,
ffff,
0000,
0001,
0001,
0002,
0002,
0001,
0000,
ffff,
ffff,
ffff,
0001,
0001,
fffe,
fffc,
fffe,
0002,
0005,
0005,
0003,
0002,
fff9,
0001,
0016,
0019,
fff8,
0103,
0461,
072b,
0322,
f881,
f4ec,
ffad,
0be5,
0ee7,
0c14,
0894,
0576,
04b4,
05bb,
00cb,
f7c9,
f33c,
f2b8,
f395,
f5af,
f737,
f7f8,
fb6b,
0030,
0383,
0609,
076b,
06cb,
05ee,
054a,
0322,
012f,
0004,
fe6e,
fd2b,
fc8e,
fbc4,
fb23,
fb47,
fb97,
fc50,
fd7a,
fe10,
fe52,
ff49,
00bf,
0213,
02f8,
02f2,
024b,
01cf,
018b,
0101,
001a,
ff16,
fe2d,
fda5,
fd8f,
fdce,
fe2a,
fe6f,
fea5,
ff05,
ffb2,
0064,
00d9,
012e,
0162,
0147,
00fd,
00bf,
008e,
0043,
ffd4,
ff54,
fef1,
fecc,
0001,
0001,
0000,
ffff,
ffff,
ffff,
0000,
0001,
0001,
0000,
0000,
0000,
0000,
0000,
0001,
0000,
0001,
0000,
ffff,
0000,
0000,
0001,
0000,
0000,
0000,
0000,
0001,
0002,
0003,
0003,
0001,
ffff,
ffff,
fffe,
0000,
0001,
0001,
ffff,
fffe,
ffff,
0001,
0004,
0007,
0002,
0003,
ffff,
fffd,
0003,
001d,
0008,
0103,
0494,
06df,
0312,
f9b9,
f4e1,
fcdf,
09b4,
10ea,
0fad,
08fc,
02c7,
01b3,
03cb,
0008,
f820,
f450,
f496,
f638,
f85b,
fa03,
faef,
fce1,
ff6e,
01aa,
03bf,
0545,
0512,
03e6,
02f1,
01c7,
0159,
011c,
ff90,
fe0b,
fdb5,
fcf1,
fbe3,
fc3c,
fc9a,
fc81,
fd45,
fe40,
fe65,
fe7c,
ff60,
00ca,
021a,
0266,
01c5,
0145,
0145,
0148,
00d7,
ffe7,
fec8,
fe20,
fe13,
fe4e,
fe95,
feba,
febb,
fecf,
ff35,
ffcf,
0057,
00a7,
00d0,
00e8,
00e3,
00c9,
00a1,
0071,
0023,
ffb5,
ff5d,
ff3b,
ff3b,
0001,
0001,
0000,
ffff,
ffff,
ffff,
0000,
0001,
0001,
0000,
0000,
0000,
0000,
0000,
0001,
0000,
0001,
0000,
ffff,
0000,
0000,
0001,
0000,
0000,
0000,
0000,
0001,
0002,
0003,
0003,
0001,
ffff,
ffff,
fffe,
0000,
0001,
0001,
ffff,
fffe,
ffff,
0001,
0004,
0007,
0002,
0003,
ffff,
fffd,
0003,
001d,
0008,
0103,
0494,
06df,
0312,
f9b9,
f4e1,
fcdf,
09b4,
10ea,
0fad,
08fc,
02c7,
01b3,
03cb,
0008,
f820,
f450,
f496,
f638,
f85b,
fa03,
faef,
fce1,
ff6e,
01aa,
03bf,
0545,
0512,
03e6,
02f1,
01c7,
0159,
011c,
ff90,
fe0b,
fdb5,
fcf1,
fbe3,
fc3c,
fc9a,
fc81,
fd45,
fe40,
fe65,
fe7c,
ff60,
00ca,
021a,
0266,
01c5,
0145,
0145,
0148,
00d7,
ffe7,
fec8,
fe20,
fe13,
fe4e,
fe95,
feba,
febb,
fecf,
ff35,
ffcf,
0057,
00a7,
00d0,
00e8,
00e3,
00c9,
00a1,
0071,
0023,
ffb5,
ff5d,
ff3b,
ff3b,
0001,
0001,
ffff,
fffe,
fffe,
0000,
0000,
0001,
0001,
0000,
0001,
0001,
0001,
0001,
0000,
0000,
0000,
0000,
ffff,
0000,
0001,
0000,
0000,
0000,
0000,
0001,
0002,
0003,
0003,
0002,
0000,
0000,
ffff,
ffff,
0001,
0002,
0000,
fffe,
ffff,
0001,
0003,
0009,
0002,
0001,
fffd,
0004,
fffc,
0011,
000c,
0172,
0553,
06a7,
0232,
f99f,
f570,
fcc4,
0945,
10aa,
0f71,
09fc,
0423,
0151,
01ba,
fd26,
f516,
f281,
f4c9,
f769,
faa1,
fd42,
fe0a,
001c,
02ab,
0349,
031f,
0392,
0306,
01b2,
00f3,
ffc0,
fecf,
ff8c,
0007,
feba,
fe0f,
fdd3,
fcf3,
fd38,
fdfc,
fdb5,
fdb4,
fea8,
feda,
feac,
ff39,
0000,
00d6,
0147,
00eb,
0082,
00ba,
00d6,
0094,
0021,
ff59,
feb5,
fe9d,
fee7,
ff2c,
ff41,
ff1e,
ff0f,
ff53,
ffac,
fffc,
0036,
004f,
0053,
005f,
0072,
007a,
0068,
0024,
ffcf,
ff9c,
ffa0,
ffbb,
ffcb,
ffff,
fffe,
fffe,
fffe,
ffff,
0001,
0002,
0001,
0001,
0001,
0001,
0001,
0001,
0000,
0000,
ffff,
ffff,
0000,
0000,
0000,
0000,
0000,
0000,
0000,
0001,
0002,
0003,
0002,
0001,
ffff,
fffe,
ffff,
0000,
0001,
0001,
ffff,
fffe,
ffff,
0002,
0002,
0007,
0003,
0003,
fffa,
0006,
fffc,
000d,
000d,
0234,
0665,
066a,
00c2,
f894,
f610,
fe20,
0a51,
1137,
0f58,
08a4,
0242,
01d0,
02ed,
fb65,
f1ec,
f022,
f2f4,
f673,
fb67,
fee7,
00a8,
03e6,
0615,
0653,
05ba,
0449,
01ec,
0023,
fee4,
fd8c,
fd12,
fd53,
fde7,
fde7,
fdea,
fdc8,
fd73,
fe35,
ff46,
ff1b,
feb5,
ff83,
ffc9,
ff52,
ff7e,
001b,
007b,
0061,
ffd7,
ff61,
ffbd,
002f,
0017,
ffa7,
ff1e,
feee,
ff30,
ff90,
ffc2,
ffd5,
ffa1,
ff77,
ffaf,
fffc,
001e,
0011,
fff6,
ffe5,
fff2,
fff8,
fff5,
000a,
fff9,
ffb6,
ff93,
ffc0,
000b,
003e,
0047,
fffd,
fffd,
fffd,
ffff,
0000,
0001,
0000,
0000,
0000,
0001,
0001,
0001,
0000,
ffff,
fffe,
ffff,
ffff,
ffff,
ffff,
fffe,
fffe,
ffff,
0000,
0001,
0002,
0002,
0002,
0000,
ffff,
fffe,
fffe,
ffff,
ffff,
0000,
ffff,
fffd,
fffe,
0001,
0004,
0006,
0003,
0002,
fffa,
0005,
fffd,
000a,
0029,
0345,
0775,
0605,
ff15,
f744,
f6b5,
ffe4,
0c28,
1251,
0f35,
0758,
00de,
00fe,
013c,
f97a,
f149,
ef91,
f1b8,
f568,
fac0,
fe85,
019e,
0654,
0905,
0953,
088d,
0663,
02eb,
004c,
fe02,
fbf7,
fb5a,
fb73,
fc47,
fc7e,
fc15,
fc44,
fd48,
feaf,
ffff,
0047,
ffd4,
006c,
00f8,
007f,
003d,
0090,
008d,
000c,
ff5f,
fec2,
fec2,
ff07,
ff25,
ff01,
fea6,
fea0,
ff3e,
fffa,
004d,
0050,
0019,
fffa,
0030,
006a,
0071,
0041,
fff0,
ffba,
ffbb,
ffaf,
ff8b,
ff8a,
ff82,
ff63,
ff6e,
ffb7,
0017,
0069,
008e,
0069,
fffd,
fffd,
ffff,
0000,
0002,
0001,
0001,
0001,
0001,
0001,
0001,
0001,
0000,
ffff,
ffff,
0000,
0000,
0000,
ffff,
ffff,
ffff,
0001,
0002,
0003,
0003,
0002,
0000,
ffff,
fffe,
fffe,
0000,
0000,
ffff,
0000,
fffe,
0000,
0000,
0005,
0005,
0005,
0002,
fffe,
0003,
fffd,
0008,
006c,
0497,
0878,
0567,
fd2c,
f5e5,
f781,
01ff,
0e61,
1392,
0f0f,
05f2,
ff89,
008d,
ff98,
f62c,
ee83,
ef1b,
f2c9,
f62a,
fac3,
fe37,
01a2,
06e5,
0a64,
0afc,
0a7a,
0864,
0466,
017a,
fea3,
fbcf,
fac3,
fa70,
fa9f,
fb5a,
fb2d,
fa37,
fb4f,
fe13,
004e,
00f1,
0086,
00f4,
01f1,
01fb,
0158,
0130,
00eb,
0019,
ff41,
fea4,
fe6f,
fe5e,
fe31,
fdea,
fdd4,
fe3c,
ff12,
ffee,
0078,
00a6,
0075,
004f,
0092,
00f2,
00fb,
0092,
0005,
ffc0,
ffc6,
ffac,
ff68,
ff3b,
ff17,
fef9,
ff23,
ff90,
0000,
005c,
008e,
0074,
0039,
fffd,
fffd,
ffff,
0000,
0002,
0001,
0001,
0001,
0001,
0001,
0001,
0001,
0000,
ffff,
ffff,
0000,
0000,
0000,
ffff,
ffff,
ffff,
0001,
0002,
0003,
0003,
0002,
0000,
ffff,
fffe,
fffe,
0000,
0000,
ffff,
0000,
fffe,
0000,
0000,
0005,
0005,
0005,
0002,
fffe,
0003,
fffd,
0008,
006c,
0497,
0878,
0567,
fd2c,
f5e5,
f781,
01ff,
0e61,
1392,
0f0f,
05f2,
ff89,
008d,
ff98,
f62c,
ee83,
ef1b,
f2c9,
f62a,
fac3,
fe37,
01a2,
06e5,
0a64,
0afc,
0a7a,
0864,
0466,
017a,
fea3,
fbcf,
fac3,
fa70,
fa9f,
fb5a,
fb2d,
fa37,
fb4f,
fe13,
004e,
00f1,
0086,
00f4,
01f1,
01fb,
0158,
0130,
00eb,
0019,
ff41,
fea4,
fe6f,
fe5e,
fe31,
fdea,
fdd4,
fe3c,
ff12,
ffee,
0078,
00a6,
0075,
004f,
0092,
00f2,
00fb,
0092,
0005,
ffc0,
ffc6,
ffac,
ff68,
ff3b,
ff17,
fef9,
ff23,
ff90,
0000,
005c,
008e,
0074,
0039,
fffe,
ffff,
0001,
0001,
0001,
0001,
0001,
0001,
0002,
0001,
0001,
0000,
ffff,
ffff,
ffff,
0000,
ffff,
ffff,
fffe,
ffff,
0000,
0002,
0003,
0003,
0002,
fffe,
fffe,
fffe,
ffff,
ffff,
0000,
ffff,
0000,
ffff,
0001,
ffff,
0004,
0001,
0006,
0001,
0000,
0000,
0000,
ffff,
00e4,
0619,
095d,
04a1,
fb12,
f480,
f859,
0468,
1102,
14ec,
0eb7,
045e,
fe64,
0010,
fd90,
f2ff,
ec34,
edc7,
f228,
f710,
fc9b,
ff76,
027b,
077b,
0af0,
0b5d,
0aac,
08c9,
0511,
0297,
ffcb,
fc7d,
fb0d,
facc,
fa41,
fa7c,
fa81,
f92c,
f9e4,
fc87,
ff35,
00e7,
0130,
010e,
01f3,
02fd,
02a7,
0207,
0146,
002e,
ff5b,
fefb,
fe86,
fe23,
fde1,
fd3f,
fcf8,
fd9d,
febf,
ffb3,
0048,
008c,
0090,
009b,
00c3,
011d,
0159,
0103,
0053,
ffe5,
ffdb,
ffc3,
ff85,
ff37,
fee1,
feb7,
feed,
ff6a,
ffd9,
0036,
0059,
0036,
0019,
001b,
0000,
0001,
0001,
0001,
0001,
0001,
0002,
0002,
0001,
0001,
0000,
ffff,
ffff,
0000,
0000,
0000,
ffff,
fffe,
ffff,
0001,
0002,
0004,
0003,
0002,
0000,
ffff,
fffe,
ffff,
ffff,
0000,
ffff,
ffff,
ffff,
0003,
ffff,
0004,
fffe,
0007,
ffff,
0008,
fffb,
0006,
fff3,
0189,
07b7,
0a1d,
03d9,
f8ea,
f307,
f92b,
06f5,
13df,
166a,
0e56,
02a6,
fd53,
ff67,
fb2b,
efcb,
ea08,
ecda,
f1f2,
f75c,
fd1a,
00b3,
04ea,
0953,
0bcb,
0c02,
0a8b,
07ba,
0421,
024d,
0014,
fd51,
fbe9,
fbbb,
fae3,
fa70,
fa98,
f90d,
f91b,
fb9d,
fe34,
ffef,
00ef,
011f,
01b8,
0321,
0355,
029e,
0189,
004f,
ff81,
ff4c,
fee4,
fe43,
fde5,
fd26,
fcb9,
fd5c,
fe88,
ff71,
ffeb,
0032,
0055,
0089,
00d6,
013e,
0160,
0108,
0089,
0023,
0000,
fffc,
ffd1,
ff59,
fee5,
fecb,
fef4,
ff50,
ffc3,
0026,
002e,
ffe8,
ffc1,
ffde,
0026,
0001,
0001,
0001,
0001,
0002,
0002,
0003,
0002,
0001,
0000,
ffff,
0000,
0000,
0000,
0000,
ffff,
fffe,
ffff,
0001,
0003,
0004,
0003,
0001,
fffe,
fffd,
fffd,
ffff,
0000,
0000,
fffe,
0000,
ffff,
0005,
0000,
0005,
fffa,
0008,
fffb,
000e,
fff8,
000c,
ffeb,
0257,
0972,
0ab9,
0308,
f6c2,
f15e,
f9f5,
09c9,
1709,
17ff,
0dc9,
00c7,
fc6a,
fe90,
f82d,
ec5f,
e7f8,
ec03,
f201,
f836,
fdfc,
017a,
0659,
0b2c,
0d9c,
0d85,
0b09,
06da,
02cd,
00dc,
fec2,
fccd,
fc0e,
fcc5,
fc6a,
fae0,
fa80,
f9e2,
f9bb,
fb42,
fdc5,
ff8f,
0088,
00ab,
0122,
02d2,
0390,
02be,
013c,
fff8,
ff60,
ff95,
ff6a,
fe9d,
fdf0,
fd28,
fcf8,
fdc4,
fee3,
ff95,
ffd0,
ffc7,
ffca,
003f,
00be,
0109,
011d,
00de,
0069,
000e,
0002,
001d,
0016,
ffab,
ff39,
ff20,
ff3c,
ff7d,
ffd5,
0012,
ffff,
ffc4,
ff94,
ff99,
ffdc,
0021,
0000,
0000,
0000,
0002,
0003,
0003,
0001,
0000,
0000,
ffff,
ffff,
ffff,
ffff,
ffff,
fffe,
fffe,
0000,
0002,
0003,
0004,
0003,
0001,
fffe,
fffd,
fffe,
ffff,
0000,
0000,
fffe,
ffff,
fffe,
0006,
0000,
0007,
fff6,
0007,
fff7,
0012,
fff4,
0015,
ffe7,
0351,
0b50,
0b23,
021a,
f49b,
ef92,
fad6,
0cea,
1a63,
1995,
0cf5,
fea1,
fbd1,
fde7,
f48a,
e889,
e5fd,
eb29,
f240,
f97b,
ff1a,
02b3,
083b,
0c96,
0e70,
0eb8,
0c48,
06c8,
01e6,
ff9f,
fd12,
fb3e,
faf7,
fc94,
fd7e,
fbf4,
fa96,
fa7a,
faec,
fbe7,
fe1c,
ffd9,
00ad,
00aa,
00bc,
0212,
031a,
0281,
009c,
ff39,
fedc,
ff3e,
ff83,
ff12,
fe47,
fd52,
fd36,
fe52,
ffbb,
0056,
0041,
ffc4,
ff69,
fff1,
008b,
0099,
007f,
005d,
fff6,
ffae,
ffd8,
0006,
0006,
ffe9,
ffba,
ff98,
ffaf,
fffc,
0043,
0044,
ffec,
ff86,
ff5f,
ff7d,
ffbc,
ffe9,
ffe1,
0001,
0000,
0001,
0002,
0003,
0002,
0000,
ffff,
ffff,
0000,
0000,
ffff,
ffff,
fffd,
fffe,
0000,
0002,
0004,
0005,
0003,
0000,
fffd,
fffd,
fffc,
fffe,
ffff,
ffff,
fffd,
fffe,
fffe,
0006,
0001,
0008,
fff5,
0007,
fff2,
0016,
ffef,
001b,
ffe9,
0438,
0d3c,
0bb5,
013d,
f2c1,
ed79,
fb2a,
1003,
1dd9,
1b6f,
0c60,
fc63,
fb20,
fdc0,
f0f7,
e42f,
e3ed,
ea18,
f220,
faf0,
0079,
03f6,
0a65,
0e5f,
0f6f,
0f6b,
0cb6,
06a6,
01b6,
ff2e,
fbbe,
f9bd,
f9ab,
fba2,
fd86,
fc5c,
fa22,
fae3,
fc8f,
fc95,
fe7a,
010f,
0193,
00df,
0146,
0238,
0254,
01ad,
ffa5,
fe10,
fe0e,
feb8,
ff0f,
fee3,
fe58,
fda6,
fddb,
fefd,
0071,
0155,
010f,
0014,
ffc3,
003e,
005a,
0019,
ffd5,
ff83,
ff19,
ff09,
ff5c,
ffa1,
ffea,
0007,
fff0,
fff9,
003b,
008b,
00ca,
00d5,
0052,
ff9c,
ff36,
ff41,
ff97,
ffd0,
ffa5,
ff59,
0000,
0001,
0003,
0003,
0002,
0001,
ffff,
fffe,
ffff,
0000,
0000,
fffe,
fffd,
fffd,
ffff,
0003,
0005,
0006,
0003,
0000,
fffd,
fffc,
fffc,
ffff,
ffff,
ffff,
fffc,
fffe,
fffe,
0007,
0000,
000b,
fff4,
0008,
ffec,
001a,
ffeb,
0024,
ffdc,
04f4,
0f3c,
0cb3,
005f,
f0cd,
eb5c,
fae3,
1318,
21db,
1d74,
0bc7,
f9e4,
f9f4,
fe4b,
ee62,
df37,
e16d,
e957,
f177,
fbf9,
0243,
0521,
0c8a,
1095,
1081,
102e,
0d7f,
063f,
00b3,
feb8,
fafc,
f8a7,
f88f,
fad2,
fd7c,
fcd8,
f909,
f988,
fdb0,
fe00,
fea5,
01bf,
0313,
01c1,
0213,
034c,
02ce,
0122,
fe44,
fc74,
fcc8,
fdf9,
fe5a,
fe2a,
fdf5,
fdce,
fe86,
ffca,
013d,
0229,
01ec,
00e0,
0052,
00b7,
00c2,
0011,
ff37,
fea6,
fe3f,
fe0b,
fe5b,
ff1e,
ffd7,
ffe7,
ffc4,
0011,
00aa,
0127,
0165,
015c,
00ca,
0005,
ff77,
ff58,
ff8b,
ffa2,
ff5e,
fefd,
fef9,
0000,
0001,
0003,
0003,
0002,
0001,
ffff,
fffe,
ffff,
0000,
0000,
fffe,
fffd,
fffd,
ffff,
0003,
0005,
0006,
0003,
0000,
fffd,
fffc,
fffc,
ffff,
ffff,
ffff,
fffc,
fffe,
fffe,
0007,
0000,
000b,
fff4,
0008,
ffec,
001a,
ffeb,
0024,
ffdc,
04f4,
0f3c,
0cb3,
005f,
f0cd,
eb5c,
fae3,
1318,
21db,
1d74,
0bc7,
f9e4,
f9f4,
fe4b,
ee62,
df37,
e16d,
e957,
f177,
fbf9,
0243,
0521,
0c8a,
1095,
1081,
102e,
0d7f,
063f,
00b3,
feb8,
fafc,
f8a7,
f88f,
fad2,
fd7c,
fcd8,
f909,
f988,
fdb0,
fe00,
fea5,
01bf,
0313,
01c1,
0213,
034c,
02ce,
0122,
fe44,
fc74,
fcc8,
fdf9,
fe5a,
fe2a,
fdf5,
fdce,
fe86,
ffca,
013d,
0229,
01ec,
00e0,
0052,
00b7,
00c2,
0011,
ff37,
fea6,
fe3f,
fe0b,
fe5b,
ff1e,
ffd7,
ffe7,
ffc4,
0011,
00aa,
0127,
0165,
015c,
00ca,
0005,
ff77,
ff58,
ff8b,
ffa2,
ff5e,
fefd,
fef9,
0001,
0003,
0004,
0003,
0000,
ffff,
ffff,
0000,
0001,
ffff,
fffe,
fffe,
fffe,
ffff,
0002,
0005,
0006,
0002,
0000,
fffc,
fffc,
fffd,
0000,
0000,
ffff,
fffc,
ffff,
fffd,
0009,
ffff,
000e,
fff1,
000d,
ffe3,
0020,
ffe2,
0032,
ffc3,
053c,
114d,
0e6d,
0006,
ee31,
e8ff,
fa59,
155a,
266c,
2046,
0b61,
f751,
f818,
feb1,
ed8b,
dab9,
dd89,
e8b8,
f118,
fbd9,
03ef,
0687,
0e2f,
1314,
1233,
1096,
0e2f,
06ee,
ffdd,
fdbb,
f9d9,
f755,
f79e,
fa65,
fd72,
fdd1,
f939,
f750,
fcf4,
ff0f,
fec3,
01b7,
0448,
02f4,
031b,
04e0,
0404,
01be,
fdd8,
faaa,
faf3,
fd2b,
fd77,
fce4,
fd41,
fdb3,
fefd,
0098,
01ec,
02cd,
02f3,
01d5,
00d2,
0130,
0148,
0064,
ff19,
fe1d,
fd6f,
fd16,
fd86,
fe88,
ff73,
ff90,
ff6f,
ffe0,
00c1,
0195,
01ff,
01e8,
012d,
0058,
ffd3,
ffb3,
ffd2,
ffb9,
ff37,
fea3,
fe9d,
ff16,
fffe,
fffe,
ffff,
0000,
0000,
ffff,
fffe,
fffe,
0000,
0004,
0006,
0004,
0000,
fffc,
fffa,
fffa,
ffff,
0002,
0003,
fffe,
fffc,
fffb,
000a,
0002,
000c,
fff2,
0008,
ffea,
0015,
ffe7,
0022,
ffcc,
021e,
0acf,
1308,
0ce4,
e49f,
d12f,
00ac,
2ce7,
2b02,
17f0,
05d3,
fbe4,
fecd,
011b,
f07d,
de2f,
ddf1,
e686,
f07c,
f826,
fe0f,
019d,
07f2,
0f2b,
12d8,
1272,
0dec,
0944,
05b6,
0240,
fa86,
f66d,
f89a,
fa5c,
f9ba,
f8aa,
f8d0,
f90a,
fbac,
ff6c,
02e4,
0483,
038a,
01e7,
0245,
04c8,
053b,
034d,
0010,
fd5c,
fd02,
fe50,
ff3d,
ff61,
feab,
fc1d,
fa9d,
fbe3,
fd91,
fd0b,
fbcd,
fd15,
0052,
0352,
04cb,
04f8,
0456,
032c,
01c3,
004c,
ff3e,
fe95,
fdf5,
fd3e,
fca4,
fc5c,
fcb9,
fe09,
ffcf,
010a,
00f7,
0021,
ffd1,
005f,
0142,
01ca,
01ac,
0115,
006e,
000f,
0048,
00d7,
00e5,
0019,
ff02,
fe57,
fffe,
fffe,
ffff,
0000,
0000,
ffff,
fffe,
fffe,
0000,
0004,
0006,
0004,
0000,
fffc,
fffa,
fffa,
ffff,
0002,
0003,
fffe,
fffc,
fffb,
000a,
0002,
000c,
fff2,
0008,
ffea,
0015,
ffe7,
0022,
ffcc,
021e,
0acf,
1308,
0ce4,
e49f,
d12f,
00ac,
2ce7,
2b02,
17f0,
05d3,
fbe4,
fecd,
011b,
f07d,
de2f,
ddf1,
e686,
f07c,
f826,
fe0f,
019d,
07f2,
0f2b,
12d8,
1272,
0dec,
0944,
05b6,
0240,
fa86,
f66d,
f89a,
fa5c,
f9ba,
f8aa,
f8d0,
f90a,
fbac,
ff6c,
02e4,
0483,
038a,
01e7,
0245,
04c8,
053b,
034d,
0010,
fd5c,
fd02,
fe50,
ff3d,
ff61,
feab,
fc1d,
fa9d,
fbe3,
fd91,
fd0b,
fbcd,
fd15,
0052,
0352,
04cb,
04f8,
0456,
032c,
01c3,
004c,
ff3e,
fe95,
fdf5,
fd3e,
fca4,
fc5c,
fcb9,
fe09,
ffcf,
010a,
00f7,
0021,
ffd1,
005f,
0142,
01ca,
01ac,
0115,
006e,
000f,
0048,
00d7,
00e5,
0019,
ff02,
fe57,
ffff,
ffff,
0000,
ffff,
ffff,
fffd,
fffd,
0000,
0003,
0006,
0004,
0001,
fffb,
fff9,
fff9,
fffd,
0001,
0003,
fffe,
fffc,
fff7,
000a,
0002,
000d,
fff2,
0005,
ffec,
000b,
fff6,
000b,
ffec,
0126,
0a25,
1416,
130c,
ea87,
c922,
f688,
2e02,
2fa0,
1b27,
0848,
fc8b,
fe0b,
019b,
f162,
dbc3,
da43,
e31e,
eea0,
f801,
feb8,
0259,
0853,
1091,
141c,
13a1,
0e8c,
093c,
0571,
02d4,
fb3e,
f593,
f7f8,
fa4b,
f9b2,
f847,
f882,
f868,
fabc,
fef2,
02d4,
0512,
043e,
0256,
022e,
0533,
0670,
0462,
003d,
fc77,
fc25,
fdc8,
feb8,
feec,
ff0f,
fcd4,
fa5b,
fbb7,
fe88,
fd60,
fac4,
fc65,
001a,
030d,
04af,
04f2,
045c,
03b9,
02a4,
00c9,
ffb1,
ff0d,
fe1a,
fd33,
fc60,
fbd3,
fc3f,
fdbe,
ff95,
011a,
0147,
003e,
ffb2,
005b,
0160,
01c6,
0177,
00c1,
0019,
fff6,
0076,
0128,
012f,
0038,
fefa,
fe5c,
fe9d,
ffff,
ffff,
0000,
fffe,
fffd,
fffc,
ffff,
0003,
0007,
0006,
0002,
fffc,
fff9,
fff8,
fffc,
0000,
0003,
ffff,
fffd,
fff7,
0008,
0005,
000a,
fffb,
fffa,
fffd,
fff2,
0016,
ffe0,
002e,
000b,
081a,
137b,
18c5,
f79b,
c582,
e4de,
2952,
34a2,
1fb0,
0cdc,
fe6c,
fd70,
0290,
f44a,
db5d,
d6c5,
deb2,
ea69,
f64d,
fe67,
037a,
08bb,
111e,
1586,
159a,
0fd2,
0988,
058d,
030a,
fc51,
f501,
f6d6,
fa0b,
fa33,
f83e,
f7de,
f7d9,
f9c0,
fe20,
0217,
0527,
04ee,
0327,
0251,
0516,
076b,
0614,
0152,
fc00,
fb83,
fd1d,
fdba,
fe00,
feda,
fdb5,
faac,
fac8,
fe89,
feed,
fb14,
fb66,
ffa1,
02ec,
0473,
04e5,
0454,
03ca,
0351,
015e,
ffdc,
ff67,
fe94,
fd64,
fc49,
fb8b,
fbcf,
fd48,
ff11,
00d0,
0188,
00ac,
ffd0,
0059,
0183,
01ed,
017b,
008d,
ffcd,
ffc8,
005a,
0119,
014a,
0068,
ff08,
fe55,
feb2,
ff6b,
ffff,
ffff,
0000,
fffe,
fffd,
fffc,
ffff,
0003,
0007,
0006,
0002,
fffc,
fff9,
fff8,
fffc,
0000,
0003,
ffff,
fffd,
fff7,
0008,
0005,
000a,
fffb,
fffa,
fffd,
fff2,
0016,
ffe0,
002e,
000b,
081a,
137b,
18c5,
f79b,
c582,
e4de,
2952,
34a2,
1fb0,
0cdc,
fe6c,
fd70,
0290,
f44a,
db5d,
d6c5,
deb2,
ea69,
f64d,
fe67,
037a,
08bb,
111e,
1586,
159a,
0fd2,
0988,
058d,
030a,
fc51,
f501,
f6d6,
fa0b,
fa33,
f83e,
f7de,
f7d9,
f9c0,
fe20,
0217,
0527,
04ee,
0327,
0251,
0516,
076b,
0614,
0152,
fc00,
fb83,
fd1d,
fdba,
fe00,
feda,
fdb5,
faac,
fac8,
fe89,
feed,
fb14,
fb66,
ffa1,
02ec,
0473,
04e5,
0454,
03ca,
0351,
015e,
ffdc,
ff67,
fe94,
fd64,
fc49,
fb8b,
fbcf,
fd48,
ff11,
00d0,
0188,
00ac,
ffd0,
0059,
0183,
01ed,
017b,
008d,
ffcd,
ffc8,
005a,
0119,
014a,
0068,
ff08,
fe55,
feb2,
ff6b,
ffff,
ffff,
0000,
fffe,
fffd,
fffc,
ffff,
0003,
0007,
0006,
0002,
fffc,
fff9,
fff8,
fffc,
0000,
0003,
ffff,
fffd,
fff7,
0008,
0005,
000a,
fffb,
fffa,
fffd,
fff2,
0016,
ffe0,
002e,
000b,
081a,
137b,
18c5,
f79b,
c582,
e4de,
2952,
34a2,
1fb0,
0cdc,
fe6c,
fd70,
0290,
f44a,
db5d,
d6c5,
deb2,
ea69,
f64d,
fe67,
037a,
08bb,
111e,
1586,
159a,
0fd2,
0988,
058d,
030a,
fc51,
f501,
f6d6,
fa0b,
fa33,
f83e,
f7de,
f7d9,
f9c0,
fe20,
0217,
0527,
04ee,
0327,
0251,
0516,
076b,
0614,
0152,
fc00,
fb83,
fd1d,
fdba,
fe00,
feda,
fdb5,
faac,
fac8,
fe89,
feed,
fb14,
fb66,
ffa1,
02ec,
0473,
04e5,
0454,
03ca,
0351,
015e,
ffdc,
ff67,
fe94,
fd64,
fc49,
fb8b,
fbcf,
fd48,
ff11,
00d0,
0188,
00ac,
ffd0,
0059,
0183,
01ed,
017b,
008d,
ffcd,
ffc8,
005a,
0119,
014a,
0068,
ff08,
fe55,
feb2,
ff6b,
0000,
0000,
0000,
fffe,
fffd,
ffff,
0003,
0007,
0007,
0003,
fffe,
fff9,
fff8,
fffa,
0000,
0002,
0001,
fffd,
fffa,
ffff,
000f,
0002,
000b,
ffea,
0011,
ffda,
002e,
ffc7,
0053,
ff86,
04d2,
112f,
1b5d,
0936,
ccaf,
ce9a,
1a9d,
38e7,
2577,
12ac,
02ff,
fca9,
0310,
fa0f,
ddae,
d41a,
dadb,
e434,
f216,
fc0a,
02d4,
094c,
11d6,
162b,
179b,
1313,
0a73,
05f4,
03a9,
fdde,
f4b3,
f505,
f94e,
fa8b,
f916,
f797,
f740,
f881,
fd1f,
0115,
048e,
0550,
03c2,
029c,
04b1,
07da,
077e,
0354,
fcb4,
fafc,
fcb3,
fd0d,
fcf8,
fdd8,
fe03,
fbb6,
fa8c,
fcf8,
ff78,
fd34,
fb58,
fe60,
024d,
0451,
0501,
04a4,
038e,
033f,
0227,
0040,
ff68,
feec,
fdd7,
fc85,
fba8,
fb8e,
fcb6,
fe77,
0030,
0164,
0123,
0030,
004a,
0177,
021a,
01b9,
00ac,
ffb9,
ffa4,
001f,
00c7,
0115,
008a,
ff59,
fe77,
fe95,
ff50,
ffe2,
0000,
0000,
ffff,
fffd,
fffe,
0002,
0006,
0009,
0004,
ffff,
fff9,
fff8,
fff8,
fffe,
0001,
0003,
fffc,
fffc,
fff7,
0011,
0001,
0010,
ffec,
000b,
ffe6,
000f,
fff2,
000e,
ffee,
0134,
0cbb,
1997,
18e0,
e402,
bde1,
fcc2,
3728,
2d32,
1893,
0a3d,
fe9c,
01f3,
00df,
e5aa,
d285,
d7c2,
deb9,
eaf2,
f793,
ff35,
06e7,
1180,
17e1,
1889,
16dc,
0e32,
0723,
0495,
009c,
f626,
f254,
f778,
fa20,
fa03,
f811,
f6ea,
f73d,
fb9a,
ffea,
0357,
057d,
042e,
02d3,
0409,
07ae,
0870,
0550,
ff06,
fb29,
fc2d,
fcdc,
fc73,
fc9a,
fd6a,
fc56,
fb23,
fbef,
fe18,
feae,
fd18,
fdaf,
00e1,
03d1,
04f3,
0506,
040b,
02ea,
023a,
00dd,
ff9c,
ff07,
fe53,
fcf8,
fbf8,
fbb2,
fc29,
fdb5,
ff9a,
00f8,
012f,
0095,
0067,
013f,
0219,
01fd,
010b,
0001,
ffaf,
ffea,
0063,
00af,
0073,
ffac,
fed2,
fe9b,
ff0d,
ffb6,
fff5,
0000,
0000,
ffff,
fffd,
fffe,
0002,
0006,
0009,
0004,
ffff,
fff9,
fff8,
fff8,
fffe,
0001,
0003,
fffc,
fffc,
fff7,
0011,
0001,
0010,
ffec,
000b,
ffe6,
000f,
fff2,
000e,
ffee,
0134,
0cbb,
1997,
18e0,
e402,
bde1,
fcc2,
3728,
2d32,
1893,
0a3d,
fe9c,
01f3,
00df,
e5aa,
d285,
d7c2,
deb9,
eaf2,
f793,
ff35,
06e7,
1180,
17e1,
1889,
16dc,
0e32,
0723,
0495,
009c,
f626,
f254,
f778,
fa20,
fa03,
f811,
f6ea,
f73d,
fb9a,
ffea,
0357,
057d,
042e,
02d3,
0409,
07ae,
0870,
0550,
ff06,
fb29,
fc2d,
fcdc,
fc73,
fc9a,
fd6a,
fc56,
fb23,
fbef,
fe18,
feae,
fd18,
fdaf,
00e1,
03d1,
04f3,
0506,
040b,
02ea,
023a,
00dd,
ff9c,
ff07,
fe53,
fcf8,
fbf8,
fbb2,
fc29,
fdb5,
ff9a,
00f8,
012f,
0095,
0067,
013f,
0219,
01fd,
010b,
0001,
ffaf,
ffea,
0063,
00af,
0073,
ffac,
fed2,
fe9b,
ff0d,
ffb6,
fff5,
0000,
0000,
ffff,
fffd,
fffe,
0002,
0006,
0009,
0004,
ffff,
fff9,
fff8,
fff8,
fffe,
0001,
0003,
fffc,
fffc,
fff7,
0011,
0001,
0010,
ffec,
000b,
ffe6,
000f,
fff2,
000e,
ffee,
0134,
0cbb,
1997,
18e0,
e402,
bde1,
fcc2,
3728,
2d32,
1893,
0a3d,
fe9c,
01f3,
00df,
e5aa,
d285,
d7c2,
deb9,
eaf2,
f793,
ff35,
06e7,
1180,
17e1,
1889,
16dc,
0e32,
0723,
0495,
009c,
f626,
f254,
f778,
fa20,
fa03,
f811,
f6ea,
f73d,
fb9a,
ffea,
0357,
057d,
042e,
02d3,
0409,
07ae,
0870,
0550,
ff06,
fb29,
fc2d,
fcdc,
fc73,
fc9a,
fd6a,
fc56,
fb23,
fbef,
fe18,
feae,
fd18,
fdaf,
00e1,
03d1,
04f3,
0506,
040b,
02ea,
023a,
00dd,
ff9c,
ff07,
fe53,
fcf8,
fbf8,
fbb2,
fc29,
fdb5,
ff9a,
00f8,
012f,
0095,
0067,
013f,
0219,
01fd,
010b,
0001,
ffaf,
ffea,
0063,
00af,
0073,
ffac,
fed2,
fe9b,
ff0d,
ffb6,
fff5,
0000,
0000,
fffd,
fffc,
ffff,
0004,
0008,
0007,
0002,
fffc,
fff8,
fff8,
fffb,
0001,
0002,
0001,
fffc,
fff8,
0002,
000e,
0004,
0009,
ffea,
0011,
ffd7,
0032,
ffbb,
0061,
ff75,
0625,
1441,
1ed3,
0522,
c496,
d465,
2442,
3656,
1f65,
116a,
0466,
00a1,
0619,
f36c,
d5b4,
d3de,
db1c,
e2fc,
f157,
f9f8,
011f,
0ca5,
17aa,
1a7d,
1a3d,
1375,
0a4a,
06c4,
03b3,
fab6,
f15c,
f3ac,
f860,
fa18,
f8f6,
f6e0,
f651,
f964,
feae,
01ca,
04e6,
04fd,
031a,
032b,
069e,
0915,
06ce,
01b2,
fcd8,
fc27,
fcb0,
fc69,
fc0f,
fc74,
fc3c,
fb4c,
fbd5,
fce4,
fe23,
fe77,
fe7f,
ffea,
02a4,
049d,
04f4,
04a5,
0378,
023b,
0110,
ffe3,
ff19,
fea6,
fdbb,
fc62,
fbd9,
fbfa,
fce7,
fec4,
0090,
0127,
00b2,
007f,
010d,
01dd,
0222,
0188,
0083,
ffe9,
ffd6,
0010,
0057,
0044,
ffd0,
ff20,
febb,
fee7,
ff68,
ffcd,
ffbe,
0000,
fffe,
fffd,
fffd,
0001,
0005,
0008,
0004,
ffff,
fff9,
fff8,
fff8,
fffd,
0000,
0001,
fffc,
fffc,
fff7,
000e,
0003,
000d,
fff2,
0002,
fff2,
fffe,
0006,
ffec,
001a,
0074,
0bb8,
1a64,
1c71,
ea94,
bcc8,
f5e1,
3477,
2bc3,
1765,
0c59,
0227,
05f0,
038a,
e43c,
d09e,
d787,
dd00,
e811,
f50d,
faab,
036e,
11b9,
1a3b,
1bf0,
1a46,
100c,
08d9,
07a6,
01f1,
f53c,
f05c,
f523,
f830,
f969,
f77d,
f57a,
f6e0,
fc5a,
006a,
0349,
059d,
03ff,
02c0,
04c5,
089c,
0861,
0415,
ff25,
fce4,
fd2b,
fca4,
fc03,
fbe2,
fc0d,
fb31,
fb37,
fc5c,
fd58,
fe44,
fedd,
fff0,
01ba,
03da,
04a1,
04ab,
044e,
02fe,
0177,
001a,
ff43,
fec3,
fe49,
fd2d,
fc23,
fbe9,
fc4e,
fdb6,
ffbb,
0106,
00eb,
0081,
00cf,
0188,
020e,
01e4,
0120,
006a,
0001,
ffd5,
0004,
002d,
ffe8,
ff5a,
fedb,
fec2,
ff0d,
ff83,
ffd1,
ffb2,
0000,
fffe,
fffd,
fffd,
0001,
0005,
0008,
0004,
ffff,
fff9,
fff8,
fff8,
fffd,
0000,
0001,
fffc,
fffc,
fff7,
000e,
0003,
000d,
fff2,
0002,
fff2,
fffe,
0006,
ffec,
001a,
0074,
0bb8,
1a64,
1c71,
ea94,
bcc8,
f5e1,
3477,
2bc3,
1765,
0c59,
0227,
05f0,
038a,
e43c,
d09e,
d787,
dd00,
e811,
f50d,
faab,
036e,
11b9,
1a3b,
1bf0,
1a46,
100c,
08d9,
07a6,
01f1,
f53c,
f05c,
f523,
f830,
f969,
f77d,
f57a,
f6e0,
fc5a,
006a,
0349,
059d,
03ff,
02c0,
04c5,
089c,
0861,
0415,
ff25,
fce4,
fd2b,
fca4,
fc03,
fbe2,
fc0d,
fb31,
fb37,
fc5c,
fd58,
fe44,
fedd,
fff0,
01ba,
03da,
04a1,
04ab,
044e,
02fe,
0177,
001a,
ff43,
fec3,
fe49,
fd2d,
fc23,
fbe9,
fc4e,
fdb6,
ffbb,
0106,
00eb,
0081,
00cf,
0188,
020e,
01e4,
0120,
006a,
0001,
ffd5,
0004,
002d,
ffe8,
ff5a,
fedb,
fec2,
ff0d,
ff83,
ffd1,
ffb2,
0000,
fffe,
fffd,
fffd,
0001,
0005,
0008,
0004,
ffff,
fff9,
fff8,
fff8,
fffd,
0000,
0001,
fffc,
fffc,
fff7,
000e,
0003,
000d,
fff2,
0002,
fff2,
fffe,
0006,
ffec,
001a,
0074,
0bb8,
1a64,
1c71,
ea94,
bcc8,
f5e1,
3477,
2bc3,
1765,
0c59,
0227,
05f0,
038a,
e43c,
d09e,
d787,
dd00,
e811,
f50d,
faab,
036e,
11b9,
1a3b,
1bf0,
1a46,
100c,
08d9,
07a6,
01f1,
f53c,
f05c,
f523,
f830,
f969,
f77d,
f57a,
f6e0,
fc5a,
006a,
0349,
059d,
03ff,
02c0,
04c5,
089c,
0861,
0415,
ff25,
fce4,
fd2b,
fca4,
fc03,
fbe2,
fc0d,
fb31,
fb37,
fc5c,
fd58,
fe44,
fedd,
fff0,
01ba,
03da,
04a1,
04ab,
044e,
02fe,
0177,
001a,
ff43,
fec3,
fe49,
fd2d,
fc23,
fbe9,
fc4e,
fdb6,
ffbb,
0106,
00eb,
0081,
00cf,
0188,
020e,
01e4,
0120,
006a,
0001,
ffd5,
0004,
002d,
ffe8,
ff5a,
fedb,
fec2,
ff0d,
ff83,
ffd1,
ffb2,
0001,
fffe,
fffc,
fffe,
0002,
0007,
0008,
0003,
fffe,
fff9,
fff9,
fffa,
0000,
0000,
0001,
fffc,
fffc,
fffb,
0011,
0000,
0010,
ffea,
0010,
ffe0,
001e,
ffdd,
0028,
ffb8,
0254,
100a,
1e1b,
142c,
d7b3,
c4ce,
0d6b,
360c,
2371,
131e,
0865,
031e,
0a14,
fd63,
db25,
d19f,
d940,
deaa,
ec42,
f621,
faf3,
05f4,
13eb,
1ace,
1ccf,
1897,
0e32,
09d6,
0843,
ffd1,
f31b,
f0d4,
f58f,
f82d,
f80e,
f56b,
f4be,
f845,
fe1b,
0151,
046a,
0592,
034e,
0314,
0686,
095c,
06a7,
01e6,
fe6d,
fd8e,
fd6b,
fc9e,
fc0e,
fbaf,
fb73,
faee,
fb5e,
fc6b,
fdc2,
fe9d,
ff36,
00e3,
031f,
0474,
0448,
045a,
0417,
02b6,
00d5,
ff6c,
fef5,
fea3,
fdf8,
fcc3,
fc02,
fc06,
fcb9,
fe6c,
004a,
010a,
00ac,
0098,
0125,
01c7,
0210,
01a5,
00f1,
0071,
000b,
ffcf,
ffee,
0006,
ffaf,
ff19,
fea7,
fea3,
ff06,
ff9d,
fff6,
ffcd,
ffff,
fffd,
fffc,
ffff,
0004,
0007,
0007,
0002,
fffe,
fffa,
fffa,
fffb,
ffff,
0000,
0000,
fffb,
fffb,
ffff,
0010,
0001,
000b,
ffeb,
0010,
ffe0,
0023,
ffd4,
0038,
ff9b,
0394,
124a,
1f2a,
0d11,
d0a3,
cdeb,
1704,
337c,
1f75,
10b3,
062c,
050b,
0c0a,
f93b,
d86e,
d3aa,
d9f4,
dfe0,
ee03,
f5fb,
fac0,
06ee,
1406,
1a71,
1cbf,
16d9,
0d60,
0b93,
0965,
fed7,
f351,
f202,
f595,
f803,
f6cd,
f361,
f458,
f95f,
fe5e,
017f,
050a,
053c,
02e1,
03b2,
07a3,
092f,
054a,
011d,
fec3,
fdf5,
fd5d,
fcc2,
fc53,
fba2,
fb15,
facc,
fb73,
fc84,
fdf4,
feca,
ff63,
0148,
03d0,
04c7,
0408,
03f3,
03e7,
02ab,
009b,
ff1a,
fec4,
fe96,
fde1,
fca0,
fbea,
fc11,
fd10,
fed5,
0072,
00e5,
0082,
00ab,
0153,
01e3,
0204,
018f,
00ef,
0073,
0010,
ffdc,
ffed,
ffed,
ff93,
feee,
fe68,
fe6b,
fefc,
ffbf,
0016,
ffe6,
ffff,
fffd,
fffc,
ffff,
0004,
0007,
0007,
0002,
fffe,
fffa,
fffa,
fffb,
ffff,
0000,
0000,
fffb,
fffb,
ffff,
0010,
0001,
000b,
ffeb,
0010,
ffe0,
0023,
ffd4,
0038,
ff9b,
0394,
124a,
1f2a,
0d11,
d0a3,
cdeb,
1704,
337c,
1f75,
10b3,
062c,
050b,
0c0a,
f93b,
d86e,
d3aa,
d9f4,
dfe0,
ee03,
f5fb,
fac0,
06ee,
1406,
1a71,
1cbf,
16d9,
0d60,
0b93,
0965,
fed7,
f351,
f202,
f595,
f803,
f6cd,
f361,
f458,
f95f,
fe5e,
017f,
050a,
053c,
02e1,
03b2,
07a3,
092f,
054a,
011d,
fec3,
fdf5,
fd5d,
fcc2,
fc53,
fba2,
fb15,
facc,
fb73,
fc84,
fdf4,
feca,
ff63,
0148,
03d0,
04c7,
0408,
03f3,
03e7,
02ab,
009b,
ff1a,
fec4,
fe96,
fde1,
fca0,
fbea,
fc11,
fd10,
fed5,
0072,
00e5,
0082,
00ab,
0153,
01e3,
0204,
018f,
00ef,
0073,
0010,
ffdc,
ffed,
ffed,
ff93,
feee,
fe68,
fe6b,
fefc,
ffbf,
0016,
ffe6,
ffff,
fffd,
fffc,
ffff,
0004,
0007,
0007,
0002,
fffe,
fffa,
fffa,
fffb,
ffff,
0000,
0000,
fffb,
fffb,
ffff,
0010,
0001,
000b,
ffeb,
0010,
ffe0,
0023,
ffd4,
0038,
ff9b,
0394,
124a,
1f2a,
0d11,
d0a3,
cdeb,
1704,
337c,
1f75,
10b3,
062c,
050b,
0c0a,
f93b,
d86e,
d3aa,
d9f4,
dfe0,
ee03,
f5fb,
fac0,
06ee,
1406,
1a71,
1cbf,
16d9,
0d60,
0b93,
0965,
fed7,
f351,
f202,
f595,
f803,
f6cd,
f361,
f458,
f95f,
fe5e,
017f,
050a,
053c,
02e1,
03b2,
07a3,
092f,
054a,
011d,
fec3,
fdf5,
fd5d,
fcc2,
fc53,
fba2,
fb15,
facc,
fb73,
fc84,
fdf4,
feca,
ff63,
0148,
03d0,
04c7,
0408,
03f3,
03e7,
02ab,
009b,
ff1a,
fec4,
fe96,
fde1,
fca0,
fbea,
fc11,
fd10,
fed5,
0072,
00e5,
0082,
00ab,
0153,
01e3,
0204,
018f,
00ef,
0073,
0010,
ffdc,
ffed,
ffed,
ff93,
feee,
fe68,
fe6b,
fefc,
ffbf,
0016,
ffe6,
fffe,
fffd,
fffc,
0000,
0004,
0007,
0006,
0002,
fffe,
fffa,
fff9,
fffa,
ffff,
0000,
0000,
fffb,
fffa,
0000,
000e,
0002,
0009,
ffef,
000c,
ffe5,
001b,
ffda,
002f,
ffa7,
037f,
122e,
1ebb,
0b5d,
d210,
d135,
166c,
3153,
1ec9,
0fc6,
056d,
062d,
0d05,
f964,
d9bf,
d520,
da96,
e076,
ed93,
f509,
fa03,
05ae,
12ac,
19ee,
1bf5,
15b7,
0d2a,
0c6f,
0b00,
0068,
f48b,
f2f6,
f654,
f7c8,
f5a3,
f26c,
f40c,
f937,
fdd1,
0120,
04d9,
04ee,
02a4,
03ea,
07e1,
08ac,
04d1,
019c,
ff93,
fe23,
fd4f,
fcf7,
fca0,
fbde,
fb2d,
faa5,
fb5b,
fcb3,
fdfa,
fea5,
ff46,
0129,
03c5,
04f0,
040a,
0397,
03b2,
02c9,
00ce,
ff3b,
feb6,
fe7e,
fdf8,
fcd1,
fbf3,
fc06,
fd14,
fed9,
0061,
00c8,
006a,
009d,
0151,
01de,
0202,
019e,
0106,
0080,
001d,
fff0,
fffb,
ffee,
ff87,
fec9,
fe36,
fe43,
fee8,
ffc2,
0023,
fff6,
ffff,
fffd,
fffd,
ffff,
0003,
0006,
0006,
0002,
fffe,
fffa,
fff9,
fffa,
ffff,
0000,
0000,
fffc,
fffa,
fffd,
000d,
0003,
0009,
fff2,
0007,
ffee,
0010,
ffeb,
0016,
ffcc,
0229,
0f7e,
1d63,
0f85,
da53,
ce8d,
0d1b,
2f8e,
20dc,
10a2,
05d3,
0611,
0dbc,
fe00,
de60,
d61a,
db0e,
e04a,
ebc6,
f36c,
f833,
029f,
0f94,
18b1,
1b8a,
1586,
0d2d,
0c72,
0c5a,
03ce,
f790,
f39e,
f6ce,
f84f,
f531,
f20c,
f40e,
f837,
fc48,
003c,
0401,
0478,
0298,
039b,
0715,
082b,
0541,
02ce,
00c9,
fe87,
fd50,
fd1f,
fd0b,
fc45,
fb7b,
faba,
fb30,
fc99,
fddc,
fe74,
fee2,
0087,
0324,
04d9,
0435,
0365,
037c,
02f5,
014a,
ffb4,
feea,
fe75,
fe1c,
fd40,
fc3f,
fbf9,
fcc3,
fe73,
0011,
00ab,
0066,
007d,
011a,
01af,
0202,
01cb,
0139,
00a8,
0041,
000a,
000a,
fffb,
ff8e,
fec8,
fe20,
fe22,
febf,
ff9a,
0012,
ffff,
ffff,
fffd,
fffd,
ffff,
0003,
0006,
0006,
0002,
fffe,
fffa,
fff9,
fffa,
ffff,
0000,
0000,
fffc,
fffa,
fffd,
000d,
0003,
0009,
fff2,
0007,
ffee,
0010,
ffeb,
0016,
ffcc,
0229,
0f7e,
1d63,
0f85,
da53,
ce8d,
0d1b,
2f8e,
20dc,
10a2,
05d3,
0611,
0dbc,
fe00,
de60,
d61a,
db0e,
e04a,
ebc6,
f36c,
f833,
029f,
0f94,
18b1,
1b8a,
1586,
0d2d,
0c72,
0c5a,
03ce,
f790,
f39e,
f6ce,
f84f,
f531,
f20c,
f40e,
f837,
fc48,
003c,
0401,
0478,
0298,
039b,
0715,
082b,
0541,
02ce,
00c9,
fe87,
fd50,
fd1f,
fd0b,
fc45,
fb7b,
faba,
fb30,
fc99,
fddc,
fe74,
fee2,
0087,
0324,
04d9,
0435,
0365,
037c,
02f5,
014a,
ffb4,
feea,
fe75,
fe1c,
fd40,
fc3f,
fbf9,
fcc3,
fe73,
0011,
00ab,
0066,
007d,
011a,
01af,
0202,
01cb,
0139,
00a8,
0041,
000a,
000a,
fffb,
ff8e,
fec8,
fe20,
fe22,
febf,
ff9a,
0012,
ffff,
ffff,
fffd,
fffd,
ffff,
0003,
0006,
0006,
0002,
fffe,
fffa,
fff9,
fffa,
ffff,
0000,
0000,
fffc,
fffa,
fffd,
000d,
0003,
0009,
fff2,
0007,
ffee,
0010,
ffeb,
0016,
ffcc,
0229,
0f7e,
1d63,
0f85,
da53,
ce8d,
0d1b,
2f8e,
20dc,
10a2,
05d3,
0611,
0dbc,
fe00,
de60,
d61a,
db0e,
e04a,
ebc6,
f36c,
f833,
029f,
0f94,
18b1,
1b8a,
1586,
0d2d,
0c72,
0c5a,
03ce,
f790,
f39e,
f6ce,
f84f,
f531,
f20c,
f40e,
f837,
fc48,
003c,
0401,
0478,
0298,
039b,
0715,
082b,
0541,
02ce,
00c9,
fe87,
fd50,
fd1f,
fd0b,
fc45,
fb7b,
faba,
fb30,
fc99,
fddc,
fe74,
fee2,
0087,
0324,
04d9,
0435,
0365,
037c,
02f5,
014a,
ffb4,
feea,
fe75,
fe1c,
fd40,
fc3f,
fbf9,
fcc3,
fe73,
0011,
00ab,
0066,
007d,
011a,
01af,
0202,
01cb,
0139,
00a8,
0041,
000a,
000a,
fffb,
ff8e,
fec8,
fe20,
fe22,
febf,
ff9a,
0012,
ffff,
0000,
fffe,
fffd,
fffd,
0001,
0005,
0006,
0003,
ffff,
fffc,
fffa,
fffa,
fffd,
ffff,
0000,
fffd,
fffa,
fffb,
0009,
0005,
0006,
fffa,
fffe,
fffb,
fffd,
0004,
fff4,
0004,
008e,
0a83,
1a20,
166c,
e9c0,
cba5,
fb18,
2ae0,
2536,
1394,
0765,
0520,
0d7b,
057c,
e703,
d7aa,
db10,
dfb2,
e93f,
f19a,
f5aa,
fdf8,
0aad,
15c1,
1ae6,
16c3,
0dce,
0b8d,
0d1f,
07b8,
fc1c,
f562,
f6dc,
f8c4,
f61e,
f286,
f3e3,
f755,
fa65,
fe52,
027d,
03e6,
0276,
02e7,
0599,
073d,
0604,
0460,
0269,
ff78,
fda5,
fd44,
fd81,
fce8,
fbf3,
fb07,
fb14,
fc56,
fd8c,
fe33,
fe68,
ff8d,
01ed,
0435,
0462,
0374,
0357,
031c,
01e3,
006b,
ff72,
feaf,
fe4f,
fdd1,
fcc9,
fc10,
fc63,
fdc8,
ff69,
005a,
0064,
0058,
00c3,
015a,
01e5,
01ff,
0185,
00e8,
007d,
003a,
0020,
000d,
ffad,
fef0,
fe31,
fe0c,
fe8b,
ff57,
ffe9,
fff9,
0001,
0000,
fffe,
fffe,
0000,
0004,
0007,
0005,
0001,
fffe,
fffb,
fffa,
fffc,
ffff,
0000,
0000,
fffd,
fffc,
0002,
000a,
0004,
0004,
fff6,
0005,
fff1,
0010,
ffea,
001b,
ffd3,
04c1,
13ac,
1aea,
fe5a,
d198,
e3be,
1d50,
2a04,
191a,
0a96,
045b,
0b14,
0c88,
f450,
dc74,
daa0,
def4,
e628,
ef73,
f39b,
f8b8,
03dc,
1081,
18db,
1865,
1028,
0ab6,
0c53,
0b29,
01cb,
f889,
f744,
f8f9,
f759,
f41b,
f422,
f687,
f8d2,
fc08,
0006,
02d3,
027b,
020f,
03bf,
05b1,
0648,
05e3,
0446,
00f7,
fe7e,
fda1,
fdd1,
fdb1,
fcb3,
fb7b,
fb01,
fc04,
fd47,
fde7,
fde4,
fe81,
005c,
02cc,
042a,
03c0,
0346,
0329,
0283,
0143,
002b,
ff43,
feb2,
fe5b,
fd73,
fc6d,
fc32,
fd09,
fe79,
ffbb,
0038,
0033,
0063,
00ec,
019e,
0213,
01e1,
013a,
00b7,
0075,
004a,
0028,
ffd5,
ff31,
fe70,
fe15,
fe59,
ff00,
ffa9,
ffe8,
0001,
0000,
fffe,
fffe,
0000,
0004,
0007,
0005,
0001,
fffe,
fffb,
fffa,
fffc,
ffff,
0000,
0000,
fffd,
fffc,
0002,
000a,
0004,
0004,
fff6,
0005,
fff1,
0010,
ffea,
001b,
ffd3,
04c1,
13ac,
1aea,
fe5a,
d198,
e3be,
1d50,
2a04,
191a,
0a96,
045b,
0b14,
0c88,
f450,
dc74,
daa0,
def4,
e628,
ef73,
f39b,
f8b8,
03dc,
1081,
18db,
1865,
1028,
0ab6,
0c53,
0b29,
01cb,
f889,
f744,
f8f9,
f759,
f41b,
f422,
f687,
f8d2,
fc08,
0006,
02d3,
027b,
020f,
03bf,
05b1,
0648,
05e3,
0446,
00f7,
fe7e,
fda1,
fdd1,
fdb1,
fcb3,
fb7b,
fb01,
fc04,
fd47,
fde7,
fde4,
fe81,
005c,
02cc,
042a,
03c0,
0346,
0329,
0283,
0143,
002b,
ff43,
feb2,
fe5b,
fd73,
fc6d,
fc32,
fd09,
fe79,
ffbb,
0038,
0033,
0063,
00ec,
019e,
0213,
01e1,
013a,
00b7,
0075,
004a,
0028,
ffd5,
ff31,
fe70,
fe15,
fe59,
ff00,
ffa9,
ffe8,
0001,
0000,
fffe,
fffe,
0000,
0004,
0007,
0005,
0001,
fffe,
fffb,
fffa,
fffc,
ffff,
0000,
0000,
fffd,
fffc,
0002,
000a,
0004,
0004,
fff6,
0005,
fff1,
0010,
ffea,
001b,
ffd3,
04c1,
13ac,
1aea,
fe5a,
d198,
e3be,
1d50,
2a04,
191a,
0a96,
045b,
0b14,
0c88,
f450,
dc74,
daa0,
def4,
e628,
ef73,
f39b,
f8b8,
03dc,
1081,
18db,
1865,
1028,
0ab6,
0c53,
0b29,
01cb,
f889,
f744,
f8f9,
f759,
f41b,
f422,
f687,
f8d2,
fc08,
0006,
02d3,
027b,
020f,
03bf,
05b1,
0648,
05e3,
0446,
00f7,
fe7e,
fda1,
fdd1,
fdb1,
fcb3,
fb7b,
fb01,
fc04,
fd47,
fde7,
fde4,
fe81,
005c,
02cc,
042a,
03c0,
0346,
0329,
0283,
0143,
002b,
ff43,
feb2,
fe5b,
fd73,
fc6d,
fc32,
fd09,
fe79,
ffbb,
0038,
0033,
0063,
00ec,
019e,
0213,
01e1,
013a,
00b7,
0075,
004a,
0028,
ffd5,
ff31,
fe70,
fe15,
fe59,
ff00,
ffa9,
ffe8,
0001,
0001,
ffff,
fffe,
ffff,
0002,
0005,
0006,
0003,
0001,
fffc,
fffa,
fffa,
fffd,
0001,
0001,
fffd,
fffb,
fffd,
000a,
0006,
0005,
fffb,
fffd,
fffd,
fffd,
0004,
fff4,
0002,
00bf,
0a98,
18a9,
111f,
e6a8,
d2e9,
0189,
2877,
218e,
106e,
059b,
06fe,
0ee0,
03c7,
e80d,
db82,
de0e,
e323,
ebf9,
f24d,
f4c2,
fc13,
0889,
1410,
18a3,
13bb,
0bf2,
0a73,
0c44,
07d7,
fdd3,
f862,
f91e,
f899,
f5e8,
f524,
f663,
f7a7,
f9f6,
fd48,
0099,
0232,
01cb,
01fc,
037c,
0578,
06b6,
060e,
02f7,
ffe3,
fe78,
fe33,
fe56,
fda6,
fc3e,
fb2b,
fb9d,
fcf4,
fdc0,
fd8c,
fd82,
febb,
00dc,
030e,
03d3,
0370,
032a,
02fe,
022e,
0107,
0021,
ff65,
fed7,
fe1d,
fd15,
fc54,
fc79,
fd74,
fec2,
ffb6,
0001,
0018,
0077,
012a,
01e2,
0226,
01b8,
0105,
009f,
0071,
0046,
000a,
ff93,
fee4,
fe4f,
fe38,
fea6,
ff4f,
ffc9,
0000,
0001,
0001,
ffff,
fffe,
ffff,
0002,
0005,
0005,
0002,
ffff,
fffc,
fffb,
fffc,
ffff,
0001,
0001,
fffd,
fffc,
0001,
000b,
0003,
0006,
fff7,
0005,
fff4,
000c,
ffef,
0011,
ffd8,
02d8,
0f85,
1840,
02e9,
d9e5,
e16f,
14d4,
27e5,
19b7,
0a80,
047c,
0af7,
0df1,
fa66,
e2e7,
dda9,
e13f,
e770,
efdf,
f34c,
f5d8,
fefe,
0bc6,
154d,
1633,
0f98,
0a10,
0ab3,
0b71,
0508,
fc0f,
f944,
f987,
f7ce,
f67c,
f6f4,
f767,
f869,
fae0,
fdb9,
008e,
01cb,
013c,
0141,
0358,
062e,
0723,
0522,
01d4,
ffcb,
ff16,
fee6,
fe67,
fd3b,
fbf5,
fb75,
fc4b,
fd75,
fda1,
fd02,
fd48,
feeb,
011e,
02e5,
0379,
035d,
0334,
02d7,
0213,
012b,
0043,
ff81,
fecd,
fdd0,
fcd3,
fc66,
fcb4,
fd98,
fec4,
ff9d,
ffe5,
001b,
009c,
015a,
0202,
0226,
0198,
00d9,
0073,
0054,
0048,
0012,
ff7e,
fec1,
fe4c,
fe60,
feed,
ff8a,
0000,
0001,
0001,
ffff,
fffe,
ffff,
0002,
0005,
0005,
0002,
ffff,
fffc,
fffb,
fffc,
ffff,
0001,
0001,
fffd,
fffc,
0001,
000b,
0003,
0006,
fff7,
0005,
fff4,
000c,
ffef,
0011,
ffd8,
02d8,
0f85,
1840,
02e9,
d9e5,
e16f,
14d4,
27e5,
19b7,
0a80,
047c,
0af7,
0df1,
fa66,
e2e7,
dda9,
e13f,
e770,
efdf,
f34c,
f5d8,
fefe,
0bc6,
154d,
1633,
0f98,
0a10,
0ab3,
0b71,
0508,
fc0f,
f944,
f987,
f7ce,
f67c,
f6f4,
f767,
f869,
fae0,
fdb9,
008e,
01cb,
013c,
0141,
0358,
062e,
0723,
0522,
01d4,
ffcb,
ff16,
fee6,
fe67,
fd3b,
fbf5,
fb75,
fc4b,
fd75,
fda1,
fd02,
fd48,
feeb,
011e,
02e5,
0379,
035d,
0334,
02d7,
0213,
012b,
0043,
ff81,
fecd,
fdd0,
fcd3,
fc66,
fcb4,
fd98,
fec4,
ff9d,
ffe5,
001b,
009c,
015a,
0202,
0226,
0198,
00d9,
0073,
0054,
0048,
0012,
ff7e,
fec1,
fe4c,
fe60,
feed,
ff8a,
0000,
0001,
0001,
ffff,
fffe,
ffff,
0002,
0005,
0005,
0002,
ffff,
fffc,
fffb,
fffc,
ffff,
0001,
0001,
fffd,
fffc,
0001,
000b,
0003,
0006,
fff7,
0005,
fff4,
000c,
ffef,
0011,
ffd8,
02d8,
0f85,
1840,
02e9,
d9e5,
e16f,
14d4,
27e5,
19b7,
0a80,
047c,
0af7,
0df1,
fa66,
e2e7,
dda9,
e13f,
e770,
efdf,
f34c,
f5d8,
fefe,
0bc6,
154d,
1633,
0f98,
0a10,
0ab3,
0b71,
0508,
fc0f,
f944,
f987,
f7ce,
f67c,
f6f4,
f767,
f869,
fae0,
fdb9,
008e,
01cb,
013c,
0141,
0358,
062e,
0723,
0522,
01d4,
ffcb,
ff16,
fee6,
fe67,
fd3b,
fbf5,
fb75,
fc4b,
fd75,
fda1,
fd02,
fd48,
feeb,
011e,
02e5,
0379,
035d,
0334,
02d7,
0213,
012b,
0043,
ff81,
fecd,
fdd0,
fcd3,
fc66,
fcb4,
fd98,
fec4,
ff9d,
ffe5,
001b,
009c,
015a,
0202,
0226,
0198,
00d9,
0073,
0054,
0048,
0012,
ff7e,
fec1,
fe4c,
fe60,
feed,
ff8a,
0000,
ffff,
ffff,
0000,
fffe,
fffe,
ffff,
0002,
0004,
0003,
0001,
fffe,
fffc,
fffb,
fffc,
ffff,
0001,
ffff,
fffb,
fffb,
0003,
0008,
0003,
0000,
fff7,
0003,
fff3,
000e,
ffe8,
0019,
ffe8,
0530,
1227,
1458,
f6da,
d785,
f034,
1d98,
240b,
1405,
0743,
058a,
0d69,
0a9d,
f444,
e1f9,
e059,
e41b,
eaf3,
f205,
f379,
f6d9,
0142,
0d8d,
14b4,
1355,
0ce0,
0945,
0af1,
0aa6,
0322,
fb7c,
f9ab,
f93e,
f826,
f7d2,
f7dc,
f801,
f935,
fb37,
fdbd,
00aa,
017e,
0048,
00aa,
03f1,
06d0,
06a0,
0429,
019f,
0066,
ffb9,
feee,
fe02,
fd29,
fc1b,
fbaa,
fca8,
fd88,
fd4d,
fcc7,
fd46,
fee8,
0109,
02a7,
034d,
0374,
0354,
02e6,
0230,
014d,
005a,
ff7e,
fe89,
fd81,
fcc3,
fc77,
fcba,
fd99,
fece,
ffaa,
fff4,
002d,
00b0,
0169,
0203,
0212,
0176,
00b5,
0051,
0049,
005a,
0022,
ff7a,
febb,
fe64,
fe8e,
ff17,
0000,
fffe,
fffe,
fffe,
fffe,
fffd,
fffd,
ffff,
0001,
0002,
0001,
ffff,
fffc,
fffb,
fffa,
fffc,
ffff,
0000,
fffd,
fffa,
fffb,
0005,
0003,
0003,
fffb,
fffb,
fffd,
fff9,
0003,
fff1,
0009,
003e,
070a,
12be,
0f3c,
ef0a,
da86,
fb0e,
204b,
1fc4,
103c,
05e6,
06fc,
0e0d,
0745,
f14e,
e33e,
e31b,
e6a4,
ed9e,
f2e7,
f354,
f7ca,
02b6,
0dc7,
12f5,
10bd,
0b1a,
091a,
0b5d,
09f9,
0206,
fb60,
f9b3,
f98a,
f933,
f898,
f868,
f8b1,
f996,
fb13,
fdda,
00e0,
00b1,
ff2d,
00c6,
04b0,
06b1,
05f3,
03f9,
020f,
00db,
ffc1,
feb6,
fe0f,
fd3d,
fbf7,
fbc7,
fcd4,
fd71,
fd2d,
fcdb,
fd3c,
feb4,
00da,
0260,
0333,
03b8,
0397,
02d6,
0221,
017a,
0060,
ff30,
fe46,
fd78,
fcc3,
fc6d,
fcc7,
fdc7,
fef9,
ffbd,
fff6,
0028,
009d,
013e,
01de,
0207,
0174,
00a8,
0038,
003e,
0066,
003d,
ff8c,
fec4,
fe7e,
feb6,
0000,
fffe,
fffe,
fffe,
fffe,
fffd,
fffd,
ffff,
0001,
0002,
0001,
ffff,
fffc,
fffb,
fffa,
fffc,
ffff,
0000,
fffd,
fffa,
fffb,
0005,
0003,
0003,
fffb,
fffb,
fffd,
fff9,
0003,
fff1,
0009,
003e,
070a,
12be,
0f3c,
ef0a,
da86,
fb0e,
204b,
1fc4,
103c,
05e6,
06fc,
0e0d,
0745,
f14e,
e33e,
e31b,
e6a4,
ed9e,
f2e7,
f354,
f7ca,
02b6,
0dc7,
12f5,
10bd,
0b1a,
091a,
0b5d,
09f9,
0206,
fb60,
f9b3,
f98a,
f933,
f898,
f868,
f8b1,
f996,
fb13,
fdda,
00e0,
00b1,
ff2d,
00c6,
04b0,
06b1,
05f3,
03f9,
020f,
00db,
ffc1,
feb6,
fe0f,
fd3d,
fbf7,
fbc7,
fcd4,
fd71,
fd2d,
fcdb,
fd3c,
feb4,
00da,
0260,
0333,
03b8,
0397,
02d6,
0221,
017a,
0060,
ff30,
fe46,
fd78,
fcc3,
fc6d,
fcc7,
fdc7,
fef9,
ffbd,
fff6,
0028,
009d,
013e,
01de,
0207,
0174,
00a8,
0038,
003e,
0066,
003d,
ff8c,
fec4,
fe7e,
feb6,
0000,
fffe,
fffe,
fffe,
fffe,
fffd,
fffd,
ffff,
0001,
0002,
0001,
ffff,
fffc,
fffb,
fffa,
fffc,
ffff,
0000,
fffd,
fffa,
fffb,
0005,
0003,
0003,
fffb,
fffb,
fffd,
fff9,
0003,
fff1,
0009,
003e,
070a,
12be,
0f3c,
ef0a,
da86,
fb0e,
204b,
1fc4,
103c,
05e6,
06fc,
0e0d,
0745,
f14e,
e33e,
e31b,
e6a4,
ed9e,
f2e7,
f354,
f7ca,
02b6,
0dc7,
12f5,
10bd,
0b1a,
091a,
0b5d,
09f9,
0206,
fb60,
f9b3,
f98a,
f933,
f898,
f868,
f8b1,
f996,
fb13,
fdda,
00e0,
00b1,
ff2d,
00c6,
04b0,
06b1,
05f3,
03f9,
020f,
00db,
ffc1,
feb6,
fe0f,
fd3d,
fbf7,
fbc7,
fcd4,
fd71,
fd2d,
fcdb,
fd3c,
feb4,
00da,
0260,
0333,
03b8,
0397,
02d6,
0221,
017a,
0060,
ff30,
fe46,
fd78,
fcc3,
fc6d,
fcc7,
fdc7,
fef9,
ffbd,
fff6,
0028,
009d,
013e,
01de,
0207,
0174,
00a8,
0038,
003e,
0066,
003d,
ff8c,
fec4,
fe7e,
feb6,
0001,
0001,
0000,
0000,
0000,
0000,
ffff,
ffff,
0000,
0002,
0003,
0003,
0001,
fffe,
fffc,
fffc,
fffe,
0000,
0002,
fffe,
fffe,
fffe,
0007,
0004,
0005,
fffb,
ffff,
fff9,
0003,
fffc,
0000,
fff8,
00af,
0820,
1206,
0aa0,
eb1c,
def0,
01a7,
2027,
1c66,
0e12,
058b,
07fb,
0da2,
04ea,
f091,
e561,
e580,
e8c0,
ef5e,
f31c,
f358,
f899,
0350,
0cfb,
1109,
0ece,
0a15,
0967,
0bc1,
0976,
016c,
fb13,
f9be,
fa5e,
f9f4,
f905,
f902,
f931,
f9a0,
fb17,
fe4e,
00a6,
ff8c,
feb6,
0175,
0524,
0661,
05a2,
0407,
023e,
00e4,
ffa0,
fea3,
fe0c,
fd04,
fbe6,
fc08,
fcfc,
fd78,
fd3b,
fd0e,
fd6c,
fe7c,
0077,
0264,
036f,
03c7,
0393,
02bf,
01e4,
0156,
004f,
fef3,
fe0c,
fd7a,
fcde,
fc97,
fd13,
fe22,
ff2a,
ffb4,
ffe5,
001f,
008d,
0122,
01bd,
01ed,
016a,
00aa,
003b,
003a,
005d,
0037,
ffa4,
fefb,
feae,
0001,
0001,
0000,
0000,
0000,
0000,
ffff,
ffff,
ffff,
0000,
0002,
0003,
0003,
0001,
fffd,
fffc,
fffc,
ffff,
0001,
0002,
fffe,
fffc,
fffe,
0006,
0002,
0004,
fffa,
0000,
fff8,
0005,
fff7,
0007,
ffed,
010f,
0878,
109b,
073a,
e9fc,
e30d,
04de,
1e95,
19f9,
0cfd,
059c,
085d,
0cd1,
03c0,
f158,
e7c1,
e783,
ea7a,
f078,
f31d,
f36c,
f90b,
0324,
0ba2,
0f45,
0d4b,
0988,
09ef,
0c17,
0919,
00ce,
fab0,
fa40,
fb44,
fa5a,
f95e,
f98c,
f987,
f9a2,
fb52,
fe7a,
ffd0,
fe9f,
ff23,
0274,
053e,
05db,
0542,
03ea,
024c,
00cd,
ff53,
fe68,
fdea,
fd09,
fc2e,
fc52,
fd0c,
fd92,
fd7f,
fd3d,
fd90,
fe95,
0048,
0232,
0381,
03b6,
0326,
025a,
019f,
010f,
002e,
feea,
fdec,
fd8d,
fd4d,
fd17,
fd6f,
fe46,
ff23,
ffad,
fff2,
0021,
0074,
00f4,
0181,
01bc,
015f,
00b3,
0037,
002b,
004c,
0036,
ffc7,
ff39,
0001,
0001,
0000,
0000,
0000,
0000,
ffff,
ffff,
ffff,
0000,
0002,
0003,
0003,
0001,
fffd,
fffc,
fffc,
ffff,
0001,
0002,
fffe,
fffc,
fffe,
0006,
0002,
0004,
fffa,
0000,
fff8,
0005,
fff7,
0007,
ffed,
010f,
0878,
109b,
073a,
e9fc,
e30d,
04de,
1e95,
19f9,
0cfd,
059c,
085d,
0cd1,
03c0,
f158,
e7c1,
e783,
ea7a,
f078,
f31d,
f36c,
f90b,
0324,
0ba2,
0f45,
0d4b,
0988,
09ef,
0c17,
0919,
00ce,
fab0,
fa40,
fb44,
fa5a,
f95e,
f98c,
f987,
f9a2,
fb52,
fe7a,
ffd0,
fe9f,
ff23,
0274,
053e,
05db,
0542,
03ea,
024c,
00cd,
ff53,
fe68,
fdea,
fd09,
fc2e,
fc52,
fd0c,
fd92,
fd7f,
fd3d,
fd90,
fe95,
0048,
0232,
0381,
03b6,
0326,
025a,
019f,
010f,
002e,
feea,
fdec,
fd8d,
fd4d,
fd17,
fd6f,
fe46,
ff23,
ffad,
fff2,
0021,
0074,
00f4,
0181,
01bc,
015f,
00b3,
0037,
002b,
004c,
0036,
ffc7,
ff39,
0001,
0001,
0000,
0000,
0000,
0000,
ffff,
ffff,
ffff,
0000,
0002,
0003,
0003,
0001,
fffd,
fffc,
fffc,
ffff,
0001,
0002,
fffe,
fffc,
fffe,
0006,
0002,
0004,
fffa,
0000,
fff8,
0005,
fff7,
0007,
ffed,
010f,
0878,
109b,
073a,
e9fc,
e30d,
04de,
1e95,
19f9,
0cfd,
059c,
085d,
0cd1,
03c0,
f158,
e7c1,
e783,
ea7a,
f078,
f31d,
f36c,
f90b,
0324,
0ba2,
0f45,
0d4b,
0988,
09ef,
0c17,
0919,
00ce,
fab0,
fa40,
fb44,
fa5a,
f95e,
f98c,
f987,
f9a2,
fb52,
fe7a,
ffd0,
fe9f,
ff23,
0274,
053e,
05db,
0542,
03ea,
024c,
00cd,
ff53,
fe68,
fdea,
fd09,
fc2e,
fc52,
fd0c,
fd92,
fd7f,
fd3d,
fd90,
fe95,
0048,
0232,
0381,
03b6,
0326,
025a,
019f,
010f,
002e,
feea,
fdec,
fd8d,
fd4d,
fd17,
fd6f,
fe46,
ff23,
ffad,
fff2,
0021,
0074,
00f4,
0181,
01bc,
015f,
00b3,
0037,
002b,
004c,
0036,
ffc7,
ff39,
0001,
0000,
0000,
0000,
ffff,
0000,
0000,
ffff,
fffe,
ffff,
ffff,
0001,
0002,
0002,
0000,
fffe,
fffd,
fffc,
fffe,
0000,
0001,
ffff,
fffd,
fffe,
0005,
0002,
0003,
fffa,
0001,
fff8,
0005,
fff5,
000c,
ffea,
0162,
0880,
0f0f,
049a,
e9ce,
e68b,
06ad,
1cc4,
1825,
0c69,
05ca,
0869,
0c01,
032a,
f279,
e9eb,
e95a,
ec0c,
f12e,
f2fe,
f397,
f969,
02b3,
0a53,
0db9,
0c09,
097f,
0aa5,
0c32,
0862,
ffd4,
fa94,
fb22,
fbdf,
fa84,
f9ca,
fa1e,
f9a5,
f9ac,
fbaf,
fe41,
feee,
feb3,
0055,
030a,
04b5,
0529,
04d8,
03a6,
0224,
0067,
fed0,
fe54,
fe35,
fd5b,
fc75,
fc9c,
fd42,
fdaf,
fda0,
fd91,
fe04,
fecb,
000f,
01d8,
0350,
034a,
0264,
01ce,
016f,
00ce,
ffe9,
ff0b,
fe4d,
fdeb,
fdc0,
fd91,
fdb8,
fe6a,
ff40,
ffb8,
ffeb,
0013,
0050,
00b7,
0133,
0171,
0137,
00b6,
0042,
0028,
0049,
0038,
ffde,
0001,
0002,
0001,
0001,
0000,
0000,
0000,
0000,
0000,
ffff,
ffff,
0000,
0002,
0003,
0002,
0001,
ffff,
fffe,
fffe,
ffff,
0001,
0001,
ffff,
fffd,
fffe,
0004,
0003,
0003,
fffb,
0001,
fff8,
0005,
fff6,
000f,
ffec,
01be,
087f,
0d92,
0224,
e9a6,
e9d7,
085b,
1b29,
1684,
0bcc,
05de,
0879,
0b69,
02a0,
f364,
ebe2,
eb11,
ed54,
f19b,
f2f3,
f3f9,
f9ba,
0259,
0964,
0c7a,
0b44,
09c2,
0b10,
0bd3,
070d,
feb2,
fb12,
fc1b,
fc14,
faab,
fa51,
fa57,
f998,
fa08,
fc16,
fe0e,
fed1,
ff79,
012b,
02e9,
03ea,
047c,
044a,
0322,
01af,
fffa,
feb7,
fea4,
fea1,
fdab,
fcd5,
fced,
fd46,
fdb3,
fe14,
fe31,
fe3c,
fed0,
0012,
016b,
026f,
028b,
01d9,
0146,
0119,
00ae,
ffee,
ff66,
fef9,
fe68,
fe04,
fe04,
fe39,
fe9c,
ff33,
ffad,
ffde,
ffeb,
0005,
005d,
00e8,
0137,
010d,
00a6,
0052,
003b,
0055,
0054,
0001,
0002,
0001,
0001,
0000,
0000,
0000,
0000,
0000,
ffff,
ffff,
0000,
0002,
0003,
0002,
0001,
ffff,
fffe,
fffe,
ffff,
0001,
0001,
ffff,
fffd,
fffe,
0004,
0003,
0003,
fffb,
0001,
fff8,
0005,
fff6,
000f,
ffec,
01be,
087f,
0d92,
0224,
e9a6,
e9d7,
085b,
1b29,
1684,
0bcc,
05de,
0879,
0b69,
02a0,
f364,
ebe2,
eb11,
ed54,
f19b,
f2f3,
f3f9,
f9ba,
0259,
0964,
0c7a,
0b44,
09c2,
0b10,
0bd3,
070d,
feb2,
fb12,
fc1b,
fc14,
faab,
fa51,
fa57,
f998,
fa08,
fc16,
fe0e,
fed1,
ff79,
012b,
02e9,
03ea,
047c,
044a,
0322,
01af,
fffa,
feb7,
fea4,
fea1,
fdab,
fcd5,
fced,
fd46,
fdb3,
fe14,
fe31,
fe3c,
fed0,
0012,
016b,
026f,
028b,
01d9,
0146,
0119,
00ae,
ffee,
ff66,
fef9,
fe68,
fe04,
fe04,
fe39,
fe9c,
ff33,
ffad,
ffde,
ffeb,
0005,
005d,
00e8,
0137,
010d,
00a6,
0052,
003b,
0055,
0054,
0001,
0002,
0001,
0001,
0000,
0000,
0000,
0000,
0000,
ffff,
ffff,
0000,
0002,
0003,
0002,
0001,
ffff,
fffe,
fffe,
ffff,
0001,
0001,
ffff,
fffd,
fffe,
0004,
0003,
0003,
fffb,
0001,
fff8,
0005,
fff6,
000f,
ffec,
01be,
087f,
0d92,
0224,
e9a6,
e9d7,
085b,
1b29,
1684,
0bcc,
05de,
0879,
0b69,
02a0,
f364,
ebe2,
eb11,
ed54,
f19b,
f2f3,
f3f9,
f9ba,
0259,
0964,
0c7a,
0b44,
09c2,
0b10,
0bd3,
070d,
feb2,
fb12,
fc1b,
fc14,
faab,
fa51,
fa57,
f998,
fa08,
fc16,
fe0e,
fed1,
ff79,
012b,
02e9,
03ea,
047c,
044a,
0322,
01af,
fffa,
feb7,
fea4,
fea1,
fdab,
fcd5,
fced,
fd46,
fdb3,
fe14,
fe31,
fe3c,
fed0,
0012,
016b,
026f,
028b,
01d9,
0146,
0119,
00ae,
ffee,
ff66,
fef9,
fe68,
fe04,
fe04,
fe39,
fe9c,
ff33,
ffad,
ffde,
ffeb,
0005,
005d,
00e8,
0137,
010d,
00a6,
0052,
003b,
0055,
0054,
0002,
0001,
0001,
0000,
0000,
0000,
0000,
0000,
0000,
0000,
ffff,
0000,
0001,
0002,
0003,
0002,
0000,
ffff,
fffe,
fffe,
ffff,
0000,
ffff,
ffff,
fffd,
ffff,
0003,
0003,
0001,
fffc,
0000,
fff9,
0005,
fff8,
0011,
fff5,
022e,
0891,
0c28,
ff84,
e946,
ed39,
0a46,
19cb,
14e6,
0b1b,
05f6,
08af,
0ae4,
01e2,
f3fa,
ed6a,
ec5b,
ee56,
f209,
f30c,
f45d,
fa4f,
0290,
08f9,
0bba,
0abb,
09b7,
0af7,
0aca,
053a,
fe32,
fc03,
fc7f,
fc10,
faf2,
fa81,
fa52,
f9ee,
fac1,
fcb0,
fe44,
ff08,
0005,
0160,
0256,
031f,
03c7,
038c,
0293,
0172,
0003,
fee5,
feed,
ff11,
fe00,
fcdf,
fcf3,
fda1,
fe14,
fe59,
fea7,
fe9d,
feb4,
ffa3,
00cc,
0179,
01b4,
0174,
00ee,
00cb,
00d1,
0061,
ffd2,
ff84,
ff0e,
fe79,
fe4e,
fe83,
fed0,
ff24,
ff66,
ff7e,
ff92,
ffc9,
0029,
00ab,
0105,
00f3,
00a0,
0067,
006e,
008c,
ffff,
0000,
0000,
0000,
ffff,
0000,
ffff,
ffff,
ffff,
ffff,
ffff,
ffff,
ffff,
0000,
0001,
0002,
0002,
0001,
ffff,
fffd,
fffd,
fffe,
0000,
ffff,
fffe,
fffb,
0000,
0002,
0004,
0000,
fffe,
fffe,
fffb,
0004,
fffb,
000e,
0011,
02d8,
08dc,
0aa8,
fc0e,
e888,
f170,
0d02,
18ac,
132f,
0a33,
0609,
0932,
0a62,
0076,
f3bc,
ee51,
ed5c,
ef57,
f25f,
f34b,
f567,
fba1,
0377,
0911,
0aec,
09d4,
0937,
0a41,
0987,
03e5,
fdd7,
fc66,
fcbd,
fc06,
faf9,
fac1,
fa99,
fab0,
fbf2,
fd60,
fe53,
ff24,
0020,
0100,
01b3,
0277,
0312,
0313,
027b,
0168,
0014,
ff3f,
ff35,
feee,
fdd4,
fd2a,
fd6f,
fde3,
fe5a,
fede,
ff16,
fe93,
fe23,
fee1,
003e,
00ee,
00f9,
0104,
00f1,
00ef,
0125,
00f8,
005c,
fff1,
ff8d,
fee1,
fe7d,
fe9b,
fec1,
fec6,
fee1,
ff22,
ff64,
ffa4,
000a,
0097,
00f5,
00ec,
00b5,
009c,
00a7,
ffff,
0000,
0000,
0000,
ffff,
0000,
ffff,
ffff,
ffff,
ffff,
ffff,
ffff,
ffff,
0000,
0001,
0002,
0002,
0001,
ffff,
fffd,
fffd,
fffe,
0000,
ffff,
fffe,
fffb,
0000,
0002,
0004,
0000,
fffe,
fffe,
fffb,
0004,
fffb,
000e,
0011,
02d8,
08dc,
0aa8,
fc0e,
e888,
f170,
0d02,
18ac,
132f,
0a33,
0609,
0932,
0a62,
0076,
f3bc,
ee51,
ed5c,
ef57,
f25f,
f34b,
f567,
fba1,
0377,
0911,
0aec,
09d4,
0937,
0a41,
0987,
03e5,
fdd7,
fc66,
fcbd,
fc06,
faf9,
fac1,
fa99,
fab0,
fbf2,
fd60,
fe53,
ff24,
0020,
0100,
01b3,
0277,
0312,
0313,
027b,
0168,
0014,
ff3f,
ff35,
feee,
fdd4,
fd2a,
fd6f,
fde3,
fe5a,
fede,
ff16,
fe93,
fe23,
fee1,
003e,
00ee,
00f9,
0104,
00f1,
00ef,
0125,
00f8,
005c,
fff1,
ff8d,
fee1,
fe7d,
fe9b,
fec1,
fec6,
fee1,
ff22,
ff64,
ffa4,
000a,
0097,
00f5,
00ec,
00b5,
009c,
00a7,
ffff,
0000,
0000,
0000,
ffff,
0000,
ffff,
ffff,
ffff,
ffff,
ffff,
ffff,
ffff,
0000,
0001,
0002,
0002,
0001,
ffff,
fffd,
fffd,
fffe,
0000,
ffff,
fffe,
fffb,
0000,
0002,
0004,
0000,
fffe,
fffe,
fffb,
0004,
fffb,
000e,
0011,
02d8,
08dc,
0aa8,
fc0e,
e888,
f170,
0d02,
18ac,
132f,
0a33,
0609,
0932,
0a62,
0076,
f3bc,
ee51,
ed5c,
ef57,
f25f,
f34b,
f567,
fba1,
0377,
0911,
0aec,
09d4,
0937,
0a41,
0987,
03e5,
fdd7,
fc66,
fcbd,
fc06,
faf9,
fac1,
fa99,
fab0,
fbf2,
fd60,
fe53,
ff24,
0020,
0100,
01b3,
0277,
0312,
0313,
027b,
0168,
0014,
ff3f,
ff35,
feee,
fdd4,
fd2a,
fd6f,
fde3,
fe5a,
fede,
ff16,
fe93,
fe23,
fee1,
003e,
00ee,
00f9,
0104,
00f1,
00ef,
0125,
00f8,
005c,
fff1,
ff8d,
fee1,
fe7d,
fe9b,
fec1,
fec6,
fee1,
ff22,
ff64,
ffa4,
000a,
0097,
00f5,
00ec,
00b5,
009c,
00a7,
0001,
0000,
0001,
0001,
0001,
0000,
0000,
ffff,
0000,
0000,
0000,
0000,
0000,
ffff,
0000,
0002,
0002,
0002,
0000,
ffff,
fffe,
fffe,
ffff,
0000,
ffff,
ffff,
fffd,
0003,
0002,
0004,
fffe,
0000,
fffb,
0001,
fffe,
0005,
0003,
0069,
040b,
0982,
0842,
f670,
e816,
f833,
1104,
1784,
10fc,
08ec,
067d,
0a1c,
08d1,
fd40,
f298,
eed2,
ee16,
f073,
f33f,
f456,
f766,
fdf0,
04ae,
08f4,
09d5,
0861,
08a4,
0a13,
0804,
01d2,
fd56,
fcab,
fcb4,
fc17,
fb2f,
fb14,
fb6d,
fbf9,
fcd6,
fda8,
fe52,
fef3,
ffcd,
00a0,
0159,
023c,
02eb,
02ee,
024b,
0163,
004a,
ff1a,
fe9d,
feb9,
fe37,
fd74,
fdba,
fea0,
feff,
fef4,
fec3,
fe09,
fd98,
fe73,
ffd0,
0088,
00b3,
00fd,
0141,
016b,
0193,
016b,
00d4,
0027,
ffad,
ff1b,
fe77,
fe34,
fe50,
fe71,
fe9d,
fef8,
ff5a,
ffaf,
0023,
00ab,
0102,
010c,
00de,
00b3,
0000,
0000,
0000,
0000,
0000,
0000,
0000,
ffff,
ffff,
ffff,
ffff,
0000,
ffff,
ffff,
0000,
0001,
0002,
0002,
0000,
ffff,
fffe,
fffd,
fffe,
ffff,
0000,
ffff,
fffd,
ffff,
0003,
0002,
0003,
fffd,
0001,
fff8,
0004,
fff8,
0014,
fff8,
0178,
05fd,
09fe,
02c8,
ee4e,
eb51,
02e5,
1513,
1576,
0e2d,
07a2,
078b,
0a47,
049e,
f893,
f13d,
eeed,
ef68,
f272,
f49f,
f62a,
fa17,
006d,
05e4,
0883,
084f,
07c0,
08c5,
092f,
058b,
ff6f,
fcc2,
fd06,
fcdf,
fc00,
fbb5,
fbf3,
fc32,
fcc2,
fd54,
fdbc,
fe10,
fead,
ffb8,
00ed,
01be,
0259,
02c7,
02ae,
0229,
010a,
ff78,
fe81,
feae,
fea4,
fe28,
fe55,
fecf,
fef3,
fec5,
fe71,
fe19,
fdbb,
fd71,
fdfc,
ff9e,
00ee,
0128,
0141,
0196,
01cf,
01ec,
01ad,
00e5,
0006,
ff61,
fec0,
fe16,
fdd6,
fe07,
fe58,
feb1,
ff1c,
ff8c,
ffe8,
0055,
00dc,
012e,
011e,
00d5,
0000,
0000,
0000,
0000,
0000,
0000,
0000,
ffff,
ffff,
ffff,
ffff,
0000,
ffff,
ffff,
0000,
0001,
0002,
0002,
0000,
ffff,
fffe,
fffd,
fffe,
ffff,
0000,
ffff,
fffd,
ffff,
0003,
0002,
0003,
fffd,
0001,
fff8,
0004,
fff8,
0014,
fff8,
0178,
05fd,
09fe,
02c8,
ee4e,
eb51,
02e5,
1513,
1576,
0e2d,
07a2,
078b,
0a47,
049e,
f893,
f13d,
eeed,
ef68,
f272,
f49f,
f62a,
fa17,
006d,
05e4,
0883,
084f,
07c0,
08c5,
092f,
058b,
ff6f,
fcc2,
fd06,
fcdf,
fc00,
fbb5,
fbf3,
fc32,
fcc2,
fd54,
fdbc,
fe10,
fead,
ffb8,
00ed,
01be,
0259,
02c7,
02ae,
0229,
010a,
ff78,
fe81,
feae,
fea4,
fe28,
fe55,
fecf,
fef3,
fec5,
fe71,
fe19,
fdbb,
fd71,
fdfc,
ff9e,
00ee,
0128,
0141,
0196,
01cf,
01ec,
01ad,
00e5,
0006,
ff61,
fec0,
fe16,
fdd6,
fe07,
fe58,
feb1,
ff1c,
ff8c,
ffe8,
0055,
00dc,
012e,
011e,
00d5,
0000,
0000,
0000,
0000,
0000,
0000,
0000,
ffff,
ffff,
ffff,
ffff,
0000,
ffff,
ffff,
0000,
0001,
0002,
0002,
0000,
ffff,
fffe,
fffd,
fffe,
ffff,
0000,
ffff,
fffd,
ffff,
0003,
0002,
0003,
fffd,
0001,
fff8,
0004,
fff8,
0014,
fff8,
0178,
05fd,
09fe,
02c8,
ee4e,
eb51,
02e5,
1513,
1576,
0e2d,
07a2,
078b,
0a47,
049e,
f893,
f13d,
eeed,
ef68,
f272,
f49f,
f62a,
fa17,
006d,
05e4,
0883,
084f,
07c0,
08c5,
092f,
058b,
ff6f,
fcc2,
fd06,
fcdf,
fc00,
fbb5,
fbf3,
fc32,
fcc2,
fd54,
fdbc,
fe10,
fead,
ffb8,
00ed,
01be,
0259,
02c7,
02ae,
0229,
010a,
ff78,
fe81,
feae,
fea4,
fe28,
fe55,
fecf,
fef3,
fec5,
fe71,
fe19,
fdbb,
fd71,
fdfc,
ff9e,
00ee,
0128,
0141,
0196,
01cf,
01ec,
01ad,
00e5,
0006,
ff61,
fec0,
fe16,
fdd6,
fe07,
fe58,
feb1,
ff1c,
ff8c,
ffe8,
0055,
00dc,
012e,
011e,
00d5,
0001,
0001,
0000,
0001,
0001,
0000,
0000,
0000,
0000,
ffff,
0000,
0000,
ffff,
ffff,
0000,
0001,
0002,
0002,
0002,
0000,
ffff,
fffe,
fffe,
ffff,
0000,
0000,
fffe,
fffd,
0002,
0002,
0004,
fffd,
0001,
fffa,
0000,
fffa,
000c,
0006,
007f,
03c1,
086a,
07ea,
f74d,
e86e,
f701,
0f0b,
16f9,
1290,
0ad4,
0674,
0854,
0771,
fd84,
f445,
f09c,
ef9a,
f1d8,
f48b,
f5e3,
f8a3,
fda7,
02e3,
06e5,
0832,
073d,
07cd,
08cf,
06fb,
01de,
fd7d,
fca4,
fd4b,
fd1e,
fc51,
fc2e,
fc4f,
fcbc,
fd29,
fd84,
fdc5,
fe29,
ff39,
009e,
01a0,
01fa,
0257,
0284,
0224,
0130,
000e,
fef2,
fe32,
fe7d,
ff10,
ff2b,
fefc,
fee0,
fe9c,
fe12,
fde9,
fe08,
fd75,
fcfe,
fe6b,
00bc,
01ca,
018f,
0163,
01aa,
0208,
0212,
016d,
005f,
ff60,
feb7,
fe4b,
fde3,
fdc5,
fe27,
feac,
ff09,
ff6d,
ffd8,
0030,
009c,
0110,
0137,
00f9,
0002,
0001,
0001,
0000,
0001,
0001,
0001,
0000,
0000,
ffff,
ffff,
0000,
0000,
0000,
0000,
0000,
0002,
0002,
0002,
0001,
0000,
fffe,
fffe,
ffff,
0000,
0001,
0000,
fffd,
0001,
0002,
0005,
0000,
0000,
fffc,
fffc,
ffff,
0006,
0012,
003e,
02e8,
0747,
090b,
fc10,
e932,
f131,
0aaf,
1731,
1514,
0d47,
0673,
0628,
0709,
ffec,
f6a7,
f22d,
f053,
f154,
f40c,
f622,
f87a,
fca4,
0199,
058a,
07b9,
079b,
0779,
07eb,
070d,
0310,
fe12,
fc67,
fd50,
fdb3,
fcc6,
fc39,
fc3f,
fc85,
fcdc,
fd73,
fe67,
fed2,
ff3f,
0037,
017f,
01fe,
01f7,
01ee,
0195,
00fc,
002e,
ff3f,
fe55,
fe91,
ff5c,
ff6e,
ff18,
fee3,
fe83,
fddd,
fdca,
fe05,
fdac,
fd36,
fe21,
004d,
01f2,
020e,
0159,
0136,
01b0,
01e8,
016e,
0085,
ff7d,
fea7,
fe4d,
fe25,
fe0f,
fe4d,
feba,
ff14,
ff6f,
ffd3,
0023,
0078,
00db,
010f,
00f2,
0002,
0001,
0001,
0000,
0001,
0001,
0001,
0000,
0000,
ffff,
ffff,
0000,
0000,
0000,
0000,
0000,
0002,
0002,
0002,
0001,
0000,
fffe,
fffe,
ffff,
0000,
0001,
0000,
fffd,
0001,
0002,
0005,
0000,
0000,
fffc,
fffc,
ffff,
0006,
0012,
003e,
02e8,
0747,
090b,
fc10,
e932,
f131,
0aaf,
1731,
1514,
0d47,
0673,
0628,
0709,
ffec,
f6a7,
f22d,
f053,
f154,
f40c,
f622,
f87a,
fca4,
0199,
058a,
07b9,
079b,
0779,
07eb,
070d,
0310,
fe12,
fc67,
fd50,
fdb3,
fcc6,
fc39,
fc3f,
fc85,
fcdc,
fd73,
fe67,
fed2,
ff3f,
0037,
017f,
01fe,
01f7,
01ee,
0195,
00fc,
002e,
ff3f,
fe55,
fe91,
ff5c,
ff6e,
ff18,
fee3,
fe83,
fddd,
fdca,
fe05,
fdac,
fd36,
fe21,
004d,
01f2,
020e,
0159,
0136,
01b0,
01e8,
016e,
0085,
ff7d,
fea7,
fe4d,
fe25,
fe0f,
fe4d,
feba,
ff14,
ff6f,
ffd3,
0023,
0078,
00db,
010f,
00f2,
0002,
0001,
0001,
0000,
0001,
0001,
0001,
0000,
0000,
ffff,
ffff,
0000,
0000,
0000,
0000,
0000,
0002,
0002,
0002,
0001,
0000,
fffe,
fffe,
ffff,
0000,
0001,
0000,
fffd,
0001,
0002,
0005,
0000,
0000,
fffc,
fffc,
ffff,
0006,
0012,
003e,
02e8,
0747,
090b,
fc10,
e932,
f131,
0aaf,
1731,
1514,
0d47,
0673,
0628,
0709,
ffec,
f6a7,
f22d,
f053,
f154,
f40c,
f622,
f87a,
fca4,
0199,
058a,
07b9,
079b,
0779,
07eb,
070d,
0310,
fe12,
fc67,
fd50,
fdb3,
fcc6,
fc39,
fc3f,
fc85,
fcdc,
fd73,
fe67,
fed2,
ff3f,
0037,
017f,
01fe,
01f7,
01ee,
0195,
00fc,
002e,
ff3f,
fe55,
fe91,
ff5c,
ff6e,
ff18,
fee3,
fe83,
fddd,
fdca,
fe05,
fdac,
fd36,
fe21,
004d,
01f2,
020e,
0159,
0136,
01b0,
01e8,
016e,
0085,
ff7d,
fea7,
fe4d,
fe25,
fe0f,
fe4d,
feba,
ff14,
ff6f,
ffd3,
0023,
0078,
00db,
010f,
00f2,
0001,
0001,
0000,
0000,
0001,
0001,
0000,
0000,
ffff,
ffff,
0000,
0000,
0000,
ffff,
0000,
0000,
0001,
0002,
0002,
0000,
ffff,
fffe,
fffe,
fffe,
0000,
0000,
ffff,
fffd,
0002,
0001,
0005,
ffff,
0000,
fffa,
fffe,
0000,
0006,
0011,
004b,
0314,
075b,
0915,
fb99,
e840,
f0f3,
0b93,
1874,
15fa,
0d7d,
0593,
0481,
05f3,
ffe4,
f734,
f2c5,
f000,
f0e2,
f45c,
f68d,
f91d,
fd77,
01a3,
0533,
0846,
082a,
074e,
07ac,
0655,
0224,
fe2c,
fc89,
fcd8,
fd7d,
fcc8,
fc21,
fc0f,
fc05,
fc81,
fe16,
ffb5,
0017,
ffe7,
002b,
0121,
01e0,
01e4,
016a,
00bb,
003d,
ffee,
ff73,
feec,
fee1,
ff0f,
ff15,
fefc,
fed4,
fe70,
fdef,
fde8,
fe04,
fddf,
fe00,
feea,
006a,
01ae,
01f8,
015b,
00dd,
0100,
0129,
00f5,
0069,
ff91,
fec1,
fe61,
fe6a,
fe9e,
fecf,
fefb,
ff35,
ff83,
ffd2,
001b,
006e,
00ae,
00c8,
00bd,
0001,
0000,
0000,
0001,
0001,
0001,
0001,
0000,
ffff,
ffff,
0000,
0000,
0000,
0000,
0000,
0001,
0002,
0002,
0002,
0001,
ffff,
fffe,
fffe,
ffff,
0001,
0000,
ffff,
fffd,
0003,
0002,
0006,
fffc,
0001,
fff8,
0006,
fff9,
0012,
0001,
00c7,
0445,
0898,
07cd,
f588,
e610,
f728,
11ce,
1a43,
14ec,
0aed,
036b,
03e5,
04cd,
fde9,
f5d0,
f113,
ef03,
f189,
f4fc,
f78b,
faea,
fef2,
02d0,
06ef,
094d,
0880,
07f3,
0742,
04ae,
0063,
fd40,
fc7b,
fcac,
fca5,
fc0e,
fbce,
fb76,
fb9f,
fd07,
ff5d,
010d,
014e,
00e9,
009a,
00ea,
019e,
01ee,
00db,
ffa2,
ff93,
ffcc,
ff70,
ff1c,
ff11,
feb0,
fe70,
fe8c,
fe8f,
fe5b,
fe4e,
fe59,
fe3e,
fe50,
ff01,
0032,
0119,
016b,
014d,
00e5,
0070,
003a,
0041,
0039,
fff9,
ff7a,
fef8,
febb,
fedf,
ff36,
ff67,
ff6d,
ff77,
ff9f,
ffd8,
001a,
005d,
0086,
008d,
0077,
0001,
0000,
0000,
0001,
0001,
0001,
0001,
0000,
ffff,
ffff,
0000,
0000,
0000,
0000,
0000,
0001,
0002,
0002,
0002,
0001,
ffff,
fffe,
fffe,
ffff,
0001,
0000,
ffff,
fffd,
0003,
0002,
0006,
fffc,
0001,
fff8,
0006,
fff9,
0012,
0001,
00c7,
0445,
0898,
07cd,
f588,
e610,
f728,
11ce,
1a43,
14ec,
0aed,
036b,
03e5,
04cd,
fde9,
f5d0,
f113,
ef03,
f189,
f4fc,
f78b,
faea,
fef2,
02d0,
06ef,
094d,
0880,
07f3,
0742,
04ae,
0063,
fd40,
fc7b,
fcac,
fca5,
fc0e,
fbce,
fb76,
fb9f,
fd07,
ff5d,
010d,
014e,
00e9,
009a,
00ea,
019e,
01ee,
00db,
ffa2,
ff93,
ffcc,
ff70,
ff1c,
ff11,
feb0,
fe70,
fe8c,
fe8f,
fe5b,
fe4e,
fe59,
fe3e,
fe50,
ff01,
0032,
0119,
016b,
014d,
00e5,
0070,
003a,
0041,
0039,
fff9,
ff7a,
fef8,
febb,
fedf,
ff36,
ff67,
ff6d,
ff77,
ff9f,
ffd8,
001a,
005d,
0086,
008d,
0077,
0001,
0000,
0000,
0001,
0001,
0001,
0001,
0000,
ffff,
ffff,
0000,
0000,
0000,
0000,
0000,
0001,
0002,
0002,
0002,
0001,
ffff,
fffe,
fffe,
ffff,
0001,
0000,
ffff,
fffd,
0003,
0002,
0006,
fffc,
0001,
fff8,
0006,
fff9,
0012,
0001,
00c7,
0445,
0898,
07cd,
f588,
e610,
f728,
11ce,
1a43,
14ec,
0aed,
036b,
03e5,
04cd,
fde9,
f5d0,
f113,
ef03,
f189,
f4fc,
f78b,
faea,
fef2,
02d0,
06ef,
094d,
0880,
07f3,
0742,
04ae,
0063,
fd40,
fc7b,
fcac,
fca5,
fc0e,
fbce,
fb76,
fb9f,
fd07,
ff5d,
010d,
014e,
00e9,
009a,
00ea,
019e,
01ee,
00db,
ffa2,
ff93,
ffcc,
ff70,
ff1c,
ff11,
feb0,
fe70,
fe8c,
fe8f,
fe5b,
fe4e,
fe59,
fe3e,
fe50,
ff01,
0032,
0119,
016b,
014d,
00e5,
0070,
003a,
0041,
0039,
fff9,
ff7a,
fef8,
febb,
fedf,
ff36,
ff67,
ff6d,
ff77,
ff9f,
ffd8,
001a,
005d,
0086,
008d,
0077,
0001,
0001,
0001,
0001,
0002,
0001,
0000,
ffff,
ffff,
0000,
0000,
0000,
0000,
0000,
0000,
0001,
0002,
0002,
0001,
ffff,
fffe,
fffe,
fffe,
0000,
0000,
0000,
fffd,
0000,
0003,
0004,
0002,
fffc,
0000,
fff9,
000a,
fff7,
001a,
0008,
0243,
069a,
0a2a,
01b5,
ea98,
e8f4,
04fd,
19df,
1a54,
10dd,
05fb,
019b,
0437,
02c9,
f998,
f1cd,
ee5a,
eef6,
f2e2,
f67e,
f9a0,
fd11,
0161,
05be,
0966,
0a3d,
0932,
081c,
0627,
0276,
fdef,
fbf1,
fc36,
fc85,
fbcd,
fafd,
fa9b,
faf9,
fc4e,
fe4f,
00d7,
0248,
0222,
017c,
014d,
018d,
01b4,
0118,
ffe3,
ff43,
ff69,
ff6e,
ff06,
feeb,
fed5,
fe49,
fdd6,
fde2,
fe37,
fe8f,
fedc,
fee1,
fec9,
ff35,
0048,
0163,
01bc,
0135,
0070,
ffec,
ffae,
ff9a,
ff8c,
ff73,
ff59,
ff41,
ff33,
ff4a,
ff95,
ffdb,
ffed,
ffd8,
ffc5,
ffd1,
ffef,
0017,
0043,
0062,
0058,
003a,
0001,
0000,
0000,
0001,
0001,
0000,
ffff,
ffff,
fffe,
ffff,
0000,
0000,
0000,
ffff,
0000,
0002,
0002,
0001,
ffff,
fffe,
fffd,
fffe,
ffff,
0001,
0000,
fffe,
fffd,
0002,
0002,
0006,
fffa,
0001,
fff5,
0007,
fff9,
0012,
fff4,
0119,
0546,
09e6,
07b7,
f2a5,
e3ab,
f8d4,
1624,
1df3,
15d8,
0963,
012e,
0200,
046a,
fd4c,
f28a,
ed61,
ecea,
f089,
f550,
f90b,
fc00,
0039,
052c,
095e,
0b9e,
0adc,
092b,
0740,
0438,
ff2b,
fba2,
fb51,
fbde,
fbdd,
fb08,
f9e3,
f995,
fb46,
fd9a,
0020,
024f,
02e0,
0243,
01d9,
0254,
02a3,
019e,
ffce,
ff19,
ff6f,
ff5e,
fec8,
fe7e,
fe76,
fe14,
fda1,
fd56,
fd84,
fe3f,
ff06,
ff58,
ff65,
ffc1,
00a1,
01ad,
0227,
01bf,
00b3,
ff90,
fee9,
fee3,
ff14,
fefb,
fec4,
fec4,
ff00,
ff72,
0002,
006a,
0079,
004d,
001e,
000c,
0010,
001a,
0023,
002c,
0030,
0021,
0013,
0001,
0000,
0000,
0001,
0001,
0000,
ffff,
ffff,
fffe,
ffff,
0000,
0000,
0000,
ffff,
0000,
0002,
0002,
0001,
ffff,
fffe,
fffd,
fffe,
ffff,
0001,
0000,
fffe,
fffd,
0002,
0002,
0006,
fffa,
0001,
fff5,
0007,
fff9,
0012,
fff4,
0119,
0546,
09e6,
07b7,
f2a5,
e3ab,
f8d4,
1624,
1df3,
15d8,
0963,
012e,
0200,
046a,
fd4c,
f28a,
ed61,
ecea,
f089,
f550,
f90b,
fc00,
0039,
052c,
095e,
0b9e,
0adc,
092b,
0740,
0438,
ff2b,
fba2,
fb51,
fbde,
fbdd,
fb08,
f9e3,
f995,
fb46,
fd9a,
0020,
024f,
02e0,
0243,
01d9,
0254,
02a3,
019e,
ffce,
ff19,
ff6f,
ff5e,
fec8,
fe7e,
fe76,
fe14,
fda1,
fd56,
fd84,
fe3f,
ff06,
ff58,
ff65,
ffc1,
00a1,
01ad,
0227,
01bf,
00b3,
ff90,
fee9,
fee3,
ff14,
fefb,
fec4,
fec4,
ff00,
ff72,
0002,
006a,
0079,
004d,
001e,
000c,
0010,
001a,
0023,
002c,
0030,
0021,
0013,
0001,
0000,
0000,
0001,
0001,
0000,
ffff,
ffff,
fffe,
ffff,
0000,
0000,
0000,
ffff,
0000,
0002,
0002,
0001,
ffff,
fffe,
fffd,
fffe,
ffff,
0001,
0000,
fffe,
fffd,
0002,
0002,
0006,
fffa,
0001,
fff5,
0007,
fff9,
0012,
fff4,
0119,
0546,
09e6,
07b7,
f2a5,
e3ab,
f8d4,
1624,
1df3,
15d8,
0963,
012e,
0200,
046a,
fd4c,
f28a,
ed61,
ecea,
f089,
f550,
f90b,
fc00,
0039,
052c,
095e,
0b9e,
0adc,
092b,
0740,
0438,
ff2b,
fba2,
fb51,
fbde,
fbdd,
fb08,
f9e3,
f995,
fb46,
fd9a,
0020,
024f,
02e0,
0243,
01d9,
0254,
02a3,
019e,
ffce,
ff19,
ff6f,
ff5e,
fec8,
fe7e,
fe76,
fe14,
fda1,
fd56,
fd84,
fe3f,
ff06,
ff58,
ff65,
ffc1,
00a1,
01ad,
0227,
01bf,
00b3,
ff90,
fee9,
fee3,
ff14,
fefb,
fec4,
fec4,
ff00,
ff72,
0002,
006a,
0079,
004d,
001e,
000c,
0010,
001a,
0023,
002c,
0030,
0021,
0013,
0000,
0001,
0001,
0001,
0001,
ffff,
ffff,
0000,
0000,
0000,
0000,
0000,
0000,
0001,
0002,
0003,
0002,
0000,
fffe,
fffd,
fffe,
ffff,
0001,
0000,
ffff,
fffc,
0003,
0003,
0006,
fffe,
0000,
fff9,
0000,
0001,
0006,
0002,
0082,
0474,
09a7,
0a86,
f8de,
e2a4,
effa,
11d9,
207f,
1a16,
0c66,
0186,
0013,
0416,
ffb0,
f335,
ebe9,
eb02,
ee69,
f3e3,
f8a9,
fbd7,
ffa3,
04fa,
099d,
0cb3,
0c73,
0a59,
07f4,
053b,
0070,
fbce,
fabd,
fb4c,
fb5b,
fa9d,
fa23,
f999,
fa0f,
fc2f,
ff51,
0222,
0307,
028a,
0242,
02d2,
031c,
02d2,
0150,
ff34,
fe9d,
ff3b,
ff2c,
fe62,
fdf0,
fd7a,
fd05,
fce2,
fd1d,
fdd0,
fec2,
ff6b,
ffaf,
003c,
0145,
0250,
02ac,
021e,
0102,
ffcc,
fedd,
fe66,
fe5f,
fe79,
fe67,
fe37,
fe56,
fefc,
ffe3,
00ad,
010c,
00e9,
0090,
0057,
0046,
0052,
0063,
004b,
0015,
ffed,
ffe7,
0005,
0001,
0001,
0001,
0001,
0000,
ffff,
ffff,
0000,
0001,
0000,
ffff,
0000,
0000,
0003,
0003,
0002,
0000,
fffe,
fffd,
fffd,
ffff,
0002,
0001,
0000,
fffc,
0001,
0004,
0006,
0000,
fffd,
fffc,
fffa,
0005,
fffe,
000e,
003b,
0405,
09cc,
0c41,
fcd5,
e276,
e9fd,
0ead,
22b0,
1da0,
0ec0,
01e8,
fead,
0319,
00bd,
f336,
e9e6,
e91a,
ecde,
f2ac,
f845,
fc02,
ff7f,
0552,
0a83,
0dbe,
0dac,
0b4e,
0865,
05a6,
0111,
fbc8,
fa5c,
fb1a,
fb2f,
fa22,
f9bb,
f9bd,
fa4b,
fbec,
fe48,
014c,
02f2,
028f,
0229,
0327,
0391,
0307,
0239,
0095,
ff0a,
fe94,
fecf,
fedb,
fe3d,
fce7,
fc1a,
fc45,
fca1,
fd59,
fe74,
ff47,
ffb0,
0083,
01d7,
0300,
0361,
02a6,
013a,
ffd8,
ff02,
fe90,
fe3d,
fe06,
fddf,
fdbc,
fdc8,
fe65,
ff74,
0073,
0110,
0132,
0110,
00d1,
0092,
0088,
00b1,
00b1,
005d,
fff3,
ffb4,
ffc2,
0001,
0001,
0001,
0001,
0001,
0000,
ffff,
ffff,
0000,
0001,
0000,
ffff,
0000,
0000,
0003,
0003,
0002,
0000,
fffe,
fffd,
fffd,
ffff,
0002,
0001,
0000,
fffc,
0001,
0004,
0006,
0000,
fffd,
fffc,
fffa,
0005,
fffe,
000e,
003b,
0405,
09cc,
0c41,
fcd5,
e276,
e9fd,
0ead,
22b0,
1da0,
0ec0,
01e8,
fead,
0319,
00bd,
f336,
e9e6,
e91a,
ecde,
f2ac,
f845,
fc02,
ff7f,
0552,
0a83,
0dbe,
0dac,
0b4e,
0865,
05a6,
0111,
fbc8,
fa5c,
fb1a,
fb2f,
fa22,
f9bb,
f9bd,
fa4b,
fbec,
fe48,
014c,
02f2,
028f,
0229,
0327,
0391,
0307,
0239,
0095,
ff0a,
fe94,
fecf,
fedb,
fe3d,
fce7,
fc1a,
fc45,
fca1,
fd59,
fe74,
ff47,
ffb0,
0083,
01d7,
0300,
0361,
02a6,
013a,
ffd8,
ff02,
fe90,
fe3d,
fe06,
fddf,
fdbc,
fdc8,
fe65,
ff74,
0073,
0110,
0132,
0110,
00d1,
0092,
0088,
00b1,
00b1,
005d,
fff3,
ffb4,
ffc2,
0001,
0001,
0001,
0001,
0001,
0000,
ffff,
ffff,
0000,
0001,
0000,
ffff,
0000,
0000,
0003,
0003,
0002,
0000,
fffe,
fffd,
fffd,
ffff,
0002,
0001,
0000,
fffc,
0001,
0004,
0006,
0000,
fffd,
fffc,
fffa,
0005,
fffe,
000e,
003b,
0405,
09cc,
0c41,
fcd5,
e276,
e9fd,
0ead,
22b0,
1da0,
0ec0,
01e8,
fead,
0319,
00bd,
f336,
e9e6,
e91a,
ecde,
f2ac,
f845,
fc02,
ff7f,
0552,
0a83,
0dbe,
0dac,
0b4e,
0865,
05a6,
0111,
fbc8,
fa5c,
fb1a,
fb2f,
fa22,
f9bb,
f9bd,
fa4b,
fbec,
fe48,
014c,
02f2,
028f,
0229,
0327,
0391,
0307,
0239,
0095,
ff0a,
fe94,
fecf,
fedb,
fe3d,
fce7,
fc1a,
fc45,
fca1,
fd59,
fe74,
ff47,
ffb0,
0083,
01d7,
0300,
0361,
02a6,
013a,
ffd8,
ff02,
fe90,
fe3d,
fe06,
fddf,
fdbc,
fdc8,
fe65,
ff74,
0073,
0110,
0132,
0110,
00d1,
0092,
0088,
00b1,
00b1,
005d,
fff3,
ffb4,
ffc2,
0001,
0001,
0001,
0000,
0000,
ffff,
ffff,
0000,
0000,
0000,
ffff,
ffff,
0000,
0002,
0003,
0002,
ffff,
fffd,
fffc,
fffc,
ffff,
0001,
0001,
ffff,
fffb,
0000,
0004,
0006,
0002,
fffb,
ffff,
fff7,
0008,
fff5,
0018,
0012,
03d0,
0a46,
0ddc,
ff9a,
e1be,
e536,
0ce3,
2532,
20c7,
1098,
0204,
fd94,
0213,
00fd,
f27b,
e74a,
e6ea,
ebb8,
f1f1,
f80f,
fc84,
ffb6,
05c3,
0bb6,
0f37,
0ef7,
0c0c,
0877,
058e,
0144,
fb66,
f9a6,
fac9,
fb3c,
fa08,
f968,
f9aa,
fa3b,
fc24,
fecc,
0148,
0255,
021a,
01e0,
0319,
0406,
0350,
0258,
00e3,
ff73,
fef8,
fefe,
feda,
fe68,
fd1e,
fb97,
fb79,
fc3d,
fcf2,
fdc8,
febd,
ff8b,
00cb,
0275,
0399,
03e5,
032f,
01a6,
0004,
ff12,
feaf,
fe57,
fe01,
fda7,
fd4e,
fd3f,
fdde,
ff01,
002a,
00e0,
0102,
00f8,
00f9,
00f4,
00f8,
011b,
0114,
00a9,
0021,
ffc8,
ffb5,
ffdf,
0002,
0001,
0000,
ffff,
0000,
0000,
0000,
0001,
0000,
ffff,
ffff,
0001,
0003,
0004,
0003,
0000,
fffd,
fffc,
fffc,
ffff,
0002,
0001,
ffff,
fffb,
0000,
0006,
0005,
0005,
fffa,
0003,
fff2,
000e,
ffeb,
0020,
ffec,
0381,
0ac1,
0fb3,
02f6,
e120,
df7c,
0ab6,
2818,
241a,
12ce,
026a,
fc86,
00f8,
0108,
f19e,
e44a,
e44b,
ea78,
f17e,
f7db,
fd1f,
004f,
0653,
0cdf,
108d,
1034,
0d04,
08d6,
0550,
0134,
fad2,
f8a9,
fa3c,
fb13,
f9f6,
f93b,
f98c,
fa2c,
fc36,
ff14,
0206,
0308,
0200,
0128,
0298,
0463,
03e0,
025b,
00a2,
ff2f,
fe9e,
ff28,
ffae,
fef9,
fd25,
fb57,
fb24,
fbfa,
fcbe,
fd3a,
fdb8,
fece,
00e5,
031f,
0442,
0465,
039d,
020a,
0069,
ff6a,
fed5,
fe4e,
fded,
fd8b,
fd28,
fcfe,
fd67,
fe87,
ffef,
00ce,
00dd,
009d,
0091,
00dc,
014d,
01a6,
018c,
00f2,
0041,
ffdd,
ffdd,
0019,
002f,
ffc7,
0001,
0000,
ffff,
0000,
0000,
0000,
0001,
0000,
ffff,
ffff,
0001,
0003,
0004,
0003,
0000,
fffd,
fffc,
fffc,
ffff,
0002,
0001,
ffff,
fffb,
0000,
0006,
0005,
0005,
fffa,
0003,
fff2,
000e,
ffeb,
0020,
ffec,
0381,
0ac1,
0fb3,
02f6,
e120,
df7c,
0ab6,
2818,
241a,
12ce,
026a,
fc86,
00f8,
0108,
f19e,
e44a,
e44b,
ea78,
f17e,
f7db,
fd1f,
004f,
0653,
0cdf,
108d,
1034,
0d04,
08d6,
0550,
0134,
fad2,
f8a9,
fa3c,
fb13,
f9f6,
f93b,
f98c,
fa2c,
fc36,
ff14,
0206,
0308,
0200,
0128,
0298,
0463,
03e0,
025b,
00a2,
ff2f,
fe9e,
ff28,
ffae,
fef9,
fd25,
fb57,
fb24,
fbfa,
fcbe,
fd3a,
fdb8,
fece,
00e5,
031f,
0442,
0465,
039d,
020a,
0069,
ff6a,
fed5,
fe4e,
fded,
fd8b,
fd28,
fcfe,
fd67,
fe87,
ffef,
00ce,
00dd,
009d,
0091,
00dc,
014d,
01a6,
018c,
00f2,
0041,
ffdd,
ffdd,
0019,
002f,
ffc7,
0001,
0000,
ffff,
0000,
0000,
0000,
0001,
0000,
ffff,
ffff,
0001,
0003,
0004,
0003,
0000,
fffd,
fffc,
fffc,
ffff,
0002,
0001,
ffff,
fffb,
0000,
0006,
0005,
0005,
fffa,
0003,
fff2,
000e,
ffeb,
0020,
ffec,
0381,
0ac1,
0fb3,
02f6,
e120,
df7c,
0ab6,
2818,
241a,
12ce,
026a,
fc86,
00f8,
0108,
f19e,
e44a,
e44b,
ea78,
f17e,
f7db,
fd1f,
004f,
0653,
0cdf,
108d,
1034,
0d04,
08d6,
0550,
0134,
fad2,
f8a9,
fa3c,
fb13,
f9f6,
f93b,
f98c,
fa2c,
fc36,
ff14,
0206,
0308,
0200,
0128,
0298,
0463,
03e0,
025b,
00a2,
ff2f,
fe9e,
ff28,
ffae,
fef9,
fd25,
fb57,
fb24,
fbfa,
fcbe,
fd3a,
fdb8,
fece,
00e5,
031f,
0442,
0465,
039d,
020a,
0069,
ff6a,
fed5,
fe4e,
fded,
fd8b,
fd28,
fcfe,
fd67,
fe87,
ffef,
00ce,
00dd,
009d,
0091,
00dc,
014d,
01a6,
018c,
00f2,
0041,
ffdd,
ffdd,
0019,
002f,
ffc7,
0000,
fffe,
ffff,
ffff,
0000,
0000,
0000,
ffff,
ffff,
0001,
0004,
0005,
0004,
0000,
fffc,
fffb,
fffb,
fffe,
0002,
0002,
fffe,
fffb,
fffd,
0007,
0004,
0008,
fff5,
0007,
ffec,
0013,
ffe6,
0026,
ffce,
02f4,
0b0a,
1198,
0774,
e19e,
d870,
06dd,
2b00,
27a8,
156f,
039c,
fbb9,
ffd6,
0108,
f0ed,
e136,
e140,
e8ca,
f12e,
f7d9,
fd85,
010b,
070f,
0def,
11d2,
114a,
0d86,
094a,
0595,
0185,
fa5d,
f770,
f975,
fade,
f9e6,
f8eb,
f932,
f9cf,
fc39,
ff57,
0275,
03c5,
02c5,
0154,
0215,
045a,
0484,
02ba,
0033,
fe6e,
fe06,
fed2,
ffbc,
ff9f,
fe0c,
fb82,
faa3,
fbd2,
fd14,
fcf2,
fc8f,
fdda,
00a9,
035d,
04ba,
04e0,
0410,
0297,
00ff,
ffd0,
ff09,
fe6c,
fde5,
fd58,
fce5,
fcbc,
fd26,
fe43,
ffc6,
00da,
00dc,
004e,
0019,
0089,
0149,
01db,
01ca,
0128,
006f,
fffb,
0009,
0076,
0091,
fff0,
ff04,
fffe,
fffe,
ffff,
0000,
0000,
ffff,
fffe,
fffe,
0000,
0004,
0006,
0004,
0000,
fffc,
fffa,
fffa,
ffff,
0002,
0003,
fffe,
fffc,
fffb,
000a,
0002,
000c,
fff2,
0008,
ffea,
0015,
ffe7,
0022,
ffcc,
021e,
0acf,
1308,
0ce4,
e49f,
d12f,
00ac,
2ce7,
2b02,
17f0,
05d3,
fbe4,
fecd,
011b,
f07d,
de2f,
ddf1,
e686,
f07c,
f826,
fe0f,
019d,
07f2,
0f2b,
12d8,
1272,
0dec,
0944,
05b6,
0240,
fa86,
f66d,
f89a,
fa5c,
f9ba,
f8aa,
f8d0,
f90a,
fbac,
ff6c,
02e4,
0483,
038a,
01e7,
0245,
04c8,
053b,
034d,
0010,
fd5c,
fd02,
fe50,
ff3d,
ff61,
feab,
fc1d,
fa9d,
fbe3,
fd91,
fd0b,
fbcd,
fd15,
0052,
0352,
04cb,
04f8,
0456,
032c,
01c3,
004c,
ff3e,
fe95,
fdf5,
fd3e,
fca4,
fc5c,
fcb9,
fe09,
ffcf,
010a,
00f7,
0021,
ffd1,
005f,
0142,
01ca,
01ac,
0115,
006e,
000f,
0048,
00d7,
00e5,
0019,
ff02,
fe57,
fffe,
ffff,
0000,
0001,
0000,
0000,
fffe,
fffe,
ffff,
0001,
0004,
0005,
0004,
0001,
fffe,
fffc,
fffb,
fffd,
fffe,
ffff,
fffc,
fffc,
fffa,
0006,
0002,
0009,
fff9,
0005,
fff8,
0004,
fffd,
0003,
0000,
00a3,
06ee,
1005,
13c4,
f9c9,
dd35,
f54e,
1617,
1647,
10a1,
0df0,
088e,
077d,
021b,
ef2c,
e4ad,
e70b,
e707,
ebc8,
f42b,
f943,
ffd7,
095a,
0fda,
12e1,
12a7,
0c37,
078e,
0625,
0148,
f970,
f6da,
f95f,
fb0b,
fab7,
f820,
f75a,
f963,
fc5f,
ff30,
0236,
03fe,
0319,
02b5,
03ef,
058a,
0532,
030c,
0099,
feee,
fee0,
fead,
fc92,
fa46,
fa3b,
fb08,
fc59,
fefe,
0170,
0214,
0149,
00e9,
0110,
0057,
fed4,
fed3,
0039,
0089,
ffd1,
ff6f,
ffd6,
00ab,
010c,
003a,
ff1b,
fe96,
fe66,
fe85,
ff31,
0012,
009c,
0083,
ffdf,
ff8a,
ffed,
006d,
006b,
ffb6,
feaf,
fe3c,
ff10,
0089,
0173,
0157,
00c2,
fffe,
ffff,
0000,
0001,
0000,
0000,
fffe,
fffe,
ffff,
0001,
0004,
0005,
0004,
0001,
fffe,
fffc,
fffb,
fffd,
fffe,
ffff,
fffc,
fffc,
fffa,
0006,
0002,
0009,
fff9,
0005,
fff8,
0004,
fffd,
0003,
0000,
00a3,
06ee,
1005,
13c4,
f9c9,
dd35,
f54e,
1617,
1647,
10a1,
0df0,
088e,
077d,
021b,
ef2c,
e4ad,
e70b,
e707,
ebc8,
f42b,
f943,
ffd7,
095a,
0fda,
12e1,
12a7,
0c37,
078e,
0625,
0148,
f970,
f6da,
f95f,
fb0b,
fab7,
f820,
f75a,
f963,
fc5f,
ff30,
0236,
03fe,
0319,
02b5,
03ef,
058a,
0532,
030c,
0099,
feee,
fee0,
fead,
fc92,
fa46,
fa3b,
fb08,
fc59,
fefe,
0170,
0214,
0149,
00e9,
0110,
0057,
fed4,
fed3,
0039,
0089,
ffd1,
ff6f,
ffd6,
00ab,
010c,
003a,
ff1b,
fe96,
fe66,
fe85,
ff31,
0012,
009c,
0083,
ffdf,
ff8a,
ffed,
006d,
006b,
ffb6,
feaf,
fe3c,
ff10,
0089,
0173,
0157,
00c2,
fffe,
ffff,
0000,
0001,
0000,
0000,
fffe,
fffe,
ffff,
0001,
0004,
0005,
0004,
0001,
fffe,
fffc,
fffb,
fffd,
fffe,
ffff,
fffc,
fffc,
fffa,
0006,
0002,
0009,
fff9,
0005,
fff8,
0004,
fffd,
0003,
0000,
00a3,
06ee,
1005,
13c4,
f9c9,
dd35,
f54e,
1617,
1647,
10a1,
0df0,
088e,
077d,
021b,
ef2c,
e4ad,
e70b,
e707,
ebc8,
f42b,
f943,
ffd7,
095a,
0fda,
12e1,
12a7,
0c37,
078e,
0625,
0148,
f970,
f6da,
f95f,
fb0b,
fab7,
f820,
f75a,
f963,
fc5f,
ff30,
0236,
03fe,
0319,
02b5,
03ef,
058a,
0532,
030c,
0099,
feee,
fee0,
fead,
fc92,
fa46,
fa3b,
fb08,
fc59,
fefe,
0170,
0214,
0149,
00e9,
0110,
0057,
fed4,
fed3,
0039,
0089,
ffd1,
ff6f,
ffd6,
00ab,
010c,
003a,
ff1b,
fe96,
fe66,
fe85,
ff31,
0012,
009c,
0083,
ffdf,
ff8a,
ffed,
006d,
006b,
ffb6,
feaf,
fe3c,
ff10,
0089,
0173,
0157,
00c2,
fffe,
ffff,
0000,
0001,
0000,
0000,
fffe,
fffe,
ffff,
0001,
0004,
0005,
0004,
0001,
fffe,
fffc,
fffb,
fffd,
fffe,
ffff,
fffc,
fffc,
fffa,
0006,
0002,
0009,
fff9,
0005,
fff8,
0004,
fffd,
0003,
0000,
00a3,
06ee,
1005,
13c4,
f9c9,
dd35,
f54e,
1617,
1647,
10a1,
0df0,
088e,
077d,
021b,
ef2c,
e4ad,
e70b,
e707,
ebc8,
f42b,
f943,
ffd7,
095a,
0fda,
12e1,
12a7,
0c37,
078e,
0625,
0148,
f970,
f6da,
f95f,
fb0b,
fab7,
f820,
f75a,
f963,
fc5f,
ff30,
0236,
03fe,
0319,
02b5,
03ef,
058a,
0532,
030c,
0099,
feee,
fee0,
fead,
fc92,
fa46,
fa3b,
fb08,
fc59,
fefe,
0170,
0214,
0149,
00e9,
0110,
0057,
fed4,
fed3,
0039,
0089,
ffd1,
ff6f,
ffd6,
00ab,
010c,
003a,
ff1b,
fe96,
fe66,
fe85,
ff31,
0012,
009c,
0083,
ffdf,
ff8a,
ffed,
006d,
006b,
ffb6,
feaf,
fe3c,
ff10,
0089,
0173,
0157,
00c2,
fffe,
ffff,
0000,
0001,
0000,
0000,
fffe,
fffe,
ffff,
0001,
0004,
0005,
0004,
0001,
fffe,
fffc,
fffb,
fffd,
fffe,
ffff,
fffc,
fffc,
fffa,
0006,
0002,
0009,
fff9,
0005,
fff8,
0004,
fffd,
0003,
0000,
00a3,
06ee,
1005,
13c4,
f9c9,
dd35,
f54e,
1617,
1647,
10a1,
0df0,
088e,
077d,
021b,
ef2c,
e4ad,
e70b,
e707,
ebc8,
f42b,
f943,
ffd7,
095a,
0fda,
12e1,
12a7,
0c37,
078e,
0625,
0148,
f970,
f6da,
f95f,
fb0b,
fab7,
f820,
f75a,
f963,
fc5f,
ff30,
0236,
03fe,
0319,
02b5,
03ef,
058a,
0532,
030c,
0099,
feee,
fee0,
fead,
fc92,
fa46,
fa3b,
fb08,
fc59,
fefe,
0170,
0214,
0149,
00e9,
0110,
0057,
fed4,
fed3,
0039,
0089,
ffd1,
ff6f,
ffd6,
00ab,
010c,
003a,
ff1b,
fe96,
fe66,
fe85,
ff31,
0012,
009c,
0083,
ffdf,
ff8a,
ffed,
006d,
006b,
ffb6,
feaf,
fe3c,
ff10,
0089,
0173,
0157,
00c2,
fffe,
ffff,
0000,
0001,
0000,
0000,
fffe,
fffe,
ffff,
0001,
0004,
0005,
0004,
0001,
fffe,
fffc,
fffb,
fffd,
fffe,
ffff,
fffc,
fffc,
fffa,
0006,
0002,
0009,
fff9,
0005,
fff8,
0004,
fffd,
0003,
0000,
00a3,
06ee,
1005,
13c4,
f9c9,
dd35,
f54e,
1617,
1647,
10a1,
0df0,
088e,
077d,
021b,
ef2c,
e4ad,
e70b,
e707,
ebc8,
f42b,
f943,
ffd7,
095a,
0fda,
12e1,
12a7,
0c37,
078e,
0625,
0148,
f970,
f6da,
f95f,
fb0b,
fab7,
f820,
f75a,
f963,
fc5f,
ff30,
0236,
03fe,
0319,
02b5,
03ef,
058a,
0532,
030c,
0099,
feee,
fee0,
fead,
fc92,
fa46,
fa3b,
fb08,
fc59,
fefe,
0170,
0214,
0149,
00e9,
0110,
0057,
fed4,
fed3,
0039,
0089,
ffd1,
ff6f,
ffd6,
00ab,
010c,
003a,
ff1b,
fe96,
fe66,
fe85,
ff31,
0012,
009c,
0083,
ffdf,
ff8a,
ffed,
006d,
006b,
ffb6,
feaf,
fe3c,
ff10,
0089,
0173,
0157,
00c2,
fffe,
ffff,
0000,
0001,
0000,
0000,
fffe,
fffe,
ffff,
0001,
0004,
0005,
0004,
0001,
fffe,
fffc,
fffb,
fffd,
fffe,
ffff,
fffc,
fffc,
fffa,
0006,
0002,
0009,
fff9,
0005,
fff8,
0004,
fffd,
0003,
0000,
00a3,
06ee,
1005,
13c4,
f9c9,
dd35,
f54e,
1617,
1647,
10a1,
0df0,
088e,
077d,
021b,
ef2c,
e4ad,
e70b,
e707,
ebc8,
f42b,
f943,
ffd7,
095a,
0fda,
12e1,
12a7,
0c37,
078e,
0625,
0148,
f970,
f6da,
f95f,
fb0b,
fab7,
f820,
f75a,
f963,
fc5f,
ff30,
0236,
03fe,
0319,
02b5,
03ef,
058a,
0532,
030c,
0099,
feee,
fee0,
fead,
fc92,
fa46,
fa3b,
fb08,
fc59,
fefe,
0170,
0214,
0149,
00e9,
0110,
0057,
fed4,
fed3,
0039,
0089,
ffd1,
ff6f,
ffd6,
00ab,
010c,
003a,
ff1b,
fe96,
fe66,
fe85,
ff31,
0012,
009c,
0083,
ffdf,
ff8a,
ffed,
006d,
006b,
ffb6,
feaf,
fe3c,
ff10,
0089,
0173,
0157,
00c2,
fffe,
ffff,
0000,
0001,
0000,
0000,
fffe,
fffe,
ffff,
0001,
0004,
0005,
0004,
0001,
fffe,
fffc,
fffb,
fffd,
fffe,
ffff,
fffc,
fffc,
fffa,
0006,
0002,
0009,
fff9,
0005,
fff8,
0004,
fffd,
0003,
0000,
00a3,
06ee,
1005,
13c4,
f9c9,
dd35,
f54e,
1617,
1647,
10a1,
0df0,
088e,
077d,
021b,
ef2c,
e4ad,
e70b,
e707,
ebc8,
f42b,
f943,
ffd7,
095a,
0fda,
12e1,
12a7,
0c37,
078e,
0625,
0148,
f970,
f6da,
f95f,
fb0b,
fab7,
f820,
f75a,
f963,
fc5f,
ff30,
0236,
03fe,
0319,
02b5,
03ef,
058a,
0532,
030c,
0099,
feee,
fee0,
fead,
fc92,
fa46,
fa3b,
fb08,
fc59,
fefe,
0170,
0214,
0149,
00e9,
0110,
0057,
fed4,
fed3,
0039,
0089,
ffd1,
ff6f,
ffd6,
00ab,
010c,
003a,
ff1b,
fe96,
fe66,
fe85,
ff31,
0012,
009c,
0083,
ffdf,
ff8a,
ffed,
006d,
006b,
ffb6,
feaf,
fe3c,
ff10,
0089,
0173,
0157,
00c2,
fffe,
ffff,
0000,
0001,
0000,
0000,
fffe,
fffe,
ffff,
0001,
0004,
0005,
0004,
0001,
fffe,
fffc,
fffb,
fffd,
fffe,
ffff,
fffc,
fffc,
fffa,
0006,
0002,
0009,
fff9,
0005,
fff8,
0004,
fffd,
0003,
0000,
00a3,
06ee,
1005,
13c4,
f9c9,
dd35,
f54e,
1617,
1647,
10a1,
0df0,
088e,
077d,
021b,
ef2c,
e4ad,
e70b,
e707,
ebc8,
f42b,
f943,
ffd7,
095a,
0fda,
12e1,
12a7,
0c37,
078e,
0625,
0148,
f970,
f6da,
f95f,
fb0b,
fab7,
f820,
f75a,
f963,
fc5f,
ff30,
0236,
03fe,
0319,
02b5,
03ef,
058a,
0532,
030c,
0099,
feee,
fee0,
fead,
fc92,
fa46,
fa3b,
fb08,
fc59,
fefe,
0170,
0214,
0149,
00e9,
0110,
0057,
fed4,
fed3,
0039,
0089,
ffd1,
ff6f,
ffd6,
00ab,
010c,
003a,
ff1b,
fe96,
fe66,
fe85,
ff31,
0012,
009c,
0083,
ffdf,
ff8a,
ffed,
006d,
006b,
ffb6,
feaf,
fe3c,
ff10,
0089,
0173,
0157,
00c2,
fffe,
ffff,
0000,
0001,
0000,
0000,
fffe,
fffe,
ffff,
0001,
0004,
0005,
0004,
0001,
fffe,
fffc,
fffb,
fffd,
fffe,
ffff,
fffc,
fffc,
fffa,
0006,
0002,
0009,
fff9,
0005,
fff8,
0004,
fffd,
0003,
0000,
00a3,
06ee,
1005,
13c4,
f9c9,
dd35,
f54e,
1617,
1647,
10a1,
0df0,
088e,
077d,
021b,
ef2c,
e4ad,
e70b,
e707,
ebc8,
f42b,
f943,
ffd7,
095a,
0fda,
12e1,
12a7,
0c37,
078e,
0625,
0148,
f970,
f6da,
f95f,
fb0b,
fab7,
f820,
f75a,
f963,
fc5f,
ff30,
0236,
03fe,
0319,
02b5,
03ef,
058a,
0532,
030c,
0099,
feee,
fee0,
fead,
fc92,
fa46,
fa3b,
fb08,
fc59,
fefe,
0170,
0214,
0149,
00e9,
0110,
0057,
fed4,
fed3,
0039,
0089,
ffd1,
ff6f,
ffd6,
00ab,
010c,
003a,
ff1b,
fe96,
fe66,
fe85,
ff31,
0012,
009c,
0083,
ffdf,
ff8a,
ffed,
006d,
006b,
ffb6,
feaf,
fe3c,
ff10,
0089,
0173,
0157,
00c2,
fffe,
ffff,
0000,
0001,
0000,
0000,
fffe,
fffe,
ffff,
0001,
0004,
0005,
0004,
0001,
fffe,
fffc,
fffb,
fffd,
fffe,
ffff,
fffc,
fffc,
fffa,
0006,
0002,
0009,
fff9,
0005,
fff8,
0004,
fffd,
0003,
0000,
00a3,
06ee,
1005,
13c4,
f9c9,
dd35,
f54e,
1617,
1647,
10a1,
0df0,
088e,
077d,
021b,
ef2c,
e4ad,
e70b,
e707,
ebc8,
f42b,
f943,
ffd7,
095a,
0fda,
12e1,
12a7,
0c37,
078e,
0625,
0148,
f970,
f6da,
f95f,
fb0b,
fab7,
f820,
f75a,
f963,
fc5f,
ff30,
0236,
03fe,
0319,
02b5,
03ef,
058a,
0532,
030c,
0099,
feee,
fee0,
fead,
fc92,
fa46,
fa3b,
fb08,
fc59,
fefe,
0170,
0214,
0149,
00e9,
0110,
0057,
fed4,
fed3,
0039,
0089,
ffd1,
ff6f,
ffd6,
00ab,
010c,
003a,
ff1b,
fe96,
fe66,
fe85,
ff31,
0012,
009c,
0083,
ffdf,
ff8a,
ffed,
006d,
006b,
ffb6,
feaf,
fe3c,
ff10,
0089,
0173,
0157,
00c2,
fffe,
ffff,
0000,
0001,
0000,
0000,
fffe,
fffe,
ffff,
0001,
0004,
0005,
0004,
0001,
fffe,
fffc,
fffb,
fffd,
fffe,
ffff,
fffc,
fffc,
fffa,
0006,
0002,
0009,
fff9,
0005,
fff8,
0004,
fffd,
0003,
0000,
00a3,
06ee,
1005,
13c4,
f9c9,
dd35,
f54e,
1617,
1647,
10a1,
0df0,
088e,
077d,
021b,
ef2c,
e4ad,
e70b,
e707,
ebc8,
f42b,
f943,
ffd7,
095a,
0fda,
12e1,
12a7,
0c37,
078e,
0625,
0148,
f970,
f6da,
f95f,
fb0b,
fab7,
f820,
f75a,
f963,
fc5f,
ff30,
0236,
03fe,
0319,
02b5,
03ef,
058a,
0532,
030c,
0099,
feee,
fee0,
fead,
fc92,
fa46,
fa3b,
fb08,
fc59,
fefe,
0170,
0214,
0149,
00e9,
0110,
0057,
fed4,
fed3,
0039,
0089,
ffd1,
ff6f,
ffd6,
00ab,
010c,
003a,
ff1b,
fe96,
fe66,
fe85,
ff31,
0012,
009c,
0083,
ffdf,
ff8a,
ffed,
006d,
006b,
ffb6,
feaf,
fe3c,
ff10,
0089,
0173,
0157,
00c2,
fffe,
ffff,
0000,
0001,
0000,
0000,
fffe,
fffe,
ffff,
0001,
0004,
0005,
0004,
0001,
fffe,
fffc,
fffb,
fffd,
fffe,
ffff,
fffc,
fffc,
fffa,
0006,
0002,
0009,
fff9,
0005,
fff8,
0004,
fffd,
0003,
0000,
00a3,
06ee,
1005,
13c4,
f9c9,
dd35,
f54e,
1617,
1647,
10a1,
0df0,
088e,
077d,
021b,
ef2c,
e4ad,
e70b,
e707,
ebc8,
f42b,
f943,
ffd7,
095a,
0fda,
12e1,
12a7,
0c37,
078e,
0625,
0148,
f970,
f6da,
f95f,
fb0b,
fab7,
f820,
f75a,
f963,
fc5f,
ff30,
0236,
03fe,
0319,
02b5,
03ef,
058a,
0532,
030c,
0099,
feee,
fee0,
fead,
fc92,
fa46,
fa3b,
fb08,
fc59,
fefe,
0170,
0214,
0149,
00e9,
0110,
0057,
fed4,
fed3,
0039,
0089,
ffd1,
ff6f,
ffd6,
00ab,
010c,
003a,
ff1b,
fe96,
fe66,
fe85,
ff31,
0012,
009c,
0083,
ffdf,
ff8a,
ffed,
006d,
006b,
ffb6,
feaf,
fe3c,
ff10,
0089,
0173,
0157,
00c2,
fffe,
ffff,
0000,
0001,
0000,
0000,
fffe,
fffe,
ffff,
0001,
0004,
0005,
0004,
0001,
fffe,
fffc,
fffb,
fffd,
fffe,
ffff,
fffc,
fffc,
fffa,
0006,
0002,
0009,
fff9,
0005,
fff8,
0004,
fffd,
0003,
0000,
00a3,
06ee,
1005,
13c4,
f9c9,
dd35,
f54e,
1617,
1647,
10a1,
0df0,
088e,
077d,
021b,
ef2c,
e4ad,
e70b,
e707,
ebc8,
f42b,
f943,
ffd7,
095a,
0fda,
12e1,
12a7,
0c37,
078e,
0625,
0148,
f970,
f6da,
f95f,
fb0b,
fab7,
f820,
f75a,
f963,
fc5f,
ff30,
0236,
03fe,
0319,
02b5,
03ef,
058a,
0532,
030c,
0099,
feee,
fee0,
fead,
fc92,
fa46,
fa3b,
fb08,
fc59,
fefe,
0170,
0214,
0149,
00e9,
0110,
0057,
fed4,
fed3,
0039,
0089,
ffd1,
ff6f,
ffd6,
00ab,
010c,
003a,
ff1b,
fe96,
fe66,
fe85,
ff31,
0012,
009c,
0083,
ffdf,
ff8a,
ffed,
006d,
006b,
ffb6,
feaf,
fe3c,
ff10,
0089,
0173,
0157,
00c2,
fffe,
ffff,
0000,
0001,
0000,
0000,
fffe,
fffe,
ffff,
0001,
0004,
0005,
0004,
0001,
fffe,
fffc,
fffb,
fffd,
fffe,
ffff,
fffc,
fffc,
fffa,
0006,
0002,
0009,
fff9,
0005,
fff8,
0004,
fffd,
0003,
0000,
00a3,
06ee,
1005,
13c4,
f9c9,
dd35,
f54e,
1617,
1647,
10a1,
0df0,
088e,
077d,
021b,
ef2c,
e4ad,
e70b,
e707,
ebc8,
f42b,
f943,
ffd7,
095a,
0fda,
12e1,
12a7,
0c37,
078e,
0625,
0148,
f970,
f6da,
f95f,
fb0b,
fab7,
f820,
f75a,
f963,
fc5f,
ff30,
0236,
03fe,
0319,
02b5,
03ef,
058a,
0532,
030c,
0099,
feee,
fee0,
fead,
fc92,
fa46,
fa3b,
fb08,
fc59,
fefe,
0170,
0214,
0149,
00e9,
0110,
0057,
fed4,
fed3,
0039,
0089,
ffd1,
ff6f,
ffd6,
00ab,
010c,
003a,
ff1b,
fe96,
fe66,
fe85,
ff31,
0012,
009c,
0083,
ffdf,
ff8a,
ffed,
006d,
006b,
ffb6,
feaf,
fe3c,
ff10,
0089,
0173,
0157,
00c2,
fffe,
ffff,
0000,
0001,
0000,
0000,
fffe,
fffe,
ffff,
0001,
0004,
0005,
0004,
0001,
fffe,
fffc,
fffb,
fffd,
fffe,
ffff,
fffc,
fffc,
fffa,
0006,
0002,
0009,
fff9,
0005,
fff8,
0004,
fffd,
0003,
0000,
00a3,
06ee,
1005,
13c4,
f9c9,
dd35,
f54e,
1617,
1647,
10a1,
0df0,
088e,
077d,
021b,
ef2c,
e4ad,
e70b,
e707,
ebc8,
f42b,
f943,
ffd7,
095a,
0fda,
12e1,
12a7,
0c37,
078e,
0625,
0148,
f970,
f6da,
f95f,
fb0b,
fab7,
f820,
f75a,
f963,
fc5f,
ff30,
0236,
03fe,
0319,
02b5,
03ef,
058a,
0532,
030c,
0099,
feee,
fee0,
fead,
fc92,
fa46,
fa3b,
fb08,
fc59,
fefe,
0170,
0214,
0149,
00e9,
0110,
0057,
fed4,
fed3,
0039,
0089,
ffd1,
ff6f,
ffd6,
00ab,
010c,
003a,
ff1b,
fe96,
fe66,
fe85,
ff31,
0012,
009c,
0083,
ffdf,
ff8a,
ffed,
006d,
006b,
ffb6,
feaf,
fe3c,
ff10,
0089,
0173,
0157,
00c2,
fffe,
ffff,
0000,
0001,
0000,
0000,
fffe,
fffe,
ffff,
0001,
0004,
0005,
0004,
0001,
fffe,
fffc,
fffb,
fffd,
fffe,
ffff,
fffc,
fffc,
fffa,
0006,
0002,
0009,
fff9,
0005,
fff8,
0004,
fffd,
0003,
0000,
00a3,
06ee,
1005,
13c4,
f9c9,
dd35,
f54e,
1617,
1647,
10a1,
0df0,
088e,
077d,
021b,
ef2c,
e4ad,
e70b,
e707,
ebc8,
f42b,
f943,
ffd7,
095a,
0fda,
12e1,
12a7,
0c37,
078e,
0625,
0148,
f970,
f6da,
f95f,
fb0b,
fab7,
f820,
f75a,
f963,
fc5f,
ff30,
0236,
03fe,
0319,
02b5,
03ef,
058a,
0532,
030c,
0099,
feee,
fee0,
fead,
fc92,
fa46,
fa3b,
fb08,
fc59,
fefe,
0170,
0214,
0149,
00e9,
0110,
0057,
fed4,
fed3,
0039,
0089,
ffd1,
ff6f,
ffd6,
00ab,
010c,
003a,
ff1b,
fe96,
fe66,
fe85,
ff31,
0012,
009c,
0083,
ffdf,
ff8a,
ffed,
006d,
006b,
ffb6,
feaf,
fe3c,
ff10,
0089,
0173,
0157,
00c2,
fffe,
ffff,
0000,
0001,
0000,
0000,
fffe,
fffe,
ffff,
0001,
0004,
0005,
0004,
0001,
fffe,
fffc,
fffb,
fffd,
fffe,
ffff,
fffc,
fffc,
fffa,
0006,
0002,
0009,
fff9,
0005,
fff8,
0004,
fffd,
0003,
0000,
00a3,
06ee,
1005,
13c4,
f9c9,
dd35,
f54e,
1617,
1647,
10a1,
0df0,
088e,
077d,
021b,
ef2c,
e4ad,
e70b,
e707,
ebc8,
f42b,
f943,
ffd7,
095a,
0fda,
12e1,
12a7,
0c37,
078e,
0625,
0148,
f970,
f6da,
f95f,
fb0b,
fab7,
f820,
f75a,
f963,
fc5f,
ff30,
0236,
03fe,
0319,
02b5,
03ef,
058a,
0532,
030c,
0099,
feee,
fee0,
fead,
fc92,
fa46,
fa3b,
fb08,
fc59,
fefe,
0170,
0214,
0149,
00e9,
0110,
0057,
fed4,
fed3,
0039,
0089,
ffd1,
ff6f,
ffd6,
00ab,
010c,
003a,
ff1b,
fe96,
fe66,
fe85,
ff31,
0012,
009c,
0083,
ffdf,
ff8a,
ffed,
006d,
006b,
ffb6,
feaf,
fe3c,
ff10,
0089,
0173,
0157,
00c2,
fffe,
ffff,
0000,
0001,
0000,
0000,
fffe,
fffe,
ffff,
0001,
0004,
0005,
0004,
0001,
fffe,
fffc,
fffb,
fffd,
fffe,
ffff,
fffc,
fffc,
fffa,
0006,
0002,
0009,
fff9,
0005,
fff8,
0004,
fffd,
0003,
0000,
00a3,
06ee,
1005,
13c4,
f9c9,
dd35,
f54e,
1617,
1647,
10a1,
0df0,
088e,
077d,
021b,
ef2c,
e4ad,
e70b,
e707,
ebc8,
f42b,
f943,
ffd7,
095a,
0fda,
12e1,
12a7,
0c37,
078e,
0625,
0148,
f970,
f6da,
f95f,
fb0b,
fab7,
f820,
f75a,
f963,
fc5f,
ff30,
0236,
03fe,
0319,
02b5,
03ef,
058a,
0532,
030c,
0099,
feee,
fee0,
fead,
fc92,
fa46,
fa3b,
fb08,
fc59,
fefe,
0170,
0214,
0149,
00e9,
0110,
0057,
fed4,
fed3,
0039,
0089,
ffd1,
ff6f,
ffd6,
00ab,
010c,
003a,
ff1b,
fe96,
fe66,
fe85,
ff31,
0012,
009c,
0083,
ffdf,
ff8a,
ffed,
006d,
006b,
ffb6,
feaf,
fe3c,
ff10,
0089,
0173,
0157,
00c2,
fffe,
ffff,
0000,
0001,
0000,
0000,
fffe,
fffe,
ffff,
0001,
0004,
0005,
0004,
0001,
fffe,
fffc,
fffb,
fffd,
fffe,
ffff,
fffc,
fffc,
fffa,
0006,
0002,
0009,
fff9,
0005,
fff8,
0004,
fffd,
0003,
0000,
00a3,
06ee,
1005,
13c4,
f9c9,
dd35,
f54e,
1617,
1647,
10a1,
0df0,
088e,
077d,
021b,
ef2c,
e4ad,
e70b,
e707,
ebc8,
f42b,
f943,
ffd7,
095a,
0fda,
12e1,
12a7,
0c37,
078e,
0625,
0148,
f970,
f6da,
f95f,
fb0b,
fab7,
f820,
f75a,
f963,
fc5f,
ff30,
0236,
03fe,
0319,
02b5,
03ef,
058a,
0532,
030c,
0099,
feee,
fee0,
fead,
fc92,
fa46,
fa3b,
fb08,
fc59,
fefe,
0170,
0214,
0149,
00e9,
0110,
0057,
fed4,
fed3,
0039,
0089,
ffd1,
ff6f,
ffd6,
00ab,
010c,
003a,
ff1b,
fe96,
fe66,
fe85,
ff31,
0012,
009c,
0083,
ffdf,
ff8a,
ffed,
006d,
006b,
ffb6,
feaf,
fe3c,
ff10,
0089,
0173,
0157,
00c2,
fffe,
ffff,
0000,
0001,
0000,
0000,
fffe,
fffe,
ffff,
0001,
0004,
0005,
0004,
0001,
fffe,
fffc,
fffb,
fffd,
fffe,
ffff,
fffc,
fffc,
fffa,
0006,
0002,
0009,
fff9,
0005,
fff8,
0004,
fffd,
0003,
0000,
00a3,
06ee,
1005,
13c4,
f9c9,
dd35,
f54e,
1617,
1647,
10a1,
0df0,
088e,
077d,
021b,
ef2c,
e4ad,
e70b,
e707,
ebc8,
f42b,
f943,
ffd7,
095a,
0fda,
12e1,
12a7,
0c37,
078e,
0625,
0148,
f970,
f6da,
f95f,
fb0b,
fab7,
f820,
f75a,
f963,
fc5f,
ff30,
0236,
03fe,
0319,
02b5,
03ef,
058a,
0532,
030c,
0099,
feee,
fee0,
fead,
fc92,
fa46,
fa3b,
fb08,
fc59,
fefe,
0170,
0214,
0149,
00e9,
0110,
0057,
fed4,
fed3,
0039,
0089,
ffd1,
ff6f,
ffd6,
00ab,
010c,
003a,
ff1b,
fe96,
fe66,
fe85,
ff31,
0012,
009c,
0083,
ffdf,
ff8a,
ffed,
006d,
006b,
ffb6,
feaf,
fe3c,
ff10,
0089,
0173,
0157,
00c2,
fffe,
ffff,
0000,
0001,
0000,
0000,
fffe,
fffe,
ffff,
0001,
0004,
0005,
0004,
0001,
fffe,
fffc,
fffb,
fffd,
fffe,
ffff,
fffc,
fffc,
fffa,
0006,
0002,
0009,
fff9,
0005,
fff8,
0004,
fffd,
0003,
0000,
00a3,
06ee,
1005,
13c4,
f9c9,
dd35,
f54e,
1617,
1647,
10a1,
0df0,
088e,
077d,
021b,
ef2c,
e4ad,
e70b,
e707,
ebc8,
f42b,
f943,
ffd7,
095a,
0fda,
12e1,
12a7,
0c37,
078e,
0625,
0148,
f970,
f6da,
f95f,
fb0b,
fab7,
f820,
f75a,
f963,
fc5f,
ff30,
0236,
03fe,
0319,
02b5,
03ef,
058a,
0532,
030c,
0099,
feee,
fee0,
fead,
fc92,
fa46,
fa3b,
fb08,
fc59,
fefe,
0170,
0214,
0149,
00e9,
0110,
0057,
fed4,
fed3,
0039,
0089,
ffd1,
ff6f,
ffd6,
00ab,
010c,
003a,
ff1b,
fe96,
fe66,
fe85,
ff31,
0012,
009c,
0083,
ffdf,
ff8a,
ffed,
006d,
006b,
ffb6,
feaf,
fe3c,
ff10,
0089,
0173,
0157,
00c2,
fffe,
ffff,
0000,
0001,
0000,
0000,
fffe,
fffe,
ffff,
0001,
0004,
0005,
0004,
0001,
fffe,
fffc,
fffb,
fffd,
fffe,
ffff,
fffc,
fffc,
fffa,
0006,
0002,
0009,
fff9,
0005,
fff8,
0004,
fffd,
0003,
0000,
00a3,
06ee,
1005,
13c4,
f9c9,
dd35,
f54e,
1617,
1647,
10a1,
0df0,
088e,
077d,
021b,
ef2c,
e4ad,
e70b,
e707,
ebc8,
f42b,
f943,
ffd7,
095a,
0fda,
12e1,
12a7,
0c37,
078e,
0625,
0148,
f970,
f6da,
f95f,
fb0b,
fab7,
f820,
f75a,
f963,
fc5f,
ff30,
0236,
03fe,
0319,
02b5,
03ef,
058a,
0532,
030c,
0099,
feee,
fee0,
fead,
fc92,
fa46,
fa3b,
fb08,
fc59,
fefe,
0170,
0214,
0149,
00e9,
0110,
0057,
fed4,
fed3,
0039,
0089,
ffd1,
ff6f,
ffd6,
00ab,
010c,
003a,
ff1b,
fe96,
fe66,
fe85,
ff31,
0012,
009c,
0083,
ffdf,
ff8a,
ffed,
006d,
006b,
ffb6,
feaf,
fe3c,
ff10,
0089,
0173,
0157,
00c2,
fffe,
ffff,
0000,
0001,
0000,
0000,
fffe,
fffe,
ffff,
0001,
0004,
0005,
0004,
0001,
fffe,
fffc,
fffb,
fffd,
fffe,
ffff,
fffc,
fffc,
fffa,
0006,
0002,
0009,
fff9,
0005,
fff8,
0004,
fffd,
0003,
0000,
00a3,
06ee,
1005,
13c4,
f9c9,
dd35,
f54e,
1617,
1647,
10a1,
0df0,
088e,
077d,
021b,
ef2c,
e4ad,
e70b,
e707,
ebc8,
f42b,
f943,
ffd7,
095a,
0fda,
12e1,
12a7,
0c37,
078e,
0625,
0148,
f970,
f6da,
f95f,
fb0b,
fab7,
f820,
f75a,
f963,
fc5f,
ff30,
0236,
03fe,
0319,
02b5,
03ef,
058a,
0532,
030c,
0099,
feee,
fee0,
fead,
fc92,
fa46,
fa3b,
fb08,
fc59,
fefe,
0170,
0214,
0149,
00e9,
0110,
0057,
fed4,
fed3,
0039,
0089,
ffd1,
ff6f,
ffd6,
00ab,
010c,
003a,
ff1b,
fe96,
fe66,
fe85,
ff31,
0012,
009c,
0083,
ffdf,
ff8a,
ffed,
006d,
006b,
ffb6,
feaf,
fe3c,
ff10,
0089,
0173,
0157,
00c2,
fffe,
ffff,
0000,
0001,
0000,
0000,
fffe,
fffe,
ffff,
0001,
0004,
0005,
0004,
0001,
fffe,
fffc,
fffb,
fffd,
fffe,
ffff,
fffc,
fffc,
fffa,
0006,
0002,
0009,
fff9,
0005,
fff8,
0004,
fffd,
0003,
0000,
00a3,
06ee,
1005,
13c4,
f9c9,
dd35,
f54e,
1617,
1647,
10a1,
0df0,
088e,
077d,
021b,
ef2c,
e4ad,
e70b,
e707,
ebc8,
f42b,
f943,
ffd7,
095a,
0fda,
12e1,
12a7,
0c37,
078e,
0625,
0148,
f970,
f6da,
f95f,
fb0b,
fab7,
f820,
f75a,
f963,
fc5f,
ff30,
0236,
03fe,
0319,
02b5,
03ef,
058a,
0532,
030c,
0099,
feee,
fee0,
fead,
fc92,
fa46,
fa3b,
fb08,
fc59,
fefe,
0170,
0214,
0149,
00e9,
0110,
0057,
fed4,
fed3,
0039,
0089,
ffd1,
ff6f,
ffd6,
00ab,
010c,
003a,
ff1b,
fe96,
fe66,
fe85,
ff31,
0012,
009c,
0083,
ffdf,
ff8a,
ffed,
006d,
006b,
ffb6,
feaf,
fe3c,
ff10,
0089,
0173,
0157,
00c2,
fffe,
ffff,
0000,
0001,
0000,
0000,
fffe,
fffe,
ffff,
0001,
0004,
0005,
0004,
0001,
fffe,
fffc,
fffb,
fffd,
fffe,
ffff,
fffc,
fffc,
fffa,
0006,
0002,
0009,
fff9,
0005,
fff8,
0004,
fffd,
0003,
0000,
00a3,
06ee,
1005,
13c4,
f9c9,
dd35,
f54e,
1617,
1647,
10a1,
0df0,
088e,
077d,
021b,
ef2c,
e4ad,
e70b,
e707,
ebc8,
f42b,
f943,
ffd7,
095a,
0fda,
12e1,
12a7,
0c37,
078e,
0625,
0148,
f970,
f6da,
f95f,
fb0b,
fab7,
f820,
f75a,
f963,
fc5f,
ff30,
0236,
03fe,
0319,
02b5,
03ef,
058a,
0532,
030c,
0099,
feee,
fee0,
fead,
fc92,
fa46,
fa3b,
fb08,
fc59,
fefe,
0170,
0214,
0149,
00e9,
0110,
0057,
fed4,
fed3,
0039,
0089,
ffd1,
ff6f,
ffd6,
00ab,
010c,
003a,
ff1b,
fe96,
fe66,
fe85,
ff31,
0012,
009c,
0083,
ffdf,
ff8a,
ffed,
006d,
006b,
ffb6,
feaf,
fe3c,
ff10,
0089,
0173,
0157,
00c2,
fffe,
ffff,
0000,
0001,
0000,
0000,
fffe,
fffe,
ffff,
0001,
0004,
0005,
0004,
0001,
fffe,
fffc,
fffb,
fffd,
fffe,
ffff,
fffc,
fffc,
fffa,
0006,
0002,
0009,
fff9,
0005,
fff8,
0004,
fffd,
0003,
0000,
00a3,
06ee,
1005,
13c4,
f9c9,
dd35,
f54e,
1617,
1647,
10a1,
0df0,
088e,
077d,
021b,
ef2c,
e4ad,
e70b,
e707,
ebc8,
f42b,
f943,
ffd7,
095a,
0fda,
12e1,
12a7,
0c37,
078e,
0625,
0148,
f970,
f6da,
f95f,
fb0b,
fab7,
f820,
f75a,
f963,
fc5f,
ff30,
0236,
03fe,
0319,
02b5,
03ef,
058a,
0532,
030c,
0099,
feee,
fee0,
fead,
fc92,
fa46,
fa3b,
fb08,
fc59,
fefe,
0170,
0214,
0149,
00e9,
0110,
0057,
fed4,
fed3,
0039,
0089,
ffd1,
ff6f,
ffd6,
00ab,
010c,
003a,
ff1b,
fe96,
fe66,
fe85,
ff31,
0012,
009c,
0083,
ffdf,
ff8a,
ffed,
006d,
006b,
ffb6,
feaf,
fe3c,
ff10,
0089,
0173,
0157,
00c2,
fffe,
ffff,
0000,
0001,
0000,
0000,
fffe,
fffe,
ffff,
0001,
0004,
0005,
0004,
0001,
fffe,
fffc,
fffb,
fffd,
fffe,
ffff,
fffc,
fffc,
fffa,
0006,
0002,
0009,
fff9,
0005,
fff8,
0004,
fffd,
0003,
0000,
00a3,
06ee,
1005,
13c4,
f9c9,
dd35,
f54e,
1617,
1647,
10a1,
0df0,
088e,
077d,
021b,
ef2c,
e4ad,
e70b,
e707,
ebc8,
f42b,
f943,
ffd7,
095a,
0fda,
12e1,
12a7,
0c37,
078e,
0625,
0148,
f970,
f6da,
f95f,
fb0b,
fab7,
f820,
f75a,
f963,
fc5f,
ff30,
0236,
03fe,
0319,
02b5,
03ef,
058a,
0532,
030c,
0099,
feee,
fee0,
fead,
fc92,
fa46,
fa3b,
fb08,
fc59,
fefe,
0170,
0214,
0149,
00e9,
0110,
0057,
fed4,
fed3,
0039,
0089,
ffd1,
ff6f,
ffd6,
00ab,
010c,
003a,
ff1b,
fe96,
fe66,
fe85,
ff31,
0012,
009c,
0083,
ffdf,
ff8a,
ffed,
006d,
006b,
ffb6,
feaf,
fe3c,
ff10,
0089,
0173,
0157,
00c2,
fffe,
ffff,
0000,
0001,
0000,
0000,
fffe,
fffe,
ffff,
0001,
0004,
0005,
0004,
0001,
fffe,
fffc,
fffb,
fffd,
fffe,
ffff,
fffc,
fffc,
fffa,
0006,
0002,
0009,
fff9,
0005,
fff8,
0004,
fffd,
0003,
0000,
00a3,
06ee,
1005,
13c4,
f9c9,
dd35,
f54e,
1617,
1647,
10a1,
0df0,
088e,
077d,
021b,
ef2c,
e4ad,
e70b,
e707,
ebc8,
f42b,
f943,
ffd7,
095a,
0fda,
12e1,
12a7,
0c37,
078e,
0625,
0148,
f970,
f6da,
f95f,
fb0b,
fab7,
f820,
f75a,
f963,
fc5f,
ff30,
0236,
03fe,
0319,
02b5,
03ef,
058a,
0532,
030c,
0099,
feee,
fee0,
fead,
fc92,
fa46,
fa3b,
fb08,
fc59,
fefe,
0170,
0214,
0149,
00e9,
0110,
0057,
fed4,
fed3,
0039,
0089,
ffd1,
ff6f,
ffd6,
00ab,
010c,
003a,
ff1b,
fe96,
fe66,
fe85,
ff31,
0012,
009c,
0083,
ffdf,
ff8a,
ffed,
006d,
006b,
ffb6,
feaf,
fe3c,
ff10,
0089,
0173,
0157,
00c2,
fffe,
ffff,
0000,
0001,
0000,
0000,
fffe,
fffe,
ffff,
0001,
0004,
0005,
0004,
0001,
fffe,
fffc,
fffb,
fffd,
fffe,
ffff,
fffc,
fffc,
fffa,
0006,
0002,
0009,
fff9,
0005,
fff8,
0004,
fffd,
0003,
0000,
00a3,
06ee,
1005,
13c4,
f9c9,
dd35,
f54e,
1617,
1647,
10a1,
0df0,
088e,
077d,
021b,
ef2c,
e4ad,
e70b,
e707,
ebc8,
f42b,
f943,
ffd7,
095a,
0fda,
12e1,
12a7,
0c37,
078e,
0625,
0148,
f970,
f6da,
f95f,
fb0b,
fab7,
f820,
f75a,
f963,
fc5f,
ff30,
0236,
03fe,
0319,
02b5,
03ef,
058a,
0532,
030c,
0099,
feee,
fee0,
fead,
fc92,
fa46,
fa3b,
fb08,
fc59,
fefe,
0170,
0214,
0149,
00e9,
0110,
0057,
fed4,
fed3,
0039,
0089,
ffd1,
ff6f,
ffd6,
00ab,
010c,
003a,
ff1b,
fe96,
fe66,
fe85,
ff31,
0012,
009c,
0083,
ffdf,
ff8a,
ffed,
006d,
006b,
ffb6,
feaf,
fe3c,
ff10,
0089,
0173,
0157,
00c2,
fffe,
ffff,
0000,
0001,
0000,
0000,
fffe,
fffe,
ffff,
0001,
0004,
0005,
0004,
0001,
fffe,
fffc,
fffb,
fffd,
fffe,
ffff,
fffc,
fffc,
fffa,
0006,
0002,
0009,
fff9,
0005,
fff8,
0004,
fffd,
0003,
0000,
00a3,
06ee,
1005,
13c4,
f9c9,
dd35,
f54e,
1617,
1647,
10a1,
0df0,
088e,
077d,
021b,
ef2c,
e4ad,
e70b,
e707,
ebc8,
f42b,
f943,
ffd7,
095a,
0fda,
12e1,
12a7,
0c37,
078e,
0625,
0148,
f970,
f6da,
f95f,
fb0b,
fab7,
f820,
f75a,
f963,
fc5f,
ff30,
0236,
03fe,
0319,
02b5,
03ef,
058a,
0532,
030c,
0099,
feee,
fee0,
fead,
fc92,
fa46,
fa3b,
fb08,
fc59,
fefe,
0170,
0214,
0149,
00e9,
0110,
0057,
fed4,
fed3,
0039,
0089,
ffd1,
ff6f,
ffd6,
00ab,
010c,
003a,
ff1b,
fe96,
fe66,
fe85,
ff31,
0012,
009c,
0083,
ffdf,
ff8a,
ffed,
006d,
006b,
ffb6,
feaf,
fe3c,
ff10,
0089,
0173,
0157,
00c2,
fffe,
ffff,
0000,
0001,
0000,
0000,
fffe,
fffe,
ffff,
0001,
0004,
0005,
0004,
0001,
fffe,
fffc,
fffb,
fffd,
fffe,
ffff,
fffc,
fffc,
fffa,
0006,
0002,
0009,
fff9,
0005,
fff8,
0004,
fffd,
0003,
0000,
00a3,
06ee,
1005,
13c4,
f9c9,
dd35,
f54e,
1617,
1647,
10a1,
0df0,
088e,
077d,
021b,
ef2c,
e4ad,
e70b,
e707,
ebc8,
f42b,
f943,
ffd7,
095a,
0fda,
12e1,
12a7,
0c37,
078e,
0625,
0148,
f970,
f6da,
f95f,
fb0b,
fab7,
f820,
f75a,
f963,
fc5f,
ff30,
0236,
03fe,
0319,
02b5,
03ef,
058a,
0532,
030c,
0099,
feee,
fee0,
fead,
fc92,
fa46,
fa3b,
fb08,
fc59,
fefe,
0170,
0214,
0149,
00e9,
0110,
0057,
fed4,
fed3,
0039,
0089,
ffd1,
ff6f,
ffd6,
00ab,
010c,
003a,
ff1b,
fe96,
fe66,
fe85,
ff31,
0012,
009c,
0083,
ffdf,
ff8a,
ffed,
006d,
006b,
ffb6,
feaf,
fe3c,
ff10,
0089,
0173,
0157,
00c2,
fffe,
ffff,
0000,
0001,
0000,
0000,
fffe,
fffe,
ffff,
0001,
0004,
0005,
0004,
0001,
fffe,
fffc,
fffb,
fffd,
fffe,
ffff,
fffc,
fffc,
fffa,
0006,
0002,
0009,
fff9,
0005,
fff8,
0004,
fffd,
0003,
0000,
00a3,
06ee,
1005,
13c4,
f9c9,
dd35,
f54e,
1617,
1647,
10a1,
0df0,
088e,
077d,
021b,
ef2c,
e4ad,
e70b,
e707,
ebc8,
f42b,
f943,
ffd7,
095a,
0fda,
12e1,
12a7,
0c37,
078e,
0625,
0148,
f970,
f6da,
f95f,
fb0b,
fab7,
f820,
f75a,
f963,
fc5f,
ff30,
0236,
03fe,
0319,
02b5,
03ef,
058a,
0532,
030c,
0099,
feee,
fee0,
fead,
fc92,
fa46,
fa3b,
fb08,
fc59,
fefe,
0170,
0214,
0149,
00e9,
0110,
0057,
fed4,
fed3,
0039,
0089,
ffd1,
ff6f,
ffd6,
00ab,
010c,
003a,
ff1b,
fe96,
fe66,
fe85,
ff31,
0012,
009c,
0083,
ffdf,
ff8a,
ffed,
006d,
006b,
ffb6,
feaf,
fe3c,
ff10,
0089,
0173,
0157,
00c2,
fffe,
ffff,
0000,
0001,
0000,
0000,
fffe,
fffe,
ffff,
0001,
0004,
0005,
0004,
0001,
fffe,
fffc,
fffb,
fffd,
fffe,
ffff,
fffc,
fffc,
fffa,
0006,
0002,
0009,
fff9,
0005,
fff8,
0004,
fffd,
0003,
0000,
00a3,
06ee,
1005,
13c4,
f9c9,
dd35,
f54e,
1617,
1647,
10a1,
0df0,
088e,
077d,
021b,
ef2c,
e4ad,
e70b,
e707,
ebc8,
f42b,
f943,
ffd7,
095a,
0fda,
12e1,
12a7,
0c37,
078e,
0625,
0148,
f970,
f6da,
f95f,
fb0b,
fab7,
f820,
f75a,
f963,
fc5f,
ff30,
0236,
03fe,
0319,
02b5,
03ef,
058a,
0532,
030c,
0099,
feee,
fee0,
fead,
fc92,
fa46,
fa3b,
fb08,
fc59,
fefe,
0170,
0214,
0149,
00e9,
0110,
0057,
fed4,
fed3,
0039,
0089,
ffd1,
ff6f,
ffd6,
00ab,
010c,
003a,
ff1b,
fe96,
fe66,
fe85,
ff31,
0012,
009c,
0083,
ffdf,
ff8a,
ffed,
006d,
006b,
ffb6,
feaf,
fe3c,
ff10,
0089,
0173,
0157,
00c2,
fffe,
ffff,
0000,
0001,
0000,
0000,
fffe,
fffe,
ffff,
0001,
0004,
0005,
0004,
0001,
fffe,
fffc,
fffb,
fffd,
fffe,
ffff,
fffc,
fffc,
fffa,
0006,
0002,
0009,
fff9,
0005,
fff8,
0004,
fffd,
0003,
0000,
00a3,
06ee,
1005,
13c4,
f9c9,
dd35,
f54e,
1617,
1647,
10a1,
0df0,
088e,
077d,
021b,
ef2c,
e4ad,
e70b,
e707,
ebc8,
f42b,
f943,
ffd7,
095a,
0fda,
12e1,
12a7,
0c37,
078e,
0625,
0148,
f970,
f6da,
f95f,
fb0b,
fab7,
f820,
f75a,
f963,
fc5f,
ff30,
0236,
03fe,
0319,
02b5,
03ef,
058a,
0532,
030c,
0099,
feee,
fee0,
fead,
fc92,
fa46,
fa3b,
fb08,
fc59,
fefe,
0170,
0214,
0149,
00e9,
0110,
0057,
fed4,
fed3,
0039,
0089,
ffd1,
ff6f,
ffd6,
00ab,
010c,
003a,
ff1b,
fe96,
fe66,
fe85,
ff31,
0012,
009c,
0083,
ffdf,
ff8a,
ffed,
006d,
006b,
ffb6,
feaf,
fe3c,
ff10,
0089,
0173,
0157,
00c2,
fffe,
ffff,
0000,
0001,
0000,
0000,
fffe,
fffe,
ffff,
0001,
0004,
0005,
0004,
0001,
fffe,
fffc,
fffb,
fffd,
fffe,
ffff,
fffc,
fffc,
fffa,
0006,
0002,
0009,
fff9,
0005,
fff8,
0004,
fffd,
0003,
0000,
00a3,
06ee,
1005,
13c4,
f9c9,
dd35,
f54e,
1617,
1647,
10a1,
0df0,
088e,
077d,
021b,
ef2c,
e4ad,
e70b,
e707,
ebc8,
f42b,
f943,
ffd7,
095a,
0fda,
12e1,
12a7,
0c37,
078e,
0625,
0148,
f970,
f6da,
f95f,
fb0b,
fab7,
f820,
f75a,
f963,
fc5f,
ff30,
0236,
03fe,
0319,
02b5,
03ef,
058a,
0532,
030c,
0099,
feee,
fee0,
fead,
fc92,
fa46,
fa3b,
fb08,
fc59,
fefe,
0170,
0214,
0149,
00e9,
0110,
0057,
fed4,
fed3,
0039,
0089,
ffd1,
ff6f,
ffd6,
00ab,
010c,
003a,
ff1b,
fe96,
fe66,
fe85,
ff31,
0012,
009c,
0083,
ffdf,
ff8a,
ffed,
006d,
006b,
ffb6,
feaf,
fe3c,
ff10,
0089,
0173,
0157,
00c2,
fffe,
ffff,
0000,
0001,
0000,
0000,
fffe,
fffe,
ffff,
0001,
0004,
0005,
0004,
0001,
fffe,
fffc,
fffb,
fffd,
fffe,
ffff,
fffc,
fffc,
fffa,
0006,
0002,
0009,
fff9,
0005,
fff8,
0004,
fffd,
0003,
0000,
00a3,
06ee,
1005,
13c4,
f9c9,
dd35,
f54e,
1617,
1647,
10a1,
0df0,
088e,
077d,
021b,
ef2c,
e4ad,
e70b,
e707,
ebc8,
f42b,
f943,
ffd7,
095a,
0fda,
12e1,
12a7,
0c37,
078e,
0625,
0148,
f970,
f6da,
f95f,
fb0b,
fab7,
f820,
f75a,
f963,
fc5f,
ff30,
0236,
03fe,
0319,
02b5,
03ef,
058a,
0532,
030c,
0099,
feee,
fee0,
fead,
fc92,
fa46,
fa3b,
fb08,
fc59,
fefe,
0170,
0214,
0149,
00e9,
0110,
0057,
fed4,
fed3,
0039,
0089,
ffd1,
ff6f,
ffd6,
00ab,
010c,
003a,
ff1b,
fe96,
fe66,
fe85,
ff31,
0012,
009c,
0083,
ffdf,
ff8a,
ffed,
006d,
006b,
ffb6,
feaf,
fe3c,
ff10,
0089,
0173,
0157,
00c2,
fffe,
ffff,
0000,
0001,
0000,
0000,
fffe,
fffe,
ffff,
0001,
0004,
0005,
0004,
0001,
fffe,
fffc,
fffb,
fffd,
fffe,
ffff,
fffc,
fffc,
fffa,
0006,
0002,
0009,
fff9,
0005,
fff8,
0004,
fffd,
0003,
0000,
00a3,
06ee,
1005,
13c4,
f9c9,
dd35,
f54e,
1617,
1647,
10a1,
0df0,
088e,
077d,
021b,
ef2c,
e4ad,
e70b,
e707,
ebc8,
f42b,
f943,
ffd7,
095a,
0fda,
12e1,
12a7,
0c37,
078e,
0625,
0148,
f970,
f6da,
f95f,
fb0b,
fab7,
f820,
f75a,
f963,
fc5f,
ff30,
0236,
03fe,
0319,
02b5,
03ef,
058a,
0532,
030c,
0099,
feee,
fee0,
fead,
fc92,
fa46,
fa3b,
fb08,
fc59,
fefe,
0170,
0214,
0149,
00e9,
0110,
0057,
fed4,
fed3,
0039,
0089,
ffd1,
ff6f,
ffd6,
00ab,
010c,
003a,
ff1b,
fe96,
fe66,
fe85,
ff31,
0012,
009c,
0083,
ffdf,
ff8a,
ffed,
006d,
006b,
ffb6,
feaf,
fe3c,
ff10,
0089,
0173,
0157,
00c2,
fffe,
ffff,
0000,
0001,
0000,
0000,
fffe,
fffe,
ffff,
0001,
0004,
0005,
0004,
0001,
fffe,
fffc,
fffb,
fffd,
fffe,
ffff,
fffc,
fffc,
fffa,
0006,
0002,
0009,
fff9,
0005,
fff8,
0004,
fffd,
0003,
0000,
00a3,
06ee,
1005,
13c4,
f9c9,
dd35,
f54e,
1617,
1647,
10a1,
0df0,
088e,
077d,
021b,
ef2c,
e4ad,
e70b,
e707,
ebc8,
f42b,
f943,
ffd7,
095a,
0fda,
12e1,
12a7,
0c37,
078e,
0625,
0148,
f970,
f6da,
f95f,
fb0b,
fab7,
f820,
f75a,
f963,
fc5f,
ff30,
0236,
03fe,
0319,
02b5,
03ef,
058a,
0532,
030c,
0099,
feee,
fee0,
fead,
fc92,
fa46,
fa3b,
fb08,
fc59,
fefe,
0170,
0214,
0149,
00e9,
0110,
0057,
fed4,
fed3,
0039,
0089,
ffd1,
ff6f,
ffd6,
00ab,
010c,
003a,
ff1b,
fe96,
fe66,
fe85,
ff31,
0012,
009c,
0083,
ffdf,
ff8a,
ffed,
006d,
006b,
ffb6,
feaf,
fe3c,
ff10,
0089,
0173,
0157,
00c2,
fffe,
ffff,
0000,
0001,
0000,
0000,
fffe,
fffe,
ffff,
0001,
0004,
0005,
0004,
0001,
fffe,
fffc,
fffb,
fffd,
fffe,
ffff,
fffc,
fffc,
fffa,
0006,
0002,
0009,
fff9,
0005,
fff8,
0004,
fffd,
0003,
0000,
00a3,
06ee,
1005,
13c4,
f9c9,
dd35,
f54e,
1617,
1647,
10a1,
0df0,
088e,
077d,
021b,
ef2c,
e4ad,
e70b,
e707,
ebc8,
f42b,
f943,
ffd7,
095a,
0fda,
12e1,
12a7,
0c37,
078e,
0625,
0148,
f970,
f6da,
f95f,
fb0b,
fab7,
f820,
f75a,
f963,
fc5f,
ff30,
0236,
03fe,
0319,
02b5,
03ef,
058a,
0532,
030c,
0099,
feee,
fee0,
fead,
fc92,
fa46,
fa3b,
fb08,
fc59,
fefe,
0170,
0214,
0149,
00e9,
0110,
0057,
fed4,
fed3,
0039,
0089,
ffd1,
ff6f,
ffd6,
00ab,
010c,
003a,
ff1b,
fe96,
fe66,
fe85,
ff31,
0012,
009c,
0083,
ffdf,
ff8a,
ffed,
006d,
006b,
ffb6,
feaf,
fe3c,
ff10,
0089,
0173,
0157,
00c2,
fffe,
ffff,
0000,
0001,
0000,
0000,
fffe,
fffe,
ffff,
0001,
0004,
0005,
0004,
0001,
fffe,
fffc,
fffb,
fffd,
fffe,
ffff,
fffc,
fffc,
fffa,
0006,
0002,
0009,
fff9,
0005,
fff8,
0004,
fffd,
0003,
0000,
00a3,
06ee,
1005,
13c4,
f9c9,
dd35,
f54e,
1617,
1647,
10a1,
0df0,
088e,
077d,
021b,
ef2c,
e4ad,
e70b,
e707,
ebc8,
f42b,
f943,
ffd7,
095a,
0fda,
12e1,
12a7,
0c37,
078e,
0625,
0148,
f970,
f6da,
f95f,
fb0b,
fab7,
f820,
f75a,
f963,
fc5f,
ff30,
0236,
03fe,
0319,
02b5,
03ef,
058a,
0532,
030c,
0099,
feee,
fee0,
fead,
fc92,
fa46,
fa3b,
fb08,
fc59,
fefe,
0170,
0214,
0149,
00e9,
0110,
0057,
fed4,
fed3,
0039,
0089,
ffd1,
ff6f,
ffd6,
00ab,
010c,
003a,
ff1b,
fe96,
fe66,
fe85,
ff31,
0012,
009c,
0083,
ffdf,
ff8a,
ffed,
006d,
006b,
ffb6,
feaf,
fe3c,
ff10,
0089,
0173,
0157,
00c2,
fffe,
ffff,
0000,
0001,
0000,
0000,
fffe,
fffe,
ffff,
0001,
0004,
0005,
0004,
0001,
fffe,
fffc,
fffb,
fffd,
fffe,
ffff,
fffc,
fffc,
fffa,
0006,
0002,
0009,
fff9,
0005,
fff8,
0004,
fffd,
0003,
0000,
00a3,
06ee,
1005,
13c4,
f9c9,
dd35,
f54e,
1617,
1647,
10a1,
0df0,
088e,
077d,
021b,
ef2c,
e4ad,
e70b,
e707,
ebc8,
f42b,
f943,
ffd7,
095a,
0fda,
12e1,
12a7,
0c37,
078e,
0625,
0148,
f970,
f6da,
f95f,
fb0b,
fab7,
f820,
f75a,
f963,
fc5f,
ff30,
0236,
03fe,
0319,
02b5,
03ef,
058a,
0532,
030c,
0099,
feee,
fee0,
fead,
fc92,
fa46,
fa3b,
fb08,
fc59,
fefe,
0170,
0214,
0149,
00e9,
0110,
0057,
fed4,
fed3,
0039,
0089,
ffd1,
ff6f,
ffd6,
00ab,
010c,
003a,
ff1b,
fe96,
fe66,
fe85,
ff31,
0012,
009c,
0083,
ffdf,
ff8a,
ffed,
006d,
006b,
ffb6,
feaf,
fe3c,
ff10,
0089,
0173,
0157,
00c2,
fffe,
ffff,
0000,
0001,
0000,
0000,
fffe,
fffe,
ffff,
0001,
0004,
0005,
0004,
0001,
fffe,
fffc,
fffb,
fffd,
fffe,
ffff,
fffc,
fffc,
fffa,
0006,
0002,
0009,
fff9,
0005,
fff8,
0004,
fffd,
0003,
0000,
00a3,
06ee,
1005,
13c4,
f9c9,
dd35,
f54e,
1617,
1647,
10a1,
0df0,
088e,
077d,
021b,
ef2c,
e4ad,
e70b,
e707,
ebc8,
f42b,
f943,
ffd7,
095a,
0fda,
12e1,
12a7,
0c37,
078e,
0625,
0148,
f970,
f6da,
f95f,
fb0b,
fab7,
f820,
f75a,
f963,
fc5f,
ff30,
0236,
03fe,
0319,
02b5,
03ef,
058a,
0532,
030c,
0099,
feee,
fee0,
fead,
fc92,
fa46,
fa3b,
fb08,
fc59,
fefe,
0170,
0214,
0149,
00e9,
0110,
0057,
fed4,
fed3,
0039,
0089,
ffd1,
ff6f,
ffd6,
00ab,
010c,
003a,
ff1b,
fe96,
fe66,
fe85,
ff31,
0012,
009c,
0083,
ffdf,
ff8a,
ffed,
006d,
006b,
ffb6,
feaf,
fe3c,
ff10,
0089,
0173,
0157,
00c2,
fffe,
ffff,
0000,
0001,
0000,
0000,
fffe,
fffe,
ffff,
0001,
0004,
0005,
0004,
0001,
fffe,
fffc,
fffb,
fffd,
fffe,
ffff,
fffc,
fffc,
fffa,
0006,
0002,
0009,
fff9,
0005,
fff8,
0004,
fffd,
0003,
0000,
00a3,
06ee,
1005,
13c4,
f9c9,
dd35,
f54e,
1617,
1647,
10a1,
0df0,
088e,
077d,
021b,
ef2c,
e4ad,
e70b,
e707,
ebc8,
f42b,
f943,
ffd7,
095a,
0fda,
12e1,
12a7,
0c37,
078e,
0625,
0148,
f970,
f6da,
f95f,
fb0b,
fab7,
f820,
f75a,
f963,
fc5f,
ff30,
0236,
03fe,
0319,
02b5,
03ef,
058a,
0532,
030c,
0099,
feee,
fee0,
fead,
fc92,
fa46,
fa3b,
fb08,
fc59,
fefe,
0170,
0214,
0149,
00e9,
0110,
0057,
fed4,
fed3,
0039,
0089,
ffd1,
ff6f,
ffd6,
00ab,
010c,
003a,
ff1b,
fe96,
fe66,
fe85,
ff31,
0012,
009c,
0083,
ffdf,
ff8a,
ffed,
006d,
006b,
ffb6,
feaf,
fe3c,
ff10,
0089,
0173,
0157,
00c2,
fffe,
ffff,
0000,
0001,
0000,
0000,
fffe,
fffe,
ffff,
0001,
0004,
0005,
0004,
0001,
fffe,
fffc,
fffb,
fffd,
fffe,
ffff,
fffc,
fffc,
fffa,
0006,
0002,
0009,
fff9,
0005,
fff8,
0004,
fffd,
0003,
0000,
00a3,
06ee,
1005,
13c4,
f9c9,
dd35,
f54e,
1617,
1647,
10a1,
0df0,
088e,
077d,
021b,
ef2c,
e4ad,
e70b,
e707,
ebc8,
f42b,
f943,
ffd7,
095a,
0fda,
12e1,
12a7,
0c37,
078e,
0625,
0148,
f970,
f6da,
f95f,
fb0b,
fab7,
f820,
f75a,
f963,
fc5f,
ff30,
0236,
03fe,
0319,
02b5,
03ef,
058a,
0532,
030c,
0099,
feee,
fee0,
fead,
fc92,
fa46,
fa3b,
fb08,
fc59,
fefe,
0170,
0214,
0149,
00e9,
0110,
0057,
fed4,
fed3,
0039,
0089,
ffd1,
ff6f,
ffd6,
00ab,
010c,
003a,
ff1b,
fe96,
fe66,
fe85,
ff31,
0012,
009c,
0083,
ffdf,
ff8a,
ffed,
006d,
006b,
ffb6,
feaf,
fe3c,
ff10,
0089,
0173,
0157,
00c2,
fffe,
ffff,
0000,
0001,
0000,
0000,
fffe,
fffe,
ffff,
0001,
0004,
0005,
0004,
0001,
fffe,
fffc,
fffb,
fffd,
fffe,
ffff,
fffc,
fffc,
fffa,
0006,
0002,
0009,
fff9,
0005,
fff8,
0004,
fffd,
0003,
0000,
00a3,
06ee,
1005,
13c4,
f9c9,
dd35,
f54e,
1617,
1647,
10a1,
0df0,
088e,
077d,
021b,
ef2c,
e4ad,
e70b,
e707,
ebc8,
f42b,
f943,
ffd7,
095a,
0fda,
12e1,
12a7,
0c37,
078e,
0625,
0148,
f970,
f6da,
f95f,
fb0b,
fab7,
f820,
f75a,
f963,
fc5f,
ff30,
0236,
03fe,
0319,
02b5,
03ef,
058a,
0532,
030c,
0099,
feee,
fee0,
fead,
fc92,
fa46,
fa3b,
fb08,
fc59,
fefe,
0170,
0214,
0149,
00e9,
0110,
0057,
fed4,
fed3,
0039,
0089,
ffd1,
ff6f,
ffd6,
00ab,
010c,
003a,
ff1b,
fe96,
fe66,
fe85,
ff31,
0012,
009c,
0083,
ffdf,
ff8a,
ffed,
006d,
006b,
ffb6,
feaf,
fe3c,
ff10,
0089,
0173,
0157,
00c2,
fffe,
ffff,
0000,
0001,
0000,
0000,
fffe,
fffe,
ffff,
0001,
0004,
0005,
0004,
0001,
fffe,
fffc,
fffb,
fffd,
fffe,
ffff,
fffc,
fffc,
fffa,
0006,
0002,
0009,
fff9,
0005,
fff8,
0004,
fffd,
0003,
0000,
00a3,
06ee,
1005,
13c4,
f9c9,
dd35,
f54e,
1617,
1647,
10a1,
0df0,
088e,
077d,
021b,
ef2c,
e4ad,
e70b,
e707,
ebc8,
f42b,
f943,
ffd7,
095a,
0fda,
12e1,
12a7,
0c37,
078e,
0625,
0148,
f970,
f6da,
f95f,
fb0b,
fab7,
f820,
f75a,
f963,
fc5f,
ff30,
0236,
03fe,
0319,
02b5,
03ef,
058a,
0532,
030c,
0099,
feee,
fee0,
fead,
fc92,
fa46,
fa3b,
fb08,
fc59,
fefe,
0170,
0214,
0149,
00e9,
0110,
0057,
fed4,
fed3,
0039,
0089,
ffd1,
ff6f,
ffd6,
00ab,
010c,
003a,
ff1b,
fe96,
fe66,
fe85,
ff31,
0012,
009c,
0083,
ffdf,
ff8a,
ffed,
006d,
006b,
ffb6,
feaf,
fe3c,
ff10,
0089,
0173,
0157,
00c2,
fffe,
ffff,
0000,
0001,
0000,
0000,
fffe,
fffe,
ffff,
0001,
0004,
0005,
0004,
0001,
fffe,
fffc,
fffb,
fffd,
fffe,
ffff,
fffc,
fffc,
fffa,
0006,
0002,
0009,
fff9,
0005,
fff8,
0004,
fffd,
0003,
0000,
00a3,
06ee,
1005,
13c4,
f9c9,
dd35,
f54e,
1617,
1647,
10a1,
0df0,
088e,
077d,
021b,
ef2c,
e4ad,
e70b,
e707,
ebc8,
f42b,
f943,
ffd7,
095a,
0fda,
12e1,
12a7,
0c37,
078e,
0625,
0148,
f970,
f6da,
f95f,
fb0b,
fab7,
f820,
f75a,
f963,
fc5f,
ff30,
0236,
03fe,
0319,
02b5,
03ef,
058a,
0532,
030c,
0099,
feee,
fee0,
fead,
fc92,
fa46,
fa3b,
fb08,
fc59,
fefe,
0170,
0214,
0149,
00e9,
0110,
0057,
fed4,
fed3,
0039,
0089,
ffd1,
ff6f,
ffd6,
00ab,
010c,
003a,
ff1b,
fe96,
fe66,
fe85,
ff31,
0012,
009c,
0083,
ffdf,
ff8a,
ffed,
006d,
006b,
ffb6,
feaf,
fe3c,
ff10,
0089,
0173,
0157,
00c2,
fffe,
ffff,
0000,
0001,
0000,
0000,
fffe,
fffe,
ffff,
0001,
0004,
0005,
0004,
0001,
fffe,
fffc,
fffb,
fffd,
fffe,
ffff,
fffc,
fffc,
fffa,
0006,
0002,
0009,
fff9,
0005,
fff8,
0004,
fffd,
0003,
0000,
00a3,
06ee,
1005,
13c4,
f9c9,
dd35,
f54e,
1617,
1647,
10a1,
0df0,
088e,
077d,
021b,
ef2c,
e4ad,
e70b,
e707,
ebc8,
f42b,
f943,
ffd7,
095a,
0fda,
12e1,
12a7,
0c37,
078e,
0625,
0148,
f970,
f6da,
f95f,
fb0b,
fab7,
f820,
f75a,
f963,
fc5f,
ff30,
0236,
03fe,
0319,
02b5,
03ef,
058a,
0532,
030c,
0099,
feee,
fee0,
fead,
fc92,
fa46,
fa3b,
fb08,
fc59,
fefe,
0170,
0214,
0149,
00e9,
0110,
0057,
fed4,
fed3,
0039,
0089,
ffd1,
ff6f,
ffd6,
00ab,
010c,
003a,
ff1b,
fe96,
fe66,
fe85,
ff31,
0012,
009c,
0083,
ffdf,
ff8a,
ffed,
006d,
006b,
ffb6,
feaf,
fe3c,
ff10,
0089,
0173,
0157,
00c2,
fffe,
ffff,
0000,
0001,
0000,
0000,
fffe,
fffe,
ffff,
0001,
0004,
0005,
0004,
0001,
fffe,
fffc,
fffb,
fffd,
fffe,
ffff,
fffc,
fffc,
fffa,
0006,
0002,
0009,
fff9,
0005,
fff8,
0004,
fffd,
0003,
0000,
00a3,
06ee,
1005,
13c4,
f9c9,
dd35,
f54e,
1617,
1647,
10a1,
0df0,
088e,
077d,
021b,
ef2c,
e4ad,
e70b,
e707,
ebc8,
f42b,
f943,
ffd7,
095a,
0fda,
12e1,
12a7,
0c37,
078e,
0625,
0148,
f970,
f6da,
f95f,
fb0b,
fab7,
f820,
f75a,
f963,
fc5f,
ff30,
0236,
03fe,
0319,
02b5,
03ef,
058a,
0532,
030c,
0099,
feee,
fee0,
fead,
fc92,
fa46,
fa3b,
fb08,
fc59,
fefe,
0170,
0214,
0149,
00e9,
0110,
0057,
fed4,
fed3,
0039,
0089,
ffd1,
ff6f,
ffd6,
00ab,
010c,
003a,
ff1b,
fe96,
fe66,
fe85,
ff31,
0012,
009c,
0083,
ffdf,
ff8a,
ffed,
006d,
006b,
ffb6,
feaf,
fe3c,
ff10,
0089,
0173,
0157,
00c2,
fffe,
ffff,
0000,
0001,
0000,
0000,
fffe,
fffe,
ffff,
0001,
0004,
0005,
0004,
0001,
fffe,
fffc,
fffb,
fffd,
fffe,
ffff,
fffc,
fffc,
fffa,
0006,
0002,
0009,
fff9,
0005,
fff8,
0004,
fffd,
0003,
0000,
00a3,
06ee,
1005,
13c4,
f9c9,
dd35,
f54e,
1617,
1647,
10a1,
0df0,
088e,
077d,
021b,
ef2c,
e4ad,
e70b,
e707,
ebc8,
f42b,
f943,
ffd7,
095a,
0fda,
12e1,
12a7,
0c37,
078e,
0625,
0148,
f970,
f6da,
f95f,
fb0b,
fab7,
f820,
f75a,
f963,
fc5f,
ff30,
0236,
03fe,
0319,
02b5,
03ef,
058a,
0532,
030c,
0099,
feee,
fee0,
fead,
fc92,
fa46,
fa3b,
fb08,
fc59,
fefe,
0170,
0214,
0149,
00e9,
0110,
0057,
fed4,
fed3,
0039,
0089,
ffd1,
ff6f,
ffd6,
00ab,
010c,
003a,
ff1b,
fe96,
fe66,
fe85,
ff31,
0012,
009c,
0083,
ffdf,
ff8a,
ffed,
006d,
006b,
ffb6,
feaf,
fe3c,
ff10,
0089,
0173,
0157,
00c2,
fffe,
ffff,
0000,
0001,
0000,
0000,
fffe,
fffe,
ffff,
0001,
0004,
0005,
0004,
0001,
fffe,
fffc,
fffb,
fffd,
fffe,
ffff,
fffc,
fffc,
fffa,
0006,
0002,
0009,
fff9,
0005,
fff8,
0004,
fffd,
0003,
0000,
00a3,
06ee,
1005,
13c4,
f9c9,
dd35,
f54e,
1617,
1647,
10a1,
0df0,
088e,
077d,
021b,
ef2c,
e4ad,
e70b,
e707,
ebc8,
f42b,
f943,
ffd7,
095a,
0fda,
12e1,
12a7,
0c37,
078e,
0625,
0148,
f970,
f6da,
f95f,
fb0b,
fab7,
f820,
f75a,
f963,
fc5f,
ff30,
0236,
03fe,
0319,
02b5,
03ef,
058a,
0532,
030c,
0099,
feee,
fee0,
fead,
fc92,
fa46,
fa3b,
fb08,
fc59,
fefe,
0170,
0214,
0149,
00e9,
0110,
0057,
fed4,
fed3,
0039,
0089,
ffd1,
ff6f,
ffd6,
00ab,
010c,
003a,
ff1b,
fe96,
fe66,
fe85,
ff31,
0012,
009c,
0083,
ffdf,
ff8a,
ffed,
006d,
006b,
ffb6,
feaf,
fe3c,
ff10,
0089,
0173,
0157,
00c2,
fffe,
ffff,
0000,
0001,
0000,
0000,
fffe,
fffe,
ffff,
0001,
0004,
0005,
0004,
0001,
fffe,
fffc,
fffb,
fffd,
fffe,
ffff,
fffc,
fffc,
fffa,
0006,
0002,
0009,
fff9,
0005,
fff8,
0004,
fffd,
0003,
0000,
00a3,
06ee,
1005,
13c4,
f9c9,
dd35,
f54e,
1617,
1647,
10a1,
0df0,
088e,
077d,
021b,
ef2c,
e4ad,
e70b,
e707,
ebc8,
f42b,
f943,
ffd7,
095a,
0fda,
12e1,
12a7,
0c37,
078e,
0625,
0148,
f970,
f6da,
f95f,
fb0b,
fab7,
f820,
f75a,
f963,
fc5f,
ff30,
0236,
03fe,
0319,
02b5,
03ef,
058a,
0532,
030c,
0099,
feee,
fee0,
fead,
fc92,
fa46,
fa3b,
fb08,
fc59,
fefe,
0170,
0214,
0149,
00e9,
0110,
0057,
fed4,
fed3,
0039,
0089,
ffd1,
ff6f,
ffd6,
00ab,
010c,
003a,
ff1b,
fe96,
fe66,
fe85,
ff31,
0012,
009c,
0083,
ffdf,
ff8a,
ffed,
006d,
006b,
ffb6,
feaf,
fe3c,
ff10,
0089,
0173,
0157,
00c2,
fffe,
ffff,
0000,
0001,
0000,
0000,
fffe,
fffe,
ffff,
0001,
0004,
0005,
0004,
0001,
fffe,
fffc,
fffb,
fffd,
fffe,
ffff,
fffc,
fffc,
fffa,
0006,
0002,
0009,
fff9,
0005,
fff8,
0004,
fffd,
0003,
0000,
00a3,
06ee,
1005,
13c4,
f9c9,
dd35,
f54e,
1617,
1647,
10a1,
0df0,
088e,
077d,
021b,
ef2c,
e4ad,
e70b,
e707,
ebc8,
f42b,
f943,
ffd7,
095a,
0fda,
12e1,
12a7,
0c37,
078e,
0625,
0148,
f970,
f6da,
f95f,
fb0b,
fab7,
f820,
f75a,
f963,
fc5f,
ff30,
0236,
03fe,
0319,
02b5,
03ef,
058a,
0532,
030c,
0099,
feee,
fee0,
fead,
fc92,
fa46,
fa3b,
fb08,
fc59,
fefe,
0170,
0214,
0149,
00e9,
0110,
0057,
fed4,
fed3,
0039,
0089,
ffd1,
ff6f,
ffd6,
00ab,
010c,
003a,
ff1b,
fe96,
fe66,
fe85,
ff31,
0012,
009c,
0083,
ffdf,
ff8a,
ffed,
006d,
006b,
ffb6,
feaf,
fe3c,
ff10,
0089,
0173,
0157,
00c2,
fffe,
ffff,
0000,
0001,
0000,
0000,
fffe,
fffe,
ffff,
0001,
0004,
0005,
0004,
0001,
fffe,
fffc,
fffb,
fffd,
fffe,
ffff,
fffc,
fffc,
fffa,
0006,
0002,
0009,
fff9,
0005,
fff8,
0004,
fffd,
0003,
0000,
00a3,
06ee,
1005,
13c4,
f9c9,
dd35,
f54e,
1617,
1647,
10a1,
0df0,
088e,
077d,
021b,
ef2c,
e4ad,
e70b,
e707,
ebc8,
f42b,
f943,
ffd7,
095a,
0fda,
12e1,
12a7,
0c37,
078e,
0625,
0148,
f970,
f6da,
f95f,
fb0b,
fab7,
f820,
f75a,
f963,
fc5f,
ff30,
0236,
03fe,
0319,
02b5,
03ef,
058a,
0532,
030c,
0099,
feee,
fee0,
fead,
fc92,
fa46,
fa3b,
fb08,
fc59,
fefe,
0170,
0214,
0149,
00e9,
0110,
0057,
fed4,
fed3,
0039,
0089,
ffd1,
ff6f,
ffd6,
00ab,
010c,
003a,
ff1b,
fe96,
fe66,
fe85,
ff31,
0012,
009c,
0083,
ffdf,
ff8a,
ffed,
006d,
006b,
ffb6,
feaf,
fe3c,
ff10,
0089,
0173,
0157,
00c2,
fffe,
ffff,
0000,
0001,
0000,
0000,
fffe,
fffe,
ffff,
0001,
0004,
0005,
0004,
0001,
fffe,
fffc,
fffb,
fffd,
fffe,
ffff,
fffc,
fffc,
fffa,
0006,
0002,
0009,
fff9,
0005,
fff8,
0004,
fffd,
0003,
0000,
00a3,
06ee,
1005,
13c4,
f9c9,
dd35,
f54e,
1617,
1647,
10a1,
0df0,
088e,
077d,
021b,
ef2c,
e4ad,
e70b,
e707,
ebc8,
f42b,
f943,
ffd7,
095a,
0fda,
12e1,
12a7,
0c37,
078e,
0625,
0148,
f970,
f6da,
f95f,
fb0b,
fab7,
f820,
f75a,
f963,
fc5f,
ff30,
0236,
03fe,
0319,
02b5,
03ef,
058a,
0532,
030c,
0099,
feee,
fee0,
fead,
fc92,
fa46,
fa3b,
fb08,
fc59,
fefe,
0170,
0214,
0149,
00e9,
0110,
0057,
fed4,
fed3,
0039,
0089,
ffd1,
ff6f,
ffd6,
00ab,
010c,
003a,
ff1b,
fe96,
fe66,
fe85,
ff31,
0012,
009c,
0083,
ffdf,
ff8a,
ffed,
006d,
006b,
ffb6,
feaf,
fe3c,
ff10,
0089,
0173,
0157,
00c2,
fffe,
ffff,
0000,
0001,
0000,
0000,
fffe,
fffe,
ffff,
0001,
0004,
0005,
0004,
0001,
fffe,
fffc,
fffb,
fffd,
fffe,
ffff,
fffc,
fffc,
fffa,
0006,
0002,
0009,
fff9,
0005,
fff8,
0004,
fffd,
0003,
0000,
00a3,
06ee,
1005,
13c4,
f9c9,
dd35,
f54e,
1617,
1647,
10a1,
0df0,
088e,
077d,
021b,
ef2c,
e4ad,
e70b,
e707,
ebc8,
f42b,
f943,
ffd7,
095a,
0fda,
12e1,
12a7,
0c37,
078e,
0625,
0148,
f970,
f6da,
f95f,
fb0b,
fab7,
f820,
f75a,
f963,
fc5f,
ff30,
0236,
03fe,
0319,
02b5,
03ef,
058a,
0532,
030c,
0099,
feee,
fee0,
fead,
fc92,
fa46,
fa3b,
fb08,
fc59,
fefe,
0170,
0214,
0149,
00e9,
0110,
0057,
fed4,
fed3,
0039,
0089,
ffd1,
ff6f,
ffd6,
00ab,
010c,
003a,
ff1b,
fe96,
fe66,
fe85,
ff31,
0012,
009c,
0083,
ffdf,
ff8a,
ffed,
006d,
006b,
ffb6,
feaf,
fe3c,
ff10,
0089,
0173,
0157,
00c2,
fffe,
ffff,
0000,
0001,
0000,
0000,
fffe,
fffe,
ffff,
0001,
0004,
0005,
0004,
0001,
fffe,
fffc,
fffb,
fffd,
fffe,
ffff,
fffc,
fffc,
fffa,
0006,
0002,
0009,
fff9,
0005,
fff8,
0004,
fffd,
0003,
0000,
00a3,
06ee,
1005,
13c4,
f9c9,
dd35,
f54e,
1617,
1647,
10a1,
0df0,
088e,
077d,
021b,
ef2c,
e4ad,
e70b,
e707,
ebc8,
f42b,
f943,
ffd7,
095a,
0fda,
12e1,
12a7,
0c37,
078e,
0625,
0148,
f970,
f6da,
f95f,
fb0b,
fab7,
f820,
f75a,
f963,
fc5f,
ff30,
0236,
03fe,
0319,
02b5,
03ef,
058a,
0532,
030c,
0099,
feee,
fee0,
fead,
fc92,
fa46,
fa3b,
fb08,
fc59,
fefe,
0170,
0214,
0149,
00e9,
0110,
0057,
fed4,
fed3,
0039,
0089,
ffd1,
ff6f,
ffd6,
00ab,
010c,
003a,
ff1b,
fe96,
fe66,
fe85,
ff31,
0012,
009c,
0083,
ffdf,
ff8a,
ffed,
006d,
006b,
ffb6,
feaf,
fe3c,
ff10,
0089,
0173,
0157,
00c2,
fffe,
ffff,
0000,
0001,
0000,
0000,
fffe,
fffe,
ffff,
0001,
0004,
0005,
0004,
0001,
fffe,
fffc,
fffb,
fffd,
fffe,
ffff,
fffc,
fffc,
fffa,
0006,
0002,
0009,
fff9,
0005,
fff8,
0004,
fffd,
0003,
0000,
00a3,
06ee,
1005,
13c4,
f9c9,
dd35,
f54e,
1617,
1647,
10a1,
0df0,
088e,
077d,
021b,
ef2c,
e4ad,
e70b,
e707,
ebc8,
f42b,
f943,
ffd7,
095a,
0fda,
12e1,
12a7,
0c37,
078e,
0625,
0148,
f970,
f6da,
f95f,
fb0b,
fab7,
f820,
f75a,
f963,
fc5f,
ff30,
0236,
03fe,
0319,
02b5,
03ef,
058a,
0532,
030c,
0099,
feee,
fee0,
fead,
fc92,
fa46,
fa3b,
fb08,
fc59,
fefe,
0170,
0214,
0149,
00e9,
0110,
0057,
fed4,
fed3,
0039,
0089,
ffd1,
ff6f,
ffd6,
00ab,
010c,
003a,
ff1b,
fe96,
fe66,
fe85,
ff31,
0012,
009c,
0083,
ffdf,
ff8a,
ffed,
006d,
006b,
ffb6,
feaf,
fe3c,
ff10,
0089,
0173,
0157,
00c2,
fffe,
ffff,
0000,
0001,
0000,
0000,
fffe,
fffe,
ffff,
0001,
0004,
0005,
0004,
0001,
fffe,
fffc,
fffb,
fffd,
fffe,
ffff,
fffc,
fffc,
fffa,
0006,
0002,
0009,
fff9,
0005,
fff8,
0004,
fffd,
0003,
0000,
00a3,
06ee,
1005,
13c4,
f9c9,
dd35,
f54e,
1617,
1647,
10a1,
0df0,
088e,
077d,
021b,
ef2c,
e4ad,
e70b,
e707,
ebc8,
f42b,
f943,
ffd7,
095a,
0fda,
12e1,
12a7,
0c37,
078e,
0625,
0148,
f970,
f6da,
f95f,
fb0b,
fab7,
f820,
f75a,
f963,
fc5f,
ff30,
0236,
03fe,
0319,
02b5,
03ef,
058a,
0532,
030c,
0099,
feee,
fee0,
fead,
fc92,
fa46,
fa3b,
fb08,
fc59,
fefe,
0170,
0214,
0149,
00e9,
0110,
0057,
fed4,
fed3,
0039,
0089,
ffd1,
ff6f,
ffd6,
00ab,
010c,
003a,
ff1b,
fe96,
fe66,
fe85,
ff31,
0012,
009c,
0083,
ffdf,
ff8a,
ffed,
006d,
006b,
ffb6,
feaf,
fe3c,
ff10,
0089,
0173,
0157,
00c2,
fffe,
ffff,
0000,
0001,
0000,
0000,
fffe,
fffe,
ffff,
0001,
0004,
0005,
0004,
0001,
fffe,
fffc,
fffb,
fffd,
fffe,
ffff,
fffc,
fffc,
fffa,
0006,
0002,
0009,
fff9,
0005,
fff8,
0004,
fffd,
0003,
0000,
00a3,
06ee,
1005,
13c4,
f9c9,
dd35,
f54e,
1617,
1647,
10a1,
0df0,
088e,
077d,
021b,
ef2c,
e4ad,
e70b,
e707,
ebc8,
f42b,
f943,
ffd7,
095a,
0fda,
12e1,
12a7,
0c37,
078e,
0625,
0148,
f970,
f6da,
f95f,
fb0b,
fab7,
f820,
f75a,
f963,
fc5f,
ff30,
0236,
03fe,
0319,
02b5,
03ef,
058a,
0532,
030c,
0099,
feee,
fee0,
fead,
fc92,
fa46,
fa3b,
fb08,
fc59,
fefe,
0170,
0214,
0149,
00e9,
0110,
0057,
fed4,
fed3,
0039,
0089,
ffd1,
ff6f,
ffd6,
00ab,
010c,
003a,
ff1b,
fe96,
fe66,
fe85,
ff31,
0012,
009c,
0083,
ffdf,
ff8a,
ffed,
006d,
006b,
ffb6,
feaf,
fe3c,
ff10,
0089,
0173,
0157,
00c2,
fffe,
ffff,
0000,
0001,
0000,
0000,
fffe,
fffe,
ffff,
0001,
0004,
0005,
0004,
0001,
fffe,
fffc,
fffb,
fffd,
fffe,
ffff,
fffc,
fffc,
fffa,
0006,
0002,
0009,
fff9,
0005,
fff8,
0004,
fffd,
0003,
0000,
00a3,
06ee,
1005,
13c4,
f9c9,
dd35,
f54e,
1617,
1647,
10a1,
0df0,
088e,
077d,
021b,
ef2c,
e4ad,
e70b,
e707,
ebc8,
f42b,
f943,
ffd7,
095a,
0fda,
12e1,
12a7,
0c37,
078e,
0625,
0148,
f970,
f6da,
f95f,
fb0b,
fab7,
f820,
f75a,
f963,
fc5f,
ff30,
0236,
03fe,
0319,
02b5,
03ef,
058a,
0532,
030c,
0099,
feee,
fee0,
fead,
fc92,
fa46,
fa3b,
fb08,
fc59,
fefe,
0170,
0214,
0149,
00e9,
0110,
0057,
fed4,
fed3,
0039,
0089,
ffd1,
ff6f,
ffd6,
00ab,
010c,
003a,
ff1b,
fe96,
fe66,
fe85,
ff31,
0012,
009c,
0083,
ffdf,
ff8a,
ffed,
006d,
006b,
ffb6,
feaf,
fe3c,
ff10,
0089,
0173,
0157,
00c2,
fffe,
ffff,
0000,
0001,
0000,
0000,
fffe,
fffe,
ffff,
0001,
0004,
0005,
0004,
0001,
fffe,
fffc,
fffb,
fffd,
fffe,
ffff,
fffc,
fffc,
fffa,
0006,
0002,
0009,
fff9,
0005,
fff8,
0004,
fffd,
0003,
0000,
00a3,
06ee,
1005,
13c4,
f9c9,
dd35,
f54e,
1617,
1647,
10a1,
0df0,
088e,
077d,
021b,
ef2c,
e4ad,
e70b,
e707,
ebc8,
f42b,
f943,
ffd7,
095a,
0fda,
12e1,
12a7,
0c37,
078e,
0625,
0148,
f970,
f6da,
f95f,
fb0b,
fab7,
f820,
f75a,
f963,
fc5f,
ff30,
0236,
03fe,
0319,
02b5,
03ef,
058a,
0532,
030c,
0099,
feee,
fee0,
fead,
fc92,
fa46,
fa3b,
fb08,
fc59,
fefe,
0170,
0214,
0149,
00e9,
0110,
0057,
fed4,
fed3,
0039,
0089,
ffd1,
ff6f,
ffd6,
00ab,
010c,
003a,
ff1b,
fe96,
fe66,
fe85,
ff31,
0012,
009c,
0083,
ffdf,
ff8a,
ffed,
006d,
006b,
ffb6,
feaf,
fe3c,
ff10,
0089,
0173,
0157,
00c2,
fffe,
ffff,
0000,
0001,
0000,
0000,
fffe,
fffe,
ffff,
0001,
0004,
0005,
0004,
0001,
fffe,
fffc,
fffb,
fffd,
fffe,
ffff,
fffc,
fffc,
fffa,
0006,
0002,
0009,
fff9,
0005,
fff8,
0004,
fffd,
0003,
0000,
00a3,
06ee,
1005,
13c4,
f9c9,
dd35,
f54e,
1617,
1647,
10a1,
0df0,
088e,
077d,
021b,
ef2c,
e4ad,
e70b,
e707,
ebc8,
f42b,
f943,
ffd7,
095a,
0fda,
12e1,
12a7,
0c37,
078e,
0625,
0148,
f970,
f6da,
f95f,
fb0b,
fab7,
f820,
f75a,
f963,
fc5f,
ff30,
0236,
03fe,
0319,
02b5,
03ef,
058a,
0532,
030c,
0099,
feee,
fee0,
fead,
fc92,
fa46,
fa3b,
fb08,
fc59,
fefe,
0170,
0214,
0149,
00e9,
0110,
0057,
fed4,
fed3,
0039,
0089,
ffd1,
ff6f,
ffd6,
00ab,
010c,
003a,
ff1b,
fe96,
fe66,
fe85,
ff31,
0012,
009c,
0083,
ffdf,
ff8a,
ffed,
006d,
006b,
ffb6,
feaf,
fe3c,
ff10,
0089,
0173,
0157,
00c2,
fffe,
ffff,
0000,
0001,
0000,
0000,
fffe,
fffe,
ffff,
0001,
0004,
0005,
0004,
0001,
fffe,
fffc,
fffb,
fffd,
fffe,
ffff,
fffc,
fffc,
fffa,
0006,
0002,
0009,
fff9,
0005,
fff8,
0004,
fffd,
0003,
0000,
00a3,
06ee,
1005,
13c4,
f9c9,
dd35,
f54e,
1617,
1647,
10a1,
0df0,
088e,
077d,
021b,
ef2c,
e4ad,
e70b,
e707,
ebc8,
f42b,
f943,
ffd7,
095a,
0fda,
12e1,
12a7,
0c37,
078e,
0625,
0148,
f970,
f6da,
f95f,
fb0b,
fab7,
f820,
f75a,
f963,
fc5f,
ff30,
0236,
03fe,
0319,
02b5,
03ef,
058a,
0532,
030c,
0099,
feee,
fee0,
fead,
fc92,
fa46,
fa3b,
fb08,
fc59,
fefe,
0170,
0214,
0149,
00e9,
0110,
0057,
fed4,
fed3,
0039,
0089,
ffd1,
ff6f,
ffd6,
00ab,
010c,
003a,
ff1b,
fe96,
fe66,
fe85,
ff31,
0012,
009c,
0083,
ffdf,
ff8a,
ffed,
006d,
006b,
ffb6,
feaf,
fe3c,
ff10,
0089,
0173,
0157,
00c2,
fffe,
ffff,
0000,
0001,
0000,
0000,
fffe,
fffe,
ffff,
0001,
0004,
0005,
0004,
0001,
fffe,
fffc,
fffb,
fffd,
fffe,
ffff,
fffc,
fffc,
fffa,
0006,
0002,
0009,
fff9,
0005,
fff8,
0004,
fffd,
0003,
0000,
00a3,
06ee,
1005,
13c4,
f9c9,
dd35,
f54e,
1617,
1647,
10a1,
0df0,
088e,
077d,
021b,
ef2c,
e4ad,
e70b,
e707,
ebc8,
f42b,
f943,
ffd7,
095a,
0fda,
12e1,
12a7,
0c37,
078e,
0625,
0148,
f970,
f6da,
f95f,
fb0b,
fab7,
f820,
f75a,
f963,
fc5f,
ff30,
0236,
03fe,
0319,
02b5,
03ef,
058a,
0532,
030c,
0099,
feee,
fee0,
fead,
fc92,
fa46,
fa3b,
fb08,
fc59,
fefe,
0170,
0214,
0149,
00e9,
0110,
0057,
fed4,
fed3,
0039,
0089,
ffd1,
ff6f,
ffd6,
00ab,
010c,
003a,
ff1b,
fe96,
fe66,
fe85,
ff31,
0012,
009c,
0083,
ffdf,
ff8a,
ffed,
006d,
006b,
ffb6,
feaf,
fe3c,
ff10,
0089,
0173,
0157,
00c2,
fffe,
ffff,
0000,
0001,
0000,
0000,
fffe,
fffe,
ffff,
0001,
0004,
0005,
0004,
0001,
fffe,
fffc,
fffb,
fffd,
fffe,
ffff,
fffc,
fffc,
fffa,
0006,
0002,
0009,
fff9,
0005,
fff8,
0004,
fffd,
0003,
0000,
00a3,
06ee,
1005,
13c4,
f9c9,
dd35,
f54e,
1617,
1647,
10a1,
0df0,
088e,
077d,
021b,
ef2c,
e4ad,
e70b,
e707,
ebc8,
f42b,
f943,
ffd7,
095a,
0fda,
12e1,
12a7,
0c37,
078e,
0625,
0148,
f970,
f6da,
f95f,
fb0b,
fab7,
f820,
f75a,
f963,
fc5f,
ff30,
0236,
03fe,
0319,
02b5,
03ef,
058a,
0532,
030c,
0099,
feee,
fee0,
fead,
fc92,
fa46,
fa3b,
fb08,
fc59,
fefe,
0170,
0214,
0149,
00e9,
0110,
0057,
fed4,
fed3,
0039,
0089,
ffd1,
ff6f,
ffd6,
00ab,
010c,
003a,
ff1b,
fe96,
fe66,
fe85,
ff31,
0012,
009c,
0083,
ffdf,
ff8a,
ffed,
006d,
006b,
ffb6,
feaf,
fe3c,
ff10,
0089,
0173,
0157,
00c2,
fffe,
ffff,
0000,
0001,
0000,
0000,
fffe,
fffe,
ffff,
0001,
0004,
0005,
0004,
0001,
fffe,
fffc,
fffb,
fffd,
fffe,
ffff,
fffc,
fffc,
fffa,
0006,
0002,
0009,
fff9,
0005,
fff8,
0004,
fffd,
0003,
0000,
00a3,
06ee,
1005,
13c4,
f9c9,
dd35,
f54e,
1617,
1647,
10a1,
0df0,
088e,
077d,
021b,
ef2c,
e4ad,
e70b,
e707,
ebc8,
f42b,
f943,
ffd7,
095a,
0fda,
12e1,
12a7,
0c37,
078e,
0625,
0148,
f970,
f6da,
f95f,
fb0b,
fab7,
f820,
f75a,
f963,
fc5f,
ff30,
0236,
03fe,
0319,
02b5,
03ef,
058a,
0532,
030c,
0099,
feee,
fee0,
fead,
fc92,
fa46,
fa3b,
fb08,
fc59,
fefe,
0170,
0214,
0149,
00e9,
0110,
0057,
fed4,
fed3,
0039,
0089,
ffd1,
ff6f,
ffd6,
00ab,
010c,
003a,
ff1b,
fe96,
fe66,
fe85,
ff31,
0012,
009c,
0083,
ffdf,
ff8a,
ffed,
006d,
006b,
ffb6,
feaf,
fe3c,
ff10,
0089,
0173,
0157,
00c2,
fffe,
ffff,
0000,
0001,
0000,
0000,
fffe,
fffe,
ffff,
0001,
0004,
0005,
0004,
0001,
fffe,
fffc,
fffb,
fffd,
fffe,
ffff,
fffc,
fffc,
fffa,
0006,
0002,
0009,
fff9,
0005,
fff8,
0004,
fffd,
0003,
0000,
00a3,
06ee,
1005,
13c4,
f9c9,
dd35,
f54e,
1617,
1647,
10a1,
0df0,
088e,
077d,
021b,
ef2c,
e4ad,
e70b,
e707,
ebc8,
f42b,
f943,
ffd7,
095a,
0fda,
12e1,
12a7,
0c37,
078e,
0625,
0148,
f970,
f6da,
f95f,
fb0b,
fab7,
f820,
f75a,
f963,
fc5f,
ff30,
0236,
03fe,
0319,
02b5,
03ef,
058a,
0532,
030c,
0099,
feee,
fee0,
fead,
fc92,
fa46,
fa3b,
fb08,
fc59,
fefe,
0170,
0214,
0149,
00e9,
0110,
0057,
fed4,
fed3,
0039,
0089,
ffd1,
ff6f,
ffd6,
00ab,
010c,
003a,
ff1b,
fe96,
fe66,
fe85,
ff31,
0012,
009c,
0083,
ffdf,
ff8a,
ffed,
006d,
006b,
ffb6,
feaf,
fe3c,
ff10,
0089,
0173,
0157,
00c2,
fffe,
ffff,
0000,
0001,
0000,
0000,
fffe,
fffe,
ffff,
0001,
0004,
0005,
0004,
0001,
fffe,
fffc,
fffb,
fffd,
fffe,
ffff,
fffc,
fffc,
fffa,
0006,
0002,
0009,
fff9,
0005,
fff8,
0004,
fffd,
0003,
0000,
00a3,
06ee,
1005,
13c4,
f9c9,
dd35,
f54e,
1617,
1647,
10a1,
0df0,
088e,
077d,
021b,
ef2c,
e4ad,
e70b,
e707,
ebc8,
f42b,
f943,
ffd7,
095a,
0fda,
12e1,
12a7,
0c37,
078e,
0625,
0148,
f970,
f6da,
f95f,
fb0b,
fab7,
f820,
f75a,
f963,
fc5f,
ff30,
0236,
03fe,
0319,
02b5,
03ef,
058a,
0532,
030c,
0099,
feee,
fee0,
fead,
fc92,
fa46,
fa3b,
fb08,
fc59,
fefe,
0170,
0214,
0149,
00e9,
0110,
0057,
fed4,
fed3,
0039,
0089,
ffd1,
ff6f,
ffd6,
00ab,
010c,
003a,
ff1b,
fe96,
fe66,
fe85,
ff31,
0012,
009c,
0083,
ffdf,
ff8a,
ffed,
006d,
006b,
ffb6,
feaf,
fe3c,
ff10,
0089,
0173,
0157,
00c2,
fffe,
ffff,
0000,
0001,
0000,
0000,
fffe,
fffe,
ffff,
0001,
0004,
0005,
0004,
0001,
fffe,
fffc,
fffb,
fffd,
fffe,
ffff,
fffc,
fffc,
fffa,
0006,
0002,
0009,
fff9,
0005,
fff8,
0004,
fffd,
0003,
0000,
00a3,
06ee,
1005,
13c4,
f9c9,
dd35,
f54e,
1617,
1647,
10a1,
0df0,
088e,
077d,
021b,
ef2c,
e4ad,
e70b,
e707,
ebc8,
f42b,
f943,
ffd7,
095a,
0fda,
12e1,
12a7,
0c37,
078e,
0625,
0148,
f970,
f6da,
f95f,
fb0b,
fab7,
f820,
f75a,
f963,
fc5f,
ff30,
0236,
03fe,
0319,
02b5,
03ef,
058a,
0532,
030c,
0099,
feee,
fee0,
fead,
fc92,
fa46,
fa3b,
fb08,
fc59,
fefe,
0170,
0214,
0149,
00e9,
0110,
0057,
fed4,
fed3,
0039,
0089,
ffd1,
ff6f,
ffd6,
00ab,
010c,
003a,
ff1b,
fe96,
fe66,
fe85,
ff31,
0012,
009c,
0083,
ffdf,
ff8a,
ffed,
006d,
006b,
ffb6,
feaf,
fe3c,
ff10,
0089,
0173,
0157,
00c2,
fffe,
ffff,
0000,
0001,
0000,
0000,
fffe,
fffe,
ffff,
0001,
0004,
0005,
0004,
0001,
fffe,
fffc,
fffb,
fffd,
fffe,
ffff,
fffc,
fffc,
fffa,
0006,
0002,
0009,
fff9,
0005,
fff8,
0004,
fffd,
0003,
0000,
00a3,
06ee,
1005,
13c4,
f9c9,
dd35,
f54e,
1617,
1647,
10a1,
0df0,
088e,
077d,
021b,
ef2c,
e4ad,
e70b,
e707,
ebc8,
f42b,
f943,
ffd7,
095a,
0fda,
12e1,
12a7,
0c37,
078e,
0625,
0148,
f970,
f6da,
f95f,
fb0b,
fab7,
f820,
f75a,
f963,
fc5f,
ff30,
0236,
03fe,
0319,
02b5,
03ef,
058a,
0532,
030c,
0099,
feee,
fee0,
fead,
fc92,
fa46,
fa3b,
fb08,
fc59,
fefe,
0170,
0214,
0149,
00e9,
0110,
0057,
fed4,
fed3,
0039,
0089,
ffd1,
ff6f,
ffd6,
00ab,
010c,
003a,
ff1b,
fe96,
fe66,
fe85,
ff31,
0012,
009c,
0083,
ffdf,
ff8a,
ffed,
006d,
006b,
ffb6,
feaf,
fe3c,
ff10,
0089,
0173,
0157,
00c2;