memory_initialization_radix=16;
memory_initialization_vector=
0004,
0003,
0001,
0001,
ffff,
0000,
0000,
fffe,
fffd,
fffe,
fffe,
ffff,
ffff,
ffff,
ffff,
0000,
0001,
0003,
0002,
0001,
ffff,
fffe,
fffd,
fffd,
ffff,
fffe,
fffc,
0002,
fffe,
0007,
fffb,
0007,
fff1,
0004,
ffed,
0006,
fff0,
0016,
ffd6,
0628,
151d,
0347,
e5d1,
eb07,
f393,
fea5,
17d1,
26a7,
26c9,
23e1,
1660,
083b,
ffaa,
e2ac,
c9fc,
d830,
e7c5,
e9cf,
f062,
f506,
fc25,
0963,
10ad,
0d02,
0f65,
12d2,
0ba4,
05b1,
019f,
fde6,
fa53,
f922,
f838,
f88f,
fb39,
fc93,
fec8,
00e0,
0068,
fcf6,
fd89,
0142,
02b5,
0256,
016a,
01be,
0263,
0313,
0173,
ff86,
ff5b,
fead,
fdf9,
fd89,
fd5a,
fd0e,
fdb1,
ff02,
008b,
01ff,
01e0,
015a,
018a,
01f7,
0187,
00be,
0030,
ff9d,
ff4d,
fee5,
fe8a,
fe55,
fe6e,
fe8f,
feba,
ff3d,
ff9e,
ffc4,
fffe,
0085,
0020,
ff05,
feb9,
ff3a,
0063,
01aa,
024d,
027c,
0004,
0002,
0001,
0000,
0000,
0000,
0000,
fffe,
fffe,
fffe,
fffe,
ffff,
ffff,
ffff,
0001,
0002,
0003,
0003,
0002,
0000,
0000,
ffff,
fffd,
ffff,
0000,
fffc,
0000,
0000,
0003,
0002,
0000,
0000,
fff2,
0004,
ffe8,
0011,
ffe1,
0018,
0150,
103f,
12df,
efbb,
e0bd,
e9d7,
efb7,
08de,
2796,
3028,
2ec6,
25f2,
1177,
04d0,
f0b3,
cd28,
cb6b,
e215,
e6c0,
edc0,
f72f,
f707,
fe94,
0c67,
0c7a,
0955,
102e,
0d5a,
0728,
0631,
03ea,
016f,
fe85,
f9c5,
f766,
fa57,
faa6,
faea,
fe24,
ffaa,
fd93,
fbfe,
fe69,
0165,
0342,
02ee,
02bd,
03aa,
040c,
02f8,
00a0,
ff32,
fdf8,
fd0f,
fcd0,
fcdd,
fd4d,
fdbd,
fe76,
ffd7,
01e2,
02ce,
0217,
0175,
0180,
0174,
00c1,
0019,
ffb8,
ff6e,
ff06,
fea4,
fea2,
feb5,
febb,
fe94,
feb4,
ff37,
0004,
0072,
ff6d,
fe54,
fe92,
ff8f,
00c0,
020c,
0309,
034e,
01e1,
ffd9,
0002,
0001,
0000,
0000,
0000,
0000,
0000,
ffff,
ffff,
ffff,
0000,
0000,
ffff,
0001,
0001,
0002,
0003,
0002,
0000,
ffff,
ffff,
fffd,
0000,
0001,
fffd,
ffff,
0002,
0002,
0005,
fffe,
0004,
ffee,
0009,
ffe3,
0017,
ffd9,
0029,
007f,
0e1c,
1794,
f591,
dc66,
e4ef,
ed73,
04f9,
27c6,
3535,
328a,
2a5b,
15bf,
0504,
f1a1,
cc70,
c3c7,
ddbb,
e7c6,
ecc2,
f82b,
f92c,
fc24,
09ae,
0de2,
0937,
0dc8,
0c30,
0718,
07fd,
06c1,
041d,
003d,
f9f1,
f6b4,
fb09,
fbd7,
fa57,
fcb0,
fe30,
fc46,
fa9f,
fced,
ffeb,
0265,
0328,
041c,
05bd,
05c2,
0437,
0195,
ffd8,
fe38,
fccb,
fbf1,
fb98,
fc3b,
fd48,
fe82,
ffe8,
01d1,
02e9,
0276,
01e4,
01cb,
0159,
0047,
ff84,
ff25,
ff1b,
ff2a,
ff14,
ff2c,
ff44,
ff3c,
ff18,
ff2b,
ff54,
ff91,
0013,
ff96,
fe34,
fdd7,
febc,
ffeb,
0155,
02c4,
03bf,
034a,
012c,
000b,
0002,
0001,
0000,
0000,
0000,
0000,
0000,
ffff,
ffff,
ffff,
0000,
0000,
ffff,
0001,
0001,
0002,
0003,
0002,
0000,
ffff,
ffff,
fffd,
0000,
0001,
fffd,
ffff,
0002,
0002,
0005,
fffe,
0004,
ffee,
0009,
ffe3,
0017,
ffd9,
0029,
007f,
0e1c,
1794,
f591,
dc66,
e4ef,
ed73,
04f9,
27c6,
3535,
328a,
2a5b,
15bf,
0504,
f1a1,
cc70,
c3c7,
ddbb,
e7c6,
ecc2,
f82b,
f92c,
fc24,
09ae,
0de2,
0937,
0dc8,
0c30,
0718,
07fd,
06c1,
041d,
003d,
f9f1,
f6b4,
fb09,
fbd7,
fa57,
fcb0,
fe30,
fc46,
fa9f,
fced,
ffeb,
0265,
0328,
041c,
05bd,
05c2,
0437,
0195,
ffd8,
fe38,
fccb,
fbf1,
fb98,
fc3b,
fd48,
fe82,
ffe8,
01d1,
02e9,
0276,
01e4,
01cb,
0159,
0047,
ff84,
ff25,
ff1b,
ff2a,
ff14,
ff2c,
ff44,
ff3c,
ff18,
ff2b,
ff54,
ff91,
0013,
ff96,
fe34,
fdd7,
febc,
ffeb,
0155,
02c4,
03bf,
034a,
012c,
000b,
0001,
0000,
0000,
0000,
0000,
0000,
ffff,
ffff,
fffe,
fffe,
fffe,
ffff,
0000,
0002,
0002,
0003,
0001,
ffff,
fffe,
ffff,
fffd,
fffe,
0001,
fffe,
fffe,
0002,
0000,
0008,
fffb,
0008,
ffec,
000a,
ffe0,
0015,
ffda,
0029,
fff6,
0adc,
1a8b,
fe84,
db2c,
de51,
ea0c,
00a0,
24c9,
38a0,
37e1,
2f7c,
1b26,
06a2,
f229,
cc53,
bd8a,
d8a3,
e9ba,
ee05,
f722,
f90e,
fa4c,
05c0,
0e0d,
09ff,
0a0f,
098f,
0818,
0c05,
0aed,
05c0,
00e6,
fbaf,
f824,
fb4a,
fc29,
f951,
fa86,
fcf9,
fbd2,
f903,
fa37,
fd88,
0143,
0382,
050f,
0718,
074a,
05e2,
037b,
0182,
ff46,
fd23,
fbd9,
fafe,
fb1e,
fc00,
fd7d,
ff2a,
0114,
025e,
0268,
0217,
01dd,
0185,
009c,
ffb4,
ff43,
ff4e,
ff76,
ff86,
ffbb,
ffba,
ff84,
ff3a,
ff11,
ff0e,
ff1a,
ff7f,
ff95,
fe72,
fd65,
fddb,
ff25,
00a4,
0236,
03b6,
0470,
0311,
0142,
00c8,
0001,
0001,
0001,
0001,
0001,
0000,
0000,
0000,
0000,
0000,
0000,
0000,
0002,
0003,
0002,
0001,
0000,
fffe,
0000,
ffff,
ffff,
0001,
0001,
fffe,
0004,
ffff,
000a,
fffc,
000a,
ffed,
0005,
ffe8,
0008,
ffea,
0016,
ffcf,
06ed,
1ad6,
0974,
de92,
d7c6,
e4b3,
faf2,
1f36,
394e,
3ceb,
3633,
22fc,
0abc,
f24b,
cb64,
b9ce,
d4e5,
eb09,
eefe,
f5c4,
f69c,
f6dd,
0328,
0e99,
09c7,
0594,
0785,
0a5e,
0fd1,
0df1,
0716,
0183,
fe69,
fbb6,
fba0,
fae8,
f7e7,
f8e4,
fbc9,
fbd5,
f7fc,
f71e,
fa8d,
ffa9,
03e3,
062f,
07a1,
079a,
0756,
0601,
03c3,
00ba,
fdbf,
fc32,
fb2d,
fac8,
fb13,
fc27,
fda2,
ff9a,
0179,
0207,
01be,
0176,
0175,
0131,
00a8,
0029,
fffd,
001e,
0033,
0054,
0019,
ff7e,
feef,
fe9f,
fe83,
fe6f,
feb3,
ff4a,
fee2,
fd92,
fd60,
fe93,
0028,
01ad,
0341,
04c9,
04a5,
02bb,
0190,
0080,
0001,
0001,
0002,
0001,
0001,
0001,
0001,
0001,
ffff,
ffff,
0000,
0001,
0002,
0003,
0002,
0001,
0000,
ffff,
fffe,
fffe,
0000,
0002,
fffd,
0004,
0001,
000a,
ffff,
0006,
fff6,
fff9,
fff8,
fff1,
0006,
ffee,
fff9,
0334,
17a2,
140f,
e753,
d3bf,
de68,
f40d,
16a9,
360a,
407e,
3c93,
2d13,
122c,
f347,
cba4,
b912,
d1e3,
ea65,
eed8,
f3f9,
f2e6,
f1dd,
0165,
0eaa,
0838,
0342,
0806,
0c11,
1159,
0fe5,
086e,
0387,
013f,
fe01,
fc9c,
fa89,
f617,
f715,
fabd,
fb4a,
f7b1,
f596,
f7d0,
fd87,
036a,
0699,
0847,
0842,
0832,
077c,
0595,
0292,
ff2f,
fcc3,
fb28,
faa8,
fab0,
fb3e,
fc38,
fe08,
0038,
014f,
0168,
0144,
0141,
0122,
013e,
014d,
011a,
0109,
00fd,
00e8,
0076,
ff9e,
feac,
fe0b,
fdc2,
fdb6,
fde8,
fea3,
ff1d,
fe13,
fd45,
fe20,
ffdc,
0186,
02ee,
046b,
0542,
0436,
0276,
0136,
fec1,
0000,
0001,
0001,
0000,
0001,
0000,
fffe,
fffe,
fffe,
fffe,
0000,
0002,
0002,
0000,
ffff,
fffe,
fffd,
fffd,
fffc,
fffe,
0002,
fffe,
0001,
0001,
0005,
0005,
fffd,
0002,
ffec,
0007,
ffdc,
0019,
ffcc,
0030,
009e,
1164,
1c4d,
f4f6,
d2dc,
d7a8,
ec51,
0c81,
2e9b,
40fa,
4274,
384a,
1b8b,
f73b,
d0d1,
ba51,
ccd4,
e87b,
ee83,
f057,
eeff,
ed90,
fd53,
0c47,
07fa,
03e4,
0a42,
0d69,
1121,
1153,
0977,
0572,
0469,
ff3b,
fbfe,
faff,
f5f9,
f552,
f9c3,
fae9,
f782,
f50f,
f667,
fb99,
026b,
0602,
07ba,
08cc,
0918,
0844,
06b2,
0478,
010c,
fded,
fba0,
fa6b,
fa20,
fa5e,
faf9,
fc93,
feff,
00a0,
013f,
0159,
015d,
0158,
0180,
01c2,
01e1,
01fb,
01a8,
0121,
00a7,
ffdd,
feaa,
fda2,
fd34,
fd38,
fd71,
fdfb,
feff,
fecb,
fd8d,
fd9d,
ff36,
013b,
02df,
0437,
052a,
04ee,
0379,
01f2,
ffc8,
fc65,
0002,
0002,
0002,
0001,
0000,
fffe,
fffd,
fffd,
fffe,
0000,
0002,
0001,
0001,
0000,
ffff,
fffd,
fffd,
fffc,
fffe,
0001,
0001,
fffe,
0004,
ffff,
000b,
fff9,
000b,
ffea,
000c,
ffde,
0011,
ffd8,
0029,
ffb5,
0927,
1e8f,
070d,
d849,
d17e,
e479,
0137,
233a,
3ce2,
44ef,
4133,
2781,
0084,
dade,
bf80,
c84e,
e460,
ecdd,
eb3b,
eba4,
eb23,
f640,
05b5,
08a3,
0690,
0b84,
0f87,
1257,
125b,
0ad2,
06b7,
0674,
017e,
fb4b,
f952,
f61b,
f4e6,
f86c,
fa4f,
f822,
f536,
f5f6,
fac7,
0167,
0520,
06ee,
0875,
090d,
08da,
078f,
057a,
0244,
ff52,
fce6,
fab0,
f96c,
f964,
fa33,
fb9e,
fdf3,
0000,
0118,
0184,
01bb,
01ef,
01eb,
01ee,
0204,
0221,
01df,
014b,
00b6,
ffcd,
feaf,
fdc8,
fd57,
fd2f,
fd53,
fda0,
fe8c,
ff5e,
fe68,
fd74,
fe3f,
0048,
0263,
03ee,
0500,
0526,
0425,
02b1,
00c8,
fdae,
fab2,
0003,
0002,
0002,
0002,
0001,
fffe,
fffe,
ffff,
0000,
0002,
0002,
0002,
0001,
0001,
0000,
ffff,
fffe,
fffd,
0001,
0003,
fffe,
0004,
0001,
000a,
0000,
0003,
fffb,
fff4,
0000,
ffe2,
0015,
ffd4,
001b,
0229,
1847,
1925,
e763,
cd11,
db87,
f66b,
1556,
341b,
446e,
44fd,
33e4,
0f4f,
e851,
c8dc,
c66e,
dee7,
eb25,
e66c,
e6d2,
e8d8,
ef37,
fe0f,
072f,
07a0,
0bdd,
113d,
13ae,
157f,
0fa3,
0772,
058a,
031d,
fc1a,
f815,
f5c7,
f3dc,
f644,
f982,
f963,
f6b6,
f669,
f9e7,
0011,
04b6,
0690,
07ef,
0888,
089e,
07e9,
063e,
0315,
ffdc,
fdb1,
fb97,
f9bc,
f8ed,
f978,
fac1,
fcfc,
ff65,
00fa,
01b9,
0214,
0284,
02ab,
0273,
020c,
01cd,
0193,
00fc,
0058,
ffa5,
feb4,
fdc3,
fd7f,
fdcd,
fdf5,
fde4,
fe28,
ff4f,
ff78,
fe25,
fdaf,
fee2,
0124,
0324,
0465,
0504,
0481,
0357,
01c4,
ff0e,
fbd5,
fa24,
0003,
0002,
0002,
0002,
0001,
fffe,
fffe,
ffff,
0000,
0002,
0002,
0002,
0001,
0001,
0000,
ffff,
fffe,
fffd,
0001,
0003,
fffe,
0004,
0001,
000a,
0000,
0003,
fffb,
fff4,
0000,
ffe2,
0015,
ffd4,
001b,
0229,
1847,
1925,
e763,
cd11,
db87,
f66b,
1556,
341b,
446e,
44fd,
33e4,
0f4f,
e851,
c8dc,
c66e,
dee7,
eb25,
e66c,
e6d2,
e8d8,
ef37,
fe0f,
072f,
07a0,
0bdd,
113d,
13ae,
157f,
0fa3,
0772,
058a,
031d,
fc1a,
f815,
f5c7,
f3dc,
f644,
f982,
f963,
f6b6,
f669,
f9e7,
0011,
04b6,
0690,
07ef,
0888,
089e,
07e9,
063e,
0315,
ffdc,
fdb1,
fb97,
f9bc,
f8ed,
f978,
fac1,
fcfc,
ff65,
00fa,
01b9,
0214,
0284,
02ab,
0273,
020c,
01cd,
0193,
00fc,
0058,
ffa5,
feb4,
fdc3,
fd7f,
fdcd,
fdf5,
fde4,
fe28,
ff4f,
ff78,
fe25,
fdaf,
fee2,
0124,
0324,
0465,
0504,
0481,
0357,
01c4,
ff0e,
fbd5,
fa24,
0002,
0002,
0001,
0001,
fffe,
fffd,
fffd,
ffff,
0000,
0002,
0001,
0001,
0000,
0001,
fffe,
ffff,
fffd,
ffff,
0001,
0000,
fffe,
0006,
0001,
000c,
fff6,
000e,
ffe2,
0013,
ffd4,
001c,
ffca,
003d,
ffa2,
0b58,
2184,
01a7,
d0e2,
d10e,
eab1,
075a,
2635,
3f7b,
4513,
3d52,
2111,
f896,
d68a,
c96b,
d967,
e9b5,
e520,
e12a,
e355,
e805,
f6c7,
04e3,
0827,
08d5,
0eeb,
1430,
18c3,
176d,
0cdb,
055b,
0202,
fccc,
f871,
f5f3,
f2ec,
f38d,
f730,
f95b,
f8f4,
f7e5,
f93f,
fe22,
0417,
06fa,
0819,
081c,
07cc,
07ea,
06ba,
03f0,
005f,
fd91,
fb9f,
fa58,
f98e,
f96e,
fa53,
fc10,
fe53,
0070,
01f2,
029e,
02f1,
030e,
02f7,
02aa,
01f7,
0129,
005c,
ffa7,
ff11,
fe80,
fdfa,
fdad,
fdfc,
fe86,
fec9,
feac,
ff0f,
fff5,
ff4a,
fdf8,
fdff,
ff80,
01c1,
0341,
0435,
0472,
03a5,
02a7,
00a2,
fd7b,
faeb,
fa96,
0003,
0002,
0001,
ffff,
fffd,
fffd,
fffe,
0000,
0002,
0003,
0000,
0000,
0001,
0000,
ffff,
ffff,
fffc,
fffe,
0002,
fffd,
0003,
0001,
0007,
0002,
ffff,
0003,
ffea,
0011,
ffd0,
002d,
ffb1,
004f,
0125,
1821,
1cd8,
e634,
c920,
dcc1,
f8fb,
1593,
34c1,
4278,
4116,
330e,
0c6b,
e564,
d0d0,
d606,
e894,
e991,
de4f,
dbcd,
df89,
ecc2,
fff0,
0aa4,
0831,
07bc,
0fd2,
189f,
1d31,
1639,
0a77,
0321,
fe13,
f8b7,
f586,
f334,
f1d3,
f453,
f7a1,
f93c,
f8e2,
f97d,
fc71,
0215,
0733,
0909,
08d7,
0760,
0727,
06fb,
051e,
01a7,
fdf4,
fb5e,
f9bd,
f96e,
f9e7,
fac4,
fbbc,
fd37,
ff55,
0177,
02ea,
037a,
038f,
0344,
030c,
0295,
0190,
0048,
ff07,
fe4b,
fdf5,
fdcd,
fdbd,
fe0c,
febc,
ff39,
ff65,
ff6f,
0031,
0096,
ff12,
fdcd,
fe2c,
fffd,
01f7,
02ed,
03ab,
038e,
02f6,
0215,
ff80,
fc68,
fad4,
fba6,
0002,
0002,
0000,
fffd,
fffb,
fffb,
ffff,
0001,
0003,
0000,
0001,
0000,
0001,
ffff,
0000,
fffd,
fffd,
0000,
0001,
fffa,
0007,
fffc,
000d,
fff4,
0010,
ffe9,
000c,
ffe6,
0003,
fff0,
0006,
ffc4,
063f,
21e8,
0ce7,
d1a0,
ccc0,
e9f1,
03cf,
2296,
3d07,
3ffc,
3d5d,
25c6,
f769,
d9c9,
d6e5,
e49b,
eff0,
e686,
d779,
d505,
e073,
f520,
07a8,
0c69,
05e5,
0752,
1212,
1c69,
1d4a,
1377,
089c,
01fc,
fc89,
f6ac,
f30d,
f0c0,
f1a9,
f4eb,
f80d,
f923,
f8de,
fa8d,
ff14,
05b2,
0971,
0a30,
08cb,
06f0,
06a8,
05e2,
03a6,
ffe6,
fc45,
f966,
f84c,
f919,
fa83,
fbdd,
fcdb,
fe35,
002c,
0266,
03ab,
0406,
03de,
0368,
0302,
023b,
00fd,
ff68,
fe17,
fd63,
fd3c,
fd7c,
fdd3,
fe6e,
ff20,
ffb8,
fff9,
0024,
0118,
0118,
ff1f,
fdb3,
fe20,
001a,
01d3,
028d,
030d,
02be,
0283,
0184,
fe99,
fbf0,
fb40,
fcd2,
0003,
0003,
0001,
fffe,
fffb,
fffd,
0000,
0003,
0004,
0001,
0001,
0002,
0004,
0001,
0001,
fffd,
ffff,
0001,
0000,
fffd,
0009,
ffff,
000f,
fff0,
0018,
ffda,
0025,
ffc2,
0038,
ffaa,
006b,
ff56,
0d43,
24ed,
fac2,
c792,
d515,
f401,
0bb3,
2c13,
3f76,
3de5,
3972,
1610,
e664,
d87c,
e1d1,
ee43,
f30f,
e369,
cfba,
d179,
e5ce,
fb08,
0b1b,
0c27,
03ad,
080c,
158f,
1d3d,
1aa4,
1159,
06be,
01aa,
fd6e,
f680,
f1ab,
efec,
f0d6,
f44b,
f8d1,
f914,
f892,
fb48,
00fd,
078c,
0acf,
0ad1,
0875,
0720,
067d,
051a,
02c0,
fedb,
faf1,
f835,
f7c7,
f8e4,
fabb,
fc38,
fd52,
fee9,
0104,
030e,
041f,
047d,
0417,
0376,
02dd,
01e7,
0098,
feea,
fd8c,
fce2,
fce2,
fd45,
fde8,
feb6,
ff43,
ffcd,
0047,
00d8,
01d2,
0164,
ff35,
fdc9,
fe2d,
0012,
0181,
021d,
0280,
023d,
0237,
00f2,
fe00,
fbdb,
fbd6,
fdc8,
0003,
0003,
0001,
fffe,
fffb,
fffd,
0000,
0003,
0004,
0001,
0001,
0002,
0004,
0001,
0001,
fffd,
ffff,
0001,
0000,
fffd,
0009,
ffff,
000f,
fff0,
0018,
ffda,
0025,
ffc2,
0038,
ffaa,
006b,
ff56,
0d43,
24ed,
fac2,
c792,
d515,
f401,
0bb3,
2c13,
3f76,
3de5,
3972,
1610,
e664,
d87c,
e1d1,
ee43,
f30f,
e369,
cfba,
d179,
e5ce,
fb08,
0b1b,
0c27,
03ad,
080c,
158f,
1d3d,
1aa4,
1159,
06be,
01aa,
fd6e,
f680,
f1ab,
efec,
f0d6,
f44b,
f8d1,
f914,
f892,
fb48,
00fd,
078c,
0acf,
0ad1,
0875,
0720,
067d,
051a,
02c0,
fedb,
faf1,
f835,
f7c7,
f8e4,
fabb,
fc38,
fd52,
fee9,
0104,
030e,
041f,
047d,
0417,
0376,
02dd,
01e7,
0098,
feea,
fd8c,
fce2,
fce2,
fd45,
fde8,
feb6,
ff43,
ffcd,
0047,
00d8,
01d2,
0164,
ff35,
fdc9,
fe2d,
0012,
0181,
021d,
0280,
023d,
0237,
00f2,
fe00,
fbdb,
fbd6,
fdc8,
0003,
0002,
ffff,
fffc,
fffb,
fffd,
0001,
0002,
0002,
0000,
0000,
0001,
0002,
ffff,
ffff,
fffb,
ffff,
0000,
fffc,
fffe,
0006,
0000,
0008,
fff2,
0013,
ffda,
0029,
ffb5,
004d,
ff89,
0097,
ff6a,
1324,
23a5,
ed18,
c429,
dc8b,
faca,
110e,
315c,
4031,
3cf9,
3386,
0772,
dcc9,
dc99,
eb1b,
f4c8,
f521,
df73,
ca2d,
d22e,
e96f,
fd38,
0cbb,
0afe,
01d6,
0930,
17ee,
1d13,
18c4,
0f0a,
052b,
01d4,
fe08,
f7c3,
f311,
f04a,
efab,
f343,
f856,
f8bb,
f8b0,
fb96,
01c4,
0809,
0b14,
0af3,
089e,
0786,
06c4,
0526,
0235,
fe4b,
fa73,
f7c0,
f780,
f8bf,
faa1,
fbfb,
fd2b,
ff03,
018f,
03a3,
0487,
04cf,
043a,
0372,
02bd,
01d5,
0081,
fec9,
fd50,
fc90,
fcb8,
fd36,
fdf5,
fec9,
ff42,
ffae,
0039,
0124,
0250,
01af,
ff51,
fe01,
fe65,
001f,
014b,
01b4,
01fb,
01e9,
0200,
0080,
fdb3,
fbf2,
fc52,
fe67,
0003,
0001,
ffff,
fffc,
fffb,
fffe,
0001,
0003,
0001,
ffff,
ffff,
0001,
0002,
0000,
0000,
fffc,
fffe,
0001,
fffc,
0000,
0003,
0002,
0005,
fff7,
000f,
ffdc,
0027,
ffb5,
0051,
ff80,
00a2,
ff9b,
1612,
219f,
e641,
c419,
e152,
fe8a,
1367,
336e,
405c,
3b1d,
2d8b,
fe2f,
d961,
e1b2,
f226,
f9ae,
f5e0,
dcab,
c89a,
d32d,
e971,
fd19,
0d63,
09b7,
0031,
098c,
18b1,
1d51,
18ec,
0e03,
0402,
0187,
fdef,
f8dc,
f612,
f286,
ef2d,
f1cf,
f6b6,
f78e,
f8b0,
fbda,
0183,
07b7,
0b01,
0aa4,
08c9,
084d,
0774,
05a7,
0253,
fe3a,
fa84,
f7c1,
f730,
f88f,
fa8e,
fb83,
fc85,
fe9b,
019a,
0402,
04f9,
0509,
0449,
038e,
02c7,
01dc,
009b,
fee3,
fd56,
fc90,
fcc7,
fd4b,
fdf4,
fe8f,
fefa,
ff81,
0017,
00fc,
024b,
01f1,
ffc1,
fe64,
fe97,
002d,
0144,
0187,
01a6,
01a5,
01a3,
001d,
fdac,
fc30,
fca2,
fea4,
0003,
0002,
ffff,
fffc,
fffb,
fffe,
0001,
0002,
0001,
ffff,
0000,
0002,
0002,
0001,
0001,
fffd,
ffff,
0002,
fffc,
0001,
0004,
0002,
0005,
fff6,
0011,
ffdc,
002a,
ffb3,
0055,
ff7b,
00ac,
ff7a,
15df,
21a8,
e608,
c405,
e237,
ff89,
138f,
339e,
4011,
3910,
29ec,
fa7c,
d90f,
e5c9,
f79d,
fd0d,
f672,
dc47,
c892,
d29b,
e751,
fb53,
0cba,
0971,
ffa5,
083f,
17ea,
1e61,
1a66,
0e9e,
0423,
00a0,
fce1,
f972,
f82f,
f537,
f0f3,
f103,
f464,
f650,
f836,
fb46,
010f,
072d,
0a6d,
0a4a,
0891,
086d,
0856,
06a9,
0303,
fedc,
fafa,
f80d,
f751,
f857,
fa28,
fb1b,
fbd8,
fdc6,
0118,
03dd,
050c,
0537,
0489,
03da,
0303,
01ee,
00b0,
ff3c,
fdc1,
fce7,
fcf6,
fd3f,
fdc4,
fe41,
fe8e,
ff14,
ffc8,
00c2,
022d,
021e,
002b,
fed3,
fed7,
0037,
0168,
01a1,
017b,
016b,
0157,
ffcb,
fd98,
fc5c,
fcd6,
fec0,
0004,
0003,
0000,
fffc,
fffb,
fffe,
0002,
0002,
0000,
ffff,
0000,
0001,
0003,
0000,
0000,
fffd,
ffff,
0001,
fffd,
ffff,
0006,
ffff,
0009,
fff1,
0016,
ffd6,
002f,
ffad,
005a,
ff78,
00b4,
ff1d,
12f0,
233c,
eb3c,
c44e,
e0b0,
fed4,
1269,
31e0,
3e8d,
3665,
27b0,
fade,
dae5,
e99b,
fc58,
ff3f,
f708,
dd07,
c8f9,
d1a6,
e47a,
f7da,
0a7f,
097c,
ff8b,
06dc,
16c5,
1ea5,
1c99,
1133,
05c0,
00e1,
fbff,
f8a9,
f907,
f75c,
f2c7,
f156,
f2ba,
f44c,
f733,
fa91,
0002,
065b,
09e6,
09ba,
086f,
08b6,
08fc,
07ad,
042c,
fff5,
fc08,
f8e7,
f78e,
f80c,
f9a1,
fa88,
fb32,
fcfa,
002e,
030c,
0496,
0519,
04b8,
0439,
035d,
023f,
0121,
ffdc,
fe67,
fd69,
fd45,
fd5f,
fdad,
fdda,
fdf5,
fe7c,
ff45,
003f,
01d6,
026e,
00ac,
ff14,
fee5,
0016,
017e,
01d2,
0190,
0160,
0129,
ffc3,
fdd5,
fcb3,
fcf6,
feb5,
0004,
0002,
ffff,
fffc,
fffb,
fffd,
0001,
0001,
0000,
fffe,
ffff,
0000,
0002,
0000,
0001,
fffc,
ffff,
0000,
0000,
fffa,
0009,
fffa,
000f,
ffec,
001d,
ffd3,
002e,
ffb7,
0047,
ff97,
0087,
ff0b,
0c04,
2473,
f9de,
c70a,
da16,
fa63,
0d97,
2c4d,
3d14,
3543,
28ac,
01f1,
ded3,
eaeb,
ffe3,
00c6,
f8ab,
e102,
ca88,
cfaa,
e015,
f0f2,
0562,
0a6f,
0119,
04c9,
1449,
1d8e,
1e7d,
15f8,
09a9,
02a0,
fc6e,
f791,
f7d9,
f86c,
f463,
f143,
f1e3,
f351,
f5e4,
f997,
fed0,
049a,
08ed,
09c1,
088c,
08d6,
0976,
084e,
0541,
019e,
fdba,
fa35,
f7f2,
f76d,
f8d9,
fa21,
fabc,
fc20,
ff0d,
01e2,
03ae,
04c3,
04d7,
0496,
03fa,
02eb,
01cd,
00a0,
ff22,
fde4,
fd72,
fd59,
fd87,
fd98,
fd7e,
fdcc,
fe95,
ff96,
0142,
0291,
015c,
ff79,
fed9,
ffd7,
01af,
026b,
01e6,
015b,
0112,
ffc2,
fdef,
fcef,
fd08,
fe75,
0005,
0003,
0000,
fffd,
fffb,
fffc,
0000,
0001,
0001,
fffe,
ffff,
0000,
0003,
0000,
0001,
fffd,
ffff,
ffff,
0002,
fff8,
0008,
fff9,
000f,
fff0,
0015,
ffe5,
0014,
ffe1,
000b,
ffec,
000b,
ffc1,
0486,
2059,
0cdc,
d0d0,
d173,
f33f,
06c0,
2338,
3a74,
3519,
2a2c,
0c44,
e596,
ea6c,
02f4,
0361,
f9dc,
e66c,
cd7f,
cd36,
dc15,
e963,
fd2e,
097f,
0398,
0354,
1129,
1c0c,
1fb2,
1a95,
0e82,
0647,
feb9,
f766,
f657,
f7d7,
f51b,
f134,
f0a6,
f22e,
f55f,
f8ba,
fd18,
02d9,
078c,
0969,
0914,
092f,
09b8,
0926,
0671,
0302,
ffa6,
fbfc,
f8c0,
f70a,
f7d9,
f962,
fa3d,
fb4a,
fdb7,
009a,
029a,
0413,
04d9,
0519,
04be,
03be,
0292,
0172,
0009,
fe76,
fd95,
fd3e,
fd4e,
fd64,
fd2e,
fd28,
fdc5,
feda,
008c,
025a,
01e5,
0007,
ff0b,
ff97,
0182,
02eb,
02ad,
01b5,
0115,
ffec,
fe18,
fd03,
fd08,
fe26,
0005,
0003,
0000,
fffd,
fffb,
fffc,
0000,
0001,
0001,
fffe,
ffff,
0000,
0003,
0000,
0001,
fffd,
ffff,
ffff,
0002,
fff8,
0008,
fff9,
000f,
fff0,
0015,
ffe5,
0014,
ffe1,
000b,
ffec,
000b,
ffc1,
0486,
2059,
0cdc,
d0d0,
d173,
f33f,
06c0,
2338,
3a74,
3519,
2a2c,
0c44,
e596,
ea6c,
02f4,
0361,
f9dc,
e66c,
cd7f,
cd36,
dc15,
e963,
fd2e,
097f,
0398,
0354,
1129,
1c0c,
1fb2,
1a95,
0e82,
0647,
feb9,
f766,
f657,
f7d7,
f51b,
f134,
f0a6,
f22e,
f55f,
f8ba,
fd18,
02d9,
078c,
0969,
0914,
092f,
09b8,
0926,
0671,
0302,
ffa6,
fbfc,
f8c0,
f70a,
f7d9,
f962,
fa3d,
fb4a,
fdb7,
009a,
029a,
0413,
04d9,
0519,
04be,
03be,
0292,
0172,
0009,
fe76,
fd95,
fd3e,
fd4e,
fd64,
fd2e,
fd28,
fdc5,
feda,
008c,
025a,
01e5,
0007,
ff0b,
ff97,
0182,
02eb,
02ad,
01b5,
0115,
ffec,
fe18,
fd03,
fd08,
fe26,
0005,
0002,
0000,
fffd,
fffb,
fffc,
ffff,
0000,
0000,
fffe,
ffff,
0000,
0001,
0001,
0000,
ffff,
fffe,
0000,
0002,
fffa,
0001,
ffff,
0003,
0001,
fffe,
0007,
ffea,
0018,
ffc8,
003e,
ff9b,
0082,
ffd3,
151b,
1c99,
e60a,
cb7c,
e892,
ff0e,
165b,
3487,
3639,
2ae6,
1726,
f165,
e91b,
0346,
08b9,
fb35,
eb7f,
d35c,
caf9,
d7d9,
e344,
f2c8,
0497,
05d0,
02f5,
0d8d,
1a30,
1faf,
1e8b,
1457,
0aaf,
0330,
f973,
f50e,
f66e,
f53e,
f0df,
ef32,
f037,
f3ab,
f821,
fbcb,
00bf,
0620,
090c,
0954,
09d6,
0a89,
0a24,
07f8,
045f,
010e,
fdb9,
fa20,
f72d,
f6d8,
f83a,
f938,
fa3b,
fc44,
ff44,
01c6,
0393,
04b8,
055b,
056a,
049a,
0376,
0250,
00fe,
ff3e,
fde0,
fd2c,
fcea,
fcf0,
fccc,
fcb8,
fd2e,
fe20,
ff95,
01b6,
0245,
00ae,
ff62,
ff86,
014d,
033a,
0371,
0257,
016f,
0042,
fe3d,
fcee,
fcf3,
fdc6,
0006,
0004,
0000,
fffe,
fffc,
fffc,
fffe,
0001,
0000,
ffff,
fffe,
ffff,
0001,
0002,
ffff,
0001,
fffd,
ffff,
0000,
0001,
fffa,
0006,
fff9,
000c,
fff2,
0016,
ffe0,
001d,
ffcf,
002a,
ffc1,
0050,
ff57,
07db,
1f29,
0323,
d147,
dab5,
f68f,
081a,
27e6,
37bb,
2c68,
1e4f,
0194,
ebd2,
fe97,
0f59,
0088,
ee62,
db04,
cbb1,
d26f,
debe,
e8d6,
faec,
05a8,
0447,
09d3,
1710,
1ec7,
204e,
1ad1,
1070,
0842,
fe32,
f590,
f468,
f516,
f187,
edb9,
edbb,
f0bc,
f619,
faef,
ff38,
0406,
082c,
09b6,
0a2f,
0b86,
0bb2,
09b2,
05fb,
0265,
ff44,
fbdd,
f84e,
f630,
f6ac,
f7c4,
f8d4,
fac2,
fddd,
00ea,
0311,
047d,
055f,
05f6,
0597,
0479,
0350,
0218,
0053,
fe64,
fd12,
fc62,
fc5a,
fc68,
fc48,
fc8a,
fd69,
febe,
00d9,
0258,
016a,
fff0,
ffbc,
0120,
0355,
043d,
0326,
01c1,
00ab,
feb9,
fcf4,
fcae,
fd38,
0006,
0006,
0003,
ffff,
fffd,
fffc,
fffe,
0000,
0000,
0000,
fffe,
ffff,
0000,
0003,
0001,
0001,
0000,
fffe,
ffff,
0003,
fffc,
0000,
fffe,
0002,
0001,
0001,
0004,
ffef,
000f,
ffd8,
002b,
ffb7,
0059,
0025,
12c7,
19c1,
ea85,
d146,
ea1d,
fcc5,
1365,
3296,
31cf,
2194,
1051,
f76a,
f7e4,
0ff5,
0c2d,
f2db,
e0bf,
d19d,
ce2e,
d9b8,
e228,
edb6,
ff68,
062d,
0811,
11ea,
1c65,
1fcc,
1f0f,
185d,
0e95,
0473,
f93d,
f3a4,
f3f5,
f2c6,
edd3,
eb09,
ed07,
f268,
f8c2,
fdbd,
0220,
0637,
096a,
0ae9,
0c53,
0d4e,
0bd1,
0821,
03f2,
00db,
fdb0,
f9e0,
f66d,
f535,
f60e,
f756,
f953,
fc25,
ff63,
0220,
041f,
0574,
0653,
0686,
059b,
044d,
0300,
0162,
ff47,
fd6d,
fc3c,
fbc3,
fbcc,
fbcf,
fbff,
fcb8,
fde7,
ffc3,
01d8,
020e,
00c3,
002f,
00f8,
02f6,
049e,
041f,
0258,
0112,
ff73,
fd56,
fc84,
fcc9,
0006,
0006,
0004,
0001,
fffe,
fffd,
fffc,
fffe,
ffff,
fffe,
fffe,
fffd,
0001,
0002,
0003,
0000,
0000,
fffe,
0000,
0001,
0001,
fffa,
0004,
fffb,
0009,
fff8,
000e,
ffee,
0009,
ffe9,
0008,
ffef,
0010,
ffc6,
043e,
1930,
0c05,
dce9,
da6c,
f307,
00f3,
1ea2,
3574,
283a,
1739,
07b8,
f9f7,
07a5,
1599,
0034,
e4a5,
d797,
cff0,
d3d0,
de3b,
e3cd,
f1ac,
02bb,
090a,
0e2b,
1821,
1e1c,
1f17,
1e06,
16f1,
0c28,
ffba,
f556,
f296,
f31d,
efee,
ea90,
e989,
edc2,
f4ef,
fb8f,
0065,
045a,
07a7,
0a78,
0cb7,
0e82,
0df3,
0aa6,
062b,
026d,
ff8f,
fbd7,
f7af,
f4d9,
f4b6,
f5fa,
f7ac,
fa2d,
fd57,
0095,
033e,
055d,
06b5,
0735,
068d,
0525,
03d0,
0265,
006a,
fe2c,
fc81,
fb8b,
fb4e,
fb6b,
fb89,
fc0c,
fd20,
febc,
00ea,
023f,
019b,
00be,
0100,
0269,
0453,
04cb,
0338,
0189,
0036,
fe26,
fc9e,
fc9c,
0006,
0006,
0004,
0001,
fffe,
fffd,
fffc,
fffe,
ffff,
fffe,
fffe,
fffd,
0001,
0002,
0003,
0000,
0000,
fffe,
0000,
0001,
0001,
fffa,
0004,
fffb,
0009,
fff8,
000e,
ffee,
0009,
ffe9,
0008,
ffef,
0010,
ffc6,
043e,
1930,
0c05,
dce9,
da6c,
f307,
00f3,
1ea2,
3574,
283a,
1739,
07b8,
f9f7,
07a5,
1599,
0034,
e4a5,
d797,
cff0,
d3d0,
de3b,
e3cd,
f1ac,
02bb,
090a,
0e2b,
1821,
1e1c,
1f17,
1e06,
16f1,
0c28,
ffba,
f556,
f296,
f31d,
efee,
ea90,
e989,
edc2,
f4ef,
fb8f,
0065,
045a,
07a7,
0a78,
0cb7,
0e82,
0df3,
0aa6,
062b,
026d,
ff8f,
fbd7,
f7af,
f4d9,
f4b6,
f5fa,
f7ac,
fa2d,
fd57,
0095,
033e,
055d,
06b5,
0735,
068d,
0525,
03d0,
0265,
006a,
fe2c,
fc81,
fb8b,
fb4e,
fb6b,
fb89,
fc0c,
fd20,
febc,
00ea,
023f,
019b,
00be,
0100,
0269,
0453,
04cb,
0338,
0189,
0036,
fe26,
fc9e,
fc9c,
0005,
0006,
0006,
0003,
ffff,
fffd,
fffd,
fffd,
ffff,
ffff,
fffd,
fffd,
ffff,
0002,
0003,
0002,
ffff,
0000,
ffff,
0000,
0001,
0000,
fffc,
0002,
fffd,
0008,
fff9,
000d,
ffe9,
0010,
ffde,
001e,
ffd0,
0039,
ffc3,
0953,
197b,
fe67,
d99c,
e413,
f665,
0602,
2701,
31b8,
1e66,
110d,
0650,
02fc,
12ad,
105c,
f0f2,
dafe,
d429,
d1aa,
d9dc,
e051,
e473,
f5da,
0691,
0ce9,
13e4,
1c0c,
1de3,
1e76,
1d30,
1475,
0885,
fb80,
f2ba,
f1a9,
f1be,
ed61,
e8d1,
e9af,
ef85,
f7cf,
fe75,
02aa,
05b0,
08a6,
0b9e,
0e3b,
0f66,
0d53,
090b,
045f,
0116,
fe3a,
fa31,
f623,
f421,
f4ad,
f633,
f870,
fb46,
fe65,
0192,
0468,
0679,
0773,
075f,
062b,
0493,
0321,
0184,
ff6a,
fd5d,
fbe9,
fb26,
fb0e,
fb37,
fb98,
fc77,
fdc6,
ffac,
01ba,
0238,
016a,
0125,
01e0,
0371,
04bf,
041b,
023d,
00e6,
ff52,
fd49,
fc90,
0004,
0005,
0006,
0004,
0001,
fffe,
fffd,
fffd,
fffd,
fffe,
fffe,
fffe,
ffff,
0000,
0002,
0002,
0001,
0000,
ffff,
fffe,
0000,
0001,
fffc,
fffd,
0000,
ffff,
0005,
fffc,
0008,
ffec,
000e,
ffe0,
0020,
ffcd,
003b,
008e,
0d2c,
1600,
f4f8,
dc38,
ea46,
f74e,
0c04,
2abf,
29da,
17e0,
10b1,
096e,
0bf2,
1602,
04d3,
e419,
d72b,
d3f7,
d4b3,
de90,
e0ea,
e5f0,
fa47,
0a9a,
111c,
180a,
1d31,
1d32,
1e4f,
1b69,
10db,
042e,
f7c5,
f170,
f14d,
f02b,
eb9c,
e900,
eb6b,
f214,
fa8c,
00a7,
044d,
06d2,
0985,
0c5f,
0ea4,
0ead,
0bba,
075b,
02f8,
fffa,
fcf3,
f903,
f59d,
f45a,
f52a,
f6cd,
f943,
fc26,
ff4c,
0287,
054f,
0711,
078f,
06f9,
0586,
03f4,
027f,
00c6,
feae,
fccc,
fb8e,
fafd,
faf6,
fb39,
fbee,
fd15,
fe98,
00a3,
0229,
0209,
0164,
016f,
024f,
03cc,
047d,
0354,
01b7,
005c,
fe54,
fcce,
0003,
0004,
0006,
0005,
0004,
0000,
fffe,
fffd,
fffd,
fffe,
ffff,
fffe,
fffe,
ffff,
0001,
0003,
0003,
0001,
0000,
0000,
ffff,
0001,
0001,
fffc,
ffff,
ffff,
0002,
0003,
ffff,
0003,
fff1,
000b,
ffe4,
001f,
ffcd,
004f,
01aa,
0f23,
1155,
f06c,
e0a8,
ecc2,
f851,
1141,
29bf,
221a,
159d,
13e9,
0efc,
10f4,
1182,
f8d0,
dcda,
d642,
d565,
d890,
e07c,
e1a3,
ea09,
fe62,
0da1,
1542,
1ab9,
1c48,
1c11,
1d57,
18a0,
0d2c,
0032,
f4e7,
f0a2,
f115,
ef9e,
eba1,
ea24,
ed88,
f507,
fd0e,
024c,
056e,
0793,
0a04,
0c96,
0e37,
0d1e,
0990,
0558,
01af,
ff43,
fc69,
f8d9,
f5e0,
f4c3,
f56d,
f74b,
fa3f,
fd51,
0058,
0343,
05a6,
0702,
073f,
067d,
04ef,
035a,
01e2,
0025,
fe2d,
fc79,
fb51,
fad7,
fb04,
fb9b,
fc96,
fdd8,
ff6f,
0157,
023b,
01bd,
0137,
016e,
027c,
03d7,
040a,
02bc,
0144,
ff92,
fda0,
0004,
0004,
0004,
0006,
0005,
0002,
0000,
fffe,
fffd,
fffd,
fffd,
fffe,
fffe,
fffe,
ffff,
0002,
0002,
0002,
0001,
0000,
ffff,
0000,
0000,
0001,
fffb,
0000,
fffd,
0004,
ffff,
0004,
fffd,
fff8,
0003,
ffeb,
0016,
ffd1,
007c,
0298,
0f74,
0d6e,
efab,
e406,
ed17,
fa0a,
13e9,
264f,
1dd9,
163f,
1793,
146d,
1198,
08e7,
ef57,
da26,
d6ab,
d780,
dc31,
e14c,
e34a,
ef39,
0294,
1022,
1742,
1b2f,
1b69,
1b06,
1aca,
14b0,
09e2,
fd84,
f398,
f07b,
f0b3,
ef6f,
ecbf,
ec4d,
eff6,
f77e,
ff13,
03bb,
0605,
07a3,
0a19,
0c81,
0d41,
0b26,
077a,
03ba,
00e8,
fef7,
fc1a,
f873,
f591,
f509,
f66c,
f8ba,
fb75,
fe1f,
00f6,
03ca,
05f7,
06e0,
06b5,
05b7,
0433,
02c9,
0159,
ff96,
fdb4,
fc3e,
fb5b,
fb16,
fb62,
fc13,
fd23,
fe68,
000f,
01b7,
020f,
0165,
00f4,
0151,
028c,
03c7,
0394,
0234,
00c4,
fef7,
0004,
0004,
0003,
0003,
0004,
0003,
0000,
fffe,
fffd,
fffd,
fffd,
fffd,
fffd,
fffd,
fffe,
0000,
0002,
0002,
0002,
0000,
0000,
fffe,
ffff,
fffe,
0000,
fffa,
0000,
fffb,
0005,
fffc,
0006,
fff7,
ffff,
fff9,
fff7,
0006,
ffe5,
00b3,
0334,
0ea5,
0aed,
f0f5,
e5e4,
ecfb,
fb9d,
1416,
22fa,
1ca6,
184a,
1a74,
1709,
0f2b,
00eb,
e91c,
d8f1,
d797,
da5a,
dfd2,
e343,
e59d,
f2c5,
05e7,
129f,
17fd,
1a1d,
19e6,
197f,
182d,
1126,
069e,
fbc8,
f3c1,
f0c0,
f06a,
ef86,
ee15,
eecf,
f2e1,
f9da,
0046,
03f7,
05e0,
07ca,
0a2d,
0bf0,
0c30,
09f9,
0656,
02a8,
ffd2,
fd9f,
fb04,
f834,
f621,
f600,
f788,
f9f3,
fc89,
fef9,
019e,
0425,
05e7,
067f,
062b,
04fe,
036d,
021b,
00d8,
ff4b,
fda0,
fc50,
fb89,
fb60,
fbba,
fc77,
fd79,
feac,
005f,
01c4,
01bc,
010c,
00c7,
015b,
02bf,
03d0,
0339,
01bb,
0032,
0004,
0005,
0004,
0004,
0004,
0003,
0003,
0001,
fffe,
fffd,
fffd,
fffd,
fffd,
fffe,
fffd,
ffff,
0000,
0003,
0003,
0003,
0001,
0001,
0000,
0000,
ffff,
0000,
fffa,
0001,
fffc,
0007,
fffc,
0008,
fff4,
0004,
fff3,
0002,
fff7,
0005,
00ea,
0376,
0d4b,
09ca,
f2be,
e6b4,
ed01,
fc92,
137e,
20f3,
1c9c,
1a1c,
1c93,
16c7,
0a85,
fb30,
e5e3,
d863,
d941,
de26,
e357,
e5db,
e843,
f47d,
078e,
14db,
18c2,
187b,
172e,
1705,
15e9,
0f34,
04ce,
fa4d,
f31b,
f0bd,
f130,
f101,
eff6,
f0bb,
f4cb,
fb6b,
011a,
0419,
059e,
07c1,
0a3f,
0ba8,
0b56,
08cb,
051d,
017d,
feae,
fc8c,
fa8c,
f878,
f6c5,
f6bb,
f85f,
faec,
fd78,
ffbb,
0218,
0451,
05b6,
0609,
0593,
0467,
02f6,
01b2,
0077,
ff1e,
fdbd,
fc8c,
fbb9,
fb84,
fbeb,
fc9d,
fd71,
feb2,
008e,
01b7,
0179,
00e4,
00d5,
01aa,
0318,
03c3,
02d3,
014e,
0004,
0005,
0004,
0004,
0004,
0003,
0003,
0001,
fffe,
fffd,
fffd,
fffd,
fffd,
fffe,
fffd,
ffff,
0000,
0003,
0003,
0003,
0001,
0001,
0000,
0000,
ffff,
0000,
fffa,
0001,
fffc,
0007,
fffc,
0008,
fff4,
0004,
fff3,
0002,
fff7,
0005,
00ea,
0376,
0d4b,
09ca,
f2be,
e6b4,
ed01,
fc92,
137e,
20f3,
1c9c,
1a1c,
1c93,
16c7,
0a85,
fb30,
e5e3,
d863,
d941,
de26,
e357,
e5db,
e843,
f47d,
078e,
14db,
18c2,
187b,
172e,
1705,
15e9,
0f34,
04ce,
fa4d,
f31b,
f0bd,
f130,
f101,
eff6,
f0bb,
f4cb,
fb6b,
011a,
0419,
059e,
07c1,
0a3f,
0ba8,
0b56,
08cb,
051d,
017d,
feae,
fc8c,
fa8c,
f878,
f6c5,
f6bb,
f85f,
faec,
fd78,
ffbb,
0218,
0451,
05b6,
0609,
0593,
0467,
02f6,
01b2,
0077,
ff1e,
fdbd,
fc8c,
fbb9,
fb84,
fbeb,
fc9d,
fd71,
feb2,
008e,
01b7,
0179,
00e4,
00d5,
01aa,
0318,
03c3,
02d3,
014e,
0003,
0004,
0005,
0004,
0003,
0003,
0003,
0002,
0000,
fffe,
fffd,
fffd,
fffe,
fffd,
fffe,
fffe,
0000,
0001,
0003,
0004,
0003,
0000,
0001,
ffff,
0000,
ffff,
0000,
fffc,
0000,
fffd,
0006,
fffd,
0007,
fff5,
0005,
fff1,
0006,
ffee,
0026,
011f,
036b,
0bda,
0980,
f44d,
e704,
ed09,
fd6e,
1345,
1fc4,
1c71,
1aec,
1db5,
1521,
0561,
f66f,
e451,
d9ca,
dca6,
e221,
e59e,
e74f,
ea88,
f6cc,
094c,
1598,
1811,
1693,
14f9,
1516,
13e8,
0d2e,
031f,
f981,
f2fa,
f10b,
f233,
f2a8,
f1df,
f243,
f5ed,
fc57,
01d9,
0460,
059e,
07bd,
09f7,
0b21,
0a6d,
077a,
03b8,
009b,
fe8c,
fcd6,
fab6,
f829,
f66a,
f6e6,
f933,
fbf6,
fe38,
002a,
024c,
0458,
059b,
05c5,
051e,
03fd,
02c0,
019c,
007b,
ff21,
fda6,
fc67,
fba1,
fb79,
fbd3,
fc7f,
fd7e,
ff17,
00ed,
01a1,
012e,
00c2,
0105,
021f,
0374,
03a5,
0263,
0001,
0003,
0004,
0003,
0004,
0004,
0004,
0004,
0002,
ffff,
ffff,
fffe,
fffe,
fffd,
fffe,
ffff,
ffff,
0001,
0002,
0003,
0002,
0002,
0001,
0001,
0000,
0000,
0000,
0000,
fffc,
0000,
ffff,
0006,
fffe,
0005,
fff7,
0003,
fff3,
0007,
ffed,
0047,
0155,
033e,
0aaf,
0965,
f513,
e70a,
edf4,
ff95,
13ca,
1e5f,
1b18,
1a5b,
1d12,
1267,
0119,
f2d0,
e3c6,
dcce,
e11e,
e588,
e6f5,
e84b,
ecba,
f9c9,
0b2f,
1501,
15fe,
1498,
13c8,
13de,
11cb,
0a9c,
0145,
f949,
f402,
f26a,
f321,
f35c,
f2d5,
f3cf,
f7b8,
fd49,
019f,
03c6,
05bd,
0833,
09cf,
0a0d,
08d7,
065b,
03a3,
013a,
fed9,
fc6a,
f9f9,
f7b9,
f6a4,
f780,
f9a9,
fc25,
fe64,
0066,
0282,
046e,
057d,
05a1,
0520,
0416,
02c2,
0181,
0046,
fed9,
fd5b,
fc27,
fb78,
fb6e,
fbdf,
fca9,
fdde,
ff82,
0108,
0166,
00f7,
00bf,
0136,
025d,
036c,
0341,
fffd,
ffff,
0002,
0003,
0004,
0003,
0002,
0003,
0002,
0001,
ffff,
fffd,
fffd,
fffe,
fffe,
fffe,
fffd,
fffe,
ffff,
0001,
0002,
0002,
0001,
0000,
ffff,
ffff,
ffff,
ffff,
ffff,
fffd,
fffe,
ffff,
0003,
ffff,
0002,
fff9,
ffff,
fff7,
0002,
fff1,
0063,
017e,
02e1,
09ae,
0978,
f544,
e6ec,
ef8d,
01c7,
13c0,
1cc5,
1989,
18f8,
1b4d,
1001,
fecc,
f154,
e43e,
df73,
e4c6,
e83d,
e84d,
e9fd,
eef8,
fb8a,
0bc9,
1421,
1416,
12c1,
1295,
1278,
0fc1,
08d1,
0075,
f95a,
f4b1,
f377,
f40a,
f42e,
f3e2,
f50f,
f8c2,
fdd8,
01d9,
03f5,
05b5,
0798,
0905,
095f,
085b,
064e,
03ca,
00ea,
fdf8,
fba5,
f9ae,
f7d2,
f6da,
f79d,
f9c2,
fc4b,
feae,
00f2,
032b,
04ea,
05be,
05a2,
04ea,
03cf,
0271,
011f,
ffd8,
fe74,
fd05,
fbe5,
fb67,
fb86,
fc10,
fd03,
fe64,
0009,
012c,
0135,
00d3,
00d6,
017a,
0286,
0318,
fffd,
ffff,
0001,
0002,
0004,
0004,
0004,
0003,
0003,
0002,
0001,
ffff,
fffe,
fffe,
ffff,
fffe,
fffe,
fffe,
ffff,
0000,
0002,
0003,
0002,
0001,
0001,
ffff,
ffff,
ffff,
ffff,
ffff,
fffd,
fffe,
0000,
0003,
0001,
0001,
fffd,
fffc,
fffd,
ffff,
fffa,
007f,
019d,
0278,
0900,
0940,
f4b0,
e781,
f23b,
03d1,
1348,
1ae1,
1718,
168b,
19a6,
0ea8,
fd74,
f09f,
e507,
e1d4,
e7cb,
eac3,
ea44,
ebc3,
f0b4,
fcf2,
0bfd,
12f3,
1255,
10f4,
1105,
1158,
0ebc,
0788,
ff6b,
f948,
f565,
f472,
f4e7,
f4e9,
f4e0,
f657,
f9e7,
fe8d,
0200,
037c,
04f9,
0704,
08e2,
09c2,
08a4,
05c2,
028d,
ffb0,
fd23,
fb3a,
f96c,
f798,
f6ed,
f81a,
fa8a,
fd46,
ffa8,
0197,
0388,
0527,
05b9,
054c,
045c,
032a,
01eb,
00c8,
ff80,
fe0b,
fcbe,
fbd3,
fb80,
fbd2,
fc93,
fd99,
feec,
005c,
012b,
0116,
00c1,
00c1,
0158,
0242,
fffd,
ffff,
0001,
0002,
0004,
0004,
0004,
0003,
0003,
0002,
0001,
ffff,
fffe,
fffe,
ffff,
fffe,
fffe,
fffe,
ffff,
0000,
0002,
0003,
0002,
0001,
0001,
ffff,
ffff,
ffff,
ffff,
ffff,
fffd,
fffe,
0000,
0003,
0001,
0001,
fffd,
fffc,
fffd,
ffff,
fffa,
007f,
019d,
0278,
0900,
0940,
f4b0,
e781,
f23b,
03d1,
1348,
1ae1,
1718,
168b,
19a6,
0ea8,
fd74,
f09f,
e507,
e1d4,
e7cb,
eac3,
ea44,
ebc3,
f0b4,
fcf2,
0bfd,
12f3,
1255,
10f4,
1105,
1158,
0ebc,
0788,
ff6b,
f948,
f565,
f472,
f4e7,
f4e9,
f4e0,
f657,
f9e7,
fe8d,
0200,
037c,
04f9,
0704,
08e2,
09c2,
08a4,
05c2,
028d,
ffb0,
fd23,
fb3a,
f96c,
f798,
f6ed,
f81a,
fa8a,
fd46,
ffa8,
0197,
0388,
0527,
05b9,
054c,
045c,
032a,
01eb,
00c8,
ff80,
fe0b,
fcbe,
fbd3,
fb80,
fbd2,
fc93,
fd99,
feec,
005c,
012b,
0116,
00c1,
00c1,
0158,
0242,
fffc,
fffd,
ffff,
0001,
0002,
0003,
0003,
0002,
0002,
0002,
0001,
0000,
ffff,
fffe,
fffe,
fffe,
fffe,
fffe,
fffe,
ffff,
0001,
0002,
0003,
0002,
0001,
0000,
0000,
0000,
ffff,
0000,
0000,
fffd,
ffff,
0000,
0002,
0000,
ffff,
fffd,
fffa,
0002,
fffa,
0004,
009e,
01a9,
021c,
08b3,
084d,
f394,
e947,
f57e,
0573,
1286,
185d,
13d9,
1465,
18ae,
0d74,
fc3b,
effc,
e5fd,
e4af,
eb08,
ed19,
ebbc,
ed30,
f27d,
fe64,
0c07,
1183,
106b,
0f57,
0fef,
102b,
0d41,
0681,
ff28,
f985,
f5ed,
f50b,
f567,
f5d1,
f650,
f7ae,
fabd,
fec4,
0191,
02f1,
051e,
07bb,
0953,
091a,
06f4,
03db,
0112,
fec9,
fcb6,
fb30,
f9a1,
f817,
f7c7,
f938,
fbb9,
fe3c,
0045,
01e6,
0397,
04e9,
053f,
04b8,
03be,
029b,
016e,
0053,
ff1f,
fddf,
fcc8,
fc0a,
fbd5,
fc34,
fd0b,
fe1c,
ff60,
009c,
0116,
00bc,
0056,
008a,
015a,
fffd,
fffd,
fffe,
ffff,
0001,
0002,
0003,
0003,
0003,
0003,
0002,
0002,
0000,
ffff,
ffff,
ffff,
fffe,
ffff,
fffe,
fffe,
0000,
0001,
0002,
0002,
0002,
0001,
0001,
0000,
0000,
0000,
0000,
0000,
fffd,
0000,
0001,
0003,
0000,
0001,
fffd,
fffc,
0003,
fffa,
0010,
00c6,
0195,
01f2,
08a4,
063f,
f287,
ec55,
f8f3,
06af,
1154,
1548,
10bb,
1318,
1765,
0b7a,
fb18,
efb3,
e781,
e862,
ee57,
ee8e,
ec90,
eea1,
f4b1,
0022,
0bb8,
0f83,
0e9b,
0e48,
0f0d,
0ee3,
0bcb,
0572,
fed2,
f9ea,
f6ac,
f59e,
f5ea,
f6d5,
f78b,
f8e3,
fb93,
fece,
017d,
038c,
05b2,
0718,
0775,
068c,
04ba,
02d9,
00f9,
feeb,
fcf6,
fb8f,
fa1f,
f918,
f923,
fa61,
fc85,
feaa,
0065,
01dd,
0358,
0450,
048f,
0430,
0350,
023b,
0119,
0005,
fee5,
fddf,
fcfa,
fc4d,
fc19,
fc85,
fd85,
feb2,
ffd3,
0089,
008e,
0035,
001f,
00aa,
fffd,
fffd,
fffe,
fffe,
ffff,
0001,
0002,
0003,
0003,
0003,
0002,
0002,
0002,
0000,
ffff,
ffff,
ffff,
ffff,
fffe,
fffe,
ffff,
ffff,
0001,
0002,
0002,
0001,
0001,
0000,
0001,
0000,
0000,
ffff,
0000,
ffff,
0001,
0000,
0003,
0000,
0002,
fffa,
0000,
0003,
fffe,
0019,
00ee,
0162,
020d,
0866,
03b0,
f241,
efda,
fbe3,
0736,
0fda,
1273,
0e4b,
1210,
1587,
0942,
fa2b,
efe7,
e9e8,
ec1d,
f0a4,
ef84,
ed89,
f03e,
f6c6,
0197,
0b53,
0df7,
0d39,
0d2b,
0e3b,
0df8,
0a46,
03c1,
fe04,
fa09,
f7d1,
f77c,
f740,
f785,
f817,
f948,
fbff,
ffc3,
0209,
02cc,
040a,
04e9,
0565,
056b,
0472,
02ca,
012a,
ff52,
fd54,
fc1b,
fb02,
fa20,
fa27,
fb35,
fcde,
fe9f,
0034,
018a,
02f0,
03e8,
0417,
03a0,
02e2,
020f,
010d,
fff6,
fecd,
fdd2,
fd09,
fc87,
fc90,
fd23,
fe08,
feec,
ffc0,
0021,
0006,
ffec,
002d,
fffe,
fffd,
fffd,
fffe,
fffe,
0000,
0000,
0002,
0003,
0003,
0002,
0002,
0002,
0001,
0000,
0000,
ffff,
ffff,
ffff,
ffff,
ffff,
ffff,
0000,
0001,
0001,
0001,
0001,
0002,
0001,
0001,
0000,
0000,
0000,
0000,
ffff,
0002,
0000,
0004,
0000,
0002,
fffb,
0005,
0000,
ffff,
002a,
010f,
011c,
0272,
07b8,
00dd,
f2d6,
f396,
fe2f,
074f,
0e8f,
0fc1,
0c4b,
1116,
12f3,
06e3,
f9be,
f10c,
ecd6,
ef00,
f1c4,
f030,
ef3a,
f27f,
f8ea,
02c8,
0ab2,
0c99,
0c2f,
0caa,
0d39,
0bbd,
07f9,
0277,
fe34,
fb8e,
f990,
f84f,
f790,
f767,
f7f3,
fa62,
fd76,
ffc5,
00b7,
011a,
024c,
03fe,
0563,
0546,
041f,
0293,
010e,
ffbc,
fe6c,
fd0c,
fb78,
fa7b,
fa87,
fbac,
fd3c,
fe9f,
fff0,
0153,
02a7,
035c,
0370,
0315,
029b,
0203,
012a,
000f,
fee0,
fdf7,
fd54,
fd08,
fd1a,
fd78,
fe00,
feb6,
ff70,
ffb3,
ffac,
ffce,
ffff,
fffe,
fffd,
fffd,
fffe,
ffff,
0000,
0001,
0002,
0002,
0002,
0002,
0001,
0001,
0001,
0000,
ffff,
ffff,
ffff,
ffff,
fffe,
ffff,
ffff,
0000,
0001,
0001,
0002,
0001,
0001,
0001,
0000,
0000,
0001,
0001,
ffff,
ffff,
0001,
0002,
0004,
0000,
0001,
fffb,
0008,
fffc,
0002,
0045,
0114,
00de,
02f3,
0691,
fe6f,
f429,
f6e5,
ffc6,
0751,
0d57,
0d2e,
0ac2,
1001,
104d,
04fe,
f9b9,
f23f,
ef00,
f0f9,
f30e,
f1c6,
f16d,
f4c1,
fadf,
037c,
0a05,
0be5,
0b59,
0b1d,
0b4c,
09f9,
0700,
02c2,
fe83,
fb1e,
f93f,
f7e9,
f79f,
f8f7,
fa0f,
fb2e,
fceb,
fe8f,
ff43,
0086,
0279,
03fb,
0502,
04bf,
0392,
0276,
0198,
005d,
fef5,
fd6e,
fbba,
fad4,
faf6,
fbf0,
fd52,
feb9,
ffe5,
00f4,
0209,
02b8,
02fb,
02ec,
02a5,
0207,
0129,
0042,
ff58,
fe86,
fdbe,
fd33,
fd10,
fd57,
fde2,
fe8e,
ff13,
ff2e,
ff5e,
0000,
ffff,
ffff,
ffff,
ffff,
ffff,
ffff,
0001,
0001,
0002,
0003,
0003,
0002,
0002,
0002,
0002,
0001,
0000,
0001,
0001,
0000,
0000,
0000,
0000,
0001,
0002,
0003,
0003,
0003,
0003,
0002,
0003,
0002,
0002,
0001,
0001,
0002,
0003,
0003,
0003,
0000,
0002,
0000,
0008,
fffc,
0008,
005e,
00fb,
00cc,
036d,
0508,
fcae,
f5f0,
f999,
00dd,
0745,
0c00,
0ad4,
09f3,
0f25,
0d76,
02f0,
f996,
f362,
f157,
f380,
f4b8,
f32a,
f361,
f6cf,
fce2,
04e8,
0986,
0a08,
099b,
09df,
0a55,
094d,
05ce,
00ec,
fccf,
f9bc,
f90d,
f9f3,
fa91,
fa86,
fa30,
fa86,
fbf7,
fe19,
ff81,
00c3,
024a,
0391,
044b,
0434,
039e,
02c5,
01d9,
0086,
ff1e,
fdb5,
fc33,
fb3a,
fb35,
fc25,
fd52,
fe6d,
ff78,
00a3,
01d9,
02ad,
0304,
02e9,
0296,
0208,
0159,
0098,
ffae,
fea3,
fdae,
fd29,
fd17,
fd59,
fdca,
fe3f,
fe92,
fee2,
0000,
ffff,
ffff,
ffff,
ffff,
ffff,
ffff,
0001,
0001,
0002,
0003,
0003,
0002,
0002,
0002,
0002,
0001,
0000,
0001,
0001,
0000,
0000,
0000,
0000,
0001,
0002,
0003,
0003,
0003,
0003,
0002,
0003,
0002,
0002,
0001,
0001,
0002,
0003,
0003,
0003,
0000,
0002,
0000,
0008,
fffc,
0008,
005e,
00fb,
00cc,
036d,
0508,
fcae,
f5f0,
f999,
00dd,
0745,
0c00,
0ad4,
09f3,
0f25,
0d76,
02f0,
f996,
f362,
f157,
f380,
f4b8,
f32a,
f361,
f6cf,
fce2,
04e8,
0986,
0a08,
099b,
09df,
0a55,
094d,
05ce,
00ec,
fccf,
f9bc,
f90d,
f9f3,
fa91,
fa86,
fa30,
fa86,
fbf7,
fe19,
ff81,
00c3,
024a,
0391,
044b,
0434,
039e,
02c5,
01d9,
0086,
ff1e,
fdb5,
fc33,
fb3a,
fb35,
fc25,
fd52,
fe6d,
ff78,
00a3,
01d9,
02ad,
0304,
02e9,
0296,
0208,
0159,
0098,
ffae,
fea3,
fdae,
fd29,
fd17,
fd59,
fdca,
fe3f,
fe92,
fee2,
ffff,
ffff,
fffe,
fffd,
fffd,
fffd,
fffd,
fffe,
ffff,
ffff,
0001,
0000,
0000,
0001,
0001,
0001,
0000,
ffff,
ffff,
fffe,
ffff,
fffe,
fffe,
fffe,
fffe,
ffff,
0000,
0001,
0001,
0001,
0000,
0000,
0000,
0000,
0000,
0000,
0000,
0001,
0001,
0001,
0000,
0001,
0001,
ffff,
0002,
fffc,
000a,
0075,
00d2,
00e7,
03a7,
034a,
fba6,
f7d1,
fba9,
019c,
0734,
0aba,
0925,
0987,
0d7f,
0a1c,
0137,
fa1a,
f551,
f3da,
f553,
f5d5,
f4b8,
f63a,
fa1e,
feeb,
048c,
076c,
07ad,
0862,
099c,
0928,
06c0,
027b,
fddf,
fc2f,
fc7e,
fc5d,
fb82,
fad0,
f9e2,
f9a9,
fafe,
fcb3,
fe28,
ff3e,
0068,
01bb,
0349,
0447,
0427,
0382,
029c,
01ac,
00a6,
ff6a,
fdcb,
fc58,
fb90,
fb77,
fc1b,
fd1c,
fe30,
ff61,
00dd,
022e,
02de,
02fc,
02c2,
0281,
0219,
0160,
005f,
ff51,
fe67,
fdc3,
fd7a,
fd5c,
fd51,
fd75,
fde7,
fe87,
0000,
0000,
ffff,
ffff,
fffe,
ffff,
fffe,
fffe,
ffff,
ffff,
0000,
0000,
0001,
0000,
0001,
0000,
0000,
0000,
ffff,
0000,
ffff,
ffff,
ffff,
ffff,
ffff,
ffff,
0000,
0001,
0001,
0000,
0001,
0001,
0001,
0001,
0000,
0001,
0001,
0000,
0001,
0000,
0002,
0001,
0000,
fffe,
0002,
0001,
fffc,
0014,
0085,
00a9,
0129,
038b,
019d,
fb4c,
f98f,
fd3a,
0265,
0751,
0952,
0787,
08d9,
0b66,
078b,
00cb,
fae7,
f6c6,
f60a,
f75c,
f857,
f834,
f898,
fa8f,
fe5f,
02f9,
0623,
0727,
071b,
0748,
05ba,
02c5,
0117,
005f,
ff50,
fe54,
fcf4,
fad5,
f9df,
fa02,
fa9a,
fbc7,
fd14,
fda7,
fe7b,
006f,
024f,
039a,
0401,
0396,
02ff,
0285,
01b8,
0075,
ff36,
fdd0,
fc77,
fbbd,
fbc6,
fc56,
fd4c,
fe90,
ffe5,
013b,
0239,
02ac,
02c8,
02c0,
0266,
01a4,
00c8,
ffee,
ff2c,
fe8e,
fe1c,
fdbf,
fd5f,
fd2c,
fd6f,
fe3c,
0001,
0001,
0000,
0000,
ffff,
ffff,
ffff,
ffff,
ffff,
ffff,
0000,
0000,
0000,
0000,
0001,
0001,
0001,
0001,
0000,
0000,
0000,
0000,
0000,
ffff,
ffff,
ffff,
0000,
0001,
0001,
0001,
0001,
0001,
0002,
0001,
0001,
0001,
0001,
0001,
0000,
0000,
0001,
0002,
ffff,
fffe,
ffff,
0003,
fffe,
fffe,
0024,
0089,
008a,
016b,
0313,
0042,
fb7d,
fb3d,
fed0,
030b,
06b4,
0778,
0631,
0850,
09c9,
05cc,
00a9,
fc31,
f8fb,
f98b,
fae1,
f98e,
f7f5,
f7fb,
fa09,
fecd,
031c,
04c3,
051a,
03f1,
02c1,
03f1,
0527,
0410,
0249,
ffee,
fd50,
fbcd,
fb11,
fa71,
fa52,
faf3,
fba0,
fcb1,
fdfe,
ff5d,
00f5,
025a,
0339,
0368,
0337,
02b7,
0210,
014c,
0053,
ff09,
fdab,
fcb4,
fc35,
fc65,
fd20,
fe13,
ff12,
0015,
0103,
01ce,
027d,
02a5,
024a,
01ba,
011f,
0086,
fff6,
ff71,
fedc,
fe30,
fd8a,
fd42,
fd83,
fe1e,
0001,
0002,
0001,
0001,
0000,
ffff,
ffff,
ffff,
ffff,
ffff,
ffff,
0000,
0000,
0001,
0000,
0001,
0001,
0001,
0001,
0001,
0000,
0000,
ffff,
ffff,
0000,
ffff,
0000,
0000,
0001,
0001,
0001,
0001,
0001,
0002,
0002,
0001,
0000,
0000,
0001,
0000,
0001,
0001,
0000,
fffe,
0001,
0002,
0003,
0001,
0005,
0031,
0077,
0077,
019e,
026b,
ff65,
fc76,
fd03,
ff88,
02ae,
0598,
05ff,
05b7,
07f6,
08ca,
05c6,
01c7,
fe9e,
fc34,
fada,
f9b3,
f7da,
f76f,
f8e1,
fb3b,
fee5,
01c0,
017b,
0093,
0254,
0513,
06f1,
072d,
04c9,
014d,
fea0,
fcee,
fba1,
fb24,
facf,
fa39,
fa81,
fbda,
fd9c,
fef0,
fff7,
00de,
01ef,
02e4,
031b,
02ca,
0249,
01b9,
00e2,
fff5,
fef1,
fde9,
fd47,
fd1a,
fd59,
fdda,
fe73,
ff04,
ffd1,
00cb,
018b,
01f8,
020e,
01cf,
0164,
010d,
00c0,
004f,
ff9a,
feac,
fddd,
fd77,
fd98,
fe15,
0001,
0002,
0001,
0001,
0000,
ffff,
ffff,
ffff,
ffff,
ffff,
ffff,
0000,
0000,
0001,
0000,
0001,
0001,
0001,
0001,
0001,
0000,
0000,
ffff,
ffff,
0000,
ffff,
0000,
0000,
0001,
0001,
0001,
0001,
0001,
0002,
0002,
0001,
0000,
0000,
0001,
0000,
0001,
0001,
0000,
fffe,
0001,
0002,
0003,
0001,
0005,
0031,
0077,
0077,
019e,
026b,
ff65,
fc76,
fd03,
ff88,
02ae,
0598,
05ff,
05b7,
07f6,
08ca,
05c6,
01c7,
fe9e,
fc34,
fada,
f9b3,
f7da,
f76f,
f8e1,
fb3b,
fee5,
01c0,
017b,
0093,
0254,
0513,
06f1,
072d,
04c9,
014d,
fea0,
fcee,
fba1,
fb24,
facf,
fa39,
fa81,
fbda,
fd9c,
fef0,
fff7,
00de,
01ef,
02e4,
031b,
02ca,
0249,
01b9,
00e2,
fff5,
fef1,
fde9,
fd47,
fd1a,
fd59,
fdda,
fe73,
ff04,
ffd1,
00cb,
018b,
01f8,
020e,
01cf,
0164,
010d,
00c0,
004f,
ff9a,
feac,
fddd,
fd77,
fd98,
fe15,
0002,
0002,
0002,
0001,
0001,
0001,
0000,
0000,
ffff,
ffff,
ffff,
0000,
0001,
0000,
0001,
0001,
0001,
0002,
0001,
0001,
0001,
0000,
0000,
0000,
0000,
0000,
0000,
0001,
0001,
0001,
0001,
0002,
0002,
0002,
0002,
0001,
0001,
0000,
0001,
0001,
0000,
ffff,
ffff,
0000,
0002,
0004,
0003,
0004,
0000,
0006,
0033,
005d,
0081,
01c4,
0230,
ff9b,
fd1b,
fd36,
ff58,
0266,
04cd,
0534,
0695,
095b,
0996,
06e8,
02f7,
fea3,
faac,
f8c2,
f8bb,
f867,
f828,
f931,
fafa,
fcba,
fe49,
ffdc,
0234,
05bd,
082b,
0827,
0662,
036b,
0026,
fdc7,
fc83,
fb7d,
facf,
fa5f,
fa61,
fb48,
fcb5,
fe1a,
ff28,
0012,
00e8,
01df,
02b4,
02f5,
02a3,
01f3,
0138,
0089,
ffeb,
ff35,
fe75,
fde2,
fdab,
fdbd,
fdf1,
fe62,
fef9,
ffaa,
007e,
013d,
01a5,
01b8,
01a6,
018e,
0169,
0101,
002e,
ff27,
fe3d,
fdb3,
fdb0,
fe17,
0001,
0002,
0002,
0002,
0001,
0000,
0000,
ffff,
fffe,
fffe,
fffe,
ffff,
0000,
0000,
0000,
0000,
0001,
0001,
0001,
0001,
0000,
0000,
0000,
0000,
0000,
0000,
0000,
0000,
0000,
0000,
0001,
0002,
0002,
0002,
0002,
0001,
0000,
0000,
0001,
0001,
0000,
ffff,
0000,
0002,
0005,
0005,
0003,
0003,
ffff,
ffff,
0007,
0031,
0058,
0113,
02a3,
01c2,
fe7f,
fcc8,
fd6d,
ff43,
026a,
05a2,
0774,
09cc,
0ae5,
0917,
0579,
ffe8,
fb39,
f9aa,
f92c,
f85b,
f7dc,
f74a,
f79b,
fa51,
fcc4,
fee2,
02ae,
0632,
082d,
08d7,
0767,
043a,
0163,
ff1f,
fd0f,
fbc8,
faec,
fa69,
fa8d,
fb30,
fc11,
fd2c,
fe42,
ff37,
0065,
018f,
0267,
02b8,
02a1,
0251,
01d2,
0137,
0087,
ffd4,
ff1a,
fe74,
fdea,
fda0,
fdb2,
fdf7,
fe6c,
ff15,
ffd8,
0093,
013a,
01b1,
01e2,
01ec,
01c1,
014c,
0080,
ff71,
fe72,
fdec,
fdf6,
fe41,
0002,
0002,
0002,
0002,
0001,
0000,
0000,
ffff,
fffe,
fffe,
fffe,
fffe,
0000,
0000,
0000,
0001,
0001,
0001,
0001,
0000,
0000,
0000,
0000,
0000,
0000,
ffff,
ffff,
0000,
ffff,
0000,
0000,
0001,
0002,
0002,
0002,
0001,
0000,
0000,
0000,
0000,
ffff,
0000,
0001,
0002,
0005,
0004,
0004,
fffe,
ffff,
0001,
0001,
0009,
0096,
017c,
01c5,
017b,
0015,
fd9e,
fc40,
fde0,
017a,
0634,
09d8,
09b2,
0985,
0947,
054b,
007c,
fd3c,
fa64,
f888,
f7ab,
f62c,
f60e,
f857,
fa03,
fbbe,
ff0c,
02c6,
063c,
08c0,
08d9,
06cb,
0468,
020a,
ffc0,
fdbb,
fc0a,
fae0,
fa73,
fabd,
fb47,
fbde,
fc7a,
fd82,
fef7,
0073,
0181,
01f8,
025c,
02b7,
02c9,
026c,
01b9,
00cc,
ffe2,
ff28,
fe77,
fde3,
fd84,
fd7a,
fdd1,
fe6d,
ff05,
ff9a,
005c,
011f,
01bc,
020e,
020f,
01c8,
0130,
004d,
ff4a,
fe84,
fe3c,
fe52,
fe82,
0002,
0003,
0002,
0001,
0001,
0000,
0000,
ffff,
ffff,
fffe,
fffe,
ffff,
ffff,
0000,
0001,
0001,
0001,
0001,
0001,
0001,
0001,
0000,
0001,
0001,
0000,
0000,
0000,
0000,
0000,
0001,
0001,
0002,
0002,
0003,
0003,
0002,
0001,
0000,
0000,
0000,
0000,
0000,
0001,
0004,
0005,
0005,
0001,
0000,
0002,
0003,
ffff,
003d,
0153,
01d1,
00be,
004b,
ffda,
fdf6,
fd2b,
ff02,
034f,
07fb,
0986,
08c4,
0823,
06c7,
041b,
0104,
fd8a,
fa03,
f72e,
f57d,
f60f,
f823,
f991,
fb05,
fceb,
ff48,
031d,
0707,
0879,
079c,
05e2,
03b0,
01cc,
0017,
fdec,
fbe1,
fabf,
faa9,
fb2e,
fb90,
fb96,
fc2f,
fdb4,
ff75,
00be,
015c,
01bd,
023f,
02d5,
0315,
02c1,
01cd,
008e,
ff89,
fed8,
fe44,
fda5,
fd3d,
fd5c,
fdf8,
feba,
ff6a,
0002,
009a,
013b,
01cb,
0223,
020d,
0187,
00a6,
ffa7,
fee2,
fe87,
fe88,
feab,
fed9,
0001,
0000,
0000,
ffff,
ffff,
fffe,
fffd,
fffd,
fffd,
fffd,
fffe,
fffd,
fffe,
ffff,
fffe,
0000,
0000,
ffff,
ffff,
0000,
ffff,
ffff,
ffff,
ffff,
ffff,
fffe,
fffe,
ffff,
ffff,
ffff,
ffff,
0000,
0000,
0000,
0000,
0001,
0000,
ffff,
ffff,
ffff,
ffff,
0000,
0001,
0003,
0004,
0002,
fffc,
0001,
0004,
0003,
001a,
0128,
0239,
0148,
ffb8,
fe66,
fdeb,
fece,
0069,
033c,
06d7,
0849,
0774,
07a6,
06cf,
038b,
0124,
ff58,
fc19,
f81d,
f58d,
f5a3,
f807,
fa76,
fbe2,
fd3b,
feda,
0125,
044a,
06c0,
071c,
05fb,
0450,
0296,
0124,
ff81,
fd3d,
fb55,
faf8,
fb72,
fb90,
fb7c,
fbdd,
fd07,
fe9d,
0005,
00f1,
0193,
021a,
026e,
02b4,
02cd,
0255,
0144,
0013,
ff19,
fe4f,
fdbe,
fd69,
fd59,
fda3,
fe4d,
ff29,
0004,
00bc,
0130,
0180,
01d0,
01fe,
01c0,
0101,
fff5,
fef8,
fe73,
fe6e,
feb0,
ff0d,
ff3e,
0002,
0002,
0001,
0000,
0000,
0000,
ffff,
ffff,
ffff,
0000,
0000,
0000,
0000,
0000,
0001,
0001,
0001,
0001,
0001,
0001,
0001,
0000,
0001,
0000,
0000,
0000,
0000,
0000,
0001,
0001,
0001,
0000,
0000,
0000,
0001,
0002,
0002,
0001,
0001,
0000,
ffff,
0001,
0004,
0003,
0004,
0000,
0001,
0001,
0007,
000a,
00ee,
02c1,
024c,
ff6d,
fd66,
fcec,
fdc6,
0111,
0565,
08a5,
0942,
0682,
05d4,
074a,
041a,
fea7,
fc99,
fb9f,
f8e8,
f6bf,
f63e,
f79d,
fabd,
fd07,
fe65,
0066,
0287,
03e3,
04be,
0532,
04d9,
03fb,
02bd,
015f,
ffe2,
fde4,
fbea,
fb4e,
fbea,
fc19,
fbac,
fbc4,
fcf6,
fe85,
ffb1,
0083,
0149,
0226,
02a6,
0298,
0244,
01da,
0134,
004a,
ff5d,
fe88,
fdd9,
fd60,
fd5b,
fdd6,
fe83,
ff19,
ffb7,
0086,
0140,
019d,
01b1,
01b9,
0198,
011f,
0046,
ff49,
fe87,
fe37,
fe5f,
feda,
ff57,
ff76,
0002,
0002,
0001,
0000,
0000,
0000,
ffff,
ffff,
ffff,
0000,
0000,
0000,
0000,
0000,
0001,
0001,
0001,
0001,
0001,
0001,
0001,
0000,
0001,
0000,
0000,
0000,
0000,
0000,
0001,
0001,
0001,
0000,
0000,
0000,
0001,
0002,
0002,
0001,
0001,
0000,
ffff,
0001,
0004,
0003,
0004,
0000,
0001,
0001,
0007,
000a,
00ee,
02c1,
024c,
ff6d,
fd66,
fcec,
fdc6,
0111,
0565,
08a5,
0942,
0682,
05d4,
074a,
041a,
fea7,
fc99,
fb9f,
f8e8,
f6bf,
f63e,
f79d,
fabd,
fd07,
fe65,
0066,
0287,
03e3,
04be,
0532,
04d9,
03fb,
02bd,
015f,
ffe2,
fde4,
fbea,
fb4e,
fbea,
fc19,
fbac,
fbc4,
fcf6,
fe85,
ffb1,
0083,
0149,
0226,
02a6,
0298,
0244,
01da,
0134,
004a,
ff5d,
fe88,
fdd9,
fd60,
fd5b,
fdd6,
fe83,
ff19,
ffb7,
0086,
0140,
019d,
01b1,
01b9,
0198,
011f,
0046,
ff49,
fe87,
fe37,
fe5f,
feda,
ff57,
ff76,
0002,
0001,
0001,
0001,
0000,
ffff,
ffff,
0000,
ffff,
0000,
0001,
0001,
0001,
0001,
0001,
0001,
0001,
0001,
0001,
0001,
0001,
0001,
0001,
0001,
0000,
0001,
0001,
0001,
0001,
0001,
0001,
0000,
0000,
ffff,
0001,
0002,
0001,
0002,
0002,
0003,
0001,
0001,
0001,
0004,
0002,
0002,
0002,
0004,
fffd,
00b2,
0327,
0393,
ff6b,
fbf5,
fc2e,
fdae,
0082,
0541,
0a6e,
0c53,
0835,
0561,
0723,
0476,
fd26,
f90d,
f83a,
f761,
f6d0,
f6a3,
f7d7,
fb62,
fe03,
ff5d,
01c5,
04a6,
062c,
05d1,
0441,
02b8,
0221,
01a0,
00f1,
ffe9,
fdfd,
fbf4,
fb4c,
fc1f,
fccb,
fc99,
fc37,
fce8,
fe9b,
0005,
009e,
0108,
01ef,
02b3,
02be,
022a,
015f,
009c,
ffd3,
ff23,
fe7c,
fde8,
fd77,
fd6a,
fe00,
feed,
ffa3,
0010,
008e,
0113,
016c,
018c,
0181,
0158,
00f8,
0050,
ff75,
feb3,
fe46,
fe33,
fe80,
ff1b,
ff9e,
ffa7,
0002,
0001,
0001,
0000,
0000,
0000,
0000,
0001,
0001,
0002,
0003,
0002,
0002,
0002,
0002,
0001,
0001,
0001,
0002,
0002,
0001,
0002,
0002,
0002,
0002,
0001,
0001,
0002,
0002,
0002,
0001,
0001,
0000,
0000,
0001,
0000,
0002,
0003,
0004,
0003,
0004,
0001,
0001,
0001,
0002,
0005,
0003,
fffc,
007c,
037e,
04ce,
ff87,
fa92,
fb0a,
fd7e,
00e9,
05cf,
0ada,
0da7,
0a99,
06f4,
07f7,
0540,
fbe6,
f525,
f4d7,
f572,
f539,
f57d,
f725,
fb81,
ff36,
0114,
032d,
061e,
083f,
07f8,
05f5,
0327,
00c0,
ff11,
fea5,
fe9c,
fda7,
fc11,
fb12,
fbce,
fd29,
fdbd,
fd54,
fd91,
ff00,
006b,
012c,
015c,
01cb,
024a,
0259,
01e5,
012f,
0046,
ff32,
fe7a,
fe11,
fdc4,
fd76,
fd77,
fe26,
ff43,
003d,
00c9,
012d,
0168,
0173,
0156,
0126,
00f1,
008c,
0000,
ff53,
feb9,
fe4e,
fe13,
fe30,
fecb,
ff9c,
fffd,
ffe4,
ffff,
ffff,
ffff,
fffe,
ffff,
ffff,
ffff,
0001,
0000,
0001,
0001,
0001,
0001,
0000,
0000,
0000,
ffff,
ffff,
0000,
0000,
0000,
0000,
0000,
0000,
0001,
0001,
0001,
0002,
0001,
0000,
ffff,
fffe,
ffff,
ffff,
fffe,
ffff,
0000,
0001,
0002,
0003,
0002,
0000,
0001,
0001,
0005,
ffff,
fffd,
0062,
03d9,
05d4,
ff8a,
f964,
f9e2,
fcf5,
015b,
070d,
0c4e,
0ef0,
0b7e,
0797,
0923,
0699,
fb7a,
f21f,
f12d,
f354,
f45c,
f43e,
f542,
fa55,
ff78,
028d,
0538,
07f7,
09a7,
0958,
0797,
04e4,
020d,
fe97,
fc08,
fb87,
fba9,
fb44,
fac6,
fb90,
fd17,
fe3f,
fe7a,
feec,
0039,
0164,
01e2,
01f6,
0242,
0247,
01cc,
0105,
0051,
ffb6,
fed6,
fdfc,
fd5f,
fd32,
fd43,
fd95,
fe77,
ffa8,
009e,
013b,
01d9,
023d,
0224,
019b,
00f5,
0086,
002a,
ffa3,
fee9,
fe5e,
fe00,
fdc4,
fdd4,
fe5d,
ff59,
001d,
004f,
0039,
fffe,
fffe,
fffe,
fffe,
ffff,
ffff,
0000,
0001,
0001,
0001,
0001,
0000,
0000,
0001,
0000,
ffff,
ffff,
ffff,
ffff,
0000,
ffff,
0000,
0000,
0001,
0002,
0001,
0001,
0001,
0000,
0000,
ffff,
ffff,
ffff,
fffe,
ffff,
ffff,
0001,
0002,
0002,
0002,
0000,
0002,
ffff,
0006,
ffff,
fffe,
005c,
045d,
06d1,
ff49,
f832,
f8c1,
fc05,
01c0,
08d1,
0e37,
10c3,
0d46,
0819,
08ab,
068b,
fb0a,
f062,
ee70,
f0d6,
f344,
f3d5,
f410,
f89b,
fec7,
0329,
06cb,
0a39,
0b75,
0a71,
0899,
05f6,
0327,
ff86,
fbed,
f9b0,
f8f1,
f8d0,
f925,
fafe,
fd37,
fe8d,
ff06,
0009,
01b2,
02ea,
0341,
02ed,
02cd,
029b,
01c3,
0065,
ff64,
fed2,
fe16,
fd5b,
fcc8,
fc8a,
fcb8,
fd69,
fea3,
0015,
0126,
01aa,
022d,
02b6,
02e1,
0262,
016e,
008c,
fff1,
ff6f,
fec3,
fe16,
fd86,
fd28,
fd1b,
fd90,
fea9,
ffdc,
0080,
009d,
00c3,
fffe,
fffe,
fffe,
fffe,
ffff,
ffff,
0000,
0001,
0001,
0001,
0001,
0000,
0000,
0001,
0000,
ffff,
ffff,
ffff,
ffff,
0000,
ffff,
0000,
0000,
0001,
0002,
0001,
0001,
0001,
0000,
0000,
ffff,
ffff,
ffff,
fffe,
ffff,
ffff,
0001,
0002,
0002,
0002,
0000,
0002,
ffff,
0006,
ffff,
fffe,
005c,
045d,
06d1,
ff49,
f832,
f8c1,
fc05,
01c0,
08d1,
0e37,
10c3,
0d46,
0819,
08ab,
068b,
fb0a,
f062,
ee70,
f0d6,
f344,
f3d5,
f410,
f89b,
fec7,
0329,
06cb,
0a39,
0b75,
0a71,
0899,
05f6,
0327,
ff86,
fbed,
f9b0,
f8f1,
f8d0,
f925,
fafe,
fd37,
fe8d,
ff06,
0009,
01b2,
02ea,
0341,
02ed,
02cd,
029b,
01c3,
0065,
ff64,
fed2,
fe16,
fd5b,
fcc8,
fc8a,
fcb8,
fd69,
fea3,
0015,
0126,
01aa,
022d,
02b6,
02e1,
0262,
016e,
008c,
fff1,
ff6f,
fec3,
fe16,
fd86,
fd28,
fd1b,
fd90,
fea9,
ffdc,
0080,
009d,
00c3,
fffe,
fffe,
fffd,
fffe,
0000,
0000,
0002,
0001,
0001,
0001,
0001,
0001,
0000,
0000,
0000,
fffe,
fffe,
fffe,
ffff,
ffff,
ffff,
0000,
0001,
0002,
0002,
0002,
0001,
0000,
ffff,
fffe,
fffe,
ffff,
fffd,
fffe,
ffff,
0001,
0002,
0001,
0000,
ffff,
0001,
fffe,
0006,
fffc,
0000,
006a,
04f2,
07b2,
fee2,
f70a,
f7ca,
fadf,
01d3,
0ad7,
10b5,
12c6,
0f00,
0918,
089e,
0551,
f892,
ee71,
ed23,
ef08,
f231,
f3be,
f375,
f782,
fe0f,
02b5,
0744,
0c3e,
0d57,
0b7c,
099f,
06f8,
03b8,
ffbf,
fbf1,
f972,
f83c,
f725,
f6ee,
f929,
fc4e,
fe7c,
ff90,
00f2,
02ae,
0404,
0473,
042c,
03e0,
0349,
01f8,
0031,
ff02,
fe4e,
fd6e,
fc9d,
fc18,
fbf1,
fc20,
fcdb,
fe43,
0011,
0180,
022e,
029e,
0308,
0339,
02d2,
01f3,
0109,
0048,
ff99,
fed3,
fe14,
fd61,
fcc9,
fc73,
fc9c,
fd92,
ff0a,
002a,
00af,
010a,
0170,
fffe,
fffe,
ffff,
0000,
0001,
0002,
0002,
0002,
0002,
0002,
0002,
0001,
0000,
0000,
ffff,
ffff,
ffff,
ffff,
0000,
ffff,
0000,
0002,
0002,
0003,
0003,
0002,
0000,
ffff,
ffff,
ffff,
ffff,
fffd,
ffff,
ffff,
0001,
0001,
0002,
0002,
fffe,
0002,
fffe,
0007,
fffc,
0000,
0070,
0596,
08b8,
fe77,
f5b2,
f6e2,
f9c9,
0178,
0cb0,
13a8,
1557,
110c,
0a46,
0862,
03eb,
f5c4,
eb47,
eb66,
edcf,
f164,
f433,
f3f7,
f6d3,
fd56,
02b4,
06f7,
0cac,
0ef1,
0cc6,
0a7c,
0805,
0480,
ffd9,
fbaf,
f8c3,
f793,
f6d9,
f676,
f812,
faed,
fd63,
ff2f,
0185,
03a2,
04d9,
0519,
04da,
04a9,
040d,
0298,
0075,
fef9,
fe1d,
fd33,
fc56,
fbb4,
fb81,
fbb8,
fc82,
fde7,
ffb0,
0136,
021e,
02d3,
0362,
037e,
02f4,
021b,
0153,
00b3,
0016,
ff51,
fe75,
fd8c,
fcbe,
fc27,
fc0d,
fcb8,
fe17,
ff74,
0044,
00e3,
017e,
0205,
fffe,
fffe,
0000,
0001,
0002,
0003,
0002,
0002,
0002,
0002,
0001,
0001,
ffff,
ffff,
fffe,
fffe,
ffff,
ffff,
ffff,
0000,
0001,
0003,
0003,
0003,
0001,
ffff,
ffff,
ffff,
ffff,
ffff,
fffd,
fffe,
fffe,
0001,
0001,
0001,
0001,
fffd,
0000,
fffb,
0008,
fff8,
0003,
0072,
0665,
09ea,
fdb6,
f404,
f5e4,
f8e4,
0148,
0e7c,
16e1,
1861,
133a,
0b71,
0879,
0254,
f1e5,
e729,
e96b,
ec9e,
f051,
f4b3,
f5aa,
f7d1,
fd37,
0281,
06c7,
0cfd,
0f87,
0cc5,
0a90,
08ee,
058e,
0028,
fb73,
f81f,
f6fe,
f6bc,
f682,
f81d,
facd,
fcb7,
fe1d,
0107,
03d3,
052a,
0577,
0550,
0524,
046d,
02ef,
00c2,
ff3c,
fe5a,
fd53,
fc54,
fb96,
fb51,
fb86,
fc62,
fdd6,
ffa6,
0117,
01d1,
0282,
033d,
0381,
02fd,
0219,
014a,
00b4,
004a,
ffb3,
fef0,
fe07,
fd13,
fc43,
fbfd,
fc6b,
fd75,
fedb,
ffd8,
0089,
013b,
01d8,
0261,
ffff,
0000,
0002,
0002,
0003,
0003,
0002,
0001,
0002,
0001,
0000,
0000,
ffff,
ffff,
ffff,
fffe,
ffff,
0000,
ffff,
0001,
0003,
0004,
0003,
0002,
0001,
ffff,
ffff,
ffff,
0000,
fffd,
ffff,
ffff,
0001,
0002,
0001,
0002,
fffb,
0001,
fff7,
000b,
fff4,
0007,
0065,
0733,
0b82,
fce9,
f1e7,
f4c6,
f7f8,
0148,
1054,
1a0d,
1bd5,
15d8,
0c7e,
0887,
00ff,
edd3,
e258,
e6d0,
eb83,
ef09,
f425,
f735,
fa4a,
feb2,
032d,
0722,
0d0a,
0fa8,
0c9c,
0937,
07ac,
05ea,
0106,
fbaf,
f7b5,
f6b2,
f754,
f7a1,
f8d7,
faff,
fc94,
fd7a,
004e,
0332,
0468,
04cf,
0532,
059d,
0510,
035a,
00c5,
ff3f,
fead,
fdd5,
fcd4,
fbd1,
fb43,
fb56,
fc4a,
fde7,
ffcf,
013c,
01c0,
022d,
02db,
0358,
0303,
0220,
0133,
007f,
0015,
ff97,
fefb,
fe40,
fd7a,
fcbd,
fc64,
fcac,
fd5e,
fe8c,
ff9a,
003f,
00e8,
018e,
0217,
0293,
ffff,
0001,
0002,
0002,
0002,
0001,
0001,
0001,
0001,
0000,
ffff,
ffff,
fffe,
ffff,
fffe,
fffe,
ffff,
ffff,
0001,
0002,
0003,
0002,
0001,
0000,
fffe,
fffe,
fffe,
ffff,
fffc,
fffd,
ffff,
0000,
0002,
ffff,
0002,
fff7,
0003,
fff0,
000d,
ffef,
000f,
003c,
07a1,
0db2,
fcc5,
ef3c,
f370,
f6ed,
010f,
1238,
1cda,
1f4e,
194f,
0dca,
0859,
004b,
ea03,
dcc3,
e3ce,
ea51,
edfb,
f337,
f727,
fc0b,
0160,
0570,
088b,
0e0b,
0fea,
0c0d,
07ad,
0525,
043c,
0080,
fb7d,
f7fc,
f7b0,
f8a1,
f934,
fa89,
fbf7,
fcb2,
fd08,
ffa7,
026a,
0345,
0350,
03f1,
0530,
055b,
03f0,
0136,
ff98,
ff18,
fe3e,
fd2f,
fc2b,
fba4,
fb99,
fc4b,
fdc0,
ffd0,
0160,
01c0,
01fc,
027f,
02f5,
02d4,
0239,
0163,
0089,
ffd4,
ff2c,
feaa,
fe28,
fd9f,
fd22,
fcf7,
fd38,
fdad,
fe8a,
ff90,
0027,
008d,
011b,
019b,
022e,
02a8,
0002,
0003,
0003,
0002,
0001,
0000,
0001,
0000,
0000,
fffe,
fffe,
ffff,
fffe,
fffe,
ffff,
fffe,
ffff,
0001,
0003,
0003,
0002,
0001,
ffff,
fffe,
fffd,
fffe,
0000,
fffd,
fffe,
0000,
0000,
0003,
fffd,
0004,
fff5,
0005,
ffed,
000e,
ffeb,
0016,
0015,
07d1,
1024,
fd32,
ec16,
f1a9,
f5e9,
00b5,
1483,
1fc0,
2230,
1d32,
0fb5,
07f4,
ff9c,
e686,
d6ce,
e07c,
e938,
ed13,
f294,
f64e,
fcdf,
047f,
0835,
09c5,
0fdd,
1174,
0b80,
065c,
02f7,
0155,
fe2c,
fa6c,
f7e1,
f8ad,
fa7f,
fb22,
fc9c,
fdd7,
fdaa,
fcd6,
ff05,
01d5,
0296,
0223,
0225,
0395,
049e,
0413,
0191,
fffe,
ffbd,
fedd,
fdb0,
fc93,
fbfe,
fbf1,
fcb6,
fe15,
ffe5,
0142,
017d,
01d2,
0266,
02b8,
026c,
01d3,
0135,
0093,
ffe5,
ff04,
fe66,
fe05,
fdb9,
fd76,
fd75,
fddc,
fe52,
fedf,
ffa2,
001b,
001f,
0066,
00e1,
0183,
025b,
02a0,
0002,
0003,
0003,
0002,
0001,
0000,
0001,
0000,
0000,
fffe,
fffe,
ffff,
fffe,
fffe,
ffff,
fffe,
ffff,
0001,
0003,
0003,
0002,
0001,
ffff,
fffe,
fffd,
fffe,
0000,
fffd,
fffe,
0000,
0000,
0003,
fffd,
0004,
fff5,
0005,
ffed,
000e,
ffeb,
0016,
0015,
07d1,
1024,
fd32,
ec16,
f1a9,
f5e9,
00b5,
1483,
1fc0,
2230,
1d32,
0fb5,
07f4,
ff9c,
e686,
d6ce,
e07c,
e938,
ed13,
f294,
f64e,
fcdf,
047f,
0835,
09c5,
0fdd,
1174,
0b80,
065c,
02f7,
0155,
fe2c,
fa6c,
f7e1,
f8ad,
fa7f,
fb22,
fc9c,
fdd7,
fdaa,
fcd6,
ff05,
01d5,
0296,
0223,
0225,
0395,
049e,
0413,
0191,
fffe,
ffbd,
fedd,
fdb0,
fc93,
fbfe,
fbf1,
fcb6,
fe15,
ffe5,
0142,
017d,
01d2,
0266,
02b8,
026c,
01d3,
0135,
0093,
ffe5,
ff04,
fe66,
fe05,
fdb9,
fd76,
fd75,
fddc,
fe52,
fedf,
ffa2,
001b,
001f,
0066,
00e1,
0183,
025b,
02a0,
0004,
0004,
0003,
0002,
0001,
0001,
0000,
0000,
fffe,
fffe,
ffff,
ffff,
ffff,
ffff,
ffff,
0000,
0001,
0001,
0003,
0002,
0002,
0000,
ffff,
fffd,
ffff,
0000,
fffe,
fffd,
0002,
ffff,
0006,
fffc,
0005,
fff2,
0007,
ffea,
000d,
ffea,
001c,
ffeb,
0777,
12da,
fefb,
e897,
eefb,
f4ec,
0011,
16b2,
2325,
248d,
20dc,
1287,
07c0,
ff3b,
e383,
d05c,
dcd4,
e861,
ebd0,
f1bc,
f564,
fcf0,
0799,
0c54,
0b32,
101f,
1282,
0b93,
05fb,
01d8,
fead,
fba5,
f997,
f794,
f887,
fb99,
fc9b,
fe20,
ffc7,
ff33,
fd01,
fead,
01a6,
0244,
01b3,
013b,
0218,
033c,
0388,
016f,
ffed,
ffeb,
ff30,
fe37,
fd36,
fc95,
fc77,
fd3b,
fe83,
0034,
0182,
0164,
015f,
0214,
028b,
020d,
015a,
00c1,
001a,
ff9d,
ff05,
fe7b,
fe1a,
fdfa,
fde2,
fe09,
fe99,
ff0c,
ff61,
ffed,
0050,
ffd5,
ff74,
ffc4,
006e,
018e,
0261,
0288,
0003,
0003,
0002,
0001,
ffff,
fffd,
fffc,
fffc,
fffd,
fffe,
fffe,
ffff,
0001,
0002,
0005,
0004,
0004,
0002,
0000,
fffd,
fffc,
fffc,
fffd,
fffe,
fffb,
fffd,
0002,
0001,
0007,
fffb,
0009,
ffec,
0013,
ffdd,
0020,
ffd2,
0036,
002b,
0ca9,
155d,
f4a6,
e43e,
f25a,
f8c1,
098b,
1f9a,
2157,
21e7,
2589,
0d3b,
fd15,
f890,
d781,
c9db,
e300,
eafd,
e580,
ed09,
f72a,
02aa,
148e,
1af5,
169d,
1a8c,
16c1,
09ef,
023d,
fc13,
f33a,
ed10,
ebb3,
ebdc,
f282,
fa7d,
fda8,
00ca,
0696,
0884,
0725,
0831,
0860,
0658,
03e5,
0254,
007f,
ff85,
fdce,
fae6,
fae5,
fbf6,
fb83,
facf,
fb98,
fc8a,
fde9,
fffa,
019a,
036f,
04ee,
050d,
047a,
0427,
0306,
0103,
ff17,
fd7a,
fc82,
fc12,
fbee,
fc2c,
fd05,
fdf8,
fece,
ffff,
014c,
023e,
02a0,
0297,
0225,
0160,
0064,
ff7c,
ff23,
ff3d,
ff69,
ff82,
ff9a,
ff85,
0004,
0003,
0002,
0000,
0000,
fffe,
fffc,
fffd,
fffe,
ffff,
ffff,
0001,
0001,
0004,
0005,
0005,
0004,
0002,
0000,
fffe,
fffd,
fffc,
ffff,
ffff,
fffa,
0002,
ffff,
0008,
0000,
0005,
fffa,
fffa,
0003,
ffea,
0014,
ffe1,
0011,
02f2,
15db,
0d6a,
e554,
e3aa,
ef93,
fac8,
182a,
2958,
2594,
2b59,
21c1,
01e7,
fcb1,
ec55,
c84c,
d039,
e765,
e5ae,
e79e,
f050,
f6f2,
089f,
1b1e,
1a74,
1a0d,
1d33,
1378,
0865,
ffd9,
f7a7,
f0b2,
eaf3,
e7a8,
eb51,
f485,
fb7f,
ffc5,
0416,
089a,
0955,
0911,
09aa,
08be,
05ae,
02b7,
0163,
ffb7,
fe90,
fc12,
f9b8,
fa36,
fb55,
fb63,
fb2a,
fbd8,
fce4,
fef2,
010a,
02de,
04c9,
05af,
055d,
04ae,
03e2,
020c,
ffba,
fdc7,
fca7,
fc30,
fbcf,
fbb6,
fc24,
fd4e,
fe89,
ff9a,
00bc,
01c5,
0266,
027c,
0265,
01f5,
011b,
0002,
ff31,
ff17,
ff6c,
ffba,
ffd6,
ffbe,
ff85,
0003,
0002,
0000,
fffe,
fffe,
fffb,
fffb,
fffd,
fffe,
ffff,
0000,
0000,
0002,
0005,
0005,
0004,
0004,
0001,
fffd,
fffd,
fffb,
fffe,
0000,
fffa,
fffe,
0001,
0004,
0005,
fffd,
0005,
ffe9,
0012,
ffd6,
0028,
ffc5,
003f,
00e3,
125f,
16f9,
ebd3,
dc13,
eac8,
f686,
144e,
2cd8,
29a7,
2bac,
2903,
05d6,
f93d,
f1d7,
cb76,
c89a,
e3de,
e58d,
e478,
ee29,
f3ef,
03b1,
1b42,
1e95,
1adc,
1ed2,
17ad,
0b61,
0150,
f6fb,
ef37,
eaec,
e79f,
e873,
f14d,
fa84,
0057,
0477,
08ee,
0a2c,
099c,
0a6f,
098d,
063c,
0284,
00ef,
ff47,
fe50,
fcb3,
fa03,
f9ea,
fb20,
fb8f,
fb38,
fbb0,
fc85,
fe77,
00fd,
02b7,
0480,
05d0,
05e6,
0523,
0457,
029c,
0020,
fde2,
fc5c,
fbe1,
fbb1,
fb92,
fbaf,
fc99,
fe03,
ff57,
00b2,
01e4,
02a6,
02b8,
0288,
022b,
018b,
008e,
ff6a,
fee5,
ff18,
ff7e,
ffb2,
ffb9,
ff7e,
ff70,
0002,
0001,
ffff,
fffe,
fffc,
fffc,
fffd,
fffd,
ffff,
0000,
0002,
0002,
0005,
0004,
0005,
0003,
0001,
fffd,
fffd,
fffa,
fffd,
0000,
fffc,
fffc,
0003,
0000,
000b,
fff9,
000d,
ffe5,
0015,
ffd8,
0020,
ffcf,
003a,
ffed,
0ccd,
1d34,
f88a,
d732,
e2ed,
f16d,
0e16,
2e29,
3016,
2c8e,
2e50,
0d7e,
f5a8,
f440,
d2a8,
c34a,
ddf7,
e5a3,
e146,
eac8,
f2b6,
ff76,
1827,
2205,
1c85,
1dec,
1a8f,
0f88,
03b5,
f6d2,
ee79,
eb72,
e908,
e7b5,
edf7,
f80d,
0048,
0546,
0942,
0a55,
08f4,
09e6,
0a02,
0721,
02d3,
0083,
feba,
fde3,
fd84,
fb20,
fa23,
faef,
fbb8,
fb9e,
fbc6,
fc4c,
fdf2,
00b3,
0286,
0429,
0597,
05ff,
052f,
043d,
02f7,
00d2,
fe75,
fc84,
fbbc,
fb88,
fb99,
fbb9,
fc26,
fd4e,
feb9,
003d,
01b2,
02db,
0329,
02db,
0255,
01b5,
00f8,
ffe2,
ff0f,
fee5,
ff28,
ff62,
ff82,
ff66,
ff4c,
ff8c,
0001,
ffff,
fffe,
fffd,
fffb,
fffd,
fffe,
ffff,
0000,
0001,
0002,
0004,
0005,
0005,
0004,
0002,
fffe,
fffd,
fffb,
fffc,
0000,
ffff,
fffa,
0004,
fffe,
000d,
fffa,
000c,
ffed,
0008,
ffeb,
0004,
fff4,
000c,
ffd5,
06f8,
1dd0,
08d3,
d956,
d910,
eabb,
05a2,
2aff,
3705,
307f,
31f1,
1785,
f50e,
f295,
dad9,
c2ed,
d6e5,
e3f6,
de0d,
e6c4,
f25d,
fcfd,
1412,
225e,
1e18,
1caa,
1b7f,
1391,
06d2,
f6be,
eed9,
edfb,
eb15,
e81a,
ebad,
f454,
ff1f,
06ec,
0986,
09c4,
07f8,
07f1,
0979,
086d,
0362,
ffb7,
fe63,
fdd2,
fe82,
fce8,
faa0,
fa64,
fbd3,
fc95,
fc6f,
fc3f,
fd16,
ffe5,
0244,
0406,
0562,
05c3,
0507,
0415,
0312,
0143,
ff11,
fcec,
fbd5,
fb95,
fba4,
fbd3,
fc17,
fcdf,
fe2a,
ffc5,
0140,
0291,
033f,
032d,
02ba,
01fa,
0130,
0035,
ff53,
feef,
ff05,
ff27,
ff31,
ff28,
ff1e,
ff5d,
ffbd,
0000,
fffe,
fffd,
fffc,
fffc,
fffd,
fffe,
0000,
0002,
0002,
0004,
0005,
0006,
0004,
0002,
ffff,
fffd,
fffb,
fffb,
0000,
0001,
fffa,
0002,
0000,
0009,
0001,
0005,
fffc,
fff6,
0001,
ffe5,
0018,
ffd7,
001a,
027a,
18e2,
1787,
e4cd,
d0e8,
e184,
fc22,
2293,
3a58,
37a5,
35c0,
227f,
f9a2,
eec9,
e0cc,
c6fa,
d168,
dfd5,
da42,
e270,
f211,
fb6c,
0ff4,
2169,
1e05,
1b19,
1cd6,
1622,
0822,
f847,
f0ac,
f133,
ee71,
e8b3,
ea08,
f1ee,
fd4e,
0715,
09c2,
08cd,
06c3,
0684,
081b,
084c,
03ff,
ff54,
fdfd,
fe03,
ff6d,
feb2,
fbcf,
fa72,
fbc7,
fd46,
fd42,
fcb4,
fca7,
fecb,
0165,
037c,
0512,
058b,
04e2,
03ef,
0331,
01b2,
ffa2,
fd58,
fbf1,
fbab,
fbbe,
fbe5,
fc08,
fcbb,
fdf8,
ff8c,
00fc,
0218,
02ce,
0304,
02f2,
025e,
0182,
0074,
ff79,
fef8,
ff03,
ff2a,
ff15,
fef9,
fee5,
ff2e,
ffa4,
0012,
ffff,
fffe,
fffd,
fffc,
fffd,
fffd,
ffff,
0001,
0003,
0003,
0005,
0004,
0004,
0002,
0000,
fffd,
fffc,
fffa,
fffd,
0001,
fffd,
fffe,
0001,
0003,
000a,
fffd,
0009,
ffe7,
0011,
ffd2,
0028,
ffbf,
004b,
0015,
1092,
201b,
f74d,
cfb8,
d689,
f155,
172f,
36d6,
3e5b,
3b9c,
2d48,
03de,
ed30,
e2d8,
cd00,
ceed,
da1f,
d71f,
ddc9,
ef1a,
fa68,
0c34,
1ed8,
1e23,
1a1f,
1d65,
1777,
0820,
fa95,
f45c,
f442,
f1a2,
ea78,
e8a7,
f0c1,
fce7,
058c,
0825,
07d1,
05da,
0588,
0745,
0700,
0370,
ff9e,
fe2d,
fe0e,
ffd6,
0010,
fd35,
fb70,
fc4e,
fdaf,
fdae,
fd22,
fcd0,
fe33,
0063,
0251,
043a,
0527,
04c6,
03e4,
0354,
0228,
003b,
fdf6,
fc2d,
fba8,
fbd5,
fc17,
fc17,
fc8b,
fdbd,
ff61,
00e9,
01f2,
027d,
0290,
029e,
0262,
01c9,
00d5,
ffad,
feef,
fee4,
ff2f,
ff3d,
ff1f,
fee4,
ff01,
ff8a,
0011,
0077,
fffd,
fffd,
fffb,
fffb,
fffb,
fffd,
fffe,
0000,
0002,
0002,
0003,
0004,
0002,
ffff,
fffb,
fffa,
fff7,
fffb,
fffe,
fffd,
fffa,
0003,
fffd,
000d,
fff8,
000d,
ffe9,
000c,
ffde,
000e,
ffe2,
001f,
ffad,
07b3,
2050,
0c23,
d80a,
cdad,
e499,
09d2,
2dc8,
3ff8,
4203,
385a,
122c,
f0a3,
e4ae,
d1be,
cde0,
d62a,
d4b2,
d96a,
e9ff,
f654,
07b8,
1c37,
1d60,
1aa7,
1ec1,
16bd,
080e,
fed7,
f821,
f628,
f4d1,
ed57,
e85f,
ef84,
fbdc,
0436,
06b3,
0610,
04b0,
0486,
062f,
063c,
0362,
ff8b,
fe14,
fe83,
0013,
00bc,
fe7e,
fcbb,
fd03,
fe17,
fe24,
fd93,
fd0c,
fdbb,
ffb5,
0165,
0317,
044f,
047f,
03eb,
036d,
0274,
00ad,
fea1,
fcc1,
fbf4,
fbf3,
fc3b,
fc53,
fca1,
fd96,
fef5,
0087,
01b7,
0256,
026c,
025d,
021e,
0195,
00e5,
fffa,
ff32,
fed8,
ff0c,
ff4f,
ff68,
ff42,
ff20,
ff76,
fffb,
006e,
00b0,
fffe,
fffd,
fffd,
fffe,
fffe,
fffe,
0001,
0003,
0004,
0004,
0005,
0004,
0003,
ffff,
fffd,
fffb,
fffa,
fffe,
0001,
fffa,
0001,
0000,
000a,
0001,
0002,
fffd,
fff1,
0003,
ffdc,
001f,
ffcc,
002f,
017f,
182a,
1d4f,
ea2b,
ca25,
d82f,
fa97,
20a7,
3b87,
45be,
4205,
2392,
f992,
e807,
d7a6,
cc53,
d355,
d572,
d50b,
e2f4,
f1ba,
ffed,
1639,
1dce,
1af7,
1f6c,
18af,
0912,
0251,
fcc8,
f750,
f660,
f1ae,
ea47,
edab,
f89f,
01fb,
0662,
0595,
035a,
02c4,
0472,
0527,
0415,
00cf,
fe0f,
fe51,
001e,
013b,
ffa5,
fe07,
fd8d,
fe01,
fe85,
fe56,
fd8d,
fd2b,
fecb,
00bc,
0262,
038f,
03fc,
03d7,
0370,
0299,
00e2,
ff1c,
fd6e,
fc84,
fc50,
fc61,
fc98,
fcde,
fd9e,
feb4,
fffd,
0118,
01eb,
024a,
023e,
0211,
0181,
00c0,
ffe2,
ff42,
fefb,
ff16,
ff63,
ff8d,
ffa4,
ff80,
ff88,
ffdf,
0063,
00ac,
00aa,
fffe,
fffd,
fffe,
fffd,
fffd,
ffff,
0002,
0003,
0004,
0003,
0005,
0002,
0000,
fffc,
fffb,
fff9,
fffc,
0000,
fffe,
fffc,
0004,
ffff,
000d,
fff6,
000f,
ffe4,
0013,
ffd1,
0021,
ffc6,
0049,
ff84,
0ba5,
2399,
042d,
cf9f,
cd3b,
eb7b,
10b1,
3088,
44ea,
4898,
3495,
0927,
ed77,
deba,
ce18,
d05d,
d757,
d3cc,
da4d,
ebac,
f8c4,
0bcd,
1a8e,
1b0b,
1da6,
1c24,
0ef0,
067e,
012f,
f8d8,
f6cf,
f58b,
ee41,
ecdd,
f48d,
fd3d,
0432,
064c,
03b6,
0169,
01f2,
0364,
040a,
02ba,
ffda,
feb9,
ffa5,
0128,
00f8,
ff46,
fde9,
fd92,
fe53,
fec4,
fe2e,
fd37,
fddb,
ffaf,
0189,
0330,
03e6,
03ca,
0356,
02aa,
0131,
ff80,
fe09,
fcff,
fcac,
fcb7,
fcfa,
fd2b,
fd9a,
fe85,
ffa9,
00a0,
0142,
01b8,
01ec,
01f6,
0196,
00e2,
0006,
ff32,
fed9,
ff0c,
ff98,
ffe3,
ffe9,
ffc9,
ffc9,
ffec,
0030,
0086,
009d,
0081,
ffff,
fffe,
fffd,
fffe,
ffff,
0001,
0003,
0004,
0004,
0004,
0004,
0002,
ffff,
fffc,
fffa,
fffa,
fffe,
0002,
fffa,
0003,
ffff,
000b,
0000,
0005,
fffd,
fff2,
0002,
ffdd,
0020,
ffc9,
0030,
01e3,
1b33,
1d2b,
e3c6,
c603,
dbdb,
00a0,
2124,
3c99,
4b4b,
424d,
1d50,
f77c,
e541,
d448,
d064,
d7c8,
d5c7,
d407,
e259,
f1dd,
014d,
1368,
1896,
1870,
1ba6,
17d3,
0ea9,
0754,
fd37,
f68f,
f66a,
f33a,
ee84,
f115,
f83a,
feda,
0412,
0511,
0231,
0013,
014d,
032b,
03a5,
0251,
0078,
0008,
00f3,
01b0,
00a1,
fea0,
fd23,
fd60,
fe76,
fe97,
fdb4,
fd6d,
fe8c,
002b,
023c,
03d4,
0425,
0397,
02dd,
01c0,
001e,
fea3,
fd85,
fcf0,
fcdc,
fd34,
fd86,
fdad,
fe3a,
ff38,
0038,
00de,
0139,
0162,
0189,
0191,
0114,
0053,
ff84,
feee,
fed5,
ff65,
0019,
0060,
0032,
ffea,
fff5,
002b,
005a,
005b,
005b,
005e,
fffe,
fffe,
fffe,
fffd,
ffff,
0002,
0002,
0002,
0003,
0005,
0003,
0002,
fffe,
fffc,
fff8,
fffd,
0001,
0000,
fffb,
0006,
fffe,
000f,
fff3,
0013,
ffe0,
0015,
ffd0,
0020,
ffcd,
0043,
ff77,
0a86,
25d7,
05f5,
cb94,
cbc5,
eebf,
1173,
2df2,
468f,
4b2f,
3226,
0833,
ebcc,
dbf4,
d4a1,
d966,
d94b,
d20b,
d843,
e8bb,
f723,
0b0b,
1552,
1234,
1495,
19fe,
1811,
1197,
0665,
f9f6,
f643,
f5bf,
f171,
efee,
f438,
f998,
fed6,
02ae,
0304,
008d,
ff9b,
01ba,
03c9,
0423,
02ba,
013e,
0164,
0270,
020a,
ffd9,
fd7c,
fc62,
fd22,
fe1d,
fe16,
fd93,
fdc3,
feac,
0072,
02e4,
0445,
042e,
0375,
028d,
012f,
ffa7,
fe58,
fd64,
fd03,
fd1d,
fd74,
fda9,
fe03,
fec4,
ffa1,
0061,
00da,
0114,
0124,
0143,
0122,
009e,
fff4,
ff4b,
fefc,
ff39,
ffe3,
0071,
00a7,
0068,
0006,
ffe8,
0025,
0053,
0033,
001d,
003a,
fffe,
fffe,
fffe,
fffe,
0001,
0003,
0002,
0002,
0003,
0004,
0003,
0001,
fffd,
fffa,
fff9,
fffe,
0002,
fffc,
0000,
0002,
0005,
0007,
fff9,
000b,
ffe0,
001a,
ffc2,
0041,
ff9f,
0079,
001f,
175f,
2428,
e903,
c1ee,
da08,
ff4a,
1dce,
39b9,
4c46,
42e3,
1f78,
f71d,
e167,
db6a,
dd2d,
defb,
d6bb,
cfdc,
dc16,
ed2d,
ffba,
1106,
1088,
0c96,
1275,
1a27,
1a7d,
128a,
043d,
f9d5,
f854,
f495,
ef9a,
f0db,
f5e2,
fa64,
fddc,
001a,
003d,
ff5e,
0033,
0309,
051c,
051c,
0320,
01f2,
02ff,
03cf,
0220,
fec2,
fc77,
fc0e,
fcce,
fd50,
fd56,
fd77,
fdc5,
fe7c,
00a1,
0359,
048b,
0436,
0366,
0273,
0133,
ffd8,
fe89,
fd93,
fd34,
fd28,
fd44,
fd7d,
fe1d,
ff05,
ffc4,
0049,
00aa,
00e7,
0107,
0122,
00df,
0059,
ffc7,
ff50,
ff45,
ffcd,
0076,
00bc,
00a5,
004e,
fff6,
ffd3,
fff6,
001c,
0023,
0010,
001a,
fffe,
fffd,
fffd,
ffff,
0002,
0003,
0002,
0002,
0004,
0004,
0003,
ffff,
fffc,
fff9,
fffc,
0000,
0002,
fff8,
0006,
fffc,
000f,
fff6,
000c,
fff1,
fffe,
fff6,
ffea,
0015,
ffdc,
0006,
03de,
231f,
16a3,
d0d9,
c4df,
e9be,
0b38,
2821,
4419,
4ba1,
3633,
0d69,
e7ce,
de17,
e356,
e58c,
e0c5,
d29d,
ce3a,
df32,
f346,
0734,
1062,
0b1e,
09a0,
1252,
1ba8,
1af6,
10f8,
02d2,
fd32,
fb26,
f30d,
ee66,
f140,
f6b6,
fa7c,
fc38,
fca4,
fd9c,
fed8,
012c,
04b8,
06a9,
05b6,
0360,
0349,
048f,
04c0,
0200,
fdfc,
fc03,
fc15,
fc62,
fc15,
fc51,
fcf2,
fd6d,
fe60,
00d0,
0388,
04aa,
0455,
0377,
029b,
0198,
0065,
ff11,
fe09,
fd68,
fcf2,
fccc,
fd25,
fe16,
ff0a,
ffa1,
0003,
006c,
00bd,
00f7,
011c,
00d0,
0044,
ffb3,
ff7e,
ffd2,
007e,
00f5,
00e5,
0071,
ffec,
ffb8,
ffbf,
ffd6,
ffeb,
0005,
0003,
0009,
fffd,
fffc,
fffe,
0000,
0003,
0002,
0002,
0002,
0005,
0003,
0002,
fffc,
fffc,
fff7,
fffd,
0001,
0001,
fff9,
0008,
fffa,
0013,
ffed,
001c,
ffd8,
001f,
ffc6,
0029,
ffc4,
004f,
ff54,
0a47,
2996,
03b5,
c278,
ce09,
f683,
135f,
317e,
4b15,
4675,
28b1,
fc76,
dd5a,
e24b,
ee0d,
eada,
df9b,
cf00,
cce8,
e23e,
fa0b,
0a08,
0cad,
0840,
08c1,
1373,
1c7b,
198e,
0e9c,
035b,
0051,
fcd8,
f3c6,
ee51,
f163,
f6e6,
f987,
f9b7,
f9dc,
fbc0,
fe59,
0245,
05fd,
0793,
0606,
0420,
04bd,
05e5,
0573,
01f5,
fde6,
fc13,
fc31,
fbd0,
faf1,
fb15,
fbd9,
fcc3,
fe51,
010b,
0383,
04b6,
048a,
03b7,
02f7,
022c,
011a,
ffc9,
feaf,
fd9f,
fcad,
fc41,
fcb1,
fde7,
fedf,
ff42,
ff8f,
001f,
009e,
010d,
012e,
00d2,
004d,
ffd8,
ffe6,
007a,
0125,
0136,
00d8,
0031,
ff8e,
ff6a,
ff96,
ffc0,
ffcd,
ffdb,
ffd6,
fff8,
fffc,
fffc,
fffe,
0001,
0003,
0002,
0001,
0001,
0004,
0003,
0002,
fffc,
fffc,
fff8,
ffff,
0003,
ffff,
fffc,
0006,
fffb,
0011,
ffed,
001f,
ffcf,
0030,
ffaa,
0057,
ff86,
00a9,
fef6,
1154,
2a6b,
f1e3,
bcb7,
d813,
ff94,
195f,
392a,
4e3f,
3f45,
1b9c,
ee7d,
d8e9,
eaf6,
f743,
ed11,
de19,
cc38,
cc30,
e55e,
fe7c,
0986,
0961,
06f8,
08c9,
1413,
1cdf,
18a4,
0c93,
03c7,
0211,
fddb,
f571,
f0bc,
f253,
f607,
f7c3,
f6e2,
f7b1,
fab1,
fdfb,
0259,
06a2,
0806,
060a,
052b,
0631,
0714,
0627,
0263,
fe38,
fc6a,
fc49,
fb43,
fa20,
f9e2,
fa7c,
fbbe,
fe13,
011c,
037f,
04c8,
04a3,
0402,
0376,
02cf,
01c6,
0093,
ff6e,
fdee,
fc86,
fbd0,
fc55,
fd9e,
fe7b,
feb7,
ff07,
ffc2,
007c,
0122,
0136,
00de,
0078,
003d,
0075,
010b,
0190,
015a,
00c6,
fff8,
ff59,
ff36,
ff5d,
ff89,
ffa9,
ffb3,
ff93,
ffc9,
fffc,
fffd,
ffff,
0002,
0003,
0001,
0000,
0001,
0003,
0002,
0000,
fffd,
fffc,
fff9,
ffff,
0004,
fffd,
ffff,
0003,
0000,
000c,
fff3,
001a,
ffd0,
0032,
ffa3,
0069,
ff6c,
00cf,
ff0e,
16e4,
2836,
e522,
bbcc,
dfbf,
058b,
1ddd,
3e6e,
4ebe,
37da,
1075,
e4f4,
d984,
f3bd,
fd7b,
eed0,
dcac,
c9f9,
ccd2,
e7c7,
ff10,
07ba,
0886,
05d6,
0762,
1477,
1dd7,
1878,
0bcc,
03b5,
0235,
fe70,
f72e,
f3fe,
f51d,
f5ba,
f4c8,
f440,
f63e,
f992,
fd79,
01ec,
065a,
07ee,
064a,
05f4,
0753,
0858,
0711,
0319,
fece,
fcf9,
fc70,
faf0,
f986,
f906,
f95c,
fa78,
fd43,
00c8,
0393,
04de,
049f,
0437,
03ef,
0376,
0278,
0163,
0027,
fe5a,
fc91,
fb9b,
fc23,
fd4a,
fde8,
fe0b,
fe81,
ff63,
0047,
010c,
012f,
0103,
00c4,
00ab,
00eb,
018d,
01ea,
017e,
00ca,
ffe1,
ff31,
ff03,
ff34,
ff54,
ff5f,
ff5c,
ff4b,
ff9a,
fffd,
fffc,
fffd,
0002,
0002,
0000,
fffe,
0001,
0002,
0002,
0001,
fffd,
fffb,
fff9,
0000,
0004,
fffb,
0000,
0001,
0003,
0005,
fff5,
0013,
ffd4,
002e,
ffa4,
006c,
ff67,
00d5,
ff42,
19c3,
25d5,
deaa,
bcc0,
e418,
08db,
208f,
40e8,
4d9f,
31a2,
08dd,
e063,
dc24,
fa0d,
0208,
f0c5,
db8a,
c91f,
ce6b,
e83c,
fcd4,
061c,
0833,
0498,
059e,
136f,
1ebc,
19dc,
0c66,
03d7,
01d7,
fe27,
f87c,
f746,
f810,
f6bf,
f300,
f150,
f48a,
f8a7,
fc83,
00fb,
05a8,
0753,
0687,
06b4,
07f2,
094e,
0840,
0413,
ff8f,
fdc2,
fcb6,
fac9,
f94f,
f896,
f88b,
f948,
fc07,
ffe7,
0367,
04e1,
0488,
044d,
044b,
0419,
0334,
0228,
00cf,
fedb,
fcd6,
fbaa,
fc12,
fcfc,
fd5f,
fd63,
fdef,
fef2,
fffc,
00d0,
0115,
011f,
00ff,
00ff,
0154,
020d,
0257,
01b9,
00ce,
ffd2,
ff23,
fee3,
ff09,
ff1a,
ff09,
feea,
fef1,
ff7b,
fffd,
fffd,
ffff,
0003,
0003,
0001,
ffff,
0000,
0003,
0002,
0001,
fffd,
fffb,
fffb,
0002,
0005,
fffb,
0000,
0001,
0002,
0006,
fff6,
0015,
ffd4,
002f,
ffa3,
006e,
ff65,
00d9,
ff2e,
1984,
2588,
de73,
bd48,
e4dd,
09c7,
215b,
4105,
4c2f,
2d72,
0521,
dfa8,
de96,
fe49,
05f3,
f2c7,
db5b,
c9ab,
cfad,
e6e8,
f9a6,
0430,
075c,
0368,
03fc,
1193,
1e2f,
1c25,
0f32,
04a5,
01b9,
fdd7,
f8cc,
f9a4,
facf,
f7de,
f2e1,
efe1,
f1f8,
f73a,
fbec,
ff76,
0448,
06f4,
0694,
0703,
0888,
09cb,
091e,
0572,
00a6,
fe87,
fd4a,
fb00,
f94a,
f88a,
f813,
f848,
fad2,
feb1,
0297,
048f,
0477,
0449,
048c,
04b8,
03f7,
02e7,
0171,
ff6c,
fd43,
fbef,
fc21,
fcce,
fcfb,
fcd4,
fd52,
fe6a,
ff99,
007b,
00d4,
0117,
0132,
0150,
01b9,
0280,
02c6,
0208,
00ee,
ffda,
ff29,
fecd,
fec8,
fec9,
fec5,
fea9,
fea2,
ff39,
fffd,
fffc,
ffff,
0001,
0002,
0001,
fffe,
0000,
0003,
0001,
ffff,
fffc,
fffb,
fffa,
0001,
0004,
fffc,
ffff,
0003,
fffe,
0009,
fff0,
001a,
ffce,
0034,
ff9f,
0070,
ff66,
00db,
fede,
1644,
2714,
e449,
bd75,
e269,
083a,
1ffa,
3ef5,
4ae2,
2c08,
04cc,
e1a5,
e041,
00b1,
0967,
f4f0,
dc9d,
cb3a,
d038,
e4ed,
f612,
010d,
05b5,
02a5,
0236,
0f22,
1ced,
1d90,
1309,
07a1,
0256,
fdd3,
f94a,
fa72,
fc6e,
f95d,
f307,
ef77,
f0c1,
f531,
fa65,
fe4f,
0291,
0601,
06cf,
072b,
08ae,
0a23,
09b6,
068a,
021c,
ff92,
fdf5,
fb97,
f983,
f897,
f7fa,
f7b4,
f9b5,
fd6d,
0161,
03b5,
0424,
0435,
04b3,
0531,
04b1,
039c,
0214,
0002,
fdc9,
fc61,
fc5c,
fcce,
fcc0,
fc6d,
fcca,
fdcb,
fef5,
fff8,
008c,
0101,
0154,
0198,
0206,
02c6,
031a,
026f,
0150,
000b,
ff17,
fea2,
fe96,
fe8d,
fe8c,
fe7e,
fe6d,
feeb,
fffc,
fffc,
ffff,
0002,
0004,
0000,
fffe,
ffff,
0001,
0001,
0001,
fffc,
fffd,
fff9,
ffff,
0003,
0001,
fffc,
0005,
fffa,
0010,
ffea,
0021,
ffc8,
0036,
ffa4,
0063,
ff78,
00c0,
feba,
1063,
28cd,
f03f,
be6a,
dcbe,
044d,
1c47,
3acd,
49f1,
2db1,
0739,
e595,
e0f5,
0144,
0cfa,
f7b0,
df44,
cd60,
cfd4,
e2e0,
f26c,
fca1,
032b,
0231,
00be,
0bf0,
1ad2,
1e9c,
16c1,
0b8b,
04bc,
fee2,
f9c7,
faa9,
fce4,
fa4b,
f3a6,
ef16,
f00a,
f452,
f880,
fc71,
0126,
04bc,
0669,
0789,
08d9,
09f3,
0a14,
0787,
036d,
00e7,
feff,
fc50,
f9ef,
f8cf,
f80f,
f784,
f8e4,
fc26,
0006,
0298,
0369,
03d9,
04c1,
058a,
0543,
043e,
02ba,
00b3,
fe73,
fcf2,
fcad,
fcf0,
fcb7,
fc30,
fc46,
fd08,
fe2e,
ff6f,
0050,
00ee,
0166,
01b7,
021c,
02e6,
0371,
02df,
01b0,
004f,
ff22,
fe83,
fe76,
fe70,
fe5c,
fe45,
fe43,
fec8,
ffff,
ffff,
0002,
0005,
0005,
0003,
0002,
0001,
0004,
0003,
0004,
ffff,
0000,
fffb,
0001,
0005,
0006,
fffa,
000a,
fff7,
0016,
ffec,
0023,
ffd2,
002b,
ffc0,
003b,
ffb8,
0066,
ff31,
090d,
277f,
018c,
c37b,
d436,
fdfe,
1665,
33df,
4864,
321a,
0c6c,
eb75,
e152,
ff71,
10c3,
fbac,
e2dc,
d099,
cee7,
e090,
ef23,
f727,
ff26,
018e,
fff2,
0894,
177e,
1e84,
1a93,
0fe9,
07e8,
01d8,
fb0e,
fa3d,
fd21,
fafe,
f412,
eef4,
eede,
f361,
f7e1,
faa4,
feca,
0359,
05da,
0771,
093e,
09e5,
09e6,
0861,
04d1,
0215,
0042,
fd82,
fa86,
f912,
f858,
f79e,
f857,
fafe,
fe9a,
015a,
028c,
0339,
046d,
05a1,
05b1,
04bd,
0357,
018d,
ff5f,
fdb2,
fd19,
fd28,
fcca,
fbfe,
fbc6,
fc54,
fd70,
fed6,
0009,
00d2,
0156,
01b1,
021f,
02f4,
03a1,
0331,
0202,
00a8,
ff6e,
feaa,
fe6b,
fe4c,
fe35,
fe2c,
fe2d,
fead,
fffd,
fffc,
fffd,
0000,
0002,
0000,
fffe,
fffd,
0000,
0000,
0001,
fffc,
fffc,
fff9,
fffc,
0000,
0005,
fff7,
0005,
fff6,
000d,
fff1,
0011,
ffeb,
0003,
fff1,
fff0,
0016,
ffd8,
001a,
0283,
2075,
1459,
d0c5,
cab7,
f48e,
0f0f,
29c1,
44a5,
3845,
1450,
f393,
e2c0,
fa8b,
139d,
01ee,
e6b0,
d501,
cea4,
dd1c,
ec63,
f20d,
f93e,
ff8a,
fff2,
05d0,
135e,
1cca,
1d33,
14ec,
0bdc,
056c,
fdc3,
fa23,
fcb5,
fc1d,
f500,
eeb2,
ed80,
f1a5,
f71e,
f9ff,
fca3,
00e4,
04e3,
0737,
0946,
0a25,
09d7,
08cd,
0612,
0357,
0172,
fefe,
fba5,
f966,
f898,
f7f2,
f809,
f9da,
fd29,
0018,
01a9,
028c,
03c7,
053e,
05d3,
0539,
03e6,
026d,
0091,
feb7,
fd9a,
fd3d,
fcca,
fbf5,
fb88,
fbc7,
fcb5,
fe23,
ff94,
0094,
0145,
01be,
0210,
02ba,
038a,
0371,
0263,
0115,
ffd7,
feee,
fe88,
fe53,
fe2e,
fe29,
fe29,
fe7b,
ffff,
ffff,
ffff,
0001,
0003,
0002,
ffff,
ffff,
0000,
0002,
0003,
0000,
fffd,
fffd,
fffc,
0001,
0006,
fffd,
0000,
0001,
0002,
0006,
fff9,
0010,
ffde,
0022,
ffbb,
0054,
ff8a,
00ac,
ff35,
1413,
216b,
e878,
c5ae,
e703,
06f7,
1d89,
3c4d,
3e2b,
1e7d,
fdcb,
e776,
f392,
12a6,
0b2c,
ebe3,
d965,
d0ac,
d8be,
e8cf,
eed5,
f2b1,
fac4,
ffc6,
0428,
0f2a,
1a08,
1dea,
191a,
10f6,
09dc,
012c,
fb20,
fc1c,
fce7,
f6ed,
ef5a,
ec09,
ef1e,
f571,
f946,
fb8f,
feb0,
02c6,
065d,
0935,
0a7f,
0a25,
094b,
070c,
047f,
02b1,
0082,
fd31,
fa37,
f8d2,
f820,
f7ed,
f8e8,
fba4,
fecb,
00cb,
01ea,
0311,
0493,
0592,
058e,
048f,
034c,
01cf,
ffe1,
fe2e,
fd4d,
fce2,
fc1e,
fb71,
fb57,
fbfe,
fd5d,
ff11,
0064,
0123,
019c,
01e3,
0267,
034d,
03a5,
02d9,
0189,
0044,
ff48,
feda,
feaf,
fe60,
fe20,
fe0e,
fe40,
0000,
ffff,
ffff,
0000,
0002,
0001,
ffff,
fffe,
ffff,
0003,
0002,
0001,
fffc,
fffe,
fffb,
0000,
0002,
0003,
fff9,
0006,
fff8,
000f,
fff0,
0019,
ffde,
001d,
ffce,
002b,
ffc8,
004d,
ff57,
0743,
219c,
05a6,
cd5b,
d717,
fc65,
11af,
2e09,
3ff2,
2a5f,
0968,
f0d8,
eeb0,
0b23,
1428,
f583,
dced,
d493,
d63e,
e317,
ec74,
ee25,
f36a,
fd19,
035c,
0b81,
168d,
1d20,
1b70,
1574,
0f75,
05f2,
fd25,
fbad,
fd3f,
f945,
f15a,
ebd5,
ec50,
f29e,
f7c7,
fa6d,
fd35,
00a1,
0461,
0837,
0ad9,
0ac2,
09e9,
082b,
0591,
03bd,
0207,
fef9,
fb75,
f969,
f84a,
f7b0,
f828,
fa46,
fd58,
ffba,
0138,
026b,
03e1,
0515,
0590,
0530,
042c,
02c8,
00e5,
ff0b,
fdb0,
fcfc,
fc44,
fb68,
fb02,
fb77,
fccc,
fe84,
fffa,
00bb,
0134,
01a3,
0237,
031b,
03a9,
0327,
01fa,
00da,
ffdf,
ff44,
ff08,
fea9,
fe2e,
fdf3,
fe04,
0002,
ffff,
fffe,
0000,
0001,
0002,
0000,
fffd,
ffff,
0001,
0001,
0002,
fffe,
fffd,
fffd,
fffe,
0001,
0005,
fffb,
0001,
fffd,
0006,
0000,
0003,
0002,
ffee,
000e,
ffd9,
0032,
ffb6,
0062,
002e,
154d,
1b3a,
e5e8,
ccfc,
ecdc,
077a,
1ce8,
38b8,
35b1,
1609,
fcba,
f152,
ffe2,
15e7,
044b,
e2d1,
d722,
d76d,
ddb7,
e7ba,
ec40,
ed39,
f66e,
0186,
0904,
12ca,
1b1b,
1c75,
184f,
143e,
0c5c,
0132,
fbcc,
fca7,
fb67,
f450,
ed50,
eac5,
ef0f,
f565,
f8ef,
fbab,
fee8,
0276,
0611,
0a0d,
0ba4,
0ace,
094d,
06ef,
04c8,
0330,
00c6,
fd09,
fa38,
f8ba,
f7a2,
f77a,
f902,
fbe9,
fe88,
0060,
01c5,
0346,
04ba,
0575,
0578,
04ca,
039e,
01df,
ffef,
fe3c,
fd17,
fc55,
fb7e,
fb0f,
fb62,
fc5c,
fdb2,
ff24,
002f,
00d7,
017a,
0219,
02d9,
0383,
036f,
0291,
018a,
008b,
ffa9,
ff32,
fede,
fe67,
fe02,
fdd6,
0003,
0000,
fffe,
fffe,
0000,
0001,
0000,
fffe,
fffe,
0000,
0001,
0001,
0000,
fffc,
fffe,
fffc,
ffff,
0002,
0002,
fffa,
0003,
fffa,
000c,
fff5,
0012,
ffe5,
0012,
ffdc,
001d,
ffd6,
0039,
ff7c,
06b0,
1d62,
068c,
d4bb,
daf3,
fb72,
0e40,
27d3,
39a9,
2524,
07f7,
fa9c,
facb,
0d6f,
10b1,
f075,
d8dc,
d8a8,
dc95,
e1e0,
e8c9,
ea8a,
eece,
fbd5,
06a4,
0f76,
1841,
1c26,
19ed,
173d,
129a,
07a0,
fe17,
fba5,
fc16,
f7b0,
f039,
eb27,
ebf2,
f1f4,
f706,
fa25,
fd1b,
00b7,
040a,
07d4,
0b77,
0c03,
0a85,
085b,
061f,
043e,
0244,
fee1,
fb35,
f931,
f7fc,
f736,
f7ef,
fa73,
fd31,
ff4e,
0115,
02b4,
045f,
056b,
0598,
0525,
0438,
02a9,
00a9,
fed9,
fd5a,
fc79,
fbe0,
fb6c,
fb5c,
fbd2,
fcc4,
fe23,
ffa3,
00a9,
0158,
01e6,
028f,
035b,
03c3,
0340,
021c,
00fc,
0005,
ff63,
ff08,
fe97,
fe12,
fdbd,
0005,
0002,
ffff,
ffff,
ffff,
0000,
0000,
fffe,
fffc,
fffe,
0000,
0001,
0001,
0000,
fffe,
fffd,
fffe,
0000,
0004,
fffe,
fffe,
0000,
0001,
0003,
fffd,
0007,
ffeb,
000e,
ffda,
0028,
ffc3,
004d,
fffd,
0f9a,
1a6e,
f141,
d351,
ea46,
02b8,
14af,
2f88,
3219,
15da,
0356,
ff71,
0548,
1172,
01e7,
e10a,
d7ce,
dd05,
df5b,
e3de,
e808,
e96e,
f3da,
0246,
0bec,
14bb,
1b1c,
1ac3,
184b,
1714,
0f2a,
0323,
fc2b,
fb5e,
f9fb,
f3ec,
ed5f,
ea94,
ee29,
f42b,
f887,
fba3,
fee2,
025d,
05a6,
09b8,
0c4b,
0bd7,
09d1,
0781,
0557,
037a,
00ce,
fcac,
f99c,
f847,
f77f,
f77f,
f925,
fbc6,
fe0d,
002c,
0228,
0400,
0563,
05ba,
053f,
045a,
0322,
016c,
ff97,
fdf9,
fcdc,
fc2a,
fb90,
fb3a,
fb64,
fc28,
fd6c,
ff02,
0055,
013b,
01ec,
0280,
032c,
03c3,
03a0,
0293,
015a,
0062,
ff9c,
ff15,
fea2,
fe27,
fdd2,
0006,
0004,
0001,
ffff,
ffff,
0000,
0000,
0000,
fffe,
fffe,
0000,
0002,
0002,
0002,
ffff,
fffe,
fffe,
ffff,
0002,
0004,
fffb,
0001,
fffe,
0008,
fffc,
0007,
fff6,
fffc,
fff9,
fff8,
0007,
fff1,
fffb,
02eb,
15f8,
0ff2,
e377,
dac5,
f4ce,
0637,
1ba2,
31a5,
2679,
0d48,
05cc,
05c7,
0c48,
0c86,
f0b8,
d98d,
dbf4,
dfa2,
e04c,
e52c,
e64f,
eade,
fb46,
08d5,
1035,
17d0,
1baa,
194e,
185f,
1591,
0a70,
ff6e,
faea,
fa58,
f70c,
f0cd,
eb97,
eb58,
f0a4,
f63d,
fa30,
fd6c,
00ea,
0421,
0797,
0b2f,
0c50,
0b01,
08d7,
068a,
045a,
0240,
fec2,
fabc,
f88b,
f7c1,
f785,
f849,
fa73,
fce3,
ff25,
0170,
038b,
052b,
05a7,
0526,
0452,
037a,
0249,
0094,
fec0,
fd27,
fc1f,
fb7d,
fb37,
fb50,
fbd1,
fcd6,
fe6b,
0024,
014a,
0201,
0285,
02f5,
0363,
0387,
02ea,
01b8,
00a8,
ffcb,
ff1d,
feaf,
fe58,
fe01,
0006,
0006,
0004,
0001,
ffff,
ffff,
0000,
0000,
0000,
fffe,
ffff,
0001,
0003,
0002,
0002,
ffff,
ffff,
fffe,
0001,
0003,
0001,
fffc,
0003,
fffe,
0009,
fff9,
000b,
ffee,
0009,
ffea,
000f,
ffe9,
0018,
fff8,
0715,
17b4,
03b9,
de80,
e422,
f9e5,
0945,
214f,
2e4d,
1c4d,
0bef,
0b1c,
0ad0,
0d9b,
01bb,
e3c4,
d8ec,
dfe5,
e0a7,
e111,
e4e6,
e5d7,
ef8a,
02a4,
0e4f,
135d,
18bd,
1ace,
1988,
18a9,
121c,
058f,
fc8b,
f9d5,
f85c,
f40c,
ee8d,
eb27,
ed12,
f2f6,
f848,
fc1f,
ff97,
02f9,
0606,
0973,
0bee,
0b9b,
09b4,
0790,
053e,
0312,
0086,
fcce,
f9a2,
f827,
f781,
f7ae,
f96a,
fbed,
fe1e,
0078,
02de,
0481,
0535,
0529,
04a1,
03e4,
02eb,
015e,
ff5f,
fd7c,
fc3e,
fba3,
fb3b,
fb1d,
fba0,
fcb5,
fe2b,
ffe1,
013e,
01f5,
0268,
02c4,
0301,
031c,
02d7,
01f3,
00e6,
0017,
ff59,
fec3,
fe78,
fe45,
0005,
0005,
0004,
0001,
ffff,
ffff,
fffe,
ffff,
ffff,
fffe,
fffd,
ffff,
0001,
0002,
0002,
0001,
fffe,
ffff,
fffe,
0001,
0002,
ffff,
fffc,
0001,
ffff,
0007,
fffa,
000a,
ffeb,
000f,
ffe1,
001e,
ffd2,
0037,
0089,
0af9,
1597,
f9b6,
df9d,
eb1f,
fbf7,
0ce1,
241d,
2884,
1663,
0f2a,
1091,
0cc1,
08c5,
f62f,
dd9b,
db3f,
e1cb,
e10e,
e178,
e441,
e821,
f5e4,
088c,
122f,
1587,
18bf,
19f9,
1a2d,
17cb,
0dc2,
0122,
fa15,
f82e,
f5fb,
f1bc,
ed79,
ebd4,
ef2b,
f55c,
fa87,
fe55,
01c0,
04dd,
07dc,
0abf,
0bdf,
0a70,
082c,
05e6,
03a8,
019a,
fed4,
fb89,
f91d,
f7eb,
f7a0,
f87b,
faa2,
fd19,
ff5e,
01a0,
039c,
04de,
0555,
050e,
0435,
0310,
01ba,
002e,
fe6e,
fcc1,
fb90,
fb16,
fb37,
fbd8,
fcd0,
fdec,
ff4b,
00c8,
01d3,
0254,
028e,
0294,
028b,
028b,
022c,
0144,
0058,
ff99,
feff,
feb1,
fe97,
0005,
0006,
0005,
0003,
0000,
fffe,
ffff,
fffe,
fffe,
ffff,
fffe,
fffe,
0000,
0002,
0003,
0002,
0001,
ffff,
0000,
0000,
0001,
0002,
fffd,
fffe,
ffff,
0002,
0003,
fffe,
0004,
ffee,
000d,
ffe2,
0022,
ffc7,
0066,
0184,
0dc0,
1147,
f394,
e336,
eeed,
fd75,
102a,
243f,
22ec,
14ea,
147a,
13f5,
0ab2,
0096,
ed3d,
dcb0,
de55,
e204,
e0c7,
e1bc,
e4f6,
ec60,
fc8e,
0d03,
1421,
1704,
191b,
197e,
197f,
1525,
099e,
fda3,
f7c8,
f624,
f3d5,
f05c,
ed83,
ed6c,
f198,
f7c8,
fcce,
007c,
039b,
0680,
093c,
0b3a,
0b1e,
0911,
06a8,
042f,
0211,
003b,
fda9,
fabb,
f8b8,
f805,
f829,
f96a,
fbba,
fe09,
0022,
0277,
047d,
054e,
051b,
045d,
0369,
0248,
00f0,
ff4f,
fd87,
fc13,
fb62,
fb77,
fbf6,
fcba,
fda9,
feb9,
ffff,
0140,
0202,
0243,
024d,
0245,
0240,
0220,
0198,
00bd,
fff6,
ff62,
ff05,
fee6,
0004,
0004,
0005,
0004,
0002,
0000,
ffff,
ffff,
ffff,
fffe,
fffe,
fffe,
0000,
0001,
0003,
0002,
0002,
0000,
0000,
ffff,
0000,
0000,
0001,
fffb,
0001,
fffd,
0006,
fffd,
0005,
fffa,
fffc,
0001,
fff1,
0011,
ffda,
0098,
02ad,
0f0d,
0c98,
f11c,
e67a,
f0af,
ff0b,
126a,
22e0,
1f2e,
16ef,
1938,
13d9,
05e3,
f8a8,
e7b9,
de49,
e0dd,
e18f,
e05d,
e232,
e6f5,
f1a1,
02e2,
1016,
1512,
17fc,
194a,
190e,
1792,
1124,
058d,
fb55,
f633,
f3ef,
f214,
eff0,
ee95,
ef96,
f411,
fa01,
fee1,
0264,
0501,
07a9,
09fc,
0afd,
09ee,
07af,
0557,
0309,
012e,
ff1a,
fc67,
f9e8,
f87c,
f82c,
f8cd,
fa89,
fcb5,
feb3,
00c5,
030b,
04b3,
0547,
04f0,
03ee,
02cb,
01a0,
0053,
fec8,
fd34,
fbfc,
fb88,
fbe1,
fc85,
fd49,
fe1d,
ff0e,
003a,
0152,
01f2,
022c,
023c,
0228,
0208,
01d2,
0144,
0081,
ffe3,
ff71,
ff22,
0003,
0004,
0005,
0005,
0004,
0001,
ffff,
ffff,
fffe,
fffe,
fffd,
fffe,
fffe,
0000,
0001,
0003,
0002,
0003,
0001,
0001,
fffe,
0001,
0000,
0000,
fffb,
0002,
fffc,
0008,
fff9,
000a,
fff1,
0009,
ffef,
0009,
fff0,
0011,
00be,
03da,
0f0a,
08cb,
f0b1,
e879,
f1cc,
00a0,
13c9,
2141,
1dcb,
1a40,
1b92,
10bf,
0000,
f2e1,
e544,
e02d,
e249,
e15c,
e06c,
e341,
ea14,
f6ef,
0834,
1292,
156d,
17ca,
18fe,
183a,
14df,
0ce2,
01e6,
f985,
f525,
f29b,
f10d,
f04f,
f039,
f1c7,
f665,
fc09,
0090,
03a2,
0601,
085a,
09fb,
0a39,
08bf,
06be,
04ca,
0290,
003d,
fdb6,
fb41,
f949,
f875,
f8a3,
f984,
fb2d,
fd1a,
ff16,
0169,
03b4,
04d2,
04e9,
0492,
03db,
02cb,
0175,
ffff,
fe69,
fcfa,
fc01,
fbbd,
fc0f,
fc9f,
fd5a,
fe2b,
ff32,
0068,
0173,
0204,
0242,
0251,
022e,
01fa,
01a6,
011b,
007b,
ffe6,
ff61,
0004,
0004,
0004,
0004,
0003,
0001,
0000,
fffe,
fffe,
fffe,
fffe,
fffd,
fffe,
ffff,
ffff,
0001,
0003,
0003,
0002,
0000,
0001,
ffff,
0000,
0000,
0000,
fffc,
0000,
fffc,
0006,
fff9,
0009,
ffee,
000c,
ffe6,
0017,
ffd7,
0055,
00e4,
04cb,
0e31,
066d,
f0d7,
e95f,
f2b9,
0208,
14e6,
204c,
1dfc,
1cd0,
1b6a,
0c0b,
fa72,
ef8a,
e520,
e14e,
e26f,
e1aa,
e159,
e582,
ee17,
fba9,
0ba4,
1467,
15f3,
169d,
17d1,
16f1,
11e8,
090e,
ff20,
f7dd,
f3f6,
f237,
f170,
f156,
f1c1,
f3ad,
f871,
fde3,
01be,
0427,
0676,
089e,
09ae,
098a,
082a,
0635,
0409,
01b6,
ff50,
fd02,
fafa,
f92c,
f81c,
f822,
f977,
fbb5,
fdd9,
ffc7,
01fd,
0403,
04eb,
0505,
04b0,
03e0,
02aa,
0142,
ffc6,
fe35,
fcc9,
fbca,
fb84,
fbcd,
fc67,
fd46,
fe50,
ff8d,
00d9,
01d2,
0247,
026e,
0265,
0227,
01db,
0184,
0107,
0064,
ffbd,
0004,
0004,
0004,
0004,
0004,
0003,
0002,
0000,
ffff,
fffe,
fffe,
fffd,
fffe,
fffe,
fffe,
0000,
0002,
0002,
0002,
0002,
0000,
ffff,
ffff,
ffff,
0000,
fffe,
fffe,
ffff,
ffff,
0003,
fffe,
0004,
fff4,
0007,
ffeb,
0013,
ffd8,
008f,
0117,
055c,
0d28,
051f,
f0aa,
e9c4,
f3a4,
03bf,
1643,
1fc0,
1e52,
1dfc,
1966,
06d5,
f652,
ee03,
e5ac,
e1dc,
e245,
e260,
e3a5,
e8d5,
f1e2,
ff6f,
0dcf,
153c,
15f8,
1599,
1602,
14b3,
0f50,
062d,
fce9,
f68d,
f340,
f254,
f2a2,
f2ff,
f30a,
f512,
fa13,
ff28,
026b,
0471,
0696,
089c,
099c,
0927,
075c,
0548,
0378,
0186,
ff2d,
fcb3,
fa2e,
f81c,
f775,
f836,
f9db,
fbff,
fe37,
0078,
02f4,
04d8,
055a,
050e,
047d,
03a3,
026d,
0116,
ff91,
fdd6,
fc42,
fb48,
fb27,
fb9a,
fc6e,
fd89,
fed0,
0027,
015a,
0220,
0271,
027e,
024f,
020c,
01d2,
0179,
00da,
001d,
0003,
0004,
0004,
0003,
0004,
0003,
0002,
0001,
0001,
0000,
ffff,
fffe,
fffe,
fffe,
fffe,
0000,
0002,
0003,
0003,
0003,
0002,
0002,
0001,
0000,
ffff,
0000,
fffe,
ffff,
ffff,
0002,
0002,
0001,
ffff,
fffb,
0000,
fff4,
0006,
ffef,
00b8,
0156,
0587,
0c63,
0443,
eff5,
e9dd,
f4e3,
0646,
178f,
1f06,
1e42,
1dd5,
1626,
023c,
f3dd,
ed0c,
e5e6,
e2a1,
e2fe,
e3d0,
e661,
ec10,
f508,
027b,
0faf,
1537,
14e6,
147f,
146d,
1240,
0c88,
0407,
fb88,
f5c5,
f33b,
f2f1,
f3cc,
f464,
f47b,
f64d,
faf3,
ffe4,
02f4,
04b9,
06a7,
0870,
0914,
088a,
0722,
056c,
0361,
00d2,
fe13,
fb92,
f974,
f7e7,
f778,
f842,
fa1f,
fc8d,
fef5,
0167,
03d7,
056b,
0590,
0507,
0453,
0342,
01e4,
0075,
fef8,
fd5e,
fbf0,
fb14,
fb12,
fbc4,
fcd8,
fe10,
ff47,
0080,
0197,
0246,
0285,
0289,
0267,
0210,
019f,
011e,
0088,
0002,
0003,
0004,
0003,
0003,
0003,
0003,
0002,
0001,
0000,
ffff,
fffe,
fffe,
fffe,
fffe,
ffff,
0000,
0001,
0003,
0003,
0002,
0001,
0001,
0000,
ffff,
ffff,
0000,
fffe,
fffe,
fffe,
0001,
0000,
0002,
fffe,
ffff,
fffc,
fffd,
fffb,
0011,
00e0,
0190,
0599,
0c09,
02f7,
ee71,
ea62,
f7c2,
099e,
181e,
1da9,
1d4a,
1c4e,
1237,
fe5e,
f203,
ec4f,
e67b,
e443,
e4e7,
e5bb,
e8a0,
eeaf,
f83a,
0571,
10ec,
1446,
12da,
12ef,
1334,
1047,
09f5,
0213,
fad3,
f5d7,
f3b1,
f3e9,
f511,
f574,
f550,
f73a,
fba9,
0019,
0307,
0500,
06ca,
082c,
08d9,
0894,
0722,
0511,
0289,
ff75,
fcb5,
faeb,
f971,
f80f,
f7b7,
f8d2,
fae0,
fd40,
ffa3,
021a,
0453,
0580,
057a,
04d5,
03dc,
0288,
0121,
ffe1,
fe9f,
fd39,
fbef,
fb3e,
fb6b,
fc35,
fd3e,
fe59,
ff7b,
00b1,
01c5,
0274,
02b1,
0296,
0235,
01ad,
0137,
00d9,
0000,
0002,
0003,
0004,
0003,
0003,
0003,
0002,
0002,
0001,
0000,
fffe,
fffe,
fffd,
fffd,
fffd,
fffe,
0000,
0000,
0002,
0002,
0002,
0002,
0000,
0000,
ffff,
ffff,
ffff,
fffe,
fffe,
ffff,
0000,
0001,
ffff,
0000,
fffe,
fffc,
ffff,
fff8,
0033,
0105,
01a6,
0597,
0bf9,
013e,
ec9d,
ebbd,
fb6a,
0c16,
17d8,
1c3c,
1be8,
1a60,
0eb1,
fb2a,
f09a,
ec7c,
e7b8,
e5fe,
e6eb,
e796,
ea6b,
f0ff,
fb40,
07f3,
1139,
128c,
10f0,
11ab,
120c,
0eaa,
080e,
0087,
fa13,
f615,
f49d,
f4fb,
f5f9,
f602,
f5cd,
f7e3,
fc64,
00b7,
033f,
0506,
0724,
08b6,
08d8,
07de,
0615,
03bf,
012e,
fe8d,
fc4a,
fab8,
f95f,
f850,
f86f,
f9cf,
fbd3,
fe03,
0044,
0291,
047b,
053d,
04ee,
044a,
0359,
020d,
00af,
ff6f,
fe38,
fd01,
fc02,
fb91,
fbd5,
fc97,
fd97,
feb9,
ffe9,
0115,
020e,
028d,
0287,
0236,
01c0,
014d,
0102,
ffff,
0001,
0002,
0003,
0003,
0002,
0002,
0002,
0002,
0001,
0000,
ffff,
fffe,
fffe,
fffd,
fffe,
ffff,
0000,
0000,
0001,
0002,
0003,
0002,
0000,
ffff,
ffff,
fffe,
ffff,
ffff,
fffe,
fffd,
0000,
ffff,
0003,
fffe,
0004,
fff9,
0001,
fffa,
ffff,
0052,
012d,
0197,
05d6,
0be8,
fe7a,
eb1d,
eeb6,
ff50,
0d97,
171d,
1a75,
1a07,
1817,
0afb,
f86b,
f07c,
ed7f,
e8f1,
e7be,
e8ba,
e959,
ec93,
f399,
fdd5,
0927,
107a,
10d2,
0f9a,
10db,
10f4,
0d09,
0645,
ff56,
f9c6,
f674,
f572,
f5c6,
f671,
f673,
f695,
f8f3,
fd58,
0113,
0364,
058d,
0778,
0860,
0812,
0693,
046f,
029f,
009c,
fe0b,
fc14,
facb,
f98f,
f8db,
f95e,
facd,
fccb,
fede,
00b8,
02a8,
0447,
04ce,
0467,
03b1,
02a9,
016c,
003d,
ff0a,
fde8,
fcf9,
fc48,
fc07,
fc6f,
fd3d,
fe31,
ff38,
0041,
0144,
0201,
023a,
020b,
01be,
0163,
0110,
fffd,
ffff,
0000,
0001,
0003,
0003,
0002,
0001,
0002,
0002,
0000,
ffff,
fffe,
fffe,
fffe,
fffe,
fffe,
fffe,
0000,
0000,
0001,
0002,
0002,
0002,
0001,
ffff,
ffff,
fffe,
fffe,
ffff,
fffe,
fffd,
0000,
ffff,
0003,
fffd,
0005,
fff4,
0008,
fff2,
0011,
006d,
0150,
016f,
068c,
0b3d,
fabd,
eaf1,
f2df,
029f,
0e56,
1638,
1856,
17cd,
1571,
0752,
f6e5,
f15c,
ee49,
e9e8,
e9a0,
ea75,
eb41,
ef51,
f603,
ff1f,
096a,
0fac,
0f8a,
0f13,
107b,
0f78,
0afe,
04a6,
fe5f,
f9c0,
f6fa,
f5bf,
f654,
f758,
f742,
f783,
fa1e,
fe54,
01b9,
03bb,
0560,
06d2,
071f,
066c,
056a,
03ef,
0211,
ffd2,
fd8c,
fc15,
fb2b,
fa41,
f9c2,
fa59,
fbd7,
fdab,
ff5b,
00fa,
02ca,
0404,
0418,
0381,
02b5,
01bc,
00ba,
ffd5,
fefc,
fe29,
fd52,
fcba,
fcb7,
fd39,
fdea,
feab,
ff84,
0063,
012b,
019e,
01ae,
0193,
015a,
010d,
fffd,
fffd,
fffe,
0000,
0002,
0002,
0002,
0002,
0002,
0002,
0002,
0001,
0000,
ffff,
fffe,
ffff,
fffe,
fffe,
ffff,
ffff,
0000,
0002,
0003,
0002,
0002,
0000,
ffff,
ffff,
fffe,
fffe,
ffff,
fffd,
fffe,
0000,
0001,
0002,
ffff,
0001,
fff6,
000c,
ffee,
0022,
0091,
0159,
015b,
07a7,
0955,
f6e2,
ec8d,
f75f,
051d,
0eb5,
1518,
1590,
1563,
12c2,
043e,
f67d,
f252,
ee96,
eb08,
ebc9,
ec75,
ed7b,
f165,
f76b,
001e,
09ff,
0f36,
0eb4,
0eac,
0f75,
0d8b,
08d1,
035a,
fe2a,
f987,
f6f2,
f68c,
f783,
f850,
f7e8,
f85e,
fb92,
ffb9,
0219,
0345,
043d,
04d8,
0576,
05b8,
04dc,
0355,
019c,
ff4f,
fd68,
fcb6,
fc0d,
fb2a,
fae6,
fb77,
fc95,
fe11,
ff8c,
0100,
0272,
032a,
02fa,
0276,
01e4,
012e,
0081,
ffe7,
ff3e,
fe8d,
fdda,
fd63,
fd6e,
fdde,
fe66,
fef5,
ff90,
002f,
00c2,
0123,
013f,
012c,
00fe,
fffd,
fffd,
fffe,
0000,
0001,
0001,
0002,
0001,
0001,
0002,
0001,
0001,
0000,
ffff,
fffe,
fffe,
fffe,
fffe,
fffe,
0000,
0001,
0002,
0003,
0003,
0002,
0001,
ffff,
ffff,
fffe,
fffe,
fffe,
ffff,
fffc,
0000,
ffff,
0003,
ffff,
0003,
fffc,
0000,
0004,
fff6,
0030,
00bf,
0131,
01ad,
08ac,
0610,
f3f1,
ef9d,
fb88,
06dd,
0ee9,
1358,
1268,
137b,
102e,
01b6,
f69b,
f2e5,
eecd,
ecbd,
ee3e,
ee5a,
ef01,
f298,
f8da,
021e,
0b2b,
0e75,
0d56,
0d8e,
0e05,
0c09,
07be,
0212,
fd03,
f97c,
f7b2,
f7b1,
f89a,
f8f1,
f8d7,
fa11,
fcf3,
fffe,
0148,
0172,
025f,
03ee,
04e7,
04d3,
03f2,
02ba,
0189,
000b,
fe92,
fda0,
fcd5,
fc04,
fb9c,
fbfc,
fce8,
fe18,
ff38,
005d,
0189,
0231,
0243,
0208,
01b5,
0139,
00af,
000e,
ff72,
fef2,
fe6a,
fe0b,
fe08,
fe44,
fe86,
fee7,
ff5d,
ffe6,
0079,
00cf,
00df,
00d2,
fffd,
fffd,
fffd,
fffe,
0000,
0000,
0001,
0002,
0002,
0002,
0002,
0002,
0001,
0000,
ffff,
ffff,
ffff,
ffff,
fffe,
ffff,
ffff,
0000,
0001,
0001,
0001,
0000,
0001,
ffff,
ffff,
fffe,
fffe,
fffe,
ffff,
fffc,
0002,
fffe,
0005,
fffe,
0004,
fff7,
0008,
fffa,
0004,
003d,
00ef,
00e7,
0287,
08e9,
01fc,
f2a5,
f37e,
fef5,
0819,
0eb7,
10bb,
0fba,
1233,
0d76,
ffaf,
f6e9,
f33d,
ef67,
eef1,
f044,
ef70,
f046,
f446,
fb1b,
046f,
0ba8,
0cc1,
0b96,
0cad,
0d55,
0acb,
05fe,
00af,
fc58,
f9d5,
f8df,
f8ba,
f9a3,
fa4a,
fa1e,
fae5,
fcbf,
fe28,
ff0f,
00b3,
0264,
0376,
0404,
03ef,
0396,
035b,
02a7,
010d,
ffb1,
fe8b,
fd0f,
fbdb,
fb7d,
fbee,
fcd8,
fdd1,
fe91,
ffa8,
0103,
01d4,
021a,
022c,
01f2,
0160,
00c8,
0040,
ffc8,
ff4d,
febf,
fe5b,
fe3e,
fe47,
fe6e,
fecc,
ff4c,
ffcf,
0043,
007e,
0091,
fffe,
fffd,
fffe,
fffe,
ffff,
0001,
0001,
0002,
0002,
0002,
0002,
0002,
0002,
0001,
0000,
0000,
ffff,
ffff,
0000,
0000,
0000,
0000,
0001,
0002,
0002,
0002,
0001,
0000,
0000,
0000,
ffff,
ffff,
0000,
0000,
ffff,
0003,
0001,
0006,
ffff,
0005,
fffa,
000d,
fff5,
0013,
0056,
0103,
00b4,
03bc,
07fa,
fe00,
f2f8,
f76e,
019e,
08f3,
0dd7,
0de4,
0e1c,
1107,
0a90,
fe33,
f742,
f36b,
f070,
f10b,
f192,
f083,
f221,
f6a8,
fd82,
05d3,
0b08,
0b2f,
0adf,
0c08,
0bc8,
08f8,
048c,
fff9,
fc63,
fa56,
f9f0,
fa6e,
fafa,
faa4,
f9ab,
f970,
fb03,
fd4a,
fefa,
00b2,
0248,
0361,
0404,
0457,
0454,
040f,
0351,
01ca,
001a,
fe49,
fc77,
fb3e,
fb1e,
fbcc,
fc98,
fd62,
fe58,
ffbc,
011a,
01fd,
0253,
0243,
0203,
01a2,
011b,
0077,
ffea,
ff55,
feb3,
fe43,
fe24,
fe3e,
fe79,
fed7,
ff4b,
ffc3,
001d,
0056,
ffff,
fffe,
fffe,
fffe,
fffe,
fffe,
0000,
0001,
0001,
0001,
0002,
0002,
0002,
0000,
0000,
0001,
0000,
0001,
0000,
0000,
ffff,
ffff,
0001,
0000,
0001,
0002,
0001,
0001,
0000,
0000,
0000,
ffff,
ffff,
0000,
ffff,
0000,
0001,
0003,
0002,
ffff,
0002,
ffff,
0009,
fff5,
001f,
0077,
00ea,
00cf,
04dd,
05e4,
fad6,
f496,
fb16,
038f,
093b,
0c51,
0b7c,
0d5f,
0f8e,
07c4,
fd1f,
f765,
f38c,
f1bb,
f2f3,
f2dc,
f237,
f44b,
f8b8,
ff60,
06c4,
0a62,
09e5,
09f4,
0ad5,
0a28,
07b7,
03c4,
ff72,
fc88,
fb6b,
fb28,
fb4a,
fa94,
f852,
f749,
f904,
fbe2,
fdf3,
ff3c,
00bc,
028b,
0462,
054d,
051c,
0495,
040c,
02ff,
015d,
ff89,
fd6d,
fbae,
fae3,
faf2,
fb8f,
fc89,
fd87,
feb7,
0060,
01b0,
023d,
025f,
0250,
0219,
01d0,
014d,
007a,
ffa7,
fef1,
fe66,
fe24,
fe20,
fe38,
fe78,
fee7,
ff67,
ffec,
0042,
fffe,
fffe,
fffd,
fffd,
fffd,
fffd,
fffe,
ffff,
0000,
0000,
0000,
0001,
0001,
0001,
0001,
0000,
ffff,
ffff,
ffff,
ffff,
fffe,
fffe,
fffe,
ffff,
0000,
0000,
0000,
0000,
0000,
ffff,
ffff,
ffff,
ffff,
ffff,
0000,
fffe,
0000,
0000,
0004,
ffff,
0003,
fffe,
0003,
0002,
fffe,
0027,
0096,
00ba,
0150,
0571,
0314,
f8f2,
f713,
fe2c,
04bc,
08f7,
0a82,
09ed,
0d3b,
0daa,
0501,
fc21,
f72a,
f403,
f3d8,
f519,
f40b,
f3a5,
f62d,
faea,
0186,
0706,
08ce,
08a8,
096c,
0a24,
090f,
0636,
027a,
ff52,
fd57,
fc4d,
fadf,
f8f4,
f7a7,
f752,
f85d,
fa9b,
fcee,
fe61,
ffde,
01ee,
03e6,
0557,
05c3,
0537,
0434,
031c,
01bd,
002f,
fe8f,
fcbf,
fb44,
faac,
fb0b,
fbde,
fcf1,
fe39,
ffac,
0115,
0206,
0273,
0282,
0267,
0222,
01a6,
00f2,
000f,
ff3b,
fe92,
fe2c,
fdff,
fe05,
fe41,
feaa,
ff34,
ffc3,
0036,
0000,
ffff,
ffff,
fffe,
ffff,
fffe,
ffff,
ffff,
0000,
0000,
0001,
0001,
0001,
0002,
0001,
0001,
0000,
0000,
0000,
0000,
ffff,
ffff,
0000,
0000,
0000,
0001,
0001,
0002,
0001,
0001,
0000,
0000,
ffff,
0000,
0000,
0000,
ffff,
0002,
0002,
0004,
0000,
0003,
fffe,
000a,
fffc,
0005,
0038,
00a9,
0091,
0219,
052b,
0038,
f875,
f9db,
0072,
053b,
085a,
08fc,
0972,
0ce6,
0af5,
024e,
fb4e,
f7a6,
f5cf,
f608,
f632,
f4e2,
f582,
f894,
fcc7,
0272,
06be,
07cb,
081c,
0910,
08dd,
0726,
04b9,
0206,
ffbe,
fd1a,
f9f9,
f7f2,
f7c9,
f858,
f8f0,
f9f5,
fba6,
fdc4,
ffb7,
0194,
0344,
0495,
0552,
053e,
0476,
0336,
01c8,
0048,
fef7,
fd9f,
fc42,
fb51,
fb08,
fb9b,
fcbf,
fdef,
ff0a,
0062,
01a9,
026b,
02af,
0297,
0246,
01c1,
0110,
0033,
ff71,
fee1,
fe5c,
fdfb,
fde3,
fe20,
fe97,
ff2d,
ffb5,
0019,
0000,
ffff,
fffe,
fffe,
fffe,
fffd,
fffe,
fffe,
ffff,
0000,
0000,
0001,
0001,
0001,
0001,
0001,
0001,
0000,
ffff,
ffff,
ffff,
ffff,
ffff,
ffff,
0000,
0000,
0001,
0001,
0001,
0001,
0001,
0000,
0000,
ffff,
0000,
0000,
ffff,
0000,
0001,
0002,
0002,
ffff,
0002,
0001,
0006,
fff9,
0010,
004d,
009b,
0094,
02e8,
0413,
fdce,
f91b,
fc7b,
01d8,
0563,
07df,
07e5,
0919,
0ba2,
07ee,
00a8,
fbc4,
f892,
f715,
f79d,
f770,
f65c,
f722,
fa19,
fe77,
037b,
068c,
06dd,
06b9,
0748,
0740,
0659,
0499,
013f,
fcf6,
f9de,
f8b6,
f8cf,
f977,
f9a4,
f9e7,
fb22,
fd3d,
ff71,
013d,
02a5,
0399,
0460,
048c,
03fd,
031f,
020b,
009a,
ff10,
fdf0,
fcfa,
fc37,
fbeb,
fc16,
fca5,
fda2,
fecd,
ffe0,
010f,
021b,
02a4,
02ac,
0259,
01ae,
00e5,
0035,
ff94,
ff09,
fe92,
fe2a,
fdf5,
fe24,
fea4,
ff30,
ffa3,
fff2,
0001,
0001,
0000,
0000,
0000,
ffff,
ffff,
fffe,
ffff,
0000,
0001,
0001,
0001,
0001,
0001,
0002,
0001,
0000,
0000,
ffff,
0000,
0000,
0000,
0000,
0000,
0000,
0001,
0002,
0002,
0002,
0002,
0001,
0001,
0001,
0000,
0000,
0001,
ffff,
0001,
0001,
0003,
0000,
0001,
0001,
0003,
0003,
fffd,
0019,
005d,
0080,
00e6,
0360,
0260,
fc4b,
fa8a,
fea1,
02d1,
059f,
06f7,
06ad,
08b1,
0a53,
062d,
ffca,
fb94,
f993,
f95e,
f945,
f7ec,
f75c,
f8d1,
fbf9,
004d,
03bf,
0489,
0435,
04e6,
06db,
080c,
05f8,
0147,
fd2e,
fb0c,
fa78,
fa9d,
fa7d,
fa2e,
fa44,
fb3a,
fd01,
ff1f,
00ae,
01b9,
02a7,
0339,
0389,
036c,
02bb,
01be,
00ca,
ffaf,
fe65,
fd6d,
fcee,
fccb,
fcdd,
fd39,
fdd1,
fe88,
ff75,
0091,
01a4,
0255,
0278,
0215,
017b,
00da,
0040,
ffb5,
ff30,
feb1,
fe52,
fe3d,
fe70,
fec8,
ff25,
ff7c,
ffcf,
0001,
0000,
0000,
0000,
ffff,
ffff,
fffe,
ffff,
ffff,
0000,
0000,
0000,
0000,
0000,
0000,
0001,
0001,
0000,
ffff,
ffff,
ffff,
0000,
ffff,
0000,
ffff,
ffff,
0001,
0000,
0001,
0002,
0001,
0001,
0000,
0000,
0000,
0001,
0001,
0001,
0000,
0001,
0001,
0001,
ffff,
0003,
0002,
0006,
fffe,
0002,
0024,
006b,
0068,
015e,
034e,
0090,
fbc5,
fc6c,
007c,
0333,
0508,
05b2,
0658,
0939,
08dd,
03b3,
ff78,
fd6c,
fb22,
fa39,
fa1f,
f8a6,
f8a9,
fae8,
fd5d,
ff62,
00a7,
014b,
03cf,
077d,
07df,
0510,
01a8,
fe8e,
fd03,
fce5,
fc4b,
fb2d,
fac7,
faec,
fb8b,
fd0f,
feb4,
ffdb,
00ae,
017d,
0230,
02a4,
02a3,
0223,
0187,
00d0,
ffe4,
feea,
fe45,
fdd0,
fd7b,
fd8b,
fddd,
fe40,
fead,
ff46,
0010,
010d,
01c2,
01d4,
0193,
0139,
00d7,
0065,
fff4,
ff67,
fee4,
fe96,
fe84,
feb2,
fef3,
ff25,
ff52,
ffa7,
0002,
0003,
0002,
0002,
0001,
0000,
0000,
ffff,
ffff,
ffff,
ffff,
0000,
0000,
0000,
0001,
0001,
0002,
0001,
0001,
0001,
0000,
0000,
0000,
0000,
0000,
0000,
0000,
0001,
0001,
0002,
0002,
0001,
0001,
0001,
0001,
0001,
0001,
0001,
0000,
ffff,
0001,
0001,
0000,
0001,
0004,
0002,
0003,
fffd,
000e,
002f,
005f,
006d,
01e7,
02b2,
ff1b,
fc89,
fe62,
00f3,
02be,
04d4,
05a1,
0650,
0824,
0799,
0469,
003a,
fd54,
fc45,
fb7f,
fa86,
f9cc,
fa0c,
fa3b,
f9eb,
fb5d,
001f,
0505,
0692,
05ee,
0451,
0218,
00a8,
0021,
fefd,
fd53,
fbfe,
fb2d,
fb5f,
fc4e,
fd23,
fde2,
fee5,
ffd3,
0094,
014f,
01a6,
01bb,
01c9,
0180,
00af,
ffd7,
ff5a,
ff09,
fecc,
fe88,
fe4a,
fe3b,
fe73,
fee3,
ff67,
ffea,
0057,
00c1,
010b,
0115,
00ef,
00c4,
0091,
003e,
ffd3,
ff50,
feec,
fed0,
fee7,
ff00,
ff13,
ff3c,
ff8c,
0001,
0002,
0001,
0001,
0000,
0000,
0000,
ffff,
fffe,
ffff,
ffff,
ffff,
0000,
0000,
0000,
0001,
0001,
0000,
0000,
0000,
0000,
0000,
0000,
ffff,
0000,
ffff,
0000,
0000,
0001,
0002,
0002,
0001,
0001,
0001,
0001,
0001,
0001,
0001,
0000,
ffff,
0000,
0001,
0001,
0001,
0002,
0002,
0002,
0005,
0003,
000b,
0039,
0052,
00a7,
0242,
020f,
fecf,
fd3d,
fece,
0148,
0365,
043d,
0448,
072c,
0a1f,
0770,
0314,
00af,
fe76,
fcc8,
fc29,
fafd,
f8f0,
f5af,
f3f5,
f8e9,
00ba,
047f,
0513,
04ae,
037b,
032e,
03a7,
0291,
0074,
fe59,
fc50,
fb7a,
fc06,
fc91,
fcb9,
fd25,
fe00,
ff3b,
0038,
007a,
009b,
0124,
0198,
0144,
0088,
ffff,
ffc7,
ffab,
ff98,
ff77,
ff1a,
feb2,
fe91,
fedb,
ff5c,
ffb4,
ffc7,
ffe7,
003c,
0090,
00b3,
00af,
00ab,
0096,
004a,
ffd1,
ff6c,
ff33,
ff0c,
fef4,
fef8,
ff1f,
ff63,
0003,
0003,
0003,
0002,
0001,
0000,
ffff,
ffff,
fffe,
fffe,
fffe,
fffe,
ffff,
0000,
0001,
0001,
0001,
0001,
0001,
0001,
0001,
0000,
0000,
ffff,
ffff,
0000,
0001,
0000,
0001,
0002,
0001,
0001,
0001,
0001,
0001,
0001,
0001,
0000,
ffff,
0000,
0000,
0001,
0001,
0002,
0000,
0003,
0004,
0006,
0000,
fffe,
0013,
0042,
004a,
0136,
0309,
015c,
fdc1,
fde0,
ffe2,
00d4,
0262,
04f9,
071b,
0922,
095a,
069b,
03bc,
00f9,
fe0c,
fc91,
fb09,
f601,
f0bb,
f236,
f8e7,
ff41,
0373,
04af,
0398,
03af,
055c,
05c7,
043b,
0172,
fe65,
fc8d,
fc45,
fc3a,
fc0b,
fc08,
fc62,
fd9d,
ff2d,
ffdd,
ffcc,
0031,
00dd,
0114,
00fd,
00b2,
004b,
0022,
004a,
004d,
0002,
ff90,
ff18,
fed9,
fee0,
fefe,
ff17,
ff39,
ff72,
ffc9,
002f,
0078,
00a8,
00d0,
00cd,
009d,
005d,
ffff,
ff8d,
ff2a,
fef0,
fee2,
fef9,
ff23,
0002,
0002,
0002,
0002,
0001,
0001,
0000,
ffff,
fffe,
fffd,
fffe,
fffe,
fffe,
ffff,
0000,
0000,
0001,
0001,
0001,
0001,
0000,
0000,
0000,
0000,
ffff,
0000,
0001,
0000,
0000,
0001,
0001,
0000,
0001,
0001,
0001,
0001,
0000,
ffff,
ffff,
0001,
ffff,
ffff,
0001,
0001,
0001,
0002,
0005,
0002,
0003,
ffff,
0002,
001e,
0053,
0112,
027b,
0265,
fff0,
fdc3,
fd64,
fefe,
0281,
0589,
06fa,
0879,
09bb,
0984,
06e3,
026f,
fe9a,
fbcd,
f77d,
f2a1,
f0bf,
f288,
f7c5,
fe57,
02ce,
0414,
0447,
0563,
06ed,
0732,
04e1,
0135,
fe46,
fce4,
fc81,
fc01,
fb38,
fb18,
fc28,
fdbc,
ff09,
ff9c,
ffc6,
0013,
008b,
00ee,
00f9,
00c0,
0097,
00ab,
00c2,
00a0,
0045,
ffc3,
ff49,
fef8,
febe,
fe8f,
fe86,
feb8,
ff1a,
ff9b,
001d,
0088,
00c5,
00e0,
00eb,
00eb,
00c4,
0057,
ffc9,
ff4b,
fefb,
fed5,
fed0,
fee0,
0003,
0003,
0002,
0003,
0001,
0001,
0000,
ffff,
fffe,
fffe,
fffe,
fffe,
fffe,
0000,
0001,
0001,
0001,
0001,
0002,
0001,
0001,
0000,
0000,
0000,
0000,
0001,
0000,
0000,
0001,
0001,
0001,
0001,
0001,
0001,
0001,
0002,
0001,
0000,
ffff,
0001,
0000,
ffff,
0000,
0001,
0004,
0001,
0004,
0003,
0005,
0003,
fffe,
0008,
00a2,
0197,
01cd,
022e,
00eb,
fd6b,
fcbf,
ff96,
024f,
056b,
0842,
0842,
0991,
0b6a,
0815,
0260,
fd80,
f802,
f409,
f307,
f1d9,
f2c3,
f84d,
fe0e,
01dc,
04b6,
0644,
0747,
084a,
0722,
03e0,
00cf,
fe65,
fcc8,
fbfb,
fb26,
fa74,
faf9,
fc63,
fdc7,
feec,
ff8d,
ffd7,
0038,
00c3,
0114,
0107,
00fd,
010a,
010a,
00e8,
00a7,
003e,
ffc2,
ff50,
fecc,
fe55,
fe20,
fe32,
fe80,
ff00,
ff9a,
003a,
00bc,
00f5,
0112,
0127,
011a,
00d3,
0056,
ffd1,
ff5f,
ff0c,
fed6,
feb6,
feae,
0003,
0003,
0003,
0002,
0001,
0000,
ffff,
fffe,
fffe,
fffe,
fffe,
fffe,
ffff,
0000,
0001,
0001,
0001,
0001,
0002,
0001,
0000,
0000,
0000,
ffff,
0000,
0000,
0000,
0000,
0000,
0001,
0001,
0001,
0001,
0001,
0000,
0000,
0001,
0000,
ffff,
0001,
0000,
0000,
0001,
0002,
0001,
0001,
0002,
0006,
0002,
0004,
fffc,
003f,
0158,
0241,
0191,
fffe,
ff56,
ff3b,
fef2,
ffb3,
02e0,
06bf,
085d,
08ea,
0a72,
0a73,
064f,
ff8d,
f969,
f5ec,
f436,
f2d6,
f2d6,
f570,
f992,
fe14,
0271,
05f3,
0862,
095d,
0811,
0558,
02b0,
0043,
fe29,
fc5e,
facf,
fa00,
fa60,
fb87,
fcd7,
fdff,
febc,
ff42,
001a,
00fe,
013f,
0128,
014d,
018e,
017e,
0120,
00b3,
0050,
fff6,
ff8b,
ff03,
fe6e,
fdf5,
fdc4,
fdfd,
fe94,
ff4d,
ffea,
0060,
00ca,
0133,
0176,
016c,
011b,
009f,
0015,
ffa2,
ff50,
ff0f,
fed2,
fea1,
fea2,
0002,
0002,
0002,
0001,
0000,
0000,
ffff,
ffff,
fffe,
fffe,
ffff,
ffff,
ffff,
0000,
0000,
0001,
0001,
0000,
0001,
0000,
0000,
ffff,
0000,
0000,
ffff,
0000,
0001,
0000,
0001,
0000,
0002,
0001,
0001,
0000,
0000,
0000,
0000,
0000,
ffff,
0000,
0000,
0001,
0001,
0001,
0001,
0001,
0003,
0006,
0001,
ffff,
001a,
0110,
02c2,
0257,
ff0d,
fd4a,
ff9f,
0180,
00ed,
01d8,
051b,
0759,
0827,
0a2c,
0a98,
0679,
ffb7,
fa56,
f84a,
f653,
f39e,
f31e,
f5b9,
f8dd,
fba9,
ff74,
039c,
07b6,
0a45,
0970,
065b,
0366,
013e,
ff63,
fd97,
fb69,
f9c2,
f99e,
fabb,
fc51,
fd94,
fe16,
fe45,
ff66,
00f1,
01a7,
018f,
0188,
01dc,
01fb,
01ba,
011e,
0066,
ffb9,
ff43,
fef9,
fe91,
fe15,
fda2,
fd99,
fe21,
ff04,
ffcd,
0042,
009d,
010b,
017c,
01a1,
0168,
00ea,
0056,
ffc7,
ff58,
ff21,
feea,
feae,
fea1,
fee8,
0002,
0001,
0001,
0000,
ffff,
fffe,
fffe,
fffe,
fffe,
fffe,
ffff,
0000,
0000,
0000,
0000,
0001,
0000,
0000,
0000,
0000,
ffff,
ffff,
0000,
ffff,
0000,
ffff,
ffff,
0000,
0000,
0000,
0000,
0000,
0000,
ffff,
ffff,
ffff,
ffff,
ffff,
0001,
0000,
0001,
0002,
0001,
ffff,
0002,
0002,
0004,
ffff,
ffff,
0003,
00ce,
033c,
0349,
feb7,
fc39,
fe63,
006f,
026d,
0498,
05f4,
0701,
0722,
088d,
0a88,
070c,
fde5,
f82e,
f8ce,
f86c,
f596,
f3e9,
f57e,
f967,
fcc3,
ff00,
015a,
0577,
093c,
09fd,
07cb,
0449,
0169,
ff86,
fe36,
fc63,
fa99,
f99c,
f9e9,
fb92,
fd48,
fde2,
fdb7,
fe9c,
005c,
019a,
01ed,
01f6,
0225,
023e,
0229,
01a7,
00e5,
ffef,
ff00,
fe6f,
fe2a,
fdfc,
fdb6,
fd9b,
fdea,
feba,
ff9d,
0038,
00ae,
0111,
0165,
018e,
0178,
0113,
0088,
fff8,
ff71,
ff1b,
fee2,
feaa,
fe97,
fee1,
ff5f,
0000,
0000,
ffff,
fffe,
fffe,
fffe,
fffe,
fffe,
fffe,
ffff,
ffff,
ffff,
0000,
0000,
0000,
0000,
0000,
0000,
0000,
ffff,
ffff,
ffff,
ffff,
ffff,
ffff,
0000,
0000,
0000,
0000,
0000,
0000,
0000,
ffff,
fffe,
ffff,
ffff,
ffff,
0000,
0001,
0001,
0000,
0002,
0000,
0000,
0001,
0003,
0000,
fff9,
fffb,
0095,
0389,
0442,
feb6,
fb70,
fd7d,
ff74,
01e8,
0555,
0878,
09c9,
07cf,
0717,
0931,
063b,
fcfb,
f698,
f654,
f777,
f752,
f5d2,
f5dd,
f98c,
fdc9,
00c3,
0292,
0458,
06bd,
08a9,
0827,
0530,
0208,
ff7a,
fdcb,
fc88,
fb66,
fa64,
fa19,
fb25,
fcb4,
fd9f,
fdac,
fe4a,
ffb9,
0123,
0205,
024d,
0264,
027d,
026e,
01fd,
0151,
0050,
ff21,
fe3c,
fdb0,
fd73,
fd63,
fd85,
fe04,
fecd,
ff86,
0019,
00be,
0151,
018e,
0177,
0141,
00fe,
00a3,
0019,
ff7c,
ff11,
fed0,
fea2,
fea0,
fee1,
ff4e,
ffbe,
0001,
0000,
ffff,
fffe,
fffe,
ffff,
ffff,
0000,
0000,
0000,
0001,
0001,
0001,
0001,
0001,
0001,
0000,
0000,
0000,
0001,
0000,
0000,
0000,
0000,
0000,
0001,
0001,
0001,
0001,
0000,
0000,
0000,
0000,
ffff,
0000,
fffe,
0000,
0001,
0003,
0002,
0001,
0001,
0001,
0003,
0002,
0001,
fffa,
fff7,
006d,
03c1,
0512,
fedf,
fae6,
fcb5,
fe6c,
01a0,
0615,
0920,
0b7f,
0ae2,
083d,
0830,
04c6,
fadd,
f4d0,
f52c,
f54c,
f5b9,
f6c8,
f748,
fa22,
fe9f,
021b,
0496,
066b,
0699,
0682,
06a9,
04f8,
0224,
ffa6,
fdac,
fc16,
fb58,
fae0,
faa2,
fb81,
fcb4,
fd3f,
fd81,
fe6b,
ffac,
00c7,
01b9,
025b,
02af,
02c5,
0297,
021b,
0183,
009a,
ff51,
fe2d,
fd69,
fcfd,
fce5,
fd3b,
fdfb,
feee,
ffaf,
0038,
00e2,
018a,
01ce,
019b,
0136,
00cc,
0062,
fff7,
ff86,
ff1c,
fec2,
fe88,
fe8b,
fedd,
ff5b,
ffc2,
000d,
0000,
ffff,
ffff,
fffe,
fffe,
ffff,
0000,
0000,
0001,
0001,
0001,
0001,
0001,
0001,
0001,
0000,
0001,
0001,
0000,
0000,
0000,
0000,
0000,
0000,
0001,
0001,
0002,
0002,
0001,
0001,
0000,
0000,
0000,
0001,
ffff,
ffff,
0001,
0002,
0002,
0003,
0001,
0001,
0004,
0002,
0004,
fff7,
fffa,
005e,
03f0,
05ae,
fefd,
fa7a,
fc16,
fd9d,
0137,
06ce,
0a88,
0ca3,
0c07,
09b5,
093a,
0458,
f8df,
f269,
f329,
f3ab,
f470,
f5bd,
f702,
fafd,
0008,
036c,
062f,
0878,
0835,
06ea,
05c0,
0387,
00fb,
fed9,
fd3c,
fc0a,
fb5d,
facf,
fab6,
fbd6,
fd24,
fd7f,
fd7b,
fe5f,
ffca,
00ef,
01b4,
0237,
02b4,
0309,
02d0,
0224,
0197,
00bf,
ff5a,
fe19,
fd38,
fc9a,
fc6f,
fce0,
fdc4,
fee1,
ffd3,
008d,
014c,
01de,
0206,
01c8,
0152,
00c3,
0036,
ffaf,
ff31,
fee8,
fec2,
fea2,
fe92,
febf,
ff32,
ffb4,
0023,
006f,
fffd,
fffd,
fffe,
fffe,
ffff,
ffff,
0000,
0001,
0001,
0000,
0000,
0000,
0000,
0000,
0000,
0000,
ffff,
0000,
0000,
ffff,
ffff,
ffff,
0000,
0000,
0001,
0002,
0000,
0000,
ffff,
fffe,
ffff,
ffff,
ffff,
fffe,
ffff,
0000,
0000,
0001,
0001,
0001,
fffe,
0003,
0000,
0003,
fff6,
fff9,
0062,
0435,
062d,
fef5,
fa01,
fb8b,
fcfa,
00d4,
0776,
0c0e,
0e25,
0d97,
0a47,
08bf,
0477,
f891,
f09a,
f124,
f1b1,
f245,
f4e8,
f714,
fa53,
0043,
0531,
0816,
0a76,
09e8,
07a4,
0631,
03d8,
0002,
fced,
fb6f,
faea,
fb53,
fb41,
facf,
fbad,
fd4e,
fdf0,
fe05,
fed4,
fff2,
0103,
01d1,
0260,
02df,
0328,
02ce,
0210,
0194,
00d3,
ff6d,
fdf6,
fce8,
fc3b,
fc1b,
fca5,
fd8b,
fe97,
ffac,
00bc,
01bd,
026f,
0281,
0209,
016b,
00ca,
0029,
ff88,
fee8,
fe88,
fe7a,
fe8b,
fea2,
fed7,
ff27,
ff8a,
fffe,
006f,
00b8,
fffe,
fffe,
fffe,
ffff,
0000,
0001,
0002,
0002,
0001,
0001,
0001,
0000,
0000,
0000,
0000,
0000,
ffff,
0000,
0000,
ffff,
0000,
0000,
0001,
0001,
0001,
0001,
0001,
0000,
ffff,
ffff,
0000,
ffff,
fffe,
ffff,
ffff,
0001,
0001,
0001,
0001,
ffff,
0002,
0000,
0006,
fff8,
fffa,
0073,
04aa,
06a7,
fea5,
f96d,
fb2a,
fca7,
00bf,
0819,
0d94,
0fd7,
0f28,
0b26,
0808,
02b9,
f722,
eff7,
f095,
f07b,
f045,
f30e,
f6b8,
fad8,
007f,
055a,
0923,
0cae,
0c03,
0889,
064e,
0452,
00a7,
fc81,
f993,
f88e,
f9df,
fb1f,
fb33,
fbd4,
fd4d,
fe05,
fe73,
ffac,
00c8,
0167,
01db,
0284,
0328,
035e,
02c1,
01cf,
0155,
00af,
ff6d,
fdf5,
fcc3,
fc04,
fbf0,
fc77,
fd5e,
fe88,
ff99,
0091,
01ae,
02ac,
02f4,
0284,
01c3,
00ea,
0022,
ff6c,
fecb,
fe62,
fe40,
fe4e,
fe84,
fee2,
ff40,
ff90,
ffe9,
004d,
009f,
00cb,
fffd,
fffe,
ffff,
0000,
0001,
0002,
0002,
0001,
0002,
0001,
0000,
0000,
0000,
0000,
0000,
0000,
0000,
0000,
0000,
0000,
0000,
0001,
0002,
0002,
0001,
0001,
0000,
ffff,
ffff,
ffff,
0000,
fffd,
fffe,
ffff,
0001,
0001,
0000,
0001,
fffe,
0002,
fffe,
0007,
fff8,
fffb,
006e,
0509,
0768,
fe7c,
f88c,
fa93,
fc39,
00a3,
08a9,
0ed2,
11c8,
114f,
0c6c,
07bc,
0161,
f4ff,
eda4,
efd1,
f0d8,
efa1,
f125,
f59f,
fada,
00da,
0618,
095c,
0d25,
0db8,
0a35,
06cc,
047c,
0132,
fd04,
f9a5,
f75a,
f7b1,
f96b,
fa90,
fbb4,
fd54,
fe24,
fea8,
0057,
01c2,
0247,
0293,
030e,
0368,
0366,
02ae,
0185,
00e4,
0036,
ff02,
fdac,
fcaf,
fc28,
fc1e,
fc80,
fd41,
fe88,
ffcf,
00b9,
018b,
0260,
02d2,
02a7,
021c,
0143,
0041,
ff59,
feb7,
fe5d,
fe38,
fe31,
fe50,
feb7,
ff3d,
ffac,
0001,
004b,
008a,
00bb,
00ca,
fffd,
fffe,
0000,
0001,
0002,
0002,
0002,
0002,
0001,
0001,
0001,
0000,
0000,
0000,
0000,
0000,
0000,
0000,
0000,
0001,
0001,
0001,
0002,
0002,
0001,
0000,
0000,
fffe,
ffff,
ffff,
fffd,
ffff,
ffff,
0001,
0002,
0000,
0001,
fffd,
0003,
fffc,
0009,
fff7,
0002,
0058,
055a,
0885,
fe62,
f742,
f9d6,
fbcf,
009f,
0982,
0ff0,
1377,
13d9,
0df3,
07b3,
0069,
f2bc,
eab1,
edc9,
f01a,
efde,
f108,
f4b5,
fac0,
0180,
06b4,
09ee,
0da8,
0e1d,
0ab9,
074b,
04ba,
019f,
fd59,
f9d1,
f77b,
f750,
f85c,
f937,
fa6a,
fc6f,
fe0c,
fefb,
00cb,
026e,
032e,
038e,
0403,
043a,
03cf,
029c,
00f9,
0044,
ffbe,
fe60,
fce8,
fc2f,
fc1e,
fc68,
fced,
fd99,
fec9,
0024,
0117,
01c9,
0257,
027c,
022c,
01ca,
0144,
0074,
ff81,
feb0,
fe47,
fe30,
fe3b,
fe5d,
feb4,
ff33,
ffac,
0015,
006a,
00a1,
00ba,
00b8,
0094,
fffe,
ffff,
0001,
0001,
0002,
0001,
0001,
0001,
0000,
ffff,
ffff,
ffff,
ffff,
ffff,
ffff,
ffff,
ffff,
ffff,
0000,
0001,
0002,
0002,
0001,
0000,
ffff,
ffff,
fffe,
fffe,
fffe,
fffd,
fffe,
ffff,
0000,
0001,
ffff,
0002,
fffa,
0005,
fff9,
0009,
fff4,
0005,
0038,
0576,
0a02,
feb0,
f58b,
f8cb,
fb42,
0084,
0aac,
1153,
14bd,
1674,
0ff4,
07be,
ffe7,
f099,
e719,
eb9d,
ef0a,
eeba,
f0bf,
f4c1,
fb27,
02f9,
080d,
0a46,
0e17,
0ecd,
0aa3,
06d8,
0449,
013b,
fd75,
fa42,
f798,
f73d,
f8a4,
f976,
f9cf,
fb17,
fce7,
fe81,
00eb,
030d,
03fa,
0454,
04c4,
04fe,
0492,
0318,
00db,
ff98,
fef2,
fdbe,
fc63,
fb9f,
fb79,
fc04,
fd31,
fe53,
ff79,
00a9,
0191,
0240,
02af,
0284,
01d5,
012c,
00a0,
001b,
ff8a,
fed8,
fe40,
fe0c,
fe25,
fe68,
feda,
ff5f,
ffd4,
003a,
0094,
00c4,
00bd,
009d,
0077,
0050,
0001,
0003,
0004,
0004,
0004,
0003,
0003,
0003,
0002,
0002,
0001,
0001,
0000,
0000,
0001,
0001,
0001,
0002,
0003,
0003,
0003,
0003,
0003,
0001,
0001,
0000,
0000,
0001,
ffff,
ffff,
0002,
0001,
0004,
0000,
0005,
fffa,
0006,
fff8,
000b,
fff6,
000a,
0010,
0544,
0bcf,
ffc5,
f380,
f753,
fa8b,
0013,
0bef,
133f,
15fc,
18c1,
1262,
0821,
ffdd,
eedb,
e2ce,
e8c0,
ee22,
ed88,
eff7,
f457,
fac6,
04cc,
0b61,
0bb4,
0e4e,
0f4d,
0acb,
0686,
034c,
ffb2,
fc56,
fa0b,
f7a2,
f74f,
f905,
fa22,
faa7,
fb9c,
fc9d,
fd92,
001c,
02f1,
048e,
0508,
0541,
053b,
04c4,
039c,
0134,
ff4d,
fe67,
fd51,
fbf7,
fb23,
fafa,
fb8c,
fcfd,
fe81,
fff9,
0169,
0259,
02ce,
0313,
02d5,
01e8,
00ea,
0014,
ff71,
ff09,
fe9c,
fe22,
fdf1,
fe14,
fe5c,
fee4,
ff95,
0026,
0091,
00e1,
00f8,
00d0,
0093,
0048,
0016,
0007,
0001,
0002,
0003,
0003,
0003,
0002,
0001,
0001,
0000,
ffff,
fffe,
ffff,
ffff,
ffff,
ffff,
0000,
0000,
0001,
0002,
0002,
0002,
0001,
0000,
ffff,
fffd,
fffe,
0000,
ffff,
fffd,
0001,
ffff,
0003,
fffd,
0004,
fff8,
0004,
fff5,
0007,
fff7,
000a,
ffef,
04a0,
0da0,
01fe,
f158,
f522,
f9ae,
ff1b,
0d00,
15ab,
178e,
1afa,
14cd,
089c,
008b,
ee11,
dddc,
e4e8,
ed46,
ec23,
eeb2,
f454,
fa58,
04c6,
0e7b,
0f14,
0fb1,
102e,
0afd,
063f,
02af,
fe2a,
f9fc,
f844,
f6cc,
f6e8,
f931,
fa9a,
fb9e,
fd61,
fe62,
fe34,
ffd0,
0272,
0436,
04f5,
0549,
0529,
047e,
0357,
0107,
ff3f,
fe62,
fd33,
fbc3,
faea,
fac5,
fb53,
fce0,
fe97,
002f,
01b4,
02c9,
035f,
039b,
0333,
020d,
00d6,
ffe4,
ff2e,
fe94,
fe00,
fd9c,
fd98,
fdeb,
fe5b,
fef7,
ffb2,
006d,
0107,
0150,
0146,
00f8,
008f,
0021,
ffdd,
ffd5,
ffcf,
0002,
0004,
0004,
0002,
0003,
0002,
0000,
0000,
ffff,
ffff,
fffe,
ffff,
ffff,
ffff,
0000,
0001,
0003,
0003,
0003,
0002,
0002,
0000,
ffff,
fffe,
fffe,
ffff,
fffe,
fffd,
0001,
ffff,
0005,
fffe,
0005,
fff9,
0003,
fff9,
0000,
fffe,
0004,
ffe6,
03a5,
0f06,
0567,
efb7,
f22d,
f8a9,
fdbe,
0d82,
187c,
195d,
1d5d,
1798,
0890,
0181,
eeff,
d906,
dfae,
ec6d,
eaf0,
ecaa,
f3cc,
fa6b,
04f4,
105d,
11e6,
11ec,
127e,
0c16,
060d,
0244,
fd18,
f7ad,
f58a,
f4ae,
f58a,
f8ac,
fa88,
fc3f,
ff4c,
0116,
004e,
0125,
033d,
043b,
0458,
046a,
046b,
03b8,
0288,
0055,
fed0,
fe3e,
fd1e,
fbcb,
fb1f,
fb00,
fb71,
fcf6,
fec4,
0083,
021c,
0306,
0374,
03d8,
03a0,
0252,
00d6,
ffb0,
fedc,
fe4b,
fdbd,
fd39,
fd1b,
fd7d,
fe22,
ff05,
fff7,
00b6,
0143,
01b1,
01c7,
0158,
00ab,
fff9,
ff96,
ff97,
ffa8,
ff97,
0004,
0003,
0003,
0002,
0001,
0000,
0000,
fffe,
fffd,
fffe,
fffe,
fffe,
ffff,
0000,
0000,
0002,
0003,
0003,
0003,
0002,
0000,
fffe,
fffe,
fffc,
ffff,
ffff,
fffb,
0000,
ffff,
0005,
fffe,
0003,
fffa,
fffd,
ffff,
fff6,
0008,
fff5,
fff8,
0270,
0fb1,
09df,
ef00,
ee71,
f759,
fc22,
0d2b,
1b62,
1b83,
1f94,
1b84,
0855,
017b,
f1d5,
d56e,
d8e2,
eb08,
ea56,
ea15,
f266,
fa1b,
053f,
1279,
1437,
1388,
15af,
0e85,
063d,
022f,
fc88,
f543,
f262,
f244,
f350,
f71c,
fa09,
fc90,
00b5,
03ce,
02ed,
0301,
0516,
059d,
04a5,
0398,
0306,
0251,
0191,
ff4c,
fd7f,
fd94,
fd0a,
fbb5,
fb3d,
fb92,
fbe5,
fd46,
ff31,
00f1,
028b,
035b,
0395,
03f3,
03f1,
029b,
00d1,
ff5e,
fe64,
fddb,
fd5a,
fce9,
fce2,
fd50,
fde2,
fed6,
0017,
010c,
0195,
01ed,
0219,
01c2,
00f7,
0004,
ff65,
ff5e,
ff80,
ff77,
ff7f,
0003,
0003,
0003,
0001,
0000,
ffff,
fffe,
fffd,
fffd,
fffe,
fffe,
fffe,
ffff,
0001,
0003,
0003,
0004,
0004,
0001,
ffff,
fffe,
fffc,
fffc,
fffe,
fffd,
fffa,
0000,
ffff,
0004,
0002,
ffff,
0001,
fff7,
000a,
ffe7,
0019,
ffde,
001b,
012d,
0f25,
0f6c,
f003,
e9be,
f58b,
fa80,
0bf1,
1dea,
1e20,
212a,
206a,
095f,
ffb0,
f578,
d4ab,
d115,
e830,
ea87,
e781,
f011,
f921,
04cc,
144d,
171e,
14d6,
18b0,
120a,
073d,
0256,
fc77,
f36c,
ef1c,
ef4d,
f017,
f524,
fa3a,
fcd9,
00dd,
05ca,
0606,
0502,
0695,
072e,
05b8,
03a8,
024b,
010b,
0066,
fe4e,
fbfc,
fc52,
fc9e,
fb8c,
fb09,
fbd0,
fc7a,
fdc6,
ffa7,
0157,
0316,
0418,
040e,
03f6,
0409,
02f0,
00f6,
ff23,
fdc4,
fd1a,
fcce,
fc8e,
fc9f,
fd3e,
fde2,
feb6,
0014,
014f,
01fa,
0236,
0244,
01ef,
0137,
0037,
ff60,
ff39,
ff6a,
ff7c,
ff76,
ff85,
0004,
0003,
0002,
0001,
0001,
0000,
fffd,
fffe,
fffe,
fffd,
fffc,
fffe,
ffff,
0001,
0003,
0003,
0005,
0003,
0001,
fffd,
fffe,
fffb,
fffe,
ffff,
fffc,
ffff,
0003,
ffff,
0007,
fff7,
000c,
ffe8,
001c,
ffd4,
002d,
ffc5,
004d,
0005,
0d28,
1660,
f4d8,
e908,
f69d,
f73c,
0970,
1eb5,
1d9b,
25b0,
27f1,
fe8d,
ef41,
f6af,
d863,
ceea,
e728,
e64f,
e41f,
f65d,
fe7b,
05d9,
1849,
19c3,
1449,
1b07,
175b,
0d1d,
0770,
fd7f,
f34a,
f013,
ec58,
e8d7,
ed3b,
f307,
f5e4,
f91c,
feb9,
0367,
06b6,
09f8,
0c89,
0d10,
0b52,
0988,
0716,
04ad,
0178,
fd22,
fa64,
f906,
f75e,
f621,
f686,
f760,
f980,
fcbb,
ff89,
025f,
0531,
06d0,
0761,
0791,
067b,
04a4,
0299,
0046,
fe30,
fc79,
faf9,
fa09,
fa4a,
fb2d,
fc3e,
fd7e,
feef,
0083,
01de,
02f9,
03a4,
03a3,
0338,
02ab,
01da,
00ee,
0000,
fef7,
fe1a,
fd8e,
0004,
0003,
0002,
0002,
0001,
ffff,
ffff,
fffe,
fffd,
fffd,
fffd,
fffd,
0000,
0003,
0003,
0005,
0004,
0002,
fffe,
fffe,
fffb,
ffff,
0000,
fffd,
fffc,
0006,
fffb,
000c,
fff3,
0011,
ffe4,
001c,
ffd9,
0021,
ffd8,
0036,
ffb8,
0983,
1b39,
fc5d,
e334,
f2f2,
f69e,
0631,
1f69,
20de,
256e,
2ddd,
04b5,
e9d3,
f83d,
ddcb,
c89b,
e292,
e7d9,
e02e,
f228,
fe72,
035c,
168d,
1cd2,
150d,
1b6d,
1b0b,
0fb4,
09bd,
008f,
f458,
ef77,
ec76,
e734,
e9bf,
f095,
f3f6,
f650,
fc63,
02fb,
06e6,
0a7d,
0e11,
0fa9,
0de2,
0baa,
08db,
058e,
01c5,
fcfb,
f9d5,
f84f,
f6a4,
f529,
f5b6,
f6e1,
f8d7,
fc1f,
feff,
01bf,
04c0,
06e9,
07a7,
07e2,
0709,
0554,
0364,
010a,
fee7,
fd11,
fb4d,
f9fe,
f9f2,
fa9f,
fb84,
fcc5,
fe46,
fff8,
018e,
02f1,
03dd,
03ff,
0397,
0301,
0225,
0121,
0029,
ff13,
fe14,
fd6d,
fd2b,
0004,
0003,
0002,
0002,
ffff,
fffe,
fffe,
fffc,
fffc,
fffc,
fffd,
fffe,
0002,
0003,
0005,
0004,
0003,
fffe,
fffe,
fffc,
fffd,
0000,
ffff,
fff9,
0006,
fffa,
000b,
fff4,
000d,
ffeb,
000b,
fff0,
fffd,
0005,
fffa,
ffec,
05b5,
1d05,
06f0,
dfbb,
ec30,
f54d,
03ac,
2032,
2489,
25dc,
3246,
0caf,
e526,
f60c,
e3db,
c49b,
dc2c,
e8e5,
de64,
ee2f,
fdbb,
0122,
148a,
1fb0,
16a8,
1ae2,
1e09,
130c,
0c04,
029f,
f5b6,
efc7,
eb5c,
e4ca,
e704,
ee22,
f1c9,
f527,
fb3f,
01f4,
070c,
0b8f,
0f54,
1170,
0fef,
0d4c,
0a66,
06ad,
0270,
fcb6,
f878,
f6d5,
f5ed,
f4cc,
f506,
f63a,
f85f,
fc09,
ff23,
01ec,
04e7,
06f8,
07bb,
0832,
077f,
0591,
0395,
0153,
ff2f,
fd51,
fb6e,
f9d2,
f98c,
fa41,
fb2b,
fc6c,
fde8,
ffb5,
017b,
02f5,
0410,
047a,
0421,
035d,
0254,
0126,
001c,
fefb,
fddf,
fd15,
fcbf,
fceb,
0004,
0002,
0002,
0000,
fffd,
fffd,
fffc,
fffb,
fffb,
fffd,
fffd,
0002,
0004,
0005,
0005,
0004,
ffff,
fffd,
fffd,
fffb,
0000,
0000,
fff8,
0003,
fffd,
0006,
fffc,
0001,
fffd,
fff1,
0010,
ffd5,
0033,
ffba,
0049,
0253,
1ab3,
13dc,
e1de,
e28d,
f291,
ffc1,
1f4b,
29db,
26c7,
341b,
17ce,
e393,
efd8,
eb3e,
c3c8,
d364,
e9b5,
de4c,
e99e,
fde2,
fe9d,
0f04,
2176,
195d,
197d,
205a,
16a6,
0e85,
061a,
f746,
f073,
ec76,
e26b,
e260,
ec0f,
f118,
f3fa,
f9d8,
0056,
065d,
0ca7,
106f,
125f,
117d,
0e6f,
0b87,
081f,
038a,
fcf5,
f7d3,
f5ce,
f51b,
f46f,
f495,
f58f,
f78b,
fb9a,
ff50,
0235,
0529,
073c,
07e2,
084d,
07ef,
05fb,
03cc,
0156,
ff08,
fd55,
fb9d,
f9d7,
f933,
f9dc,
fadd,
fc54,
fdf0,
ff8a,
0146,
02e6,
042d,
04c2,
0470,
037c,
0266,
0151,
0054,
ff28,
fdd2,
fcc8,
fc51,
fc8f,
fd50,
0004,
0004,
0001,
ffff,
fffe,
fffd,
fffc,
fffc,
fffc,
fffe,
0001,
0004,
0006,
0007,
0004,
0001,
fffd,
fffc,
fffb,
0001,
0001,
fffa,
ffff,
0002,
0001,
0006,
fff5,
000e,
ffe2,
0020,
ffc5,
0044,
ffa9,
006c,
004f,
1499,
1ee5,
ec7f,
d894,
ec91,
fbfe,
1a76,
2df8,
2be4,
33be,
221f,
e912,
e6e4,
f003,
c932,
c8ee,
e61a,
e1b8,
e513,
fc9c,
fff4,
0772,
1d46,
1dd5,
1a16,
2075,
1a0c,
10db,
09b3,
fa55,
f0ea,
ee62,
e247,
dcb8,
e953,
f2b2,
f361,
f708,
fe8e,
0585,
0cec,
118d,
1279,
11d6,
0fad,
0cbb,
08e3,
0447,
fdde,
f816,
f577,
f4e3,
f483,
f443,
f4c0,
f689,
fafd,
ff53,
0210,
04f1,
07a1,
0898,
0887,
080f,
0656,
042d,
0194,
fee2,
fd1a,
fbb1,
f9f2,
f8d9,
f971,
fab6,
fc3b,
fde5,
ff82,
013c,
02ee,
0444,
04cf,
047c,
0384,
0260,
015a,
0086,
ff84,
fe15,
fcc7,
fc27,
fc5a,
fd0e,
fddf,
0004,
0002,
ffff,
fffd,
fffc,
fffc,
fffb,
fffb,
fffe,
0000,
0004,
0005,
0008,
0005,
0002,
fffd,
fffc,
fffa,
ffff,
0002,
fffd,
fffc,
0005,
fffd,
000d,
fff2,
0012,
ffe2,
001b,
ffd0,
002d,
ffc8,
004c,
ff9f,
0cf9,
23d6,
fe3e,
d448,
e1a9,
f7a5,
143e,
2d3e,
3219,
3662,
29ce,
f322,
e0db,
efa7,
d290,
c2df,
dc1a,
e2f7,
e423,
f9d1,
01d3,
031a,
1553,
1ee3,
1d5d,
20d9,
1c2d,
12d0,
0c0b,
fdf8,
f320,
ef60,
e2b3,
da17,
e635,
f395,
f485,
f4b9,
fb8b,
0465,
0d02,
11ba,
1235,
119d,
0fc0,
0d57,
09ed,
0544,
fec0,
f8b3,
f5da,
f52e,
f516,
f497,
f446,
f576,
f9e0,
fedf,
01da,
048b,
077d,
091d,
0903,
084c,
069c,
045e,
01cb,
ff12,
fd44,
fbcf,
f9ff,
f8a1,
f909,
fa7f,
fc20,
fdc3,
ff5a,
0130,
02f0,
043a,
04c3,
0479,
0386,
0262,
0164,
009c,
ffc4,
fe72,
fd11,
fc3c,
fc44,
fcea,
fdc0,
fe81,
0002,
0000,
fffd,
fffc,
fffc,
fffc,
fffd,
fffd,
ffff,
0003,
0005,
0007,
0006,
0004,
fffe,
fffd,
fffb,
fffe,
0001,
0001,
fffa,
0005,
fffc,
000d,
fff7,
000e,
ffec,
000a,
ffea,
0007,
fffa,
000a,
ffca,
0607,
2182,
1171,
dac3,
d522,
ef5d,
0dbf,
28b3,
35da,
3ac3,
30dd,
006d,
dfc3,
eb72,
dc7a,
c439,
d067,
de31,
e2b5,
f760,
0325,
0028,
0ede,
1e30,
1ead,
217b,
1f9b,
14b0,
0bfb,
0151,
f745,
ef7b,
e277,
dad3,
e4b9,
f276,
f59e,
f4b5,
f8ce,
027b,
0c72,
10de,
1193,
1142,
0ee6,
0ca7,
0aa3,
0688,
0053,
f9f9,
f640,
f5bf,
f630,
f54d,
f441,
f528,
f8b7,
fd76,
0139,
045a,
0747,
08fb,
0915,
0874,
0705,
04aa,
01f7,
ff6b,
fd9f,
fc1e,
fa42,
f8c5,
f8df,
fa3f,
fbe2,
fd8d,
ff2b,
00f0,
02a2,
03e8,
04a6,
0486,
0392,
0262,
0173,
00bf,
000a,
fede,
fd6f,
fc7b,
fc57,
fcd8,
fda7,
fe76,
ff2c,
0000,
fffd,
fffc,
fffb,
fffc,
fffc,
fffd,
fffe,
0001,
0004,
0006,
0007,
0005,
0000,
fffc,
fffa,
fffc,
0000,
0003,
fff9,
0000,
fffe,
0007,
ffff,
0001,
ffff,
fff1,
0009,
ffdb,
002d,
ffc2,
0043,
013b,
1948,
202a,
eba1,
cde7,
e269,
052a,
21ae,
3506,
4085,
37a5,
0d3f,
e5eb,
e798,
e208,
cc47,
ca6a,
d453,
ddb0,
f30d,
0169,
ff1b,
0b1a,
1be6,
1fd7,
2220,
21db,
17a0,
0cb5,
03b2,
fa77,
efa1,
e2a3,
dcd2,
e4bb,
f0a9,
f554,
f612,
f834,
0042,
0ac5,
0f94,
102f,
102c,
0e68,
0baf,
09ef,
06fe,
0235,
fc74,
f79b,
f61d,
f6da,
f65a,
f4e9,
f57e,
f810,
fbc0,
ffe1,
03c9,
06f2,
08ac,
08ea,
083d,
0709,
0520,
029c,
ffec,
fdcd,
fc59,
face,
f95a,
f90e,
fa15,
fba4,
fd4b,
fee7,
0085,
0216,
0354,
0436,
0471,
03bf,
0287,
0176,
00d0,
0050,
ff68,
fe06,
fcca,
fc61,
fcda,
fdb0,
fe6d,
fefe,
ffae,
fffe,
fffd,
fffd,
fffc,
fffd,
fffd,
ffff,
0000,
0003,
0006,
0008,
0005,
0001,
fffc,
fffb,
fffb,
0000,
0003,
fffe,
fffc,
0003,
0000,
000c,
fff5,
0012,
ffe2,
001a,
ffcb,
0035,
ffba,
0063,
ff6c,
0df0,
2625,
02c7,
d079,
d4d8,
f8b8,
18d4,
2eb9,
43a6,
4181,
19ed,
edb4,
e75b,
e699,
d46e,
cbc3,
cdbb,
d503,
ea31,
fc18,
fce7,
085b,
198e,
1ff8,
23f5,
24e8,
1a43,
0db1,
07cf,
fced,
ee2b,
e486,
dfa3,
e356,
eebe,
f5b7,
f678,
f8db,
ffe5,
07b9,
0d6a,
0f84,
0eab,
0d43,
0b41,
08dc,
0666,
0375,
fecb,
f9ed,
f792,
f73d,
f6c5,
f61f,
f699,
f7db,
fa66,
fe37,
027e,
062c,
0833,
089c,
07fc,
06fd,
055b,
033d,
00c9,
fe5e,
fc91,
fb2d,
fa08,
f98d,
fa3d,
fb7f,
fcec,
fe8b,
0019,
017a,
02a9,
03a9,
0417,
03b5,
02bc,
01b2,
00f2,
0072,
ffcf,
feac,
fd68,
fc9f,
fcc6,
fd8d,
fe65,
ff0c,
ff93,
0017,
fffc,
fffd,
fffd,
fffd,
fffe,
ffff,
0000,
0002,
0005,
0008,
0005,
0003,
fffe,
fffb,
fff9,
fffd,
0002,
0002,
fff9,
0004,
fffd,
000d,
fff8,
000c,
fff2,
0000,
fff1,
fff8,
000b,
fff1,
ffea,
03ea,
20a2,
1a4d,
df27,
cad3,
e96f,
0e23,
2459,
3f61,
4b7e,
29f7,
f88f,
e75e,
ea12,
de0b,
d141,
cbf0,
cee5,
dee3,
f18f,
f953,
03e4,
1405,
1eb2,
261d,
2887,
1fbd,
1100,
09bb,
000f,
ef77,
e60f,
e28d,
e1fa,
ea66,
f585,
f830,
f8c0,
ff3d,
05e9,
0a8e,
0e41,
0e69,
0c3f,
0a36,
082a,
0604,
03f8,
0059,
fbda,
f94a,
f878,
f7a0,
f6f7,
f77b,
f835,
f9a6,
fcc7,
00cd,
04a4,
0745,
084c,
07e9,
06f1,
0582,
03ae,
01a5,
ff4e,
fd2b,
fb95,
fa81,
f9f6,
fa70,
fb8f,
fcb0,
fe19,
ff9f,
00f0,
0206,
0308,
03b7,
0394,
02c1,
01c9,
0120,
00a8,
001d,
ff39,
fe15,
fd14,
fcc8,
fd66,
fe4a,
ff08,
ff8a,
fff0,
0047,
fffb,
fffc,
fffc,
fffd,
fffe,
ffff,
0000,
0004,
0006,
0006,
0003,
ffff,
fffa,
fffa,
fffa,
0000,
0002,
fffc,
fffb,
0002,
0001,
000a,
fff5,
0013,
ffdc,
001c,
ffc2,
0042,
ffa5,
007a,
ff71,
11da,
283e,
fac3,
c976,
d7e4,
013c,
19ee,
3241,
4f73,
3ccb,
0866,
ea6a,
eaf0,
e6ad,
da4d,
cf09,
cb7f,
d571,
e5d1,
f2d8,
fde0,
0bfa,
182f,
24a6,
2bbb,
26fe,
1920,
0d82,
0257,
f276,
e90d,
e5ce,
e21b,
e4fc,
f18b,
f97c,
f9c7,
fd08,
03c7,
08df,
0c4d,
0de5,
0c85,
09f0,
0756,
0595,
0495,
01e4,
fd58,
fa25,
f96f,
f915,
f875,
f83d,
f853,
f91b,
fba0,
ff46,
02c7,
05ba,
079a,
07e4,
06f9,
05bc,
044a,
0282,
0050,
fe0c,
fc43,
fafa,
fa47,
fa73,
fb73,
fc94,
fdb1,
ff0e,
0064,
018d,
027f,
033d,
0376,
02e7,
01e3,
0115,
00ae,
0060,
ffd4,
fec5,
fd90,
fcf2,
fd4d,
fe20,
fee7,
ff73,
ffca,
000d,
0083,
fffc,
fffd,
fffe,
ffff,
ffff,
ffff,
0002,
0005,
0007,
0004,
0001,
fffb,
fff9,
fff9,
fffd,
0002,
0002,
fff7,
0002,
fffd,
000d,
fff8,
000d,
fff5,
fff9,
fffb,
ffe9,
0020,
ffd1,
0013,
0382,
22c3,
1b67,
d9bd,
c833,
ee38,
114a,
22a2,
45d7,
4e40,
1dd7,
f291,
eaa1,
ecf7,
e563,
d787,
cb06,
cd7a,
db70,
eb5e,
f76a,
0399,
0e77,
1c7c,
2999,
2b28,
237c,
16a8,
0804,
f722,
eca8,
e947,
e4c1,
e26c,
eb1d,
f664,
fa4a,
fb9a,
0005,
0642,
0abc,
0cfa,
0cb9,
0aef,
07c7,
052d,
04bc,
039b,
fff6,
fb7c,
f926,
f942,
fa18,
f9ca,
f8bf,
f8a2,
fa3f,
fd77,
010d,
0449,
0670,
0747,
06f1,
0617,
051e,
0397,
017f,
ff0c,
fd09,
fbb0,
fab8,
fa66,
fb16,
fc5a,
fd6b,
fe7b,
ffb2,
00fc,
0213,
02cf,
0345,
0312,
0229,
011e,
0096,
0067,
0035,
ff87,
fe49,
fd3e,
fd2f,
fdf5,
fec8,
ff57,
ff95,
ffc5,
001e,
00ce,
fffe,
fffe,
fffe,
fffe,
0000,
0000,
0004,
0007,
0007,
0003,
0001,
fffa,
fffa,
fffa,
0002,
0003,
fffe,
fff8,
0006,
fffd,
0012,
ffef,
0020,
ffd3,
0024,
ffbf,
0042,
ffb0,
006b,
ff3b,
0e22,
2bcd,
ffc0,
c5b1,
d5e7,
0255,
191d,
315f,
535e,
390a,
01ce,
eb36,
ee24,
f01d,
e5af,
d227,
c71f,
cf94,
e275,
f228,
fcc1,
05f7,
10ec,
20ad,
28b2,
2916,
20ef,
11d2,
00b8,
f30c,
ed2b,
e8ba,
e39c,
e590,
f0f3,
f884,
f9ce,
fc05,
01c1,
07c3,
0ba2,
0cf3,
0bb0,
095e,
0600,
048d,
04cd,
0314,
fe97,
fa1f,
f898,
f995,
faf4,
fa45,
f8df,
f8f7,
fb42,
fee5,
0281,
0541,
067c,
0699,
0613,
05b7,
04fa,
031f,
0084,
fe02,
fc64,
fb5c,
fab2,
faa9,
fbaa,
fd06,
fe08,
ff0d,
0031,
016e,
0260,
0312,
0345,
029b,
0170,
008c,
0052,
0059,
001d,
ff1f,
fdcd,
fd1e,
fd96,
fe8d,
ff4f,
ff97,
ff92,
ffae,
0029,
0108,
fffd,
ffff,
ffff,
ffff,
fffe,
0001,
0005,
0007,
0005,
0002,
fffd,
fff8,
fffa,
fffc,
0002,
0002,
fff9,
fffe,
0000,
0006,
0007,
fffa,
0012,
ffd4,
0028,
ffb0,
0065,
ff78,
00ab,
fffd,
1c1b,
2767,
e21a,
c1d4,
e8ef,
0ec9,
1fcb,
43d8,
50ea,
1c5e,
f17d,
eaab,
f33e,
f5dd,
e396,
ca8d,
c51b,
d347,
e968,
f8e7,
0063,
06cd,
144b,
213b,
2647,
26be,
1ba4,
0b9b,
fd1f,
f4d8,
ef83,
e885,
e391,
e9be,
f537,
f872,
f866,
fb71,
0248,
085d,
0be3,
0c25,
0a9a,
082b,
054b,
055d,
0574,
02c6,
fd93,
f96d,
f8b5,
fa38,
fb03,
f9bb,
f8de,
f965,
fc08,
ffe7,
0383,
05a9,
0630,
05f8,
05a0,
05a8,
04d7,
02b3,
ffce,
fd61,
fc0f,
fb2d,
fab5,
fb14,
fc4f,
fd68,
fe55,
ff6c,
008c,
01a4,
0286,
0337,
0320,
0223,
00de,
003b,
0055,
0077,
fffc,
feab,
fd67,
fd2d,
fdfe,
ff00,
ffa8,
ffae,
ff74,
ff8e,
003b,
013b,
ffff,
ffff,
fffe,
ffff,
fffe,
0002,
0006,
0008,
0004,
0001,
fffb,
fff9,
fffa,
0000,
0003,
0002,
fff3,
0005,
fffb,
0012,
fff4,
0014,
ffee,
fffa,
fffb,
ffe7,
002f,
ffbd,
002d,
03a8,
27d7,
18c1,
cc47,
c8b9,
f99c,
14f5,
2976,
51b7,
4198,
0487,
ea65,
ec89,
fac9,
fb9e,
dd60,
c3ed,
c643,
d758,
eeeb,
fea6,
01f4,
06d8,
1713,
2086,
23f6,
2289,
159e,
06b2,
fcd4,
f80f,
f213,
ea2f,
e586,
ed71,
f6af,
f785,
f6a5,
fa9e,
024f,
07f0,
0b06,
0ac8,
09b2,
077d,
05fb,
06bd,
0619,
028c,
fd25,
f9a8,
f956,
fabb,
fa70,
f90c,
f8aa,
f982,
fc84,
0090,
0400,
05a0,
05ee,
0576,
055d,
05bc,
04bd,
0259,
ff70,
fd43,
fbfb,
fb1c,
fad0,
fb8c,
fcdc,
fd9e,
fe5f,
ff77,
00ae,
01c3,
02a2,
0336,
02db,
01b7,
008d,
0048,
008e,
0095,
ffc5,
fe3c,
fd26,
fd58,
fe5f,
ff4d,
ffc9,
ff9a,
ff4c,
ff83,
006c,
0173,
0000,
0000,
fffe,
fffe,
fffe,
0003,
0005,
0007,
0002,
ffff,
fff8,
fffa,
fffa,
0003,
0003,
0000,
fff2,
0009,
fff7,
0019,
ffe9,
0026,
ffcd,
0023,
ffc5,
0032,
ffd0,
0040,
ff59,
094a,
2e1f,
0755,
c07e,
d33c,
053f,
18ab,
3424,
56d2,
2eb6,
f514,
e7dc,
efed,
03ae,
fe6e,
d5f3,
c07d,
c8cd,
db10,
f2e4,
0202,
022b,
0730,
17c5,
1f74,
2202,
1e0e,
10cf,
03d2,
fd68,
fa24,
f4d9,
ed23,
e9f5,
f083,
f59e,
f630,
f592,
f9e5,
018f,
06d7,
08e7,
0926,
0928,
072d,
071d,
0842,
06bc,
0282,
fd84,
fa70,
fa4a,
fb36,
f9dd,
f86d,
f834,
f94d,
fc90,
00dc,
0418,
0551,
0599,
051f,
0534,
05b8,
04c3,
023c,
ff5b,
fd74,
fc29,
fb3a,
fb18,
fc05,
fd27,
fda6,
fe47,
ff46,
0097,
01cd,
02b4,
0310,
0281,
016c,
008f,
008b,
00cb,
00a8,
ff94,
fdf4,
fd11,
fd8f,
fead,
ff80,
ffb7,
ff61,
ff2c,
ff96,
00a4,
018e,
0000,
0000,
ffff,
fffd,
fffd,
0002,
0005,
0006,
0001,
fffe,
fff7,
fffb,
fffb,
0004,
0003,
fffe,
fff3,
0007,
fff7,
0018,
ffe6,
002b,
ffbd,
0039,
ffa2,
0067,
ff87,
00a7,
febf,
0e9a,
2fbb,
f956,
bbdd,
dc37,
0c5f,
1c19,
3c62,
5559,
1ebb,
ec35,
e775,
f4ad,
0b8c,
fe8c,
d0a6,
bf4e,
cb81,
de34,
f4b7,
0343,
01ce,
0750,
1752,
1d49,
1fd6,
1bd8,
0e47,
020c,
fd78,
fb16,
f715,
f0d0,
eed3,
f36a,
f52f,
f3f2,
f475,
fa13,
003f,
04bf,
06c4,
0765,
07ff,
0741,
0817,
0935,
07a6,
0304,
fe31,
fb9b,
fb8b,
fbbd,
f9be,
f7ef,
f79b,
f912,
fc41,
006e,
03ae,
04f8,
0525,
04c5,
0527,
05ae,
04d0,
0261,
ffa3,
fdd1,
fc7b,
fb90,
fb8b,
fc6e,
fd34,
fd77,
fe0e,
ff12,
006b,
01aa,
0291,
02ce,
0237,
0142,
00ab,
00d0,
010f,
00c6,
ff7f,
fdd8,
fd20,
fdc4,
fedc,
ff97,
ff99,
ff28,
ff06,
ff93,
00b1,
0187,
0001,
0001,
ffff,
fffe,
fffe,
0003,
0005,
0005,
0001,
fffe,
fff7,
fffc,
fffc,
0005,
0004,
fffc,
fff4,
0006,
fffa,
0018,
ffe8,
0029,
ffba,
0042,
ff98,
007c,
ff68,
00d6,
fe81,
1196,
2f3d,
f1d5,
bae3,
e15e,
102f,
1f05,
4062,
5168,
1433,
e7a1,
e878,
f9a3,
10fa,
fe5e,
ce8d,
bf41,
cd85,
e02c,
f4e7,
02b8,
0139,
06f6,
15fb,
1aba,
1d1d,
1b35,
0ee8,
018c,
fcbd,
fb84,
f876,
f3e2,
f340,
f5fd,
f5d1,
f2ef,
f2e4,
f9b1,
ffaa,
0289,
042d,
05b7,
068d,
06c3,
08b9,
09d0,
085e,
041d,
ff45,
fcd4,
fcf8,
fc88,
fa0e,
f7e6,
f734,
f8b8,
fbc7,
ff78,
029d,
0464,
04ba,
0463,
0502,
05ad,
04f1,
02b6,
0032,
fe62,
fcee,
fbfe,
fc0a,
fccb,
fd2e,
fd3a,
fdc4,
fecf,
0036,
016c,
0241,
027c,
01f6,
0123,
00c1,
0110,
015f,
0101,
ff8d,
fde0,
fd4b,
fdf9,
ff00,
ff9f,
ff7f,
feec,
febe,
ff6d,
00af,
017b,
0001,
0001,
ffff,
fffe,
fffe,
0003,
0005,
0004,
0000,
fffe,
fff7,
fffc,
fffd,
0005,
0004,
fffd,
fff5,
0006,
fffb,
0016,
ffe8,
0028,
ffba,
0040,
ff9a,
007c,
ff68,
00d7,
fe7a,
1168,
2ea6,
f186,
bb2e,
e20a,
115d,
20b6,
407b,
4e09,
0f37,
e56a,
ea6f,
fdb4,
144b,
ffbb,
cf2c,
bf89,
ce85,
e0e6,
f3a0,
0115,
0046,
0620,
1431,
17e5,
1ac6,
1aa7,
10c2,
0397,
fc94,
fad3,
f953,
f63f,
f61a,
f870,
f6d4,
f2dd,
f2af,
f8d9,
fe88,
013e,
01e3,
0344,
051c,
0609,
0857,
0a18,
0903,
0505,
00b6,
fe60,
fe3b,
fd98,
faea,
f852,
f72f,
f855,
fb1b,
fe56,
013f,
0351,
0414,
0411,
04cb,
0599,
051f,
033c,
00e6,
ff10,
fd8c,
fc7f,
fc6d,
fd0b,
fd3c,
fd13,
fd81,
fe71,
ffd8,
0123,
01f6,
0221,
01a1,
00f9,
00cd,
014e,
01af,
014d,
ffc2,
fe0a,
fd82,
fe3c,
ff34,
ff9b,
ff3c,
fe93,
fe84,
ff4d,
008d,
014a,
0002,
0001,
ffff,
fffe,
ffff,
0003,
0005,
0005,
0000,
fffe,
fff8,
fffc,
fffe,
0005,
0004,
fffe,
fff4,
0008,
fff9,
0018,
ffe8,
0029,
ffbe,
003a,
ffa5,
006b,
ff83,
00b1,
fea4,
0e3a,
2df4,
f821,
bcac,
de74,
0ff1,
20a5,
3d75,
4c3e,
0f81,
e489,
ec97,
007f,
1645,
0358,
d1ea,
bff9,
ceaf,
e079,
f115,
fed5,
ff16,
044e,
125a,
15a1,
1818,
19f3,
12fe,
068e,
fe3f,
faa5,
f924,
f7f4,
f80d,
f9d7,
f7f6,
f37f,
f2dd,
f8e3,
fdce,
ff79,
002c,
0143,
0316,
04ed,
07bf,
09a7,
0922,
05fa,
0209,
fff4,
ffaa,
fec8,
fc16,
f940,
f789,
f802,
fa7c,
fd50,
ffdd,
01f7,
031a,
0382,
047d,
0584,
0537,
03bf,
01b1,
ffd3,
fe3a,
fd18,
fcd5,
fd36,
fd5f,
fd17,
fd4a,
fe0d,
ff5f,
00b5,
01a1,
01d7,
0151,
00c1,
00bf,
0171,
01f5,
019e,
001b,
fe63,
fdda,
fe82,
ff49,
ff76,
feff,
fe5f,
fe5a,
ff13,
0035,
0108,
0001,
0001,
ffff,
ffff,
fffe,
0002,
0004,
0005,
0000,
fffe,
fff7,
fffc,
fffc,
0003,
0003,
0000,
fff2,
0007,
fff7,
0019,
ffe8,
0024,
ffc8,
0029,
ffbf,
0042,
ffbb,
005e,
ff24,
08f9,
2b98,
04a3,
c10a,
d6fb,
0b98,
1eec,
37c2,
4b97,
150b,
e4e1,
edd8,
0236,
1726,
0941,
d6d9,
c058,
ce26,
df17,
eda6,
fbe0,
fdb6,
01c0,
1050,
1441,
158a,
1854,
14e7,
0a5b,
00bc,
fb8f,
f956,
f890,
f919,
fb1b,
f8aa,
f413,
f346,
f8cd,
fe0c,
febb,
fe24,
ff5c,
01b5,
034a,
066d,
0936,
08c3,
0642,
0359,
0163,
00e7,
0038,
fd7a,
fa5a,
f851,
f7f5,
f9e8,
fc9b,
febd,
007d,
01f6,
02c0,
03dc,
054b,
054d,
0418,
0263,
00a4,
fef5,
fdb5,
fd4e,
fd79,
fd8d,
fd23,
fd23,
fdb2,
fed7,
0032,
0134,
0196,
0128,
0097,
009b,
0167,
0216,
01e5,
009c,
feef,
fe2c,
fe8f,
ff36,
ff69,
ff01,
fe4a,
fe0a,
feb6,
ffec,
00f4,
0002,
0001,
0000,
0000,
fffe,
0001,
0004,
0004,
0000,
ffff,
fff9,
fffa,
fffb,
0002,
0003,
0003,
fff2,
0005,
fff9,
0015,
fff1,
0019,
ffe1,
0007,
ffec,
0002,
0011,
ffe3,
fffc,
034d,
2530,
148c,
cbde,
cd0a,
0321,
1c05,
2f73,
49ff,
1fd4,
e7aa,
ed4b,
0348,
16a0,
10a9,
df74,
c0c4,
cca4,
dd71,
e9a7,
f7bb,
fbff,
feb1,
0dba,
1399,
136f,
163c,
1581,
0e35,
04c8,
fd38,
f99e,
f973,
f964,
fbd9,
f9fb,
f448,
f30b,
f875,
fe24,
ff17,
fd92,
fd1d,
fff3,
0257,
04b7,
0818,
089e,
062e,
03e0,
02bc,
0204,
015a,
ff0a,
fbb5,
f95d,
f85d,
f983,
fc07,
fe08,
ff43,
00ac,
01e2,
030f,
04b4,
053a,
045b,
02e5,
0153,
ffc1,
fe70,
fdd7,
fdd2,
fdda,
fd4b,
fcff,
fd5f,
fe4c,
ff9f,
00ba,
0155,
0117,
008e,
0080,
013a,
0213,
0229,
012b,
ff6f,
fe59,
fe90,
ff47,
ff7d,
fefc,
fe2e,
fdd8,
fe87,
ffcf,
00e1,
0002,
0002,
0001,
0000,
ffff,
0001,
0004,
0005,
0002,
0000,
fffc,
fffa,
fffc,
0000,
0003,
0003,
fff6,
fffe,
ffff,
000a,
0003,
0002,
0005,
ffde,
001f,
ffc3,
005c,
ff7f,
00af,
ff7f,
19d5,
2239,
e01f,
c509,
f4fc,
17df,
25d2,
4408,
2e6b,
efaa,
ea68,
03a1,
14e7,
1704,
ed42,
c311,
c90e,
dbfe,
e5fc,
f1fb,
f9a3,
fb8a,
09c2,
137c,
1244,
13cc,
1507,
1118,
094e,
00df,
fa2f,
f9a8,
fa0d,
fc1e,
fb82,
f53c,
f247,
f6eb,
fdd4,
ffb0,
fe24,
fc42,
fdac,
00ef,
038c,
06bb,
0810,
0650,
03ff,
0341,
02f3,
0247,
005e,
fd35,
fab6,
f934,
f978,
fb85,
fd8f,
fe8f,
ff83,
00cd,
022b,
03f6,
04de,
0455,
0335,
01dc,
007d,
ff3f,
fe80,
fe3a,
fe26,
fd97,
fcfb,
fd19,
fdbe,
feef,
002d,
0116,
0123,
00a0,
0070,
010c,
0207,
023e,
016e,
ffd3,
fea9,
feb4,
ff40,
ff63,
ff00,
fe62,
fe02,
fe7c,
ff8c,
0079,
0001,
0002,
0001,
ffff,
ffff,
ffff,
0003,
0005,
0004,
0000,
fffe,
fff9,
fffc,
fffd,
0002,
0002,
fffd,
fff5,
0005,
fffe,
0013,
fff1,
001d,
ffcd,
002b,
ffbb,
0057,
ff94,
0097,
fed6,
0c2d,
2660,
fc51,
c6c2,
e1b1,
0ff4,
1dc9,
3756,
3b49,
0073,
e704,
019c,
13be,
194d,
fe83,
cbd7,
c357,
d954,
e42a,
eb37,
f57f,
f8fa,
03dc,
1281,
12e5,
118f,
135c,
12d0,
0d3f,
05c4,
fcf8,
f944,
fa04,
fc4d,
fd41,
f70b,
f20c,
f496,
fc06,
0015,
ff0d,
fc95,
fc51,
ff26,
0204,
0593,
07a1,
064e,
041b,
0343,
0340,
02ec,
0190,
fe88,
fc06,
fa8a,
f9eb,
fb20,
fd21,
fe3c,
feb3,
ffbf,
0132,
030d,
0458,
040e,
033a,
0247,
012f,
0003,
ff27,
feb2,
fe6c,
fdf4,
fd37,
fcff,
fd42,
fe31,
ff8d,
00c2,
013a,
00db,
0085,
00d3,
01bb,
0220,
019f,
005a,
fefc,
fe94,
ff09,
ff75,
ff58,
fed6,
fe38,
fe37,
ff09,
0015,
0000,
0002,
0001,
fffe,
fffe,
fffe,
0001,
0003,
0004,
0000,
ffff,
fffa,
fffb,
fffc,
0000,
0001,
0001,
fff4,
0003,
fffc,
0011,
fff8,
0011,
ffeb,
ffff,
fff6,
fffc,
0012,
ffdf,
000c,
0211,
1d56,
16c1,
d949,
d022,
ffea,
1862,
2733,
3d67,
1942,
e9ce,
fa79,
1401,
187b,
0c8c,
de2f,
c081,
d24e,
e3e4,
e655,
ee78,
f675,
fd6f,
0e3b,
14af,
1115,
110a,
12b6,
1042,
0aa4,
0224,
fa25,
f936,
fb95,
fe5f,
fa35,
f2fc,
f290,
f8d6,
ff2d,
fff1,
fd83,
fbca,
fdbf,
00a7,
03d0,
071e,
06ca,
0442,
02f2,
0333,
032c,
0261,
ffde,
fd0a,
fbca,
faf6,
fb25,
fca9,
fdfc,
fe4d,
fef7,
004b,
01ee,
0391,
03c2,
031d,
0288,
01cc,
00c2,
ffac,
ff06,
feaa,
fe5d,
fd9c,
fd06,
fd09,
fd9f,
fede,
0044,
013a,
0127,
00a1,
0082,
0140,
020e,
01dc,
00ae,
ff2a,
fe8a,
ff09,
ffb0,
ffa7,
ff0b,
fe4d,
fe14,
fec7,
ffcc,
0000,
0002,
0001,
ffff,
ffff,
fffe,
0000,
0003,
0004,
0003,
0000,
fffe,
fffb,
fffd,
fffe,
0001,
0001,
fffb,
fff9,
0003,
0002,
000d,
fff8,
0011,
ffda,
0020,
ffcb,
0046,
ffa2,
0083,
ff0d,
0d17,
2184,
f9cd,
cd78,
e83a,
1020,
1b41,
30eb,
2edc,
fb20,
f0c7,
1118,
1997,
12af,
f492,
c8f5,
c85d,
e08e,
e5e7,
e6c3,
f15f,
f867,
0634,
1489,
130e,
0f91,
111e,
11c6,
0e6b,
0851,
fe1c,
f89e,
fa3e,
fdae,
fd4d,
f614,
f1d5,
f544,
fc75,
fff4,
fe96,
fc36,
fc7b,
ffa5,
0267,
05a7,
0737,
053c,
02d9,
02aa,
034b,
02d8,
010f,
fe1f,
fc76,
fbef,
fbac,
fc63,
fd99,
fe32,
fe7e,
ff92,
00f4,
027d,
035a,
0310,
02b1,
0245,
016f,
0028,
ff31,
fec9,
fe9e,
fe1e,
fd4e,
fd14,
fd64,
fe57,
ffb5,
00e5,
0129,
00ad,
0070,
00df,
01ac,
01cb,
0105,
ffc9,
feea,
fefb,
ff75,
ff93,
ff30,
feae,
fe55,
fe8b,
ff53,
fffe,
0001,
0001,
0000,
fffe,
fffe,
fffe,
0000,
0003,
0003,
0001,
0000,
fffc,
fffc,
fffd,
0000,
0000,
0001,
fff6,
0001,
fffe,
000d,
fffc,
000a,
fff3,
fffa,
fffd,
fff8,
0010,
ffe0,
000c,
019e,
180d,
169e,
e2c3,
d504,
fd72,
14c6,
1f35,
31ff,
177d,
f146,
0587,
1c97,
15b5,
0475,
dd8f,
c4db,
d6b8,
e6f6,
e373,
e8a9,
f412,
fd61,
0ea5,
1604,
1081,
0ed1,
11de,
1151,
0cb8,
04a3,
fafc,
f8bb,
fbae,
fe38,
fa53,
f384,
f2cc,
f86c,
fe54,
ff18,
fd2b,
fc18,
fe3e,
0165,
0423,
06b7,
065b,
03c6,
025c,
02fb,
0328,
0205,
ff81,
fcf8,
fc3b,
fc22,
fc53,
fd27,
fe0f,
fe58,
fef3,
0045,
019c,
02ce,
030f,
02c0,
0285,
01f4,
00bb,
ff63,
fec9,
fea1,
fe6e,
fdd0,
fd5c,
fd7a,
fe0b,
ff1d,
003d,
00f6,
00cc,
0052,
005d,
012a,
01e3,
0191,
0080,
ff49,
feb9,
ff01,
ff83,
ff7e,
fefb,
fe7c,
fe6e,
ff20,
ffff,
ffff,
0001,
0001,
ffff,
fffe,
ffff,
ffff,
0002,
0003,
0003,
0000,
ffff,
fffc,
fffd,
fffd,
0000,
0000,
fffe,
fff8,
0003,
0000,
000c,
fff9,
000f,
ffe4,
0011,
ffe1,
0024,
ffd0,
003d,
ff75,
07a8,
1c49,
056a,
d8ca,
e48b,
098d,
1484,
22dc,
2a09,
05bb,
f95e,
17c3,
1c76,
0bec,
f355,
d04f,
cbf2,
e23c,
e680,
e136,
ebf1,
f786,
03e8,
13db,
14d3,
0e3c,
0f65,
1377,
1081,
09de,
00bc,
f992,
f9a6,
fcb8,
fd03,
f735,
f2d2,
f4c1,
fab9,
fe84,
fdd6,
fc70,
fd1c,
0038,
02f1,
058f,
06ec,
053c,
030f,
02cf,
0345,
0286,
00d7,
fe26,
fc4c,
fc03,
fc11,
fc93,
fd89,
fe46,
fea3,
ffb9,
012d,
0267,
031d,
02da,
026b,
0209,
014a,
0005,
fef8,
fe8a,
fe67,
fe2e,
fdc1,
fdb8,
fdfd,
fe9d,
ff85,
0059,
00a4,
0065,
005e,
00d7,
0198,
01bc,
00f0,
ffc7,
fefd,
feed,
ff36,
ff57,
ff26,
fee1,
febc,
ff0c,
0000,
ffff,
0001,
0002,
0000,
fffe,
fffe,
ffff,
0000,
0002,
0004,
0002,
0001,
ffff,
fffd,
fffe,
ffff,
0000,
0001,
fffb,
fffc,
0002,
0005,
0006,
fffe,
0005,
ffec,
000e,
ffe5,
0022,
ffca,
003c,
0017,
0e04,
1977,
f63c,
d9cb,
f337,
0d45,
1372,
240d,
1f05,
ff8a,
08bf,
2093,
14c0,
fff7,
e56e,
cd42,
d655,
e790,
e2ff,
e1a7,
efbd,
fb30,
0a2f,
1620,
123b,
0d87,
11b1,
1403,
0ebb,
0704,
fd7c,
f90a,
fae6,
fd02,
fa87,
f4fd,
f372,
f6b7,
fbc6,
fdae,
fcfa,
fca0,
fea2,
01fa,
0472,
0687,
0698,
04b4,
0344,
0354,
02fd,
019c,
ff9b,
fd1a,
fbca,
fb84,
fbc0,
fc83,
fd9a,
fe72,
ff5e,
00fb,
0251,
031a,
0312,
026d,
01f1,
0187,
00be,
ff90,
feb9,
fe57,
fe37,
fe0e,
fde7,
fdf3,
fe14,
fea8,
ffb3,
00ac,
00dc,
0085,
006a,
00cc,
0172,
0170,
00a2,
ff87,
fed6,
fee1,
ff49,
ff76,
ff38,
feec,
feee,
0000,
0000,
ffff,
0001,
0000,
ffff,
fffe,
fffe,
fffe,
0001,
0002,
0002,
0001,
0000,
fffe,
fffe,
fffe,
fffe,
0000,
0000,
fffa,
0000,
0001,
0006,
ffff,
0003,
fffb,
fff7,
0004,
fff2,
0010,
ffe0,
0019,
01ed,
123e,
12ce,
eccb,
e0b5,
fcbe,
0c03,
12f7,
22e3,
1652,
02e5,
16a7,
2009,
0a0b,
f516,
dd6d,
d0dc,
debc,
e79d,
e03a,
e484,
f2e6,
fefb,
0f42,
15f9,
0ff1,
0ecd,
13d7,
130c,
0cc9,
0487,
fb5d,
f90b,
fb7d,
fc35,
f839,
f420,
f46e,
f7f8,
fbb6,
fcc0,
fcbb,
fd74,
004b,
038e,
05dd,
0744,
0682,
04aa,
03a1,
034b,
0251,
00d2,
fe74,
fbf7,
fb1a,
fb18,
fb57,
fc44,
fdbb,
ff03,
007f,
0227,
031b,
0355,
02db,
0231,
01b6,
0118,
0028,
ff41,
febd,
fe63,
fe0d,
fda3,
fd77,
fdcb,
fe76,
ff5d,
003b,
00a9,
007f,
0058,
009d,
0129,
0168,
00f1,
001e,
ff68,
ff2d,
ff50,
ff60,
ff3b,
ff15,
ff14,
0001,
0001,
0000,
0000,
0000,
0000,
ffff,
fffe,
ffff,
ffff,
0001,
0001,
0002,
0001,
0002,
0000,
fffe,
fffe,
fffe,
ffff,
fffe,
fff9,
0002,
0000,
0008,
fffc,
0006,
fff5,
0001,
fffa,
fffe,
fffd,
fff3,
0026,
042a,
13e5,
0b65,
e928,
e8ea,
00b5,
0916,
1354,
209a,
11eb,
0b0f,
1ef1,
194e,
ff79,
ed65,
dae3,
d6de,
e3a2,
e521,
df4a,
e83d,
f5db,
02ea,
1246,
144e,
0efb,
112a,
14c9,
114d,
0b13,
029b,
fa66,
f91f,
faf1,
faa7,
f701,
f434,
f4e4,
f85e,
fb48,
fc22,
fcec,
fecb,
021c,
0523,
073f,
07d4,
0681,
04b9,
03a9,
02e1,
01a1,
ffd4,
fd2c,
faff,
fa72,
faa9,
fb45,
fc85,
fe08,
ff79,
012f,
02c9,
03a0,
0396,
02ca,
01fc,
0187,
0104,
0025,
ff25,
fe55,
fdc3,
fd92,
fd9c,
fdd6,
fe27,
fe83,
ff2b,
0008,
00ae,
00c6,
00aa,
00bc,
010f,
0136,
00d8,
002b,
ff8d,
ff4e,
ff55,
ff5a,
ff4b,
ff3c,
0002,
0001,
0001,
0000,
0000,
0000,
ffff,
fffe,
fffe,
ffff,
ffff,
0001,
0001,
0002,
0002,
0002,
ffff,
ffff,
fffe,
ffff,
fffe,
fffe,
fffa,
0003,
fffe,
0008,
fff9,
0009,
ffef,
000b,
ffed,
000d,
ffe9,
0012,
0067,
061c,
1372,
055c,
e9ea,
ef49,
0085,
06a4,
1434,
1e28,
11b5,
13f5,
20f2,
0fb3,
f74a,
e970,
dbc1,
dc9e,
e578,
e231,
dff0,
ebed,
f8fd,
069d,
1310,
1239,
0f60,
1374,
14ad,
0f8d,
09ad,
0125,
fa09,
f90c,
f9e4,
f8db,
f615,
f4a8,
f550,
f81b,
fab2,
fc2b,
fdd0,
0079,
03f9,
06ac,
0828,
0801,
0663,
04c1,
039d,
023e,
0094,
fea0,
fc1a,
fa68,
fa3a,
faa7,
fb76,
fcb7,
fe16,
ffa0,
018d,
0323,
03d8,
03b6,
02f0,
024c,
01dc,
00fa,
ffad,
fe9e,
fe09,
fdc7,
fdc4,
fda7,
fd86,
fda7,
fe4a,
ff52,
003e,
00b8,
00c7,
00e2,
0126,
015a,
012f,
00a8,
0016,
ffa7,
ff85,
ff88,
ff6e,
ff41,
0002,
0001,
0001,
0001,
0000,
ffff,
ffff,
fffe,
fffd,
fffe,
fffe,
fffe,
0000,
0001,
0002,
0001,
0001,
ffff,
ffff,
fffd,
ffff,
ffff,
fffe,
fffc,
0003,
ffff,
0006,
fff8,
000b,
ffeb,
0011,
ffe3,
001b,
ffd1,
0044,
00bc,
0776,
11b9,
01b0,
ecd0,
f29a,
fe6c,
05af,
1500,
1c24,
149b,
1ae0,
1da3,
0632,
f271,
e81c,
de6a,
e0ce,
e526,
e056,
e1ae,
ef3d,
fc2f,
095c,
1247,
10e1,
109b,
1487,
142e,
0ea6,
080d,
ffcf,
f9fe,
f8c9,
f8a6,
f72f,
f54f,
f4cb,
f5bc,
f7f1,
fa76,
fcfa,
ff73,
0239,
0544,
0798,
0893,
07e8,
064c,
04c0,
031d,
0156,
ffa1,
fd9a,
fb64,
fa6f,
fa9c,
fabe,
fb2d,
fc5c,
fdfc,
ffcf,
01d7,
036b,
0404,
03d2,
0337,
02a9,
01fd,
00fb,
ffc7,
feaf,
fdd8,
fd5b,
fd47,
fd50,
fd58,
fd88,
fe2b,
ff31,
003f,
00f5,
0131,
0140,
0156,
0169,
0135,
00c3,
003f,
ffd2,
ffa7,
ff8a,
ff4d,
0003,
0003,
0003,
0002,
0002,
0000,
0000,
0000,
ffff,
fffe,
ffff,
ffff,
ffff,
0001,
0002,
0002,
0003,
0002,
0000,
ffff,
fffe,
ffff,
0000,
fffe,
fffe,
0001,
0001,
0004,
fffb,
0007,
fff0,
000f,
ffe2,
001f,
ffc7,
007e,
0110,
0821,
0f8f,
0059,
efe4,
f33f,
fc54,
0619,
1514,
1b2e,
1939,
1e17,
1719,
ff19,
f040,
e847,
e1d0,
e32d,
e39b,
e00c,
e460,
f20b,
fef6,
0a90,
10eb,
10d2,
1213,
1476,
136a,
0e5b,
0684,
fe54,
f9c1,
f876,
f775,
f5e9,
f4b3,
f4c3,
f609,
f839,
fb55,
fe5d,
00d7,
0366,
0620,
07ee,
0884,
07de,
0615,
0432,
0270,
00c6,
ff07,
fd29,
fb8b,
faa1,
fa2f,
fa16,
fadd,
fc3a,
fdf6,
0010,
0237,
03b1,
042a,
03fa,
038c,
0335,
0267,
00ff,
ff89,
fe64,
fd97,
fd1a,
fce8,
fcd2,
fcff,
fd6c,
fe34,
ff46,
0059,
011c,
0173,
019e,
01a2,
018d,
0156,
00f7,
007b,
fff9,
ff8d,
ff29,
0002,
0002,
0003,
0002,
0001,
0000,
0000,
0000,
fffe,
fffe,
fffd,
fffe,
ffff,
ffff,
0000,
0002,
0003,
0002,
0001,
0000,
fffe,
fffd,
fffe,
0000,
fffe,
ffff,
ffff,
0002,
0001,
0000,
0001,
fff7,
0007,
ffeb,
0015,
ffd3,
00ae,
015e,
081c,
0da5,
00b5,
f1f6,
f258,
fb57,
06ff,
1477,
1bc2,
1d77,
1d3c,
1041,
faf7,
ef53,
e983,
e529,
e3f3,
e1d9,
e118,
e7d0,
f485,
0089,
0a76,
1005,
1195,
1343,
1417,
1289,
0d78,
052c,
fd41,
f929,
f7b9,
f669,
f547,
f4b5,
f520,
f676,
f902,
fc7b,
ff9a,
01d9,
0400,
06a4,
0822,
0817,
070a,
0589,
03f7,
0253,
00d6,
ff17,
fcff,
fafd,
f9d1,
f978,
f9bc,
fab8,
fc3a,
fe21,
0069,
02db,
0479,
04be,
0433,
03a2,
031e,
0225,
00e3,
ff87,
fe33,
fd38,
fcc4,
fca4,
fc8f,
fcac,
fd22,
fe20,
ff87,
00cb,
017f,
01b9,
01d4,
01e4,
01d7,
0189,
010c,
0074,
ffcd,
ff3f,
0002,
0002,
0002,
0002,
0001,
0000,
0000,
ffff,
fffe,
fffe,
fffd,
fffd,
fffe,
fffd,
ffff,
0000,
0001,
0002,
0003,
0001,
0000,
fffd,
fffe,
fffe,
0000,
fffe,
0000,
fffd,
0003,
fffe,
0002,
fffc,
fffd,
fffc,
fff7,
0003,
fff2,
00d2,
019f,
07a1,
0c60,
01c0,
f2a1,
f129,
fb7e,
07c7,
13f8,
1d54,
1fab,
19e6,
0af4,
f8aa,
ef16,
eb86,
e7aa,
e38b,
e101,
e309,
eb11,
f6dc,
0126,
09bd,
0ffe,
12bc,
13a0,
13b0,
11b1,
0bb9,
03d8,
fc9b,
f844,
f699,
f5b7,
f585,
f58a,
f601,
f723,
f9c4,
fd39,
0050,
02df,
04b8,
0665,
0763,
0759,
0675,
0571,
0461,
02e9,
00ee,
fe49,
fbda,
fa2d,
f946,
f8ea,
f95a,
fab5,
fcba,
ff3e,
01a8,
03aa,
04bf,
04c0,
0427,
038e,
02f3,
01db,
0083,
ff1f,
fde9,
fd06,
fc8e,
fc47,
fc21,
fc6f,
fd40,
fe95,
000e,
013a,
01cf,
0205,
021f,
020b,
01d8,
017a,
00f4,
004a,
ff99,
0002,
0003,
0002,
0002,
0003,
0002,
0001,
0000,
ffff,
ffff,
fffe,
fffe,
fffe,
fffe,
fffe,
ffff,
0000,
0002,
0003,
0003,
0001,
0000,
fffe,
fffe,
ffff,
0001,
ffff,
0000,
fffd,
0002,
fffe,
0003,
fffb,
0001,
fff8,
0000,
fff5,
001c,
00ea,
01d0,
06f2,
0bd1,
0286,
f232,
f0ad,
fc8a,
0881,
13d6,
1e91,
1f4b,
15bc,
0753,
f764,
ef9f,
edc7,
e93c,
e300,
e169,
e587,
edbb,
f8a9,
017d,
093e,
1038,
1324,
133e,
12f4,
10b3,
0a2e,
0268,
fbe3,
f7c3,
f621,
f5c6,
f642,
f6bb,
f71c,
f7c5,
fa13,
fdc0,
0102,
0304,
045c,
05d5,
06ca,
0713,
06cc,
061f,
04ad,
026e,
ffd0,
fd28,
fb06,
f983,
f8d4,
f8e9,
f9c9,
fb96,
fdf2,
0048,
024e,
0400,
04b9,
0475,
0406,
039a,
02b2,
013e,
ffcd,
fe8b,
fd82,
fcb0,
fc39,
fc30,
fc6c,
fcf1,
fdd1,
ff0e,
0054,
015f,
0210,
0252,
023f,
0202,
01b4,
0144,
00b7,
0016,
0002,
0002,
0003,
0002,
0002,
0002,
0002,
0001,
0000,
ffff,
fffe,
fffe,
fffe,
fffe,
fffe,
fffe,
ffff,
0001,
0003,
0003,
0002,
0001,
ffff,
fffd,
fffe,
0000,
0001,
ffff,
fffe,
fffe,
0001,
ffff,
0001,
fffe,
0000,
fff8,
0001,
fff2,
003e,
0100,
01d8,
0636,
0bd2,
02b7,
f154,
f0df,
fe0f,
0926,
13b9,
1ece,
1d4f,
124d,
053e,
f6ba,
f059,
efbe,
e9ff,
e299,
e2b6,
e834,
efc7,
f9de,
0240,
096b,
103b,
12d2,
1272,
1205,
0f67,
0895,
012a,
fb4d,
f7b5,
f645,
f638,
f711,
f7c2,
f81d,
f886,
faa9,
fdf4,
00ee,
02a8,
03e4,
05c3,
0735,
079b,
06f6,
0587,
036a,
0112,
fea1,
fc4c,
fac0,
f9bb,
f92e,
f982,
facf,
fcb5,
fedd,
00ed,
02ba,
0433,
04b4,
044b,
03b0,
0302,
01ef,
007e,
ff13,
fdd8,
fceb,
fc6a,
fc70,
fcc3,
fd21,
fda2,
fe60,
ff6d,
00a3,
01ad,
0247,
0264,
0223,
01bc,
0159,
00e8,
005b,
0002,
0002,
0003,
0003,
0002,
0002,
0001,
0001,
0001,
ffff,
ffff,
fffe,
fffd,
fffe,
fffe,
fffe,
fffe,
ffff,
0002,
0003,
0003,
0002,
0001,
ffff,
fffe,
fffd,
ffff,
0000,
ffff,
fffd,
ffff,
ffff,
0002,
fffe,
0001,
fffb,
fffd,
fffc,
fffb,
0056,
011a,
01b7,
05b8,
0c06,
021c,
f05e,
f1ee,
0001,
0989,
135d,
1de6,
1aa1,
0fda,
0401,
f63b,
f152,
f15b,
ea17,
e2c9,
e4d3,
eab9,
f19e,
faff,
02b9,
09b8,
1022,
121a,
113c,
107f,
0dd5,
0754,
0081,
fb2d,
f835,
f6ea,
f6a3,
f795,
f8a7,
f91f,
f920,
fab0,
fddb,
00e1,
029a,
0431,
0683,
07a6,
06e4,
0562,
03de,
021a,
002e,
fe14,
fc2e,
fb1f,
fa7d,
fa34,
fa8b,
fba3,
fd6e,
ff9a,
018f,
031c,
0433,
042a,
0361,
02d3,
0252,
0134,
ffab,
fe6e,
fd99,
fd04,
fcb8,
fcd5,
fd37,
fdb2,
fe54,
ff22,
000f,
00f1,
01a6,
020d,
0213,
01d2,
0166,
00ef,
0074,
0000,
0001,
0002,
0002,
0002,
0001,
0001,
0002,
0001,
0000,
ffff,
ffff,
fffe,
fffd,
fffe,
fffe,
fffe,
ffff,
0000,
0001,
0002,
0003,
0002,
0001,
fffe,
fffe,
fffe,
ffff,
ffff,
fffe,
fffc,
0000,
fffe,
0003,
fffc,
0006,
fff7,
0004,
fff4,
000b,
0067,
0135,
017b,
0594,
0c19,
00ab,
efc4,
f40c,
01fe,
0979,
12a7,
1c1c,
17d6,
0e47,
0314,
f5d8,
f28e,
f253,
e9de,
e3f5,
e78b,
ed06,
f34b,
fbfc,
02cd,
09e5,
1041,
10d5,
0f53,
0ef5,
0c57,
0662,
008f,
fbb7,
f8ba,
f760,
f72a,
f855,
f969,
f937,
f8f7,
fafd,
fe85,
01a1,
0371,
04c4,
05d2,
05ba,
050a,
0439,
02f4,
0143,
ff8f,
fde3,
fcc8,
fc4d,
fbaa,
fb33,
fb76,
fc8a,
fe3b,
0017,
01a2,
02d7,
037c,
0323,
0289,
021a,
016d,
0065,
ff5a,
fe88,
fde3,
fd6c,
fd27,
fd47,
fdba,
fe49,
fefb,
ffaf,
0056,
00e7,
0162,
01ab,
01ae,
0171,
0101,
0088,
fffe,
0000,
0001,
0001,
0001,
0001,
0001,
0001,
0001,
0001,
0000,
0000,
fffe,
fffe,
fffe,
fffe,
fffe,
fffe,
ffff,
0000,
0002,
0003,
0003,
0002,
0000,
fffe,
fffe,
fffe,
ffff,
ffff,
fffe,
fffc,
0000,
ffff,
0002,
fffc,
0006,
fff3,
0009,
ffef,
001b,
0077,
0147,
0132,
05dc,
0bc4,
fe75,
efdf,
f6fc,
0395,
090b,
11d8,
19d6,
1547,
0d3d,
0205,
f59a,
f3bc,
f292,
e9f3,
e634,
ea65,
eeed,
f4c5,
fcb9,
0314,
0a28,
0f8a,
0f31,
0da9,
0d96,
0b46,
05e6,
0088,
fc1d,
f952,
f7de,
f7f3,
f8e3,
f91e,
f8d2,
f97b,
fc7c,
0073,
02cc,
02cd,
02d2,
03d9,
043d,
03e4,
0358,
0249,
00e3,
ff9f,
fe8f,
fdec,
fd7b,
fca4,
fc0b,
fc62,
fd62,
fea0,
ffd2,
00ea,
020a,
02c1,
0273,
01c0,
013a,
00b6,
0029,
ffa5,
ff16,
fe61,
fdcf,
fd9d,
fdd5,
fe49,
feb5,
ff1f,
ff9f,
0044,
00cf,
0125,
0153,
014f,
0110,
00aa,
fffd,
fffe,
0000,
0001,
0001,
0001,
0001,
0002,
0002,
0001,
0001,
0000,
ffff,
ffff,
fffe,
fffe,
ffff,
fffe,
ffff,
0000,
0001,
0002,
0003,
0003,
0002,
0000,
fffe,
fffe,
fffe,
fffe,
ffff,
fffd,
fffe,
ffff,
0000,
0000,
fffd,
0004,
fff5,
000b,
ffec,
002c,
008a,
0145,
00fc,
0683,
0ab7,
fbe8,
f110,
fa39,
047b,
087b,
1107,
173a,
1312,
0c6e,
00b9,
f581,
f4c5,
f29a,
eacd,
e915,
ece2,
f072,
f626,
fd65,
0364,
0a38,
0e30,
0d4b,
0cc6,
0cf5,
0a4e,
053d,
0044,
fc73,
fa1a,
f850,
f7f0,
f8fd,
f98e,
f9ac,
fb33,
fe62,
00e5,
0144,
00a4,
013e,
02ae,
033f,
031d,
02ca,
0229,
0174,
00af,
ffa3,
fec1,
fe09,
fd3a,
fcd4,
fd0f,
fda8,
fe5a,
ff1d,
0030,
016a,
01f7,
0197,
011c,
00fd,
00e0,
007d,
fff0,
ff63,
fed5,
fe51,
fe1f,
fe52,
fe90,
feb7,
fefa,
ff72,
0001,
0082,
00e7,
011c,
0112,
00d1,
fffd,
fffe,
fffe,
0000,
0001,
0002,
0002,
0002,
0002,
0002,
0001,
0001,
0000,
0000,
ffff,
ffff,
ffff,
ffff,
ffff,
0000,
0000,
0002,
0002,
0003,
0002,
0002,
0000,
ffff,
fffe,
fffe,
ffff,
0000,
fffe,
0000,
0000,
0002,
ffff,
0001,
0000,
fffb,
0008,
fff2,
003a,
00a2,
0129,
00fb,
0743,
08d5,
f9b3,
f343,
fd24,
04bf,
0812,
1007,
1469,
116a,
0b80,
ff26,
f5be,
f5d9,
f2c8,
ec55,
ec04,
eedf,
f1db,
f754,
fdd1,
03c4,
09f4,
0c95,
0c02,
0c68,
0c63,
095b,
0465,
ffe1,
fc9f,
fa3a,
f887,
f8b7,
fa2d,
fb2f,
fb70,
fbc0,
fd15,
fece,
ff86,
ffb8,
00c7,
0215,
02a1,
02fd,
0323,
02d9,
0271,
0186,
0037,
ff3f,
fe6b,
fd77,
fd03,
fd20,
fd62,
fdc8,
fe7f,
ffab,
00e3,
0162,
0133,
012b,
0144,
011a,
00be,
0047,
ffb4,
ff1c,
febb,
fe8a,
fe80,
fe7f,
fe8e,
fecf,
ff3d,
ffc4,
003d,
00a2,
00e6,
00f0,
fffc,
fffd,
fffd,
fffe,
0000,
0001,
0001,
0001,
0001,
0001,
0001,
0000,
0001,
0000,
ffff,
ffff,
ffff,
ffff,
fffe,
ffff,
ffff,
0000,
0001,
0001,
0002,
0001,
0001,
ffff,
ffff,
fffd,
ffff,
ffff,
0000,
fffd,
0000,
fffe,
0003,
fffd,
0003,
fffb,
0003,
ffff,
fffe,
003e,
00bd,
00f3,
0149,
07cc,
0648,
f84b,
f601,
ff62,
04af,
07dc,
0ec6,
11d0,
1028,
0a08,
fd94,
f68c,
f6e6,
f30f,
ee38,
eeb4,
f075,
f2f6,
f85a,
fe65,
042c,
09c1,
0b75,
0b06,
0be2,
0b92,
081b,
0360,
ff46,
fc57,
faa3,
fa2a,
fb1e,
fc14,
fb70,
f9e6,
f9ac,
fb82,
fdc9,
fedb,
ff80,
00f8,
0259,
02fa,
0389,
03e4,
039c,
02e1,
01be,
007d,
ff78,
fe5b,
fd31,
fc96,
fc91,
fce2,
fd6b,
fe3a,
ff7c,
00d3,
016f,
0158,
0150,
0172,
015b,
0109,
0097,
fffb,
ff3b,
fead,
fe7a,
fe6e,
fe62,
fe74,
feba,
ff25,
ff9f,
0005,
005c,
00a9,
fffe,
fffd,
fffe,
fffe,
fffe,
0000,
0001,
0001,
0001,
0001,
0001,
0001,
0000,
0000,
0001,
ffff,
ffff,
ffff,
ffff,
ffff,
0000,
0000,
0000,
0001,
0001,
0002,
0001,
0000,
ffff,
ffff,
fffe,
ffff,
ffff,
ffff,
fffd,
0001,
fffd,
0003,
fffc,
0005,
fff9,
0009,
fff8,
000c,
0046,
00d4,
00b1,
01e7,
07d4,
037c,
f7d8,
f8d7,
00f2,
048c,
07be,
0d43,
0fa7,
0eef,
0815,
fc90,
f7de,
f7ae,
f37f,
f062,
f0bb,
f173,
f441,
f9a3,
ff52,
04e0,
093e,
0a5e,
0a65,
0acd,
0a0e,
06ed,
025e,
fed7,
fd8b,
fd19,
fc74,
fba2,
fa2b,
f899,
f812,
f939,
fb83,
fd6c,
fe9f,
0025,
021b,
0364,
03fd,
0465,
0447,
03ce,
02e9,
016d,
fffd,
fee2,
fdbf,
fcaf,
fc22,
fc15,
fc80,
fd51,
fe7d,
fff2,
012a,
01a8,
01b2,
01b1,
01a2,
017e,
012c,
009d,
ffdb,
ff15,
fe87,
fe3e,
fe2f,
fe49,
fe83,
feca,
ff1e,
ff7e,
ffdb,
004f,
fffe,
fffe,
fffe,
fffe,
fffe,
ffff,
0000,
0001,
0001,
0001,
0001,
0001,
0001,
0001,
0000,
0000,
0000,
ffff,
ffff,
ffff,
ffff,
ffff,
0000,
0000,
0001,
0000,
0001,
0001,
0001,
0000,
ffff,
fffe,
ffff,
ffff,
ffff,
fffe,
0000,
ffff,
0003,
fffc,
0005,
fffa,
000c,
fff5,
0018,
0052,
00d8,
007e,
02b9,
073a,
00d2,
f83e,
fb78,
01fa,
0469,
0785,
0bbf,
0df6,
0d7e,
0614,
fc46,
f93b,
f82b,
f41c,
f21e,
f227,
f2cd,
f636,
fb35,
0001,
0543,
08d9,
0904,
092c,
09c5,
088d,
05b8,
02e3,
010a,
ffa7,
fd40,
fa27,
f868,
f802,
f7d6,
f81c,
f97a,
fbef,
fe30,
ffcc,
0199,
038d,
04b6,
04f0,
04bf,
041c,
032f,
01f2,
0055,
feec,
fdf3,
fd0e,
fc43,
fbe5,
fc12,
fccb,
fdd8,
ff18,
0082,
019f,
021c,
0230,
0213,
01c0,
0141,
00c8,
0047,
ffa5,
fee8,
fe47,
fdf6,
fdf9,
fe3e,
fe94,
fedd,
ff30,
ffa1,
001c,
0000,
ffff,
fffe,
fffe,
fffe,
fffe,
ffff,
0000,
0001,
0001,
0001,
0002,
0002,
0001,
0000,
0001,
0000,
ffff,
ffff,
0000,
ffff,
ffff,
ffff,
0000,
0000,
0001,
0002,
0002,
0002,
0001,
0000,
ffff,
ffff,
0000,
0000,
ffff,
0000,
0001,
0002,
0002,
0000,
0004,
ffff,
000b,
fff8,
0023,
0062,
00c5,
007b,
0390,
0603,
fe9a,
f957,
fdb8,
0279,
0450,
0747,
0a60,
0c97,
0be4,
045a,
fc83,
fa45,
f82d,
f4c8,
f3d8,
f3ef,
f4cd,
f7df,
fc5f,
00fb,
0524,
078d,
07f4,
0842,
08b9,
088f,
072c,
046d,
00bd,
fc90,
f93c,
f7ad,
f77f,
f7d2,
f804,
f8c1,
faef,
fe07,
0040,
018f,
0327,
04ae,
053c,
04eb,
0428,
030a,
01ba,
003d,
feed,
fe03,
fd38,
fc81,
fc28,
fc62,
fcf0,
fdb1,
fe9f,
ffc3,
010d,
0215,
0292,
0287,
021a,
0176,
00cf,
0040,
ffcc,
ff3a,
fe87,
fe01,
fdde,
fe13,
fe5d,
fea4,
ff0b,
ff9c,
0024,
0001,
0000,
ffff,
fffe,
fffe,
ffff,
ffff,
0000,
0001,
0002,
0002,
0002,
0002,
0002,
0002,
0001,
0000,
0000,
ffff,
0000,
ffff,
0000,
0001,
0000,
0001,
0002,
0002,
0003,
0004,
0003,
0001,
0000,
0000,
0001,
0000,
0001,
0000,
0002,
0001,
0004,
0001,
0003,
0001,
0006,
0006,
ffff,
0029,
0074,
009f,
00b7,
0429,
0452,
fd24,
fada,
ff5f,
02ac,
045f,
06f0,
0926,
0b76,
0a53,
02f0,
fcb1,
fac3,
f86d,
f643,
f5cc,
f556,
f6a7,
f9c0,
fcfa,
0103,
0505,
06ac,
0723,
08c3,
0a73,
09da,
05a4,
ffdb,
fbd9,
f98d,
f801,
f77e,
f7ac,
f833,
f983,
fba6,
fe2a,
0085,
0203,
02ee,
03e6,
0491,
0477,
03bf,
028d,
012c,
0009,
fee7,
fde5,
fd5c,
fd0a,
fccb,
fcd3,
fd42,
fe06,
fed1,
ff83,
006c,
0192,
0262,
0290,
0246,
01b9,
0111,
0066,
ffac,
fef9,
fe87,
fe49,
fe2d,
fe32,
fe57,
fe97,
fef4,
ff7f,
001a,
0001,
0000,
ffff,
fffe,
fffe,
ffff,
fffe,
ffff,
0000,
0001,
0002,
0002,
0001,
0001,
0001,
0001,
0001,
0000,
0000,
ffff,
ffff,
ffff,
0000,
0000,
0001,
0001,
0002,
0002,
0002,
0001,
0001,
0000,
ffff,
ffff,
ffff,
0000,
0001,
ffff,
0000,
0001,
0004,
ffff,
0004,
0000,
0009,
fffd,
0007,
002e,
007d,
0074,
012d,
0456,
0268,
fc71,
fc80,
007f,
02c5,
047f,
0675,
0856,
0a95,
0854,
017a,
fd26,
fbca,
f932,
f743,
f75d,
f73a,
f803,
fa88,
fdc7,
0174,
04e1,
0753,
0967,
0a91,
089b,
03fd,
ff1d,
fba5,
fa23,
f955,
f837,
f7e4,
f941,
fb5a,
fd46,
fef6,
00a1,
01fb,
02b1,
0319,
0358,
0334,
027d,
0181,
009f,
ffd4,
fef8,
fe15,
fd97,
fd8e,
fd98,
fd96,
fdc6,
fe45,
fefb,
ffcf,
0089,
0134,
01b1,
01e3,
01e7,
01b3,
0147,
0092,
ffab,
fedb,
fe6b,
fe58,
fe71,
fe91,
fea9,
fecc,
ff09,
ff6e,
ffe5,
0001,
0000,
ffff,
ffff,
fffe,
fffe,
ffff,
ffff,
0000,
0000,
0001,
0002,
0001,
0001,
0001,
0001,
0000,
0000,
ffff,
fffe,
ffff,
0000,
0000,
0000,
0000,
0001,
0001,
0002,
0002,
0001,
0001,
0000,
0000,
ffff,
ffff,
0000,
0000,
0000,
0000,
0001,
0002,
0003,
0000,
0005,
0002,
0008,
fffa,
000f,
0035,
007c,
0060,
01be,
03f1,
00af,
fc8c,
fdfc,
0124,
02e4,
04c6,
0623,
0784,
092a,
068a,
0159,
fe22,
fbdf,
f9bd,
f8de,
f88e,
f86c,
f98c,
fb7c,
fe7c,
0359,
07f7,
0969,
076b,
0443,
0154,
fe83,
fc6b,
fb62,
fa48,
f96d,
f9f2,
fb87,
fd80,
ff26,
ffe4,
0071,
0199,
0243,
0206,
01cb,
0181,
00de,
0057,
fff2,
ff6a,
ff09,
feb4,
fe4c,
fe22,
fe3e,
fe5e,
fe7d,
fec2,
ff51,
0017,
00b3,
0103,
012e,
013c,
0122,
0104,
00ea,
008e,
ffe4,
ff27,
fe9d,
fe78,
fea4,
fee5,
ff0f,
ff2d,
ff57,
ff8c,
ffc9,
0001,
0000,
0000,
0000,
ffff,
ffff,
ffff,
ffff,
0000,
0000,
0001,
0001,
0001,
0000,
0000,
0000,
0000,
ffff,
ffff,
ffff,
0000,
0000,
0000,
0000,
0000,
0001,
0001,
0002,
0002,
0001,
0001,
0001,
0001,
0000,
0000,
0000,
0000,
0000,
0000,
0001,
0002,
0003,
0002,
0002,
0004,
0004,
0003,
fffd,
0017,
0041,
006e,
006a,
023b,
032c,
ff77,
fd17,
ff15,
01aa,
0380,
04d7,
051f,
06f1,
08ca,
0564,
00a0,
fe90,
fc42,
fa66,
fa87,
fa39,
f96a,
fa5a,
fdce,
02e6,
06a4,
05e3,
0287,
ffe3,
fe5f,
fe12,
fdfc,
fc98,
fb67,
fbbc,
fcf5,
fe8f,
ffff,
007d,
0057,
0079,
00ca,
0116,
00e0,
001e,
ff93,
ff89,
ff6e,
ff14,
ff00,
ff24,
ff3e,
ff23,
ff07,
ff0c,
ff10,
ff24,
ff79,
fff8,
0059,
008e,
00a3,
00b3,
00af,
007c,
0043,
0027,
0012,
ffe0,
ff8e,
ff35,
ff05,
ff14,
ff31,
ff49,
ff7e,
ffb9,
ffcc,
ffc4,
0001,
0001,
0001,
0001,
0000,
0000,
0000,
0001,
0001,
0000,
0000,
0000,
0001,
0001,
0000,
0000,
ffff,
0000,
0000,
0000,
0000,
0000,
0001,
0000,
0001,
0001,
0001,
0001,
0001,
0002,
0001,
0001,
0001,
0001,
0001,
0001,
0000,
0000,
0001,
ffff,
0001,
0002,
0002,
0000,
0003,
0002,
0003,
0002,
0006,
001d,
0045,
004f,
00a2,
028c,
0236,
feb2,
fdd6,
0048,
025e,
037b,
0475,
0569,
06d6,
0711,
0410,
0078,
ff06,
fdbd,
fc90,
fb83,
f9f5,
fb1a,
ff40,
01d6,
0178,
0033,
fe26,
fc24,
fc99,
fe48,
fe99,
fdff,
fde5,
fecc,
0036,
0178,
01b8,
0145,
00c4,
0024,
ffb2,
ff7b,
ff3b,
feb7,
fe6b,
fe55,
fe5d,
fead,
fef8,
ff28,
ff72,
ffd9,
fff9,
ffec,
fff0,
0004,
002e,
005c,
0075,
0066,
0041,
0004,
ffdc,
ffe1,
ffce,
ff9e,
ff7f,
ff8a,
ffad,
ffd4,
ffdd,
ffc1,
ffa0,
ffa6,
ffc3,
ffdb,
ffe6,
ffc6,
0000,
0000,
0001,
0001,
0000,
0001,
0001,
0000,
0000,
ffff,
ffff,
0000,
0000,
ffff,
ffff,
ffff,
0000,
0000,
0000,
0000,
0000,
0000,
0000,
0000,
0000,
0001,
0000,
0001,
0000,
0000,
0000,
0000,
0001,
0001,
0001,
0001,
0000,
0001,
0001,
0000,
0000,
0002,
0001,
0001,
ffff,
0002,
0002,
0007,
0004,
000a,
0018,
0040,
0046,
0101,
0287,
013a,
fea8,
ff1f,
0100,
02b4,
0456,
0412,
0450,
0620,
0589,
03a0,
02c6,
01af,
fecb,
fb84,
fb13,
fdbf,
ff70,
fe29,
fc18,
fa7c,
f9ba,
fac3,
fc92,
fde4,
ff11,
0013,
0105,
023f,
0341,
031a,
025f,
01a6,
00c1,
ffb5,
fe77,
fd9f,
fda1,
fdef,
fdb6,
fd59,
fdac,
fe6c,
ff0f,
ff6b,
ffc0,
0030,
009b,
00d7,
00f0,
00f8,
00d4,
0094,
0043,
0009,
ffcb,
ff6e,
ff2c,
ff25,
ff3f,
ff50,
ff58,
ff6e,
ffc0,
002a,
0061,
0064,
0054,
0035,
0009,
ffe7,
ffc3,
ff94,
0000,
0001,
0001,
0001,
0001,
0001,
0001,
0001,
0000,
0000,
ffff,
ffff,
fffe,
fffe,
ffff,
ffff,
ffff,
0000,
0000,
0000,
0000,
0000,
0000,
0000,
0000,
0000,
0000,
0000,
0000,
0000,
0000,
0001,
0001,
0001,
0000,
0000,
0000,
ffff,
0000,
0000,
0000,
0001,
0001,
0000,
ffff,
0000,
0003,
0004,
0009,
ffff,
0006,
001e,
0044,
0050,
0159,
026c,
00f1,
ff18,
002f,
0228,
02b1,
0339,
02e3,
038d,
065b,
07b8,
06d7,
0507,
009f,
fba5,
fbfe,
fe18,
fd5c,
faeb,
f78d,
f58f,
f77c,
faeb,
fcf2,
fe61,
0019,
021d,
0448,
0561,
04ca,
0390,
0251,
013a,
0052,
fef2,
fd37,
fc63,
fcbe,
fd56,
fd49,
fd03,
fd5a,
fe33,
ff26,
ffe6,
0049,
0078,
00e7,
0174,
01c3,
01c8,
015a,
0099,
ffef,
ff86,
ff37,
fefb,
feba,
fe8b,
feb2,
ff10,
ff64,
ffb0,
0011,
005a,
0090,
00c9,
00da,
00af,
005c,
fffb,
ff9e,
ff59,
0000,
0001,
0001,
0002,
0002,
0002,
0001,
0001,
0000,
ffff,
ffff,
ffff,
ffff,
ffff,
ffff,
0000,
ffff,
0000,
0000,
0000,
0000,
0000,
0000,
0000,
0001,
0000,
0000,
0000,
0000,
0000,
0000,
0001,
0001,
0001,
0001,
0001,
0001,
0000,
0000,
0000,
0000,
ffff,
0000,
0001,
0001,
0000,
0003,
0005,
0007,
0002,
fffe,
0010,
0026,
003f,
0081,
0226,
02db,
0135,
ffb5,
0014,
0172,
01a8,
020b,
03aa,
0764,
0a98,
0a11,
0739,
0211,
fbe4,
f9bb,
fbdf,
fbca,
f7d9,
f477,
f416,
f6dd,
fb6a,
fe8a,
ffbd,
0191,
0456,
0675,
06b5,
052b,
030c,
0179,
0084,
ff49,
fdc7,
fca8,
fc2f,
fc6c,
fd02,
fd3b,
fd07,
fd42,
fe3d,
ff6e,
004a,
00b5,
00e9,
0138,
01b9,
021f,
0222,
018b,
008b,
ffa1,
ff0b,
febe,
fe89,
fe5f,
fe4b,
fe78,
fef5,
ff8a,
0008,
0061,
009b,
00c7,
00f2,
00fb,
00ce,
007a,
0012,
ffa7,
ff3a,
0001,
0001,
0002,
0002,
0003,
0002,
0002,
0001,
ffff,
ffff,
ffff,
ffff,
ffff,
ffff,
ffff,
0000,
0000,
0001,
0001,
0001,
0001,
0001,
0001,
0000,
0000,
0001,
0000,
0001,
0000,
0000,
0001,
0002,
0002,
0002,
0002,
0001,
0001,
0001,
0000,
0000,
0001,
0000,
ffff,
0002,
0002,
0002,
0003,
0006,
0006,
0007,
0000,
0006,
0013,
002c,
00a1,
0210,
03fb,
0249,
ff26,
fecb,
ff79,
00cb,
032e,
0650,
08f7,
0aef,
0b78,
0883,
014b,
f98a,
f769,
f943,
f910,
f68a,
f462,
f49a,
f82a,
fcfe,
0029,
01e0,
03cf,
05a0,
06b6,
0652,
043a,
01f6,
0068,
ff14,
fde7,
fd40,
fcb8,
fc74,
fcd1,
fd41,
fd3b,
fd2e,
fdac,
fea7,
ffbf,
0076,
00e7,
014c,
0198,
01d1,
01f6,
01de,
014e,
0066,
ff7a,
fec6,
fe61,
fe3b,
fe38,
fe4e,
fe9c,
ff21,
ffbd,
003b,
0092,
00d3,
00f1,
00f2,
00dc,
00ab,
005d,
fffe,
ff9c,
ff37,
0001,
0002,
0002,
0002,
0002,
0001,
0001,
0000,
ffff,
ffff,
fffe,
fffe,
ffff,
ffff,
0000,
0000,
0000,
0000,
0000,
0000,
0000,
0000,
0000,
0000,
0000,
0000,
0000,
0000,
0000,
0001,
0001,
0001,
0001,
0001,
0001,
0000,
0000,
0000,
ffff,
0000,
ffff,
fffe,
0000,
0001,
0003,
0003,
0004,
0003,
0006,
0002,
0007,
0001,
0006,
004c,
01e6,
0358,
0219,
0106,
ffca,
fdf1,
fed9,
024c,
062c,
0913,
09e6,
0a35,
0a70,
05b6,
fd68,
f822,
f63e,
f5f6,
f70d,
f703,
f627,
f7bf,
fb3a,
fec6,
01ee,
0459,
0572,
05b6,
0556,
041e,
0281,
00a1,
fec3,
fd86,
fd2e,
fd29,
fd1f,
fd56,
fda6,
fda7,
fd83,
fdca,
fe77,
ff38,
ffe6,
0074,
0105,
017d,
01a7,
019c,
0184,
0143,
00be,
0017,
ff5b,
feaf,
fe51,
fe3f,
fe59,
fe99,
fefe,
ff70,
ffea,
0055,
00a3,
00d6,
00e0,
00c8,
00a4,
0078,
002a,
ffc6,
ff6d,
ff30,
0001,
0002,
0002,
0001,
0001,
0001,
0000,
ffff,
fffe,
fffe,
ffff,
fffe,
ffff,
ffff,
0000,
0000,
0000,
0000,
0000,
0000,
0000,
ffff,
ffff,
0000,
0000,
0000,
0000,
ffff,
0000,
0000,
0000,
0001,
0001,
0001,
0000,
ffff,
ffff,
ffff,
ffff,
fffe,
ffff,
0000,
ffff,
ffff,
0002,
0004,
0003,
0004,
ffff,
0005,
0003,
0003,
0024,
0207,
03d4,
019a,
ff49,
ffb1,
ffc9,
ff54,
01a0,
05c1,
08ed,
0a49,
09cc,
0856,
0496,
fee5,
fa8c,
f80d,
f581,
f485,
f61b,
f83f,
fa67,
fc99,
fec0,
00fd,
03a8,
05a4,
05cb,
0490,
02c6,
0145,
0007,
feab,
fd69,
fce0,
fcfa,
fd52,
fdf4,
fe7c,
fe78,
fe35,
fe5d,
fedf,
ff4e,
ff9d,
fff4,
007e,
00fc,
013f,
0144,
0124,
00ea,
0083,
001f,
ffb6,
ff2f,
fec2,
fe94,
fe9e,
fecf,
ff28,
ff7e,
ffc3,
000c,
004f,
007e,
0093,
0095,
007b,
005b,
0030,
ffec,
ff9e,
ff59,
ff31,
0001,
0001,
0001,
0000,
0000,
ffff,
fffe,
fffe,
ffff,
ffff,
ffff,
0000,
0000,
0000,
0000,
0000,
0000,
0000,
0000,
ffff,
ffff,
ffff,
ffff,
ffff,
ffff,
ffff,
0000,
0000,
0000,
0001,
0001,
0001,
0001,
0000,
0000,
ffff,
ffff,
ffff,
ffff,
fffe,
ffff,
0000,
fffe,
ffff,
0002,
0005,
0005,
ffff,
0004,
ffff,
0007,
002b,
025c,
043c,
016c,
fe98,
fe80,
feaf,
0039,
03f9,
06c7,
08e4,
0aa0,
0970,
06fa,
02df,
fc43,
f89e,
f93c,
f86d,
f5cf,
f543,
f74b,
fb1d,
ff47,
0198,
024e,
0357,
04b4,
050a,
0447,
0283,
001f,
fe14,
fd0f,
fce6,
fce6,
fd01,
fd3d,
fdec,
feed,
ff6b,
ff43,
ff44,
ffb0,
ffe5,
ffdf,
fff7,
0038,
0075,
0087,
0088,
009a,
0090,
0029,
ffc2,
ff8b,
ff56,
ff31,
ff1d,
ff16,
ff33,
ff89,
ffcf,
fff7,
001f,
002d,
001a,
000e,
0022,
0030,
0026,
ffff,
ffd1,
ffb4,
ff96,
ff72,
ff59,
0001,
0000,
0000,
ffff,
ffff,
ffff,
fffe,
ffff,
ffff,
0000,
0000,
0000,
0000,
0000,
0000,
ffff,
ffff,
ffff,
ffff,
ffff,
ffff,
ffff,
ffff,
ffff,
0000,
0000,
0000,
0001,
0001,
0002,
0001,
0000,
ffff,
ffff,
ffff,
ffff,
ffff,
ffff,
ffff,
0000,
0001,
ffff,
0000,
0000,
0004,
0006,
0002,
0005,
ffff,
0002,
004d,
02d3,
047f,
0124,
fe02,
fe17,
fe51,
ff92,
043a,
08b3,
0b4d,
0c08,
0904,
0533,
0128,
fa69,
f580,
f644,
f82c,
f808,
f7f7,
f8dc,
fb1a,
ff5a,
0340,
0510,
0596,
0551,
0426,
02be,
0182,
ffc4,
fd4d,
fb38,
faec,
fbf2,
fcf4,
fd7e,
fe12,
fef7,
ffb5,
0015,
0051,
00b0,
00ca,
0080,
0056,
0072,
0079,
0024,
ffc4,
ffab,
ffcb,
ffc4,
ff76,
ff1d,
fefc,
ff28,
ff67,
ff9b,
ffd3,
000a,
002e,
0053,
0077,
0066,
001c,
ffc6,
ff98,
ff9f,
ffb3,
ffad,
ff98,
ff95,
ff9a,
ff97,
ff98,
ff9b,
0001,
0000,
ffff,
fffe,
fffe,
ffff,
ffff,
0000,
0000,
0001,
0001,
0001,
0001,
0001,
0001,
0000,
ffff,
0000,
0000,
0000,
ffff,
ffff,
ffff,
0000,
0000,
0000,
0001,
0002,
0002,
0002,
0001,
0001,
0000,
fffe,
fffe,
0000,
ffff,
0000,
0000,
0002,
0001,
ffff,
0000,
0003,
0003,
0003,
0004,
0004,
0001,
008e,
036c,
0486,
0091,
fda3,
fde2,
fe17,
000c,
04d4,
0868,
0c4e,
0ed1,
0a5c,
041b,
ff35,
f809,
f325,
f412,
f565,
f64c,
f940,
fc13,
fe24,
0151,
03bf,
0577,
0754,
0772,
054f,
026e,
ffe7,
fddb,
fc46,
fa94,
f9a7,
fa53,
fbd2,
fd2f,
fe51,
ff5b,
0002,
0072,
00f1,
0183,
01a7,
0154,
0106,
00d5,
00b9,
004e,
ff9c,
ff15,
feeb,
feed,
fee2,
fec6,
fea4,
fecb,
ff38,
ffb0,
003a,
00a6,
00be,
00c4,
00e6,
00bf,
004d,
ffda,
ff7e,
ff46,
ff34,
ff2a,
ff21,
ff4b,
ff82,
ff99,
ffa8,
ffbe,
ffd0,
0000,
ffff,
fffe,
fffe,
fffe,
ffff,
0000,
0001,
0001,
0001,
0002,
0002,
0001,
0001,
0000,
0000,
ffff,
ffff,
ffff,
ffff,
ffff,
ffff,
ffff,
0000,
0001,
0002,
0002,
0002,
0001,
0001,
0000,
fffe,
fffe,
fffe,
ffff,
ffff,
ffff,
0000,
0001,
0002,
0001,
fffe,
0003,
0000,
0002,
0001,
0006,
0006,
00ec,
0430,
0454,
ffa8,
fd54,
fdcb,
fe12,
00d3,
05da,
090e,
0ceb,
0f19,
0ac3,
04d4,
fe9c,
f5c6,
f0e0,
f227,
f334,
f430,
f7de,
fc5f,
00b9,
0521,
06d2,
070d,
07d6,
07a1,
0635,
03b7,
0024,
fc87,
fa32,
f8c6,
f890,
f9b7,
fafc,
fc2a,
fdd6,
ff97,
007f,
0106,
018e,
01f8,
021d,
01ed,
01b3,
017a,
0125,
0077,
ffaf,
ff16,
fea5,
fe54,
fe25,
fe21,
fe3d,
fe85,
feea,
ff75,
0034,
00d5,
0120,
0156,
016e,
011d,
0092,
000f,
ff9a,
ff41,
ff04,
fece,
feba,
fee6,
ff33,
ff75,
ffa5,
ffc5,
ffdd,
000c,
fffe,
fffe,
fffd,
fffe,
ffff,
ffff,
0001,
0002,
0001,
0001,
0001,
0001,
0000,
0000,
ffff,
fffe,
ffff,
ffff,
ffff,
ffff,
ffff,
0000,
0000,
0001,
0001,
0002,
0002,
0001,
0001,
ffff,
ffff,
fffe,
fffe,
fffe,
fffe,
ffff,
ffff,
0002,
0001,
0003,
ffff,
0003,
fffe,
0001,
ffff,
0004,
0007,
0165,
0520,
0403,
fe78,
fd00,
fdaa,
fe30,
01fc,
070a,
09e7,
0e37,
0fad,
09aa,
03ae,
fe00,
f4f9,
efdc,
f09b,
f0f5,
f23c,
f6f1,
fbe4,
00d4,
06d2,
09d3,
0a66,
0aa8,
08b2,
05a2,
034f,
007f,
fcb9,
f995,
f72f,
f66c,
f829,
fa73,
fbed,
fd6c,
ff39,
0084,
018a,
0268,
02c0,
0284,
0223,
01fc,
01e3,
01a2,
00dd,
ffc6,
ff03,
feab,
fe41,
fdc3,
fd98,
fdbc,
fe20,
feb6,
ff60,
0008,
00a6,
012c,
01a1,
01d2,
0172,
00d0,
004b,
ffd2,
ff62,
ff06,
feaf,
fe7f,
fea3,
fef4,
ff42,
ff89,
ffbe,
ffe0,
0018,
005e,
fffd,
fffe,
fffe,
ffff,
0000,
0001,
0002,
0003,
0003,
0002,
0002,
0002,
0001,
0001,
0000,
0000,
ffff,
ffff,
ffff,
ffff,
0000,
0001,
0001,
0002,
0003,
0003,
0003,
0002,
0000,
ffff,
ffff,
fffe,
fffe,
ffff,
0000,
0000,
0001,
0001,
0003,
ffff,
0005,
ffff,
0002,
fffc,
0003,
0007,
01e5,
063a,
03af,
fd0c,
fc9d,
fd7d,
fe56,
0374,
0875,
0af6,
0fbb,
1013,
08b6,
02a6,
fbcd,
f2bb,
efbd,
f095,
ef7e,
f0a5,
f5e8,
fb84,
016c,
0783,
0a4b,
0c02,
0da0,
0b9f,
0738,
0339,
ff69,
fba7,
f935,
f724,
f5a0,
f68f,
f8ed,
faf1,
fd2f,
ff73,
008c,
017e,
02d9,
0388,
0334,
02bf,
0254,
01ec,
01b5,
0108,
fff7,
ff3d,
feaf,
fe01,
fd97,
fd6a,
fd5c,
fdbd,
fe82,
ff54,
000e,
00b6,
013b,
01a8,
01d6,
0185,
00f5,
006d,
fff0,
ff76,
ff0c,
feb3,
fe7b,
fe84,
fec6,
ff1f,
ff79,
ffbe,
fff1,
0033,
0082,
00a5,
fffd,
fffd,
fffe,
0000,
0000,
0001,
0002,
0002,
0001,
0001,
0001,
0001,
0000,
ffff,
ffff,
ffff,
ffff,
ffff,
ffff,
0000,
0000,
0001,
0002,
0003,
0002,
0002,
0000,
ffff,
fffe,
fffd,
fffe,
fffd,
fffe,
0000,
0000,
0001,
0000,
0003,
fffd,
0004,
fffd,
0003,
fffb,
ffff,
0003,
025e,
0774,
037c,
fb6c,
fc0b,
fd40,
fe5f,
0519,
0a44,
0c49,
1180,
1065,
0752,
01b8,
f9fd,
efcb,
ee5b,
f03c,
eed3,
f02d,
f58d,
fb36,
01f3,
0894,
0b05,
0c7f,
0e32,
0d0f,
0976,
04f7,
ffdd,
faaf,
f769,
f5ea,
f580,
f678,
f83f,
f9e3,
fc2e,
ff07,
00cb,
01e6,
031f,
03d6,
03a1,
0357,
0309,
0273,
01ba,
00b9,
ffe8,
ff65,
feb6,
fdd9,
fd59,
fd28,
fd1d,
fd8c,
fe55,
ff2a,
0018,
010f,
01a8,
01e7,
01d9,
0170,
00e1,
005e,
ffe8,
ff5a,
fee3,
fe9b,
fe7e,
fe89,
feab,
fefa,
ff67,
ffd5,
0025,
0074,
00c2,
00dc,
00c0,
fffd,
fffe,
0000,
0001,
0002,
0002,
0002,
0001,
0001,
0001,
0001,
0000,
ffff,
0000,
ffff,
ffff,
ffff,
ffff,
ffff,
0000,
0001,
0002,
0003,
0002,
0002,
0001,
ffff,
fffe,
fffe,
ffff,
fffe,
fffd,
0000,
0000,
0002,
0000,
0004,
fffd,
0004,
fffc,
0004,
fffc,
0000,
fffb,
02bf,
08cd,
038e,
f9a8,
fb27,
fd05,
fe57,
06a6,
0c6f,
0e05,
1391,
10c0,
0574,
0090,
f861,
ecb1,
eceb,
efc1,
ed3f,
ef94,
f62a,
fb99,
02e3,
09d5,
0b94,
0d6a,
0f11,
0ce8,
0997,
05e2,
00e3,
fb5b,
f6f2,
f44b,
f42e,
f5fe,
f82f,
f9fa,
fbf6,
fe6b,
0054,
01ea,
037c,
0455,
03f1,
0394,
0385,
02fd,
0214,
00e7,
ffea,
ff30,
fe6c,
fd83,
fd01,
fcde,
fce6,
fd65,
fe1e,
ff12,
0059,
016f,
01fd,
0249,
0240,
01ae,
00ef,
003f,
ff9c,
ff14,
fea4,
fe4c,
fe34,
fe5b,
fe99,
fee7,
ff5a,
ffdf,
005e,
00d0,
0122,
0138,
010e,
00bd,
fffd,
ffff,
0001,
0001,
0002,
0002,
0002,
0002,
0001,
0000,
0000,
0000,
ffff,
fffe,
ffff,
ffff,
ffff,
ffff,
0000,
0001,
0002,
0002,
0002,
0002,
0000,
ffff,
fffe,
fffd,
fffe,
fffe,
fffd,
0000,
0000,
0002,
ffff,
0004,
fffd,
0005,
fffa,
0004,
fffe,
0002,
fff6,
02fa,
0a3c,
040b,
f7de,
f9e3,
fca6,
fe49,
0804,
0ec4,
101a,
1601,
1185,
034e,
fee7,
f6ec,
e983,
eae2,
efa1,
ec37,
ee3b,
f619,
fc59,
0470,
0bbd,
0c72,
0e16,
104a,
0d6d,
0944,
0550,
005e,
fb43,
f72b,
f410,
f385,
f542,
f767,
f994,
fc53,
ff11,
007f,
01a8,
0352,
048f,
0473,
041b,
03d3,
0306,
023e,
0141,
002b,
ff4a,
fe29,
fcc9,
fc30,
fc5b,
fcac,
fd35,
fdf9,
ff2f,
00bc,
01e3,
025d,
02ae,
02ab,
020e,
013e,
0058,
ff71,
febe,
fe49,
fdf4,
fdcc,
fde1,
fe26,
fead,
ff5b,
0006,
0094,
010c,
0177,
019f,
0177,
0121,
00a4,
0000,
0001,
0002,
0002,
0003,
0002,
0002,
0001,
0000,
0000,
ffff,
ffff,
ffff,
ffff,
ffff,
ffff,
0000,
0000,
0001,
0002,
0003,
0002,
0002,
ffff,
fffe,
fffe,
fffd,
fffe,
fffe,
fffd,
0001,
ffff,
0003,
ffff,
0005,
fffc,
0005,
fff9,
0001,
0000,
0002,
fff3,
0306,
0bb5,
0506,
f62b,
f840,
fbff,
fe2e,
0941,
111a,
1273,
18d3,
12d9,
013b,
fcde,
f557,
e629,
e840,
ef44,
eba4,
ed40,
f5f6,
fc79,
0580,
0e3e,
0e34,
0ed7,
1167,
0e60,
0969,
04d9,
ff2c,
f9c6,
f646,
f393,
f33f,
f566,
f766,
f8e7,
fbb8,
ff6d,
0188,
026f,
0392,
04c3,
04cb,
0481,
0420,
034a,
027c,
012c,
ffe7,
ff35,
fe27,
fc4c,
fb48,
fb84,
fbe8,
fcbd,
fe1a,
ff92,
0118,
026e,
030a,
033a,
0325,
027d,
0181,
006d,
ff68,
fe95,
fdf9,
fd7e,
fd49,
fd67,
fdad,
fe3d,
ff24,
001b,
00cf,
0150,
01b7,
01e1,
01c9,
0184,
010c,
0074,
0001,
0002,
0003,
0003,
0002,
0002,
0001,
0000,
ffff,
ffff,
fffe,
fffe,
fffe,
fffe,
fffe,
ffff,
0000,
0001,
0002,
0002,
0002,
0001,
ffff,
fffe,
fffd,
fffd,
fffe,
fffe,
fffd,
0001,
ffff,
0003,
fffe,
0004,
fffa,
0004,
fffa,
fffb,
0005,
fffd,
fff3,
02d3,
0d20,
06a7,
f4a9,
f64a,
fae5,
fdcc,
0a7f,
1372,
14cd,
1c0b,
14f9,
ff66,
faa9,
f3d8,
e28e,
e4c9,
ee63,
eb3b,
ec98,
f5ec,
fcd3,
065d,
101f,
1016,
1060,
12e7,
0f58,
09e9,
049f,
fdf7,
f819,
f4b4,
f221,
f21b,
f50e,
f7c9,
f950,
fba4,
ff3d,
01a0,
030e,
04bc,
062c,
05c7,
04b7,
0455,
03c3,
02c8,
0114,
ff68,
fe68,
fd69,
fbe5,
face,
fa85,
fae4,
fc4f,
fe0c,
ffb1,
0188,
0336,
03e9,
040d,
03d9,
02f3,
01cc,
009c,
ff71,
fe69,
fd93,
fce8,
fca5,
fce1,
fd4d,
fdef,
fee0,
fffb,
00eb,
0195,
0204,
021d,
01f6,
01c3,
0168,
00dc,
004e,
0003,
0003,
0003,
0003,
0002,
0001,
0001,
0001,
ffff,
ffff,
ffff,
ffff,
fffe,
ffff,
ffff,
0001,
0002,
0002,
0004,
0004,
0002,
0000,
fffe,
fffd,
fffd,
ffff,
ffff,
fffd,
0002,
0000,
0005,
fffe,
0004,
fffd,
0001,
0001,
fff5,
000c,
fff6,
fffe,
025a,
0e59,
0904,
f361,
f439,
f987,
fccc,
0baa,
15fd,
16eb,
1f54,
180a,
fdee,
f890,
f2b5,
dee5,
e0c4,
ecd8,
ea60,
ec07,
f62c,
fd0f,
072a,
124a,
11d0,
1172,
14ce,
10ef,
0ab7,
04c3,
fcec,
f656,
f333,
f08d,
f038,
f3bc,
f751,
f97a,
fc2f,
ffd1,
01dd,
0328,
0546,
078e,
07b9,
0659,
051f,
0402,
0310,
012f,
fed9,
fd47,
fc31,
faca,
f9c5,
f9ca,
fa68,
fbc2,
fd84,
ff9d,
0216,
0416,
04dc,
04f3,
04a7,
03b1,
0261,
00e4,
ff76,
fe40,
fd2b,
fc3f,
fbe7,
fc3c,
fcdc,
fdaf,
fea8,
ffc6,
00e0,
01c2,
0256,
027b,
024d,
01fe,
0198,
0124,
00a8,
ffe3,
0004,
0004,
0004,
0003,
0002,
0001,
0000,
ffff,
fffe,
ffff,
ffff,
fffe,
ffff,
ffff,
ffff,
0002,
0003,
0004,
0004,
0003,
0000,
fffe,
fffe,
fffd,
ffff,
ffff,
fffc,
0002,
0000,
0004,
0000,
0002,
0000,
fffb,
0009,
ffea,
0017,
ffe6,
0018,
019e,
0f1a,
0c67,
f263,
f1d7,
f84e,
faeb,
0c4e,
18d0,
18e5,
225f,
1c3b,
fcec,
f678,
f293,
db21,
dc15,
eb00,
e8c2,
eaf2,
f6b0,
fd53,
07b9,
148f,
13e6,
12a2,
1699,
128c,
0bac,
053a,
fc83,
f51f,
f196,
eea2,
ee45,
f216,
f5ec,
f8bf,
fc2e,
004e,
02a0,
041b,
0639,
088b,
0926,
0815,
06c1,
0523,
03ac,
0112,
fe1f,
fc6c,
fb0d,
f933,
f849,
f8cb,
f999,
fb31,
fd4d,
ff9b,
0248,
04ae,
05c7,
05f7,
05ab,
048e,
0315,
016c,
ffad,
fe06,
fca0,
fba6,
fb58,
fbb1,
fc4d,
fd33,
fe53,
ff97,
00ce,
01c1,
027d,
02e3,
02d7,
027b,
01ef,
014d,
00be,
fff8,
ff0a,
0004,
0004,
0004,
0003,
0002,
0001,
0000,
ffff,
ffff,
ffff,
fffe,
fffe,
ffff,
ffff,
0001,
0003,
0004,
0004,
0004,
0002,
ffff,
ffff,
fffd,
ffff,
0001,
fffc,
0002,
0002,
0003,
0003,
fffd,
0006,
fff1,
0013,
ffdd,
0025,
ffd1,
003a,
00c1,
0ee4,
1111,
f24f,
ee42,
f7aa,
f8a0,
0bbe,
1c0c,
1ae7,
24b3,
21a0,
fc9f,
f3a2,
f423,
d842,
d62d,
e96b,
e6db,
e86a,
f73f,
fd90,
0764,
16f9,
165c,
1394,
18f7,
1483,
0c50,
05f7,
fc87,
f46b,
f0b5,
ecd7,
ebac,
f02d,
f46d,
f747,
fb20,
0001,
0326,
056a,
082b,
0a77,
0aac,
0951,
0828,
065f,
045f,
0142,
fda8,
fb5f,
f9db,
f83a,
f736,
f765,
f828,
fa62,
fd2f,
ffb2,
027c,
04fd,
0646,
06d6,
06d3,
058a,
03de,
0205,
ffee,
fe02,
fc61,
fb16,
faa0,
fb1f,
fbd8,
fcc3,
fde6,
ff3b,
00aa,
01d4,
02ab,
032e,
0341,
02ef,
025e,
0198,
00d2,
fffc,
ff0b,
fe46,
0002,
0001,
0001,
0000,
0000,
ffff,
ffff,
0000,
0001,
0000,
ffff,
ffff,
ffff,
0002,
0003,
0004,
0005,
0002,
fffe,
fffb,
fffb,
fffa,
ffff,
ffff,
fffc,
0002,
0000,
0001,
0005,
fffd,
000b,
ffeb,
001a,
ffd0,
003b,
ffb6,
0060,
006f,
105a,
1531,
f80f,
f4c8,
f702,
f3f3,
070a,
1665,
1d40,
2b91,
1940,
ed09,
f2e4,
f84d,
d5d0,
d39b,
e5b0,
e26b,
ecf0,
026d,
05a1,
0cc4,
1bbf,
194c,
14cc,
1741,
0e47,
028c,
fe72,
faea,
f6ee,
f673,
f432,
f149,
f506,
f866,
f49b,
f38a,
f9e7,
fe70,
0105,
04e9,
0777,
080f,
09a0,
0a9e,
0934,
07c0,
0475,
004a,
fe5f,
fd17,
fa9e,
f8e1,
f801,
f76d,
f92f,
fb84,
fd16,
ff5c,
01de,
02f2,
03b8,
04bb,
04df,
0495,
038c,
01d1,
0056,
ff48,
fe20,
fd47,
fd17,
fccf,
fcb6,
fd3c,
fe18,
ff06,
0016,
00ee,
0123,
0136,
0161,
0186,
01c0,
01dc,
0156,
0084,
ffd3,
ff39,
0004,
0003,
0000,
0000,
0001,
ffff,
0000,
0002,
0000,
fffe,
ffff,
ffff,
0001,
0004,
0002,
0004,
0003,
ffff,
fffa,
fffe,
fffa,
fffe,
0002,
fffd,
fffd,
0005,
fffd,
000a,
fff5,
0016,
ffdc,
0026,
ffc1,
0044,
ffaf,
0071,
ffb0,
0d8b,
1acb,
fbfb,
f0d9,
f670,
f212,
045e,
1721,
1e31,
2d5e,
20f6,
ed8d,
ec99,
fc76,
d952,
cda7,
e2bb,
e183,
e863,
0068,
05dd,
0aa5,
1bd9,
1c8f,
1643,
1956,
11f9,
042b,
fe4b,
fb15,
f6ae,
f613,
f457,
f046,
f37e,
f83e,
f481,
f151,
f7d7,
fd85,
ffb4,
0420,
07d9,
08e5,
0aba,
0c4c,
0ac0,
0976,
0672,
0150,
feba,
fd82,
fa8f,
f826,
f789,
f6c2,
f7fe,
fa5e,
fbed,
fe68,
016e,
02c7,
036c,
04af,
051d,
04fd,
044c,
02af,
012e,
0012,
fec3,
fda0,
fd45,
fcb8,
fc22,
fc7e,
fd79,
fe79,
ff93,
00a2,
0102,
0127,
0177,
01b9,
0203,
0235,
01c4,
00e3,
0027,
ff7c,
ff24,
0000,
0001,
0003,
0000,
ffff,
0001,
0002,
0002,
0001,
fffd,
fffe,
0002,
0003,
0004,
0007,
0002,
fffe,
fffa,
fffa,
fff9,
0000,
0000,
fffe,
fffc,
0007,
fff9,
0012,
fff0,
001b,
ffdf,
0024,
ffc9,
002f,
ffcf,
0043,
ff9a,
098b,
1ecd,
0338,
eccd,
f45a,
f06c,
016c,
178b,
200a,
2ef1,
28aa,
f110,
e4c1,
fd46,
de31,
c91e,
df19,
e0d6,
e427,
fe31,
0669,
08a8,
1b1b,
1fe0,
182c,
1a89,
151b,
06ad,
fea2,
fa7f,
f660,
f611,
f4e9,
ef2e,
f14f,
f834,
f4e0,
ef02,
f543,
fcb5,
fee9,
03a6,
087c,
09e2,
0b82,
0d94,
0c32,
0ae6,
081b,
0211,
feb8,
fd88,
fae2,
f82c,
f6fb,
f58f,
f698,
f9c3,
fb8b,
fdb7,
00ed,
02c5,
0376,
04b5,
0549,
054d,
04d7,
034e,
01ab,
0066,
ff18,
fde1,
fd5e,
fcc5,
fbf5,
fbee,
fcc3,
fdfd,
ff44,
005e,
00d9,
0121,
01a6,
0202,
024b,
0286,
0226,
0133,
005c,
ff9c,
ff33,
ff39,
0001,
0001,
0001,
ffff,
0000,
0001,
0001,
ffff,
fffd,
fffd,
ffff,
0003,
0003,
0006,
0003,
ffff,
fff9,
fffa,
fff9,
fffd,
0001,
0000,
fff9,
0007,
fff8,
0010,
fff4,
0013,
ffea,
000a,
ffed,
fff9,
0010,
ffea,
0002,
0519,
1f5f,
0e59,
eadd,
f01d,
ef4b,
fcf7,
168b,
2248,
3016,
2fec,
f96c,
dd43,
fa4b,
e505,
c52d,
da21,
e25b,
e00d,
f9e8,
07d2,
06d7,
1812,
2293,
1ac4,
1adb,
178f,
093e,
ff89,
fb14,
f6e0,
f606,
f61e,
ef9f,
ee6f,
f6c3,
f656,
ed39,
f08a,
fae7,
fee1,
03d7,
0993,
0a8f,
0b73,
0ec3,
0e16,
0be8,
098e,
0338,
fe88,
fd53,
fb45,
f855,
f6b1,
f4ad,
f50e,
f910,
fba3,
fd65,
0068,
02a8,
0367,
04a6,
0577,
0583,
0548,
03c9,
01f7,
00ba,
ff7f,
fe04,
fd41,
fcca,
fbf3,
fba8,
fc42,
fd6b,
fed6,
0042,
00fc,
011a,
0177,
0208,
0293,
02f6,
02a5,
0184,
0071,
ffab,
ff35,
ff2d,
fee0,
0003,
0001,
0000,
0001,
0001,
0000,
0000,
fffe,
fffd,
fffe,
0002,
0005,
0006,
0005,
0000,
fffa,
fff8,
fff9,
fffd,
0002,
0001,
fffc,
0005,
fffb,
0008,
0002,
0003,
0005,
ffec,
0016,
ffc7,
0049,
ff9c,
0076,
0195,
1b35,
1af7,
eece,
e935,
edfe,
f8b8,
1267,
2377,
3229,
3534,
0632,
dad5,
f21e,
ec85,
c530,
d04b,
e33b,
e094,
f349,
0756,
07a0,
13c1,
22da,
1e8f,
1b11,
184d,
0b61,
00d0,
fc80,
f8ab,
f678,
f6d9,
f169,
ed18,
f3f1,
f746,
ed1c,
eac4,
f75a,
fff6,
0437,
094e,
0b61,
0bd2,
0f44,
1022,
0d0e,
0a4b,
0481,
fef9,
fd52,
fb7c,
f7f3,
f5f7,
f49e,
f458,
f811,
fb96,
fd7a,
0013,
02a4,
0386,
0451,
055b,
05a8,
0589,
042d,
0254,
00f8,
ffc1,
fe49,
fd3d,
fcae,
fbe8,
fb7f,
fbd7,
fcf6,
fe89,
0020,
0117,
0139,
016d,
01f6,
02a5,
0329,
0302,
01f4,
00ae,
ffbf,
ff1c,
fef3,
febc,
fdf9,
0003,
0001,
0000,
0002,
0002,
0000,
fffd,
fffb,
fffd,
0001,
0004,
0006,
0007,
0001,
fffc,
fff7,
fffb,
fffb,
0002,
0002,
fffc,
ffff,
0002,
0000,
000b,
fff6,
0016,
ffda,
0026,
ffb9,
0051,
ff99,
0088,
ffd4,
1364,
2416,
fb10,
e2d3,
e9d0,
f57c,
0d08,
213e,
33b1,
3987,
13ac,
e086,
e91b,
f04b,
caf4,
c64b,
dd11,
e295,
eff8,
0424,
0808,
110d,
2148,
2205,
1c66,
173f,
0c52,
030c,
fe53,
fa6d,
f7ef,
f7a8,
f2d0,
ed75,
f28d,
f666,
ec75,
e784,
f403,
ff6b,
040a,
086f,
0b2a,
0c88,
1011,
119e,
0e7f,
0b19,
0592,
ffb6,
fd5d,
fb76,
f7e8,
f55c,
f42e,
f40a,
f76d,
fb4f,
fd8c,
0007,
02aa,
03dc,
044e,
0507,
0572,
059e,
047a,
028b,
0124,
fff2,
fe7c,
fd4d,
fcb5,
fbdd,
fb42,
fb91,
fcc5,
fe73,
fff1,
00f4,
014e,
0191,
020b,
02a0,
0323,
0321,
024a,
00f9,
ffca,
feef,
feb3,
fea6,
fe14,
fd42,
0002,
0000,
0001,
0003,
0001,
fffc,
fffb,
fffd,
ffff,
0004,
0006,
0006,
0003,
ffff,
fffa,
fffb,
fffb,
0000,
0002,
0000,
fffa,
0005,
fffc,
000f,
fff2,
0017,
ffdc,
001a,
ffcc,
002d,
ffca,
004d,
ff84,
0aca,
25c4,
0cdc,
e335,
e1da,
f17a,
07a6,
1caf,
33a1,
3c2a,
1eed,
ed1b,
e48c,
eff9,
d481,
c0bb,
d18e,
e094,
ed31,
0104,
08e4,
0e47,
1e72,
260d,
1eaa,
14e0,
0d1d,
05ae,
ffeb,
fc31,
f984,
f881,
f384,
eea3,
f30f,
f4b1,
eb03,
e6dd,
f260,
fdde,
0263,
06ac,
0a41,
0ce2,
107b,
1268,
1040,
0c6c,
06dc,
007f,
fd1f,
fb5b,
f853,
f53b,
f3cc,
f3cb,
f6a3,
fabf,
fd88,
0035,
02ea,
0412,
0426,
0507,
05c4,
0576,
044c,
02a3,
013a,
ffe7,
fe8b,
fd6a,
fcb7,
fbec,
fb36,
fb7a,
fca7,
fe4d,
ffd0,
00ee,
0171,
01ac,
020a,
0289,
031c,
0332,
026b,
0105,
ffb9,
fed5,
fe82,
fe8b,
fe43,
fd8c,
fd00,
0001,
0001,
0002,
0001,
fffd,
fffa,
fffa,
fffd,
0003,
0005,
0008,
0005,
0000,
fff9,
fff9,
fffa,
ffff,
0001,
0002,
fffa,
0003,
fffc,
000e,
fff8,
000e,
fff1,
0001,
fff2,
fff8,
000f,
ffe8,
0001,
03c3,
1fd1,
1d82,
ee31,
da9e,
e9a7,
027e,
15df,
30ef,
3fe6,
2664,
f9c2,
e832,
eeb9,
ddd5,
c436,
c52c,
d79d,
ea2c,
fb5e,
0740,
0ed9,
1b11,
26c7,
2315,
14bf,
0cd5,
08d8,
0211,
fd2e,
fb0f,
f92c,
f362,
efce,
f41e,
f329,
ea69,
e77e,
f19a,
fc8a,
00cb,
043b,
0808,
0cce,
1047,
11e4,
11a1,
0e56,
0857,
01c0,
fda3,
fafe,
f8a9,
f5bb,
f3a3,
f3b5,
f605,
f993,
fced,
008c,
0338,
043d,
0427,
04f3,
0638,
05dc,
0446,
026b,
011b,
ffb7,
fe57,
fd5d,
fcb9,
fc28,
fb6a,
fb7f,
fc95,
fe30,
ffaa,
00de,
01aa,
01e5,
0213,
0259,
02f0,
0334,
0281,
0103,
ff83,
fea5,
fe6c,
fe98,
fe76,
fde0,
fd31,
fd34,
0001,
0002,
0001,
ffff,
fffa,
fffa,
fffc,
0000,
0005,
0006,
0005,
0002,
fffd,
fff9,
fffb,
fffd,
0001,
0001,
fffc,
fffe,
0000,
0005,
0007,
fffb,
000a,
ffdf,
0016,
ffc7,
0045,
ffa5,
007b,
ffee,
149c,
2735,
0110,
dace,
deeb,
fafa,
0f29,
2904,
438c,
2f7a,
0365,
eda8,
f05b,
e640,
cd97,
c0fc,
ca51,
e1cb,
f652,
01e4,
0bc9,
19d4,
269f,
24f8,
1840,
0f7b,
0aa3,
04c3,
ff90,
fbf0,
f880,
f3a8,
f0ca,
f2f1,
f1a1,
ec0c,
e982,
f034,
faee,
007d,
02f6,
05aa,
0b15,
0f45,
10e6,
115b,
0f60,
0a92,
03b9,
fe87,
fb4a,
f918,
f675,
f3ff,
f39a,
f542,
f877,
fc01,
0013,
0335,
0490,
04ab,
0510,
063b,
0645,
04df,
02ab,
00da,
ff41,
fdde,
fd21,
fcb3,
fc53,
fba8,
fb91,
fc84,
fe23,
ffb8,
00dc,
01c5,
0227,
022a,
0233,
02aa,
030b,
0285,
011c,
ff6c,
fe64,
fe2f,
fe8d,
fec2,
fe57,
fd7c,
fd1b,
fdfa,
0000,
0004,
0001,
fffc,
fff8,
fffa,
ffff,
0006,
000a,
0009,
0004,
fffe,
fff7,
fff9,
fffa,
0000,
0002,
0000,
fff8,
0004,
fffd,
0011,
fff5,
0018,
ffe1,
0015,
ffd6,
0023,
ffd9,
0036,
ff84,
084c,
2613,
16d1,
e4db,
d6df,
ef5c,
087e,
1d5c,
4185,
3bba,
0db2,
f32b,
f2c5,
ed30,
d8f6,
c68f,
c187,
d489,
ee8b,
fbea,
0579,
14fd,
22f9,
2603,
1ed1,
1435,
0d20,
08a1,
030f,
fdf8,
f80f,
f31f,
f1c8,
f088,
ee04,
ed75,
edb5,
ef8f,
f7a8,
0009,
0366,
0538,
092b,
0d01,
0f07,
1033,
0f57,
0c0e,
0639,
003b,
fc1a,
f99b,
f7b2,
f54c,
f3ad,
f428,
f70a,
faf2,
ff30,
02b4,
0455,
0520,
05be,
064f,
066d,
059b,
0388,
010c,
fef8,
fd69,
fcbd,
fc7e,
fc2c,
fbbf,
fbb9,
fc7d,
fdf5,
ffa7,
00ef,
01e9,
0268,
0256,
0225,
0258,
02bc,
0280,
0163,
ffac,
fe47,
fdd5,
fe47,
fed3,
fec5,
fe0b,
fd3f,
fd91,
ff25,
0000,
ffff,
fffd,
fff9,
fffb,
fffd,
0001,
0005,
0007,
0004,
0001,
fffd,
fff9,
fffb,
fffe,
0000,
0000,
fffa,
fffd,
fffd,
0009,
0003,
ffff,
0005,
ffe2,
0013,
ffcc,
0048,
ffa1,
0075,
007e,
195e,
27c0,
f9b6,
d550,
e1e5,
0025,
1174,
360f,
47a3,
1bf2,
f8a5,
f553,
f3e9,
e3b3,
cfda,
c181,
c8fa,
e338,
f556,
fe6a,
0d2b,
1b46,
20f8,
231c,
1d8e,
12c3,
0bae,
07e0,
02b5,
f964,
f307,
f2a5,
edd7,
e94e,
ec5c,
f02b,
f0c6,
f545,
fdda,
0313,
06b4,
0915,
0ad8,
0ce9,
0e30,
0e59,
0cb7,
0864,
01fb,
fd70,
faaf,
f8c2,
f70a,
f4f0,
f3b4,
f500,
f930,
fe00,
01e2,
03b6,
04d5,
061f,
06cb,
06f9,
064d,
0487,
01cb,
ff4b,
fd6b,
fc57,
fc04,
fbba,
fb91,
fbb3,
fc6f,
fdae,
ff55,
00f1,
020c,
02ad,
0299,
0242,
021d,
0257,
0262,
01a2,
002b,
fe8e,
fdad,
fdd2,
fe95,
fefa,
fe87,
fd9f,
fd69,
fe92,
006c,
fffe,
fffe,
fffd,
fffa,
fffd,
0000,
0006,
0007,
0006,
0002,
ffff,
fff9,
fffb,
fffe,
0001,
ffff,
0001,
fff8,
0003,
fffa,
0014,
fff1,
0019,
ffd9,
0016,
ffd5,
0025,
ffdc,
002b,
ff8f,
0857,
28c4,
165f,
dfaa,
d5ae,
f39c,
0981,
2223,
4a96,
3116,
ff8e,
f6ce,
f968,
eeff,
dc08,
c7b0,
c067,
d6eb,
eedd,
f7a3,
04d4,
1236,
16b5,
2009,
23c5,
1a57,
127b,
0e33,
0737,
fe1e,
f68b,
f373,
ecd1,
e563,
e87d,
ef46,
f159,
f367,
fb79,
01c3,
06c0,
0a71,
0a6e,
0b52,
0c6c,
0d23,
0c7b,
09e1,
0401,
fea5,
fbdb,
f9d9,
f8ce,
f6bd,
f453,
f3d8,
f715,
fbf0,
005c,
0304,
0410,
059f,
06c7,
0792,
0772,
05d5,
02fb,
002e,
fe18,
fc57,
fb97,
fb40,
fb23,
fb66,
fc19,
fd40,
fec8,
009c,
01ff,
02dc,
02e8,
0273,
0223,
021a,
0242,
01e8,
00bf,
ff06,
fdcd,
fd9d,
fe38,
fedc,
fecc,
fe10,
fd69,
fe02,
ffc2,
016b,
0001,
fffb,
fff7,
fffa,
fffe,
0001,
0005,
0007,
0004,
0000,
fffe,
fff9,
fffb,
fffb,
0001,
ffff,
fffa,
fff9,
0001,
0002,
000a,
fff3,
0015,
ffcd,
002e,
ffb0,
006c,
ff76,
00ae,
ff72,
167b,
2c14,
fbb6,
d22c,
e161,
0163,
1196,
3a04,
4847,
1033,
f55f,
fc03,
f973,
e9e9,
d4f1,
c0d7,
c6e7,
e446,
f3ed,
fcfd,
09f4,
0d17,
14fd,
22bb,
20e0,
1797,
14b7,
1055,
04a7,
fb22,
f7ae,
efee,
e35b,
e3c0,
ec48,
efa2,
f0a4,
f793,
ffdb,
0504,
0acf,
0b92,
0ac9,
0b6e,
0c28,
0c9b,
0afb,
0630,
ffed,
fcf3,
fafb,
f9de,
f8a9,
f5df,
f3eb,
f549,
f9b2,
fdf8,
0174,
032e,
04a3,
0618,
0732,
0849,
07b0,
0519,
0199,
ff10,
fd10,
fbad,
fb23,
fac8,
fae1,
fb63,
fc73,
fded,
ffdd,
01aa,
02b5,
0325,
02ce,
0245,
0209,
0236,
0230,
0166,
ffdf,
fe36,
fd85,
fde3,
fead,
fee9,
fe65,
fd9c,
fd8c,
fed9,
00bd,
01f5,
ffff,
ffff,
fffc,
fffe,
0002,
0008,
000a,
0009,
0006,
0001,
fffa,
fffc,
0000,
0003,
0002,
0004,
fff8,
0003,
fffc,
0013,
fffb,
0010,
fff2,
fff7,
000a,
ffe4,
003d,
ffab,
0054,
02c1,
24db,
21f7,
e3a4,
d171,
f04d,
08c0,
1fa4,
4b59,
318f,
f8dd,
f7b0,
ffca,
f81c,
e5fc,
ccc9,
bed2,
d254,
ec57,
f764,
025b,
0701,
08fa,
191c,
227b,
1c62,
17d8,
16a0,
0e1d,
0368,
fdef,
f5db,
e763,
e113,
e801,
ed17,
ee1d,
f184,
fa62,
02ad,
08bb,
0c06,
0b6a,
0b65,
0b43,
0c80,
0ca7,
0901,
02af,
fdc3,
fbe0,
fab8,
fa4d,
f7d3,
f4c4,
f47e,
f782,
fb74,
fefa,
01e9,
036a,
04de,
061d,
07cb,
08ec,
07a0,
0432,
00a3,
fe56,
fc71,
fb6b,
fb00,
faad,
fab4,
fb54,
fca8,
fe81,
00c2,
025a,
0303,
0317,
02ab,
0238,
0218,
0251,
020e,
00ef,
ff2c,
fdc2,
fd98,
fe56,
fefc,
fec4,
fdf6,
fd51,
fde2,
ffa6,
0168,
0218,
fffd,
fffa,
fffa,
fffe,
0001,
0007,
0007,
0006,
0001,
ffff,
fff8,
fffd,
fffe,
0002,
ffff,
0000,
fff2,
0007,
fff8,
0018,
ffe9,
0022,
ffc9,
0029,
ffc5,
0041,
ffc1,
004c,
ff53,
09b5,
2dc3,
10af,
d3e5,
d876,
fc6d,
0dbb,
3165,
4de3,
15a7,
ef2c,
fd59,
0176,
f782,
e1ff,
c51d,
c23d,
dd43,
f095,
fac9,
0263,
009a,
0a85,
1dbb,
1fbe,
19f9,
191a,
153d,
0ad0,
0505,
ffaa,
f144,
e2f2,
e40c,
eb99,
ec58,
ed13,
f293,
fbf5,
0492,
0a81,
0b7e,
0b3f,
0bab,
0b6c,
0d40,
0c4e,
06da,
00a6,
fd12,
fb2a,
fad7,
fa86,
f6d0,
f415,
f562,
f91e,
fc82,
ff7f,
01dd,
0372,
04dc,
064e,
0880,
0928,
0708,
0367,
0043,
fdfc,
fc43,
fb74,
faf7,
faa5,
fa98,
fb33,
fcc0,
fef8,
0147,
0299,
0309,
02ed,
027c,
0232,
0240,
0263,
01e2,
008f,
feb8,
fd9f,
fde5,
fec1,
ff15,
fe88,
fd95,
fd2f,
fe44,
003c,
01ba,
01f4,
fffb,
fff8,
fffa,
fffd,
0003,
0009,
0007,
0005,
ffff,
fffd,
fff9,
fffe,
fffc,
0005,
0000,
fff9,
fff5,
0007,
fffa,
0014,
ffea,
0022,
ffbd,
0044,
ffa1,
007f,
ff61,
00d1,
fea7,
11e6,
2ffc,
ff97,
cc56,
e1d7,
0474,
139d,
3fe8,
44eb,
ffa3,
ee01,
0268,
0277,
f7b6,
ddfe,
c005,
c85a,
e5a6,
f302,
fbbb,
fee8,
fc7a,
0d35,
1ff0,
1e54,
19b0,
1946,
1217,
090c,
06a4,
fdcb,
edb5,
e4e4,
e8a5,
ec17,
ebfd,
eddf,
f2eb,
fc89,
0566,
0a00,
0a71,
0b48,
0b45,
0baf,
0e16,
0bad,
0558,
0000,
fd1c,
fb46,
fb7c,
fa45,
f5eb,
f40e,
f5f5,
f9b0,
fd36,
ffeb,
016a,
0314,
04fd,
06d0,
08e5,
08df,
0654,
0306,
004b,
fdf8,
fc65,
fbb8,
fb0b,
fa99,
fa8c,
fb2f,
fcda,
ff3b,
0170,
028b,
02e3,
02a3,
023d,
0236,
0283,
0284,
01bc,
0045,
fe89,
fdcc,
fe52,
ff19,
ff20,
fe4f,
fd42,
fd2a,
fe9c,
0091,
01c5,
01aa,
fffd,
fff8,
fffb,
ffff,
0002,
0007,
0006,
0002,
0000,
fffd,
fff9,
0000,
0001,
ffff,
ffff,
fffa,
fff8,
0001,
0003,
000c,
fff1,
0018,
ffc4,
003e,
ffa1,
008b,
ff46,
00ff,
feb0,
186a,
2e35,
f315,
ca0e,
e9cb,
0982,
19e6,
4789,
3892,
f215,
efef,
0640,
0379,
f856,
db29,
bdcf,
ce14,
eba7,
f3cf,
f995,
fba4,
fb49,
0e1e,
1faf,
1e72,
1af8,
18ce,
0f5c,
0849,
064a,
faac,
ecb1,
e911,
ecbb,
ec61,
ec12,
eed1,
f3a9,
fcc8,
04ab,
0867,
0953,
0ace,
0a82,
0bc4,
0e70,
0b40,
04bc,
fff5,
fd97,
fc4d,
fc6b,
f9d6,
f55e,
f449,
f62e,
f9a9,
fd79,
0001,
00e4,
02af,
0502,
072b,
0913,
0887,
05c5,
02db,
007d,
fe1f,
fca8,
fc1c,
fb50,
faa5,
fa76,
fb2d,
fd02,
ff6b,
015a,
023f,
028e,
023f,
01f8,
0240,
02bc,
02a2,
01aa,
0018,
fe87,
fe23,
feca,
ff60,
ff22,
fe1d,
fd06,
fd28,
fedb,
00bd,
019a,
014b,
fffc,
fffa,
fffb,
ffff,
0006,
0008,
0006,
0003,
fffe,
fff9,
fffb,
0000,
0000,
0003,
0000,
fff3,
fffc,
0000,
0006,
0006,
fffb,
000b,
ffd2,
0037,
ffad,
0081,
ff4e,
00f2,
ff02,
1bc1,
2bd3,
ec79,
c9f4,
ee90,
0cdf,
1ec5,
4929,
2e9d,
eaf3,
f22a,
0984,
04b3,
f956,
da74,
bdb2,
d1e4,
ef8c,
f322,
f5c2,
f98e,
fb53,
0d4b,
1e61,
1ea1,
1bf7,
1934,
0ec7,
0797,
045a,
f898,
ed4a,
ec44,
efaa,
edb9,
ed15,
ef3c,
f43d,
fd57,
03b1,
0621,
07b4,
09e5,
098b,
0b7b,
0e4d,
0b04,
04bc,
0067,
fe63,
fd94,
fd8d,
f9dd,
f544,
f47f,
f63e,
f95f,
fd36,
ffc2,
0068,
023f,
04d3,
073e,
091b,
0869,
058e,
02bc,
009a,
fe5f,
fcfd,
fc8a,
fbc1,
fad9,
fa77,
fb34,
fd26,
ff8c,
0130,
01cc,
0207,
01cb,
01b3,
0236,
02db,
02c4,
01c1,
0020,
fea6,
fe81,
ff38,
ffa4,
ff30,
fdff,
fce9,
fd2b,
feef,
00bb,
0167,
00ee,
fffb,
fff9,
fffc,
ffff,
0005,
0007,
0005,
0001,
ffff,
fffb,
fffb,
ffff,
0001,
0001,
0000,
fff4,
fffb,
ffff,
0009,
0004,
fffa,
000a,
ffd4,
0032,
ffb4,
0079,
ff56,
00e7,
ff0b,
1b85,
2afb,
ebd8,
ca2a,
efb1,
0ec2,
2101,
4729,
2994,
e7fa,
f339,
0c8f,
0646,
facf,
dc37,
bf03,
d351,
f154,
f1bb,
f199,
f804,
fb3b,
0b9e,
1ce3,
1e53,
1c09,
1a0a,
1044,
07b8,
0238,
f772,
ee76,
ee1e,
f15e,
ef43,
ee73,
f016,
f4d9,
fd7f,
0338,
046c,
0555,
0871,
08c6,
0aab,
0d8a,
0ae3,
0505,
0107,
ff67,
febb,
fe92,
fa9d,
f5d0,
f4cf,
f643,
f8e4,
fc95,
ff55,
0002,
01b2,
0458,
0712,
0905,
086b,
0596,
02bc,
00ad,
fe9a,
fd57,
fcf1,
fc32,
fb28,
faa6,
fb4e,
fd2b,
ff86,
010e,
016f,
017a,
014b,
015f,
020d,
02da,
02e0,
01e0,
0047,
fee9,
fed3,
ff8a,
ffe5,
ff48,
fe03,
fce8,
fd29,
fee2,
009d,
0137,
00a5,
fffd,
fffa,
fffc,
0000,
0003,
0007,
0006,
0001,
ffff,
fffc,
fffa,
0000,
0001,
0000,
0000,
fff6,
fff9,
ffff,
0005,
0009,
fff5,
0010,
ffce,
0035,
ffb0,
0079,
ff59,
00e4,
febc,
17de,
2bb5,
f124,
ca5d,
ed39,
0ee1,
208b,
4326,
298e,
e827,
f24c,
0f7f,
08a0,
fcab,
e031,
c191,
d29b,
f14f,
f05b,
ed70,
f63b,
faa1,
093a,
1b36,
1dd5,
1b49,
1aba,
12c8,
0902,
0187,
f71b,
ef39,
ef43,
f28a,
f01f,
ef37,
f147,
f5d7,
fd8f,
02bb,
0361,
035f,
06a0,
07c8,
097e,
0c74,
0aae,
0551,
01a2,
0059,
ffb0,
ff7c,
fbdb,
f6e8,
f54b,
f65c,
f877,
fbd0,
fede,
ff9d,
0100,
03a3,
068f,
08c9,
0877,
05b5,
02d8,
00e8,
fee9,
fd97,
fd3f,
fc95,
fb87,
fb01,
fb7b,
fd14,
ff50,
00dd,
0139,
0122,
00d8,
00ec,
01bf,
02c3,
02f3,
0206,
0073,
ff2a,
ff1d,
ffcf,
001e,
ff72,
fe21,
fcf8,
fd20,
fec1,
006d,
00fd,
0079,
fffd,
fffa,
fffc,
0000,
0003,
0007,
0006,
0002,
fffe,
fffd,
fffa,
0000,
0000,
0002,
ffff,
fff8,
fff4,
0003,
fffe,
0010,
ffef,
0018,
ffc8,
003b,
ffb1,
0072,
ff6a,
00cd,
fe8d,
1167,
2c30,
fc34,
cbe4,
e73f,
0cd6,
1dd7,
3d6f,
2dab,
ebf6,
eeee,
1189,
0c54,
fed9,
e606,
c58d,
d041,
efab,
ef97,
e94e,
f38d,
f9b4,
0639,
18f3,
1d4c,
1a7b,
1af0,
1585,
0b56,
0248,
f7c3,
efdb,
efc3,
f378,
f0de,
ef02,
f1bb,
f6e2,
fdee,
026b,
02d6,
020b,
04fc,
06ce,
080f,
0b00,
0a61,
05a7,
01f6,
0108,
007c,
003b,
fd35,
f845,
f609,
f6b1,
f853,
fb18,
fe51,
ff57,
0051,
02c5,
05cb,
0832,
0865,
0614,
0322,
012b,
ff58,
fdde,
fd5d,
fce4,
fbf0,
fb55,
fba6,
fcf6,
fefe,
00a3,
011f,
00f8,
00a3,
0094,
0151,
0281,
02f9,
0231,
00aa,
ff61,
ff4a,
fff9,
0053,
ffb3,
fe59,
fd19,
fd15,
fe88,
002c,
00da,
0076,
fffe,
fffb,
fffb,
ffff,
0002,
0006,
0006,
0003,
fffe,
fffe,
fff9,
ffff,
0000,
0002,
fffd,
fffc,
fff1,
0004,
fffa,
0015,
ffea,
001d,
ffcc,
002e,
ffc6,
004e,
ffa5,
0076,
feff,
097b,
295d,
0bb4,
d1e2,
de75,
07f4,
19e1,
352f,
3391,
f4d8,
e9ec,
110d,
11c1,
0152,
ed0d,
cbc8,
cd0b,
ec36,
efd3,
e5d2,
ef58,
f845,
02d4,
15b7,
1c7b,
19d4,
1ac9,
1809,
0e6a,
048b,
f935,
f084,
f01e,
f42c,
f1dc,
ee93,
f116,
f6cd,
fe3a,
02ad,
02d2,
014e,
0385,
05f1,
06f3,
096e,
09b0,
0604,
0242,
014c,
0101,
00c7,
fe5a,
f9ae,
f70c,
f747,
f878,
fa9b,
fdc0,
ff21,
ffde,
01d8,
04ab,
0752,
0825,
067f,
03ac,
0187,
ffb8,
fe39,
fd90,
fd19,
fc43,
fb9b,
fbaf,
fcc1,
fea7,
0062,
010c,
00f2,
00ac,
0084,
0104,
0216,
02cc,
024f,
00f5,
ff9b,
ff47,
fff3,
0078,
ffff,
feab,
fd56,
fd00,
fe37,
fff9,
00df,
0094,
ffff,
fffd,
fffc,
ffff,
0001,
0005,
0007,
0005,
0000,
fffe,
fffa,
ffff,
0000,
0002,
fffe,
fffe,
fff1,
0002,
fff9,
0012,
fff4,
0011,
ffe5,
000a,
fff7,
0007,
0009,
ffe5,
fffd,
0293,
20e2,
1b8e,
dfcb,
d57e,
feb9,
15d5,
2a4c,
3760,
03f9,
e5f7,
0bd2,
1874,
04f5,
f3ce,
d538,
ca5d,
e64a,
f0d7,
e402,
e98a,
f5e9,
ff31,
1159,
1b47,
194d,
1a03,
1a3c,
122d,
07cb,
fbe2,
f164,
f005,
f4b4,
f384,
ee74,
efce,
f591,
fd4b,
02fb,
039e,
013a,
0234,
0522,
0622,
0838,
0901,
0615,
028a,
017d,
0129,
00db,
ff51,
fb1b,
f81b,
f800,
f8db,
fa54,
fd3a,
ff07,
ff93,
010f,
0372,
0622,
07b0,
06dc,
0452,
0211,
0033,
fe8d,
fdc4,
fd54,
fc78,
fbbb,
fba9,
fc70,
fe2c,
000a,
00f6,
0109,
00e9,
00b5,
00ef,
01bf,
0285,
0257,
013f,
ffe2,
ff37,
ffb2,
0063,
0036,
ff08,
fda9,
fd0d,
fdf4,
ffbc,
00d5,
00a4,
fffe,
fffe,
fffb,
fffe,
0000,
0002,
0006,
0006,
0001,
0000,
fffe,
fffc,
0001,
0001,
fffe,
fffe,
fff7,
fff9,
ffff,
0005,
0006,
fff9,
0009,
ffde,
0025,
ffcb,
0053,
ff87,
00a3,
ff21,
1377,
24e5,
f685,
d285,
f025,
10f6,
1f27,
33f1,
1775,
e88c,
00c7,
1d84,
0bd5,
f8c8,
e14a,
cb6c,
dd8b,
f10b,
e54f,
e2ff,
f1d0,
fb8a,
0b61,
1961,
191c,
1870,
1b3e,
1691,
0bf1,
ffde,
f37b,
ef94,
f422,
f591,
efd1,
ee4a,
f3a1,
fb2a,
0206,
0479,
024c,
012a,
0410,
05c1,
0724,
089a,
0674,
02aa,
0167,
0160,
00a3,
ffb7,
fc9d,
f929,
f899,
f96c,
fa4f,
fc97,
feea,
ff84,
0070,
0270,
04d9,
06d1,
06f9,
0506,
02b7,
00d8,
ff0e,
fde9,
fd70,
fcae,
fbd3,
fb9d,
fc20,
fd86,
ff6f,
00ca,
012f,
013a,
0117,
010e,
0190,
024f,
0260,
0177,
0026,
ff36,
ff50,
ffff,
002b,
ff5c,
fe25,
fd63,
fdce,
ff41,
0076,
0097,
ffff,
ffff,
fffe,
fffd,
ffff,
0001,
0006,
0006,
0005,
0000,
ffff,
fffc,
0000,
0000,
0000,
fffc,
fffc,
fff3,
0003,
fffc,
0012,
fff1,
0016,
ffdb,
0020,
ffd9,
0031,
ffc6,
0046,
ff5b,
065d,
218f,
100c,
dcf2,
dfe9,
0720,
179e,
27ff,
2704,
f729,
f3d4,
1b30,
16fa,
fda2,
ec2a,
d35b,
d492,
ed10,
e9fc,
de79,
eae4,
f80c,
0431,
1550,
1988,
16d1,
1a0d,
1a8a,
1134,
04f6,
f794,
efe0,
f278,
f648,
f2bb,
ee1d,
f155,
f849,
ff9a,
042f,
03b8,
0153,
02a4,
0561,
066a,
0803,
0746,
0374,
010d,
0138,
00c8,
ffb2,
fdc7,
fa67,
f907,
f9e0,
faa7,
fbfc,
fe62,
ff9c,
001e,
01ac,
03b9,
05ae,
069a,
059e,
038c,
01a3,
ffc9,
fe2b,
fd66,
fcd1,
fc01,
fb9c,
fbd9,
fcda,
fea0,
0061,
013b,
0179,
0184,
016b,
0198,
0229,
0275,
01d0,
0079,
ff3a,
fee1,
ff6c,
ffe7,
ff9d,
feb7,
fdcf,
fd9b,
fe8a,
ffee,
0097,
ffff,
ffff,
fffd,
fffb,
fffd,
fffe,
0004,
0006,
0005,
0002,
0000,
fffe,
fffd,
0000,
ffff,
fffe,
fffd,
fff4,
fffb,
ffff,
0008,
0001,
0000,
0001,
ffee,
0017,
ffde,
0037,
ffa9,
006f,
ffb8,
131f,
1f92,
f614,
d8d8,
f567,
121d,
1a8b,
2820,
0ead,
f025,
0dce,
20fd,
0791,
f2db,
e02d,
d213,
e343,
ee14,
dfd5,
e1e6,
f2ff,
fde4,
0dcb,
18e8,
16b8,
170e,
1bcc,
1765,
0af1,
fd84,
f277,
f100,
f517,
f517,
f00b,
efc0,
f557,
fc09,
0230,
0430,
0268,
01c8,
0477,
05fe,
0720,
07f0,
0516,
0181,
00b8,
00e0,
ffca,
fe73,
fbd3,
f983,
f9e8,
fb05,
fbc8,
fd7f,
ff52,
0000,
012b,
02e7,
0489,
05d2,
05d4,
045f,
0282,
00a7,
feaf,
fd6c,
fce5,
fc42,
fbb1,
fba6,
fc49,
fdca,
ffb2,
0109,
018f,
01ce,
01d4,
01d5,
0229,
027a,
021c,
00eb,
ff7b,
fea2,
fedd,
ff8a,
ffad,
fefa,
fdfd,
fd80,
fe14,
ff7d,
008a,
ffff,
fffd,
fffe,
fffd,
fffd,
fffe,
0000,
0004,
0006,
0004,
0001,
0000,
fffd,
0000,
0000,
ffff,
fffb,
fffc,
fff5,
0001,
fffd,
000d,
fff5,
0010,
ffe6,
0015,
ffe6,
0021,
ffd9,
002a,
ff8f,
04bc,
1be1,
11bc,
e56c,
e308,
0669,
1389,
1bce,
1ece,
fe5a,
fda7,
1f19,
17a9,
f9cf,
ea63,
d9ea,
d980,
eafe,
e6ec,
dc73,
e9aa,
f90b,
050f,
1441,
17d5,
14df,
1901,
1c07,
1256,
0415,
f7df,
f179,
f309,
f590,
f2f8,
efa2,
f2e4,
f8c9,
fea7,
0300,
034c,
01df,
031d,
058f,
0653,
07a4,
06e6,
0318,
00c5,
00d3,
0020,
fea8,
fd27,
faa8,
f9b9,
fae3,
fbe0,
fcdb,
fe8d,
ffb1,
009b,
024a,
03c8,
04ee,
0597,
04ea,
033d,
017f,
ff91,
fdd0,
fcf3,
fc79,
fbe4,
fba4,
fbf3,
fd03,
fecf,
0090,
0184,
01eb,
0220,
0217,
022b,
0262,
0249,
016b,
0016,
fef8,
fe97,
fee3,
ff25,
fede,
fe37,
fdd1,
fe0a,
fef9,
0010,
ffff,
0000,
0000,
fffd,
fffc,
fffd,
ffff,
0003,
0005,
0004,
0003,
0002,
0000,
ffff,
ffff,
fffd,
fffe,
fffd,
fff7,
fff9,
0001,
0002,
0004,
fffa,
0007,
ffed,
0019,
ffdf,
002c,
ffba,
005b,
ff7e,
0c19,
1c8f,
01b9,
e08d,
f257,
0df3,
109e,
1aea,
138f,
fc84,
0f5d,
228f,
0910,
f02c,
e570,
d9e0,
e113,
eb34,
e02e,
df0a,
f16d,
fe73,
0b69,
16a4,
1582,
148c,
1b70,
1a1a,
0ba7,
fe7e,
f5a4,
f20c,
f415,
f545,
f1aa,
f0b4,
f5e9,
fb58,
000a,
02d8,
026b,
01ea,
0452,
0624,
06bf,
0789,
0565,
01fa,
00f3,
00cb,
ff28,
fdab,
fc25,
fa46,
fa68,
fbaf,
fc76,
fd8f,
ff0b,
0011,
016c,
032a,
0461,
0512,
04fc,
03c0,
0228,
008a,
feae,
fd40,
fca4,
fc30,
fbdb,
fc02,
fc9c,
fde0,
ffad,
0133,
01e0,
0227,
022d,
0212,
0229,
0250,
01ff,
00f3,
ff9a,
fe8b,
fe3f,
fe81,
febe,
fe9f,
fe45,
fdff,
fe52,
ff6b,
0000,
0000,
fffe,
fffe,
ffff,
fffd,
ffff,
0000,
0002,
0005,
0005,
0002,
0001,
ffff,
fffe,
ffff,
fffe,
fffb,
fffd,
fff8,
fffe,
fffe,
0006,
fffd,
0005,
fffa,
fffe,
0002,
fffb,
0009,
ffe6,
000e,
013b,
11fa,
177d,
f591,
e4b6,
ff03,
0cf5,
0d9d,
18cf,
0d0a,
03a9,
1bae,
1bdc,
fb6d,
ebbe,
e3e0,
dc18,
e575,
e7eb,
dca0,
e502,
f815,
02f1,
0fb0,
16b9,
1370,
15fc,
1ce6,
153e,
05a8,
fbc4,
f4f4,
f28f,
f4d1,
f4cb,
f141,
f296,
f821,
fcd6,
00cf,
025b,
0197,
0253,
054e,
0678,
06e7,
06dc,
0437,
01da,
0177,
0071,
fe3c,
fd10,
fba7,
fa6c,
fb1e,
fc1c,
fca0,
fdc4,
ff6f,
00c9,
024b,
03a5,
0469,
04c8,
0435,
02c6,
013b,
ffa0,
fdfd,
fcf7,
fc9b,
fc4f,
fc43,
fca7,
fd6f,
feb9,
0044,
0165,
01e6,
0221,
021b,
0213,
0229,
0221,
017f,
0037,
feee,
fe3d,
fe5a,
feb7,
febd,
fe60,
fe11,
fe35,
fef8,
ffff,
0000,
0000,
fffe,
ffff,
fffe,
fffe,
ffff,
0001,
0003,
0004,
0005,
0003,
0001,
fffd,
fffe,
fffd,
fffc,
fffc,
fffd,
fff8,
0000,
fffe,
0006,
fffc,
0009,
fff6,
0008,
fff7,
0008,
fff1,
000a,
ffdf,
03ef,
14f2,
102c,
ef3b,
ed42,
0501,
07f8,
0c57,
1754,
0bc7,
0d2b,
2010,
1033,
f2a8,
eb69,
e387,
de46,
e735,
e3d1,
dcb6,
ec1a,
fd09,
0666,
11e0,
1562,
12e0,
1860,
1b88,
0f45,
0212,
facc,
f4a9,
f33a,
f549,
f42b,
f1dc,
f4b0,
f96a,
fd64,
00fe,
01d1,
0114,
02fa,
05e3,
0672,
06ba,
0636,
03d3,
0248,
01bf,
ffdd,
fdd5,
fcf7,
fb7f,
fa93,
fb65,
fc22,
fc8e,
fe00,
fffe,
018d,
02c2,
0385,
040e,
0455,
0393,
01ef,
004e,
feed,
fdbf,
fd1e,
fce9,
fcc8,
fcee,
fd5c,
fe17,
ff36,
006f,
014a,
01c8,
0211,
0218,
01f4,
01c0,
016c,
00bd,
ffd8,
ff07,
fe92,
fe8f,
feab,
fe98,
fe6a,
fe67,
fead,
0000,
0000,
0000,
ffff,
ffff,
ffff,
fffe,
fffe,
ffff,
0001,
0003,
0005,
0005,
0003,
0001,
fffe,
fffe,
fffc,
fffd,
fffd,
fffd,
fffa,
0002,
ffff,
0006,
fffc,
000a,
fff5,
000d,
fff1,
000e,
ffe8,
0016,
0018,
068a,
155d,
0925,
ee72,
f553,
04b9,
032a,
0d25,
16e8,
0dee,
14e7,
1d65,
04cc,
ef62,
ecae,
e2e0,
e02e,
e734,
e083,
dfb1,
f2a9,
009d,
08b0,
1256,
13ff,
13f3,
19d2,
17e4,
0a6e,
0067,
fa57,
f4c4,
f3f9,
f546,
f3f1,
f328,
f669,
fa05,
fd77,
009e,
0121,
013b,
03b7,
05ee,
062a,
0690,
05fb,
0406,
02bf,
01a2,
ff96,
fe06,
fce4,
fb34,
fab7,
fb76,
fbe4,
fca2,
fe73,
0055,
01b1,
02bd,
0358,
03ab,
03a6,
02c9,
0162,
0013,
fee9,
fde3,
fd61,
fd4a,
fd58,
fd8a,
fdd9,
fe7d,
ff6f,
006c,
0123,
0195,
01cd,
01b2,
016f,
0145,
0119,
0094,
ffd1,
ff26,
fed2,
feca,
fed1,
fec3,
fea7,
fea3,
0002,
0000,
0000,
0000,
0000,
0000,
ffff,
ffff,
ffff,
0000,
0002,
0004,
0004,
0005,
0003,
0000,
fffd,
fffd,
fffc,
fffd,
fffe,
fffd,
fffb,
0002,
fffe,
0006,
fffc,
000b,
fff3,
0011,
ffe9,
0017,
ffda,
002f,
0089,
087b,
13f5,
0439,
f155,
f9e8,
0119,
00b6,
0f03,
172f,
118f,
18c5,
16bf,
fcdf,
f00c,
ed53,
e214,
e237,
e5dc,
def9,
e489,
f7ca,
02a6,
09ef,
1206,
1356,
152f,
194e,
13fe,
079f,
ffac,
f9bc,
f54f,
f4d1,
f520,
f41d,
f478,
f7a3,
fa4b,
fd43,
ffb4,
007c,
01cf,
0456,
05ae,
05dd,
06b1,
0621,
045d,
031e,
019b,
ff67,
fdf2,
fcc8,
fb35,
fae5,
fb72,
fbc6,
fc9c,
fe73,
0047,
0186,
027b,
030b,
034f,
0322,
0268,
0171,
0061,
ff21,
fe03,
fd9f,
fdb2,
fdd1,
fdf1,
fe24,
fe9e,
ff64,
0050,
00ed,
012c,
0143,
0136,
0125,
011e,
0100,
0091,
fff8,
ff71,
ff23,
ff0b,
fefc,
fee4,
fec3,
0002,
0001,
0000,
0000,
0000,
ffff,
ffff,
ffff,
ffff,
0000,
0000,
0002,
0004,
0004,
0004,
0002,
ffff,
fffd,
fffd,
fffc,
fffc,
fffe,
fffd,
fffe,
0000,
ffff,
0005,
fffe,
000a,
fff3,
0011,
ffe5,
001e,
ffcd,
005b,
0101,
0995,
11a7,
021a,
f522,
faa1,
fd32,
00ae,
10c1,
17ea,
152a,
18d1,
0f5e,
f947,
f201,
ec74,
e252,
e3c8,
e3c4,
dfb9,
e9ed,
fae0,
0351,
0b13,
11ba,
12ff,
15a8,
1796,
10ca,
066c,
ff68,
f90e,
f5c7,
f5a2,
f551,
f467,
f575,
f840,
fa66,
fd01,
feef,
003d,
023d,
0477,
0589,
061e,
06de,
0642,
04cb,
033c,
0142,
ff39,
fdf3,
fcc3,
fb92,
fb54,
fb3d,
fb33,
fc3a,
fe3b,
fff3,
011b,
022a,
02fa,
036b,
0335,
0272,
0197,
00a9,
ff7f,
fe66,
fde1,
fdcb,
fde0,
fe02,
fe38,
fea4,
ff3d,
ffeb,
007f,
00eb,
0104,
00e5,
00e8,
011e,
0135,
00e1,
004c,
ffab,
ff41,
ff15,
fef7,
fecd,
0003,
0002,
0002,
0001,
0000,
ffff,
ffff,
0000,
0000,
ffff,
ffff,
0000,
0001,
0003,
0004,
0003,
0002,
ffff,
fffe,
fffd,
fffd,
fffd,
ffff,
fffd,
ffff,
ffff,
0002,
0001,
0002,
0005,
fff8,
0008,
ffeb,
0019,
ffd0,
008c,
0173,
09de,
0f56,
0238,
f7ef,
f909,
fad9,
0202,
119f,
18fd,
17b3,
1613,
097a,
f8e8,
f2fa,
eb34,
e3ff,
e439,
e228,
e281,
ee7f,
fc35,
03a2,
0beb,
1181,
12d3,
1545,
1534,
0e6a,
0622,
ff53,
f8d2,
f628,
f64c,
f5b1,
f4bb,
f5f8,
f857,
fa6f,
fcde,
febd,
004f,
0258,
045b,
05a6,
06bc,
0727,
0612,
0494,
0322,
0132,
ff51,
fe15,
fce6,
fbd1,
fb26,
fa9a,
fa9a,
fbe2,
fde3,
ff94,
00f8,
0247,
033c,
039e,
0375,
02e8,
0212,
00e1,
ff85,
fe73,
fdf5,
fdc9,
fdcc,
fdee,
fe10,
fe58,
fee8,
ffa0,
003c,
00bc,
00fa,
00fe,
011c,
0155,
0164,
0116,
007c,
ffbe,
ff2a,
fed6,
feb8,
0002,
0002,
0002,
0001,
0001,
ffff,
ffff,
0000,
0000,
0000,
ffff,
ffff,
ffff,
0001,
0002,
0004,
0004,
0002,
ffff,
fffd,
fffc,
fffd,
fffe,
0000,
fffc,
0000,
fffd,
0004,
ffff,
0005,
ffff,
ffff,
ffff,
fff6,
000b,
ffe7,
00b3,
01d4,
096c,
0daf,
038d,
f903,
f6cd,
fa5e,
0354,
11ba,
1a6d,
189b,
1228,
061c,
f9a2,
f27d,
eb1c,
e624,
e38c,
e1f4,
e62c,
f16d,
fcc3,
0423,
0c05,
1157,
1305,
1407,
12b1,
0d3c,
05c1,
fef3,
f99e,
f6e2,
f62f,
f5d6,
f54a,
f63f,
f84d,
fa61,
fcd5,
fef0,
00cd,
028c,
045d,
05d9,
06b5,
06de,
05d6,
0483,
0324,
0174,
ff9f,
fe03,
fc9e,
fb51,
fa7c,
fa22,
fa67,
fba7,
fdac,
ffa7,
013e,
029f,
03a4,
0403,
03d6,
0368,
0272,
00e0,
ff48,
fe32,
fdcd,
fdbb,
fdb1,
fd9b,
fda4,
fdee,
fe8a,
ff7a,
005e,
00fe,
014d,
015f,
0159,
0168,
016d,
0114,
006e,
ffa9,
ff00,
fea0,
0000,
0001,
0002,
0002,
0002,
0001,
0001,
0000,
0000,
0002,
0001,
0000,
fffe,
0000,
0001,
0003,
0005,
0004,
0002,
fffe,
fffc,
fffc,
fffe,
ffff,
0001,
fffd,
0000,
fffe,
0005,
fffe,
0007,
fffd,
0004,
fff9,
0002,
fffc,
0009,
00d3,
0215,
0896,
0cdb,
04e8,
f8a4,
f550,
fb28,
0411,
11aa,
1b95,
17e2,
0e89,
0496,
f9d9,
f1b2,
ec59,
e7b5,
e2ce,
e341,
e989,
f327,
fd4e,
04bf,
0b8d,
10dc,
1324,
1292,
10bc,
0c5f,
051d,
fec8,
fa86,
f7a9,
f5f4,
f5e3,
f604,
f667,
f825,
fa71,
fcf6,
ff67,
01a1,
0315,
0437,
055d,
0620,
067e,
0608,
04ea,
033f,
0134,
ff1d,
fd72,
fc33,
fae1,
f9da,
f993,
fa55,
fc10,
fe54,
0057,
01c5,
0307,
03ea,
0444,
0433,
03a3,
0251,
008e,
fefe,
fde2,
fd6f,
fd5a,
fd4f,
fd3f,
fd61,
fdd5,
fea0,
ffbb,
00c0,
0167,
0190,
017b,
0177,
018c,
0172,
00f0,
0033,
ff6f,
fede,
ffff,
0000,
0000,
0001,
0002,
0001,
0000,
ffff,
ffff,
0000,
0001,
0001,
ffff,
ffff,
fffe,
0001,
0003,
0004,
0003,
0001,
fffe,
fffc,
fffc,
fffd,
fffe,
0000,
fffd,
fffe,
fffe,
0003,
ffff,
0006,
fffd,
0004,
fff7,
0006,
fff3,
002d,
00f0,
022b,
07a8,
0cb4,
05a3,
f79d,
f4eb,
fc50,
044d,
119d,
1c13,
1639,
0bcc,
03dc,
f97b,
f176,
ee2c,
e89e,
e2a1,
e53b,
ec35,
f467,
fde8,
0512,
0aef,
102c,
12b3,
11a6,
0f85,
0b68,
045c,
fe8e,
faf5,
f839,
f663,
f629,
f652,
f6ac,
f852,
fab7,
fd58,
0007,
0230,
030e,
03f4,
052b,
05e2,
064f,
061e,
04e6,
02a7,
0046,
fe45,
fcdd,
fbaf,
fa4a,
f986,
f9d4,
fb10,
fd14,
ff70,
0131,
0250,
0370,
0429,
043f,
03f9,
033a,
01c5,
000f,
fe9c,
fd80,
fcf1,
fcd9,
fd00,
fd49,
fdb4,
fe31,
feef,
0006,
0107,
01a0,
01c8,
01b4,
0184,
016a,
014f,
00d3,
0005,
ff33,
0001,
0001,
0001,
0001,
0002,
0002,
0002,
0001,
0000,
0000,
0001,
0001,
0000,
ffff,
ffff,
ffff,
0001,
0003,
0004,
0003,
0000,
fffe,
fffc,
fffd,
fffe,
ffff,
0000,
ffff,
fffe,
ffff,
0002,
0001,
0003,
0000,
0000,
fffc,
0003,
fff6,
0048,
010c,
0212,
06e2,
0cd6,
0587,
f6b3,
f573,
fd79,
043a,
116c,
1bc5,
1428,
09f1,
0359,
f8f8,
f1f4,
f00a,
e926,
e313,
e787,
ee61,
f555,
fe6f,
0500,
0a36,
0f92,
11f1,
10ee,
0eda,
0a47,
035f,
fe6f,
fb4a,
f899,
f6fc,
f6ba,
f69c,
f748,
f926,
fb07,
fd55,
0009,
0243,
0331,
0433,
0569,
05f7,
0602,
0544,
03bf,
0189,
ff4f,
fd4a,
fbf7,
fb59,
fabc,
fa67,
facd,
fc29,
fe46,
0089,
020d,
02e6,
0399,
03cc,
038d,
031f,
0259,
00ff,
ff79,
fe1e,
fd31,
fcf5,
fd05,
fd27,
fd68,
fdde,
fe88,
ff7d,
009b,
0167,
01c2,
01b9,
0186,
015f,
0151,
0123,
0098,
ffcc,
0000,
ffff,
ffff,
0000,
0000,
0002,
0001,
0001,
0000,
0000,
0000,
0000,
0001,
ffff,
ffff,
fffe,
ffff,
0001,
0002,
0002,
0002,
0000,
fffe,
fffd,
fffd,
fffd,
ffff,
ffff,
fffe,
fffd,
0001,
0000,
0002,
0000,
0004,
fffb,
0002,
fffa,
0003,
005b,
0128,
01d8,
0670,
0ce4,
04c5,
f620,
f68e,
fe83,
03fc,
112d,
1abf,
120a,
08bc,
02e6,
f889,
f2e6,
f198,
e983,
e434,
e9e5,
f00e,
f615,
fed2,
04ac,
099a,
0f48,
115f,
0fb5,
0dd7,
0974,
029f,
fe70,
fb79,
f8af,
f77c,
f7ac,
f787,
f837,
f9de,
fad9,
fcd4,
0021,
02a5,
03aa,
04e1,
05ac,
0555,
04c3,
03c1,
0200,
fff0,
fe36,
fcca,
fc37,
fc20,
fbc6,
fbc0,
fc5a,
fd8c,
ff5f,
014e,
025d,
02cd,
031d,
02e7,
0267,
0201,
0162,
003f,
ff03,
fe0e,
fd7b,
fd5b,
fd5d,
fd62,
fd9a,
fe24,
ff0f,
003b,
012b,
017e,
0185,
017b,
0155,
0131,
0117,
00c8,
003c,
ffff,
0000,
0001,
0000,
0002,
0003,
0003,
0003,
0002,
0000,
0001,
0001,
0000,
0001,
0000,
fffe,
ffff,
0000,
0001,
0002,
0003,
0002,
0001,
0000,
fffe,
fffe,
ffff,
ffff,
ffff,
ffff,
fffd,
0000,
0001,
0003,
fffe,
0005,
fff9,
0005,
fff5,
0012,
0069,
013c,
0192,
0647,
0ca5,
039f,
f606,
f81c,
ff55,
03af,
10bb,
1912,
1016,
0815,
0270,
f833,
f422,
f2d7,
e9fc,
e5f0,
ec28,
f13b,
f6b8,
ff1b,
0456,
0957,
0f0b,
1065,
0e2d,
0c9b,
08de,
0284,
fe4a,
fb6a,
f912,
f832,
f8bd,
f8a4,
f8bd,
f9c4,
fae2,
fd36,
00b5,
035c,
0415,
048b,
0481,
03c5,
032d,
0221,
0057,
feb0,
fded,
fd79,
fd8e,
fdb1,
fd4d,
fd1e,
fd9a,
febc,
001c,
0143,
01af,
01e6,
0213,
01db,
018b,
0128,
0089,
ffbc,
ff0f,
fe75,
fe06,
fdd2,
fdae,
fdc3,
fe28,
fec3,
ff79,
0055,
011b,
0182,
0193,
015e,
0105,
00ba,
0091,
005b,
ffff,
0000,
0000,
0000,
0000,
0001,
0002,
0002,
0002,
0001,
0000,
0000,
0000,
0000,
ffff,
0000,
ffff,
ffff,
0000,
0001,
0003,
0003,
0002,
0000,
fffe,
fffd,
fffd,
fffe,
fffe,
ffff,
ffff,
fffe,
0000,
0001,
0003,
0000,
0005,
fff8,
0007,
fff3,
001e,
0079,
013f,
0156,
065a,
0c12,
0230,
f65b,
f9e0,
ffe1,
0370,
101f,
1708,
0e71,
07c4,
01c3,
f80f,
f589,
f3b5,
eaba,
e807,
edfe,
f211,
f785,
ff7c,
0426,
0937,
0e7e,
0ef7,
0cd7,
0bc5,
0803,
0248,
fe86,
fbb6,
f9b4,
f8d8,
f901,
f901,
f97a,
fa4b,
fbc2,
fecf,
0196,
0296,
0279,
02e3,
02fa,
024a,
0191,
00b8,
ffc8,
ff31,
ff00,
fee7,
ff21,
ff21,
fe9b,
fe3b,
fe5e,
feec,
ffaf,
0057,
009d,
00ee,
0133,
010c,
00d4,
00ae,
0062,
ffdc,
ff5f,
feea,
fe7a,
fe3f,
fe2e,
fe5e,
feb5,
ff18,
ff97,
0042,
00f4,
0163,
0178,
0126,
00a3,
003c,
0006,
fffd,
ffff,
0000,
0001,
0000,
0001,
0001,
0001,
0002,
0001,
0001,
0000,
0000,
0000,
0000,
0001,
0001,
0000,
0000,
0000,
0002,
0002,
0002,
0001,
0000,
fffe,
fffd,
fffe,
fffe,
ffff,
0000,
ffff,
ffff,
0000,
0002,
0002,
0002,
0003,
fffb,
0007,
fff4,
002a,
008a,
0131,
0133,
0696,
0b1c,
00a5,
f733,
fbae,
0028,
0347,
0f5d,
14c6,
0d17,
0787,
00ef,
f834,
f6f9,
f467,
ebb3,
ea22,
ef87,
f2fb,
f891,
ffd5,
03fc,
08f8,
0d89,
0d94,
0be1,
0aeb,
0720,
021f,
ff1f,
fc3f,
f987,
f8b9,
f988,
fa1b,
fb00,
fbf6,
fcf2,
fec3,
006c,
00af,
007c,
010c,
0122,
00f4,
013a,
0153,
00f7,
00a8,
0073,
002f,
0044,
0010,
ff35,
fe59,
fe00,
fe2f,
febb,
ff59,
ffcd,
0053,
00a9,
00a1,
00a3,
00cc,
00b3,
0036,
ff99,
ff15,
fed1,
fed0,
fee8,
fef9,
feff,
ff19,
ff7f,
0024,
00ab,
00f1,
0107,
00c8,
0051,
ffef,
fffd,
fffd,
ffff,
ffff,
0000,
0000,
0000,
0000,
0000,
0000,
0000,
0000,
0000,
0000,
ffff,
ffff,
0000,
0000,
0000,
ffff,
0000,
0000,
0001,
0002,
0001,
0000,
fffd,
fffd,
fffd,
fffe,
ffff,
0000,
fffd,
0000,
fffe,
0002,
0000,
0003,
0001,
fffe,
0004,
fff9,
0032,
0098,
0117,
0133,
06db,
09c2,
ff3e,
f874,
fd48,
003d,
0348,
0e71,
126d,
0c0b,
0737,
0005,
f8b8,
f85f,
f4c5,
ecbb,
ec55,
f104,
f40a,
f9b0,
0007,
03b1,
08ad,
0ca6,
0c3d,
0b0b,
0a4f,
0676,
01d4,
feb2,
fbd2,
f9e8,
fa0d,
fb46,
fbe6,
fc50,
fc0e,
fbf5,
fd3d,
feb6,
fee3,
fe8d,
ff5a,
008a,
01b1,
02b1,
02e9,
027e,
020f,
019d,
010a,
008c,
ffad,
fe6f,
fd8b,
fd36,
fd5b,
fdfb,
fed6,
ff93,
0041,
00a4,
00ac,
00cf,
0102,
00e2,
0062,
ffdf,
ff7a,
ff4f,
ff60,
ff64,
ff3b,
fefd,
fef0,
ff3d,
ffc5,
003b,
0076,
0081,
005c,
0026,
fffd,
fffd,
fffd,
ffff,
ffff,
ffff,
ffff,
ffff,
0000,
0001,
0001,
0001,
0001,
0001,
0000,
ffff,
0000,
0001,
0000,
ffff,
ffff,
ffff,
0000,
0001,
0000,
0000,
0000,
fffe,
fffe,
fffe,
ffff,
ffff,
0000,
fffe,
0000,
ffff,
0004,
fffe,
0005,
fffe,
0002,
0000,
0001,
0039,
00aa,
00f4,
015c,
0713,
0816,
fe1d,
f9fa,
fe92,
0042,
0375,
0d5e,
1028,
0b31,
06b0,
ff36,
f996,
f967,
f4d5,
ee20,
eeac,
f264,
f536,
faac,
0010,
03b2,
087e,
0bac,
0b41,
0a6c,
0942,
0500,
0099,
fe5a,
fd05,
fc2e,
fc40,
fc9d,
fc03,
faf7,
fa24,
fa80,
fbe1,
fcf0,
fd68,
fe58,
002a,
01ea,
0367,
0455,
0447,
039c,
02de,
01db,
0097,
ff7b,
fe4f,
fd2e,
fc9f,
fcb2,
fd2f,
fe05,
fef5,
ffc7,
006c,
00b4,
00cd,
010b,
013b,
0115,
00b5,
0047,
ffde,
ffa2,
ff9b,
ff75,
ff1d,
fec3,
feab,
feee,
ff57,
ffb0,
fff2,
002b,
0045,
fffe,
fffd,
fffd,
fffe,
ffff,
ffff,
ffff,
ffff,
0000,
0001,
0001,
0001,
0002,
0001,
0000,
0000,
0000,
0000,
0001,
0000,
fffe,
ffff,
ffff,
ffff,
0000,
0000,
0000,
0000,
fffe,
ffff,
ffff,
0000,
ffff,
ffff,
fffe,
0001,
ffff,
0003,
fffe,
0005,
fffc,
0006,
fffc,
000a,
003d,
00b7,
00c9,
01ab,
071a,
063e,
fd6f,
fb8b,
ff80,
0050,
03b3,
0c26,
0e19,
0a7f,
05f3,
fea2,
fa94,
fa04,
f507,
efe4,
f0d8,
f397,
f667,
fbb6,
0045,
03e2,
088a,
0ab9,
09d0,
08e3,
0732,
03bb,
016c,
004b,
fefe,
fdc9,
fc92,
fb07,
f9c4,
f914,
f87e,
f924,
fb0e,
fcdb,
fe61,
0063,
027c,
03c2,
04b6,
053a,
04b9,
039a,
023f,
00a2,
ff21,
fe11,
fd1b,
fc73,
fc6e,
fce5,
fd9a,
fe6d,
ff37,
fff2,
0099,
00f3,
012d,
016b,
0181,
014f,
00f3,
0080,
fffa,
ff9c,
ff66,
ff31,
fee3,
fe91,
fe68,
fe7d,
fed7,
ff5e,
ffe7,
004e,
ffff,
fffe,
fffe,
fffd,
fffd,
fffe,
fffe,
ffff,
ffff,
0000,
0000,
0001,
0001,
0001,
0001,
0001,
0000,
0000,
0000,
0000,
ffff,
ffff,
ffff,
ffff,
ffff,
0001,
0000,
0000,
0000,
ffff,
ffff,
ffff,
ffff,
ffff,
ffff,
fffe,
0001,
ffff,
0003,
fffe,
0006,
fffc,
0009,
fff9,
0014,
0045,
00bb,
009f,
0223,
06dd,
045d,
fd2c,
fd06,
0028,
0076,
03ef,
0ad8,
0c5a,
09c6,
0502,
fe64,
fb93,
fa5c,
f576,
f1c3,
f2aa,
f4eb,
f801,
fcd6,
00c4,
0420,
07b3,
08b0,
07a1,
0770,
073c,
0567,
035c,
0141,
fe7f,
fbcf,
fa21,
f902,
f809,
f784,
f7c6,
f9a5,
fca4,
ff43,
0114,
02ca,
044e,
04fa,
0518,
04aa,
036d,
01e2,
0082,
ff28,
fe00,
fd44,
fcc4,
fc97,
fcdc,
fd64,
fe0d,
fecc,
ff8d,
0054,
00ff,
0159,
018a,
01c0,
01b8,
015e,
00e1,
004c,
ffab,
ff39,
ff0b,
feec,
feab,
fe53,
fe24,
fe58,
fee3,
ff8c,
002e,
0001,
ffff,
fffe,
fffe,
fffd,
fffe,
ffff,
0000,
0000,
0000,
0000,
0000,
0001,
0001,
0001,
0002,
0002,
0000,
0000,
0000,
0000,
ffff,
ffff,
fffe,
0000,
0001,
0002,
0002,
0002,
0000,
ffff,
ffff,
ffff,
0000,
0000,
ffff,
ffff,
0000,
0000,
0002,
0001,
0006,
ffff,
000a,
fffa,
001e,
004d,
00b2,
008c,
02ae,
0649,
02a4,
fd4b,
fe57,
0096,
00a5,
0417,
0998,
0ae4,
08f4,
042e,
fe85,
fc6b,
fa8a,
f601,
f393,
f4ae,
f6dc,
f9e3,
fd77,
0048,
034b,
060b,
06fa,
07e1,
0951,
08c9,
05a4,
01c3,
fe45,
fb75,
f953,
f801,
f78f,
f7aa,
f846,
f9ed,
fcc9,
ffd2,
01fe,
0347,
043f,
04d9,
04a9,
03b9,
024d,
00f5,
000c,
ff2e,
fe3b,
fda5,
fd6c,
fd33,
fd2c,
fd7c,
fdf4,
fe8e,
ff4f,
0012,
00cb,
0167,
01b0,
01c5,
01cd,
01a1,
011f,
006a,
ffb2,
ff21,
fede,
fec2,
fe9f,
fe7a,
fe65,
fe77,
fec4,
ff46,
ffe2,
0001,
ffff,
ffff,
fffd,
fffd,
fffd,
fffe,
fffe,
0000,
0001,
0001,
0002,
0002,
0001,
0002,
0001,
0001,
0000,
ffff,
ffff,
ffff,
ffff,
ffff,
ffff,
0000,
0000,
0000,
0001,
0001,
0001,
0000,
0000,
ffff,
0000,
ffff,
0000,
ffff,
ffff,
ffff,
0001,
0001,
0002,
0003,
0002,
0006,
fffe,
0022,
0051,
00a1,
009c,
0324,
0563,
0143,
fdc8,
ff65,
00c3,
00e4,
0428,
085e,
09aa,
0836,
039c,
fed2,
fce4,
fa89,
f716,
f63d,
f72d,
f80d,
fa0f,
fce4,
ff64,
030a,
070e,
090b,
09d6,
092d,
05ae,
0122,
fdc7,
fb2d,
f8e3,
f78d,
f77f,
f8c9,
fa99,
fc0b,
fdba,
0030,
025b,
037c,
0406,
03ff,
034a,
023d,
012a,
0006,
ff15,
feb9,
fe89,
fe50,
fe25,
fe0e,
fdfc,
fdf9,
fe35,
fea5,
ff36,
ffd5,
008d,
0139,
0190,
01a7,
01a7,
0185,
010f,
0068,
ffb9,
ff2b,
fed2,
fe9d,
fe80,
fe8e,
fec9,
ff00,
ff30,
ff68,
ffbc,
0001,
0000,
ffff,
ffff,
fffe,
fffe,
ffff,
0000,
0001,
0001,
0001,
0002,
0002,
0002,
0001,
0001,
0000,
0000,
0000,
0000,
0000,
0000,
0000,
0000,
0001,
0000,
0001,
0001,
0001,
0001,
0001,
0000,
0000,
0000,
0000,
0000,
0001,
0000,
0001,
0000,
0003,
0002,
0005,
0002,
0005,
0004,
0004,
0023,
005b,
008e,
00c4,
0372,
0456,
004d,
fe66,
001a,
00dc,
0139,
041d,
074d,
08df,
07b6,
0309,
fed8,
fd5b,
fbbb,
f947,
f7bf,
f747,
f7eb,
fa09,
fd72,
0200,
06e4,
097e,
086e,
05e9,
0365,
004f,
fd05,
fa88,
f8f2,
f84c,
f906,
fae8,
fd21,
ff05,
0017,
00de,
0220,
032f,
0320,
0253,
016a,
0073,
ffaf,
ff1e,
fe86,
fe43,
fe8b,
fed9,
fef6,
ff0b,
fef8,
fed3,
fee2,
ff19,
ff65,
ffcf,
0040,
00b5,
012d,
0168,
0144,
00ff,
00a7,
0038,
ffcb,
ff62,
fef8,
fea5,
fe94,
feba,
ff12,
ff80,
ffc4,
ffe1,
fff3,
0001,
0000,
ffff,
fffe,
fffe,
fffe,
ffff,
ffff,
0000,
0001,
0001,
0001,
0000,
0001,
0000,
0000,
0000,
ffff,
ffff,
ffff,
0000,
0000,
0001,
0001,
0000,
0001,
0000,
0000,
0001,
0000,
0000,
0000,
0000,
ffff,
ffff,
0000,
ffff,
0000,
ffff,
0001,
0001,
0003,
0002,
0003,
0001,
0005,
0000,
000b,
0023,
0063,
0076,
010c,
038c,
0335,
ffb2,
ff0e,
0093,
00eb,
0192,
0401,
06c4,
0878,
06d2,
0282,
0014,
feca,
fbad,
f8d9,
f78d,
f75f,
f9b7,
fe52,
02c5,
05f5,
06b6,
0449,
017e,
fffb,
fe43,
fbef,
fa27,
f99d,
fa72,
fc3f,
fe0c,
ffd9,
01a2,
0285,
0268,
0229,
01fc,
013e,
001e,
ff31,
fe91,
fe22,
fdfe,
fe29,
fe66,
febd,
ff2f,
ff94,
ffdb,
0002,
fff5,
ffcf,
ffc5,
ffdb,
fff9,
0013,
0039,
007a,
00b4,
00a1,
0051,
000a,
ffe4,
ffc0,
ff85,
ff3d,
ff07,
feff,
ff27,
ff7a,
ffd5,
0013,
0035,
0041,
0000,
0000,
ffff,
0000,
0000,
0000,
0000,
0000,
0000,
0001,
0001,
0001,
0000,
0000,
ffff,
ffff,
ffff,
fffe,
ffff,
ffff,
0000,
0001,
0001,
0002,
0001,
0000,
0000,
0000,
0001,
0000,
0000,
0000,
0000,
0000,
0000,
0000,
ffff,
0000,
0001,
0000,
0002,
0002,
0003,
0001,
0004,
ffff,
0006,
0002,
000d,
0027,
0066,
006c,
0160,
0361,
0224,
ff79,
ffa9,
00c6,
0107,
022e,
0449,
0675,
0837,
071b,
02eb,
ff66,
fd19,
fa22,
f898,
f9f3,
fd20,
0113,
0394,
02b5,
0074,
ff18,
fd7a,
fbde,
fb48,
fab5,
fa58,
fb84,
fdd7,
0002,
01c2,
02fb,
03c9,
0443,
03d2,
024f,
0063,
fecf,
fdac,
fcf0,
fc98,
fcac,
fd26,
fdde,
fea3,
ff39,
ffb4,
0029,
008e,
00da,
0101,
00e7,
0098,
0059,
002e,
000b,
ffeb,
ffc8,
ffaf,
ff95,
ff80,
ff7f,
ff90,
ff91,
ff86,
ff88,
ff9c,
ffc0,
ffea,
0010,
0026,
0031,
003c,
0049,
ffff,
ffff,
ffff,
0000,
0000,
0001,
0001,
0001,
0001,
0001,
0000,
0000,
ffff,
ffff,
ffff,
fffe,
fffe,
ffff,
ffff,
0000,
0001,
0001,
0001,
0001,
0002,
0001,
0001,
0000,
0000,
0000,
0000,
ffff,
0000,
0001,
0000,
0000,
0000,
0000,
0001,
0001,
0002,
0001,
0002,
0001,
0000,
0001,
0002,
0007,
0004,
0011,
0031,
0061,
0068,
01b3,
0304,
0143,
ff76,
000d,
0110,
01ca,
02ea,
04de,
07cf,
0857,
04b1,
0044,
fd01,
fb2d,
fc5c,
ffd6,
02b9,
0388,
011a,
fd2e,
fad5,
f9c2,
f8ea,
f861,
f86d,
f980,
fbd4,
fe9b,
014a,
03cf,
055c,
05e3,
05e7,
0562,
0407,
01b2,
feec,
fcae,
fb68,
face,
fae0,
fb90,
fc9b,
fdc4,
feca,
ff9b,
0057,
00fe,
0154,
018e,
01c4,
01b7,
0159,
00d7,
0062,
0001,
ffa5,
ff2a,
fec2,
fe8d,
fe9b,
fee5,
ff2b,
ff62,
ff9c,
ffe9,
0036,
0081,
00bb,
00c5,
0097,
0049,
001a,
000b,
ffff,
0000,
0001,
0001,
0002,
0002,
0002,
0002,
0002,
0001,
0000,
0000,
0000,
ffff,
fffe,
fffd,
fffe,
ffff,
0000,
0001,
0001,
0002,
0002,
0002,
0002,
0001,
0001,
0000,
ffff,
ffff,
0000,
0000,
0000,
0001,
0001,
0000,
0000,
0001,
0002,
0002,
0002,
0001,
0001,
0001,
ffff,
0000,
0002,
0007,
0007,
0008,
0014,
0033,
0053,
008a,
01f2,
026c,
0090,
ffb0,
00e7,
01f4,
033c,
04ea,
0537,
0605,
05e5,
00fe,
fc21,
fe0e,
035d,
070a,
0717,
01e1,
fbf1,
f8f3,
f685,
f4ce,
f4fb,
f547,
f666,
fa18,
fe3c,
0180,
04a0,
06df,
081c,
08a2,
07a0,
0553,
0310,
00a0,
fda8,
fb18,
f98c,
f939,
f9d5,
faf7,
fc44,
fda0,
feea,
fffe,
00f4,
01c1,
0247,
025a,
0237,
0212,
01c6,
0141,
0099,
ffe2,
ff33,
fe9e,
fe19,
fdda,
fdfe,
fe47,
fead,
ff3e,
ffdc,
0062,
00cd,
011b,
014e,
0159,
0102,
006e,
0001,
ffc3,
ffff,
ffff,
ffff,
0001,
0002,
0002,
0003,
0002,
0001,
0001,
0000,
ffff,
fffe,
fffe,
fffd,
fffc,
fffd,
ffff,
0000,
0000,
0000,
0002,
0002,
0001,
0001,
0001,
0000,
ffff,
ffff,
ffff,
0000,
ffff,
ffff,
0000,
0000,
0000,
0000,
0001,
0001,
0001,
0001,
0001,
ffff,
ffff,
0000,
fffd,
0003,
0006,
000a,
0006,
0006,
0017,
003a,
004c,
00a8,
01eb,
01da,
0095,
0102,
0326,
03ee,
02ab,
02e1,
0484,
04d0,
010e,
fdf7,
0304,
0b1c,
0c21,
0572,
fdc2,
f84c,
f4ed,
f3c1,
f2b9,
f162,
f2d5,
f722,
fbe6,
006a,
0454,
06b0,
08a7,
0a7a,
0a2b,
07b3,
04a4,
01cc,
ff3f,
fcc0,
fa03,
f85f,
f899,
f9a5,
fabf,
fc13,
fd96,
fef1,
0050,
018e,
0273,
02f1,
02f1,
028c,
0220,
01e0,
0165,
0095,
ffa5,
fece,
fe20,
fdb5,
fd98,
fda2,
fdef,
fe7c,
ff36,
0003,
00c3,
0146,
018b,
01ae,
0189,
011a,
008b,
0009,
ff93,
ffff,
0000,
0001,
0003,
0003,
0003,
0003,
0003,
0001,
0000,
ffff,
fffd,
fffd,
fffe,
fffe,
fffe,
fffe,
ffff,
0000,
0001,
0001,
0002,
0002,
0001,
0001,
0001,
0000,
ffff,
ffff,
ffff,
ffff,
0000,
0000,
0000,
0001,
0001,
0001,
0001,
0001,
0000,
0001,
0000,
fffd,
ffff,
ffff,
0001,
0002,
0006,
0009,
0008,
0007,
0010,
001e,
002e,
002e,
00d5,
022b,
02b2,
0359,
0327,
0132,
00ee,
0241,
0344,
03ce,
0286,
02a2,
08fb,
0e12,
0a3c,
022d,
fa44,
f438,
f317,
f39b,
f130,
f039,
f3bc,
f8b1,
fe01,
02d3,
0580,
07b4,
0a42,
0ae7,
0962,
06eb,
03b2,
0080,
fe1b,
fbdb,
f99c,
f874,
f8c1,
f9cc,
fb0d,
fc4b,
fd97,
ff17,
00ac,
0208,
02e2,
0334,
0310,
02a7,
022b,
01b1,
0116,
004a,
ff5e,
fe75,
fde7,
fda7,
fd8a,
fda9,
fe14,
feb4,
ff69,
0025,
00d8,
0171,
01c0,
01b5,
016c,
0102,
0080,
fffb,
ff7f,
ffff,
0001,
0002,
0002,
0003,
0003,
0003,
0002,
0001,
0000,
ffff,
ffff,
fffe,
fffe,
fffe,
ffff,
0000,
0001,
0001,
0001,
0001,
0001,
0001,
0001,
0001,
0001,
0001,
0000,
ffff,
ffff,
0000,
0000,
0001,
0001,
0001,
0001,
0001,
0001,
0001,
0000,
0000,
0001,
fffe,
fffd,
0001,
0002,
0002,
0005,
0008,
0009,
000e,
000a,
000b,
0004,
0019,
0074,
02c9,
05ef,
03d1,
ffd9,
ffdb,
007e,
014a,
03bd,
052e,
064d,
08ce,
09ac,
08f8,
0682,
fe9f,
f5fb,
f39e,
f3ce,
f280,
f234,
f3a1,
f624,
faed,
002c,
0338,
05f3,
08cf,
09ae,
08d6,
0788,
057a,
0284,
ff9b,
fd2a,
fb5c,
fa3b,
f977,
f960,
fa68,
fbc4,
fcb1,
fde2,
ff8e,
0109,
0212,
02d6,
0315,
02d3,
0273,
01eb,
0144,
009c,
ffd8,
feff,
fe54,
fdf8,
fdd1,
fde3,
fe22,
fe8b,
ff26,
ffc3,
004a,
00d4,
0145,
016a,
015d,
012c,
00cd,
0051,
ffd3,
ff63,
0000,
0001,
0002,
0002,
0002,
0001,
0001,
0000,
ffff,
ffff,
fffe,
fffe,
ffff,
ffff,
ffff,
0000,
0000,
ffff,
0000,
0000,
0000,
0001,
0000,
0000,
0000,
0000,
0000,
0000,
ffff,
ffff,
0000,
0000,
0001,
0002,
0001,
0000,
ffff,
ffff,
ffff,
0000,
ffff,
fffe,
fffe,
fffe,
0000,
0002,
0001,
0004,
0008,
000f,
000a,
0003,
fffb,
ffff,
0039,
0252,
0529,
03ec,
0112,
ffc8,
ff1c,
0045,
02e2,
0569,
0919,
0b6e,
0827,
04e5,
03ee,
ff33,
f962,
f6fe,
f518,
f375,
f462,
f645,
f804,
fab8,
fd83,
fffe,
0350,
0663,
077c,
0701,
060b,
04fd,
0393,
0160,
fece,
fce3,
fbec,
fb45,
fabd,
fadc,
fb8a,
fc5c,
fd69,
fec4,
000b,
0109,
01d5,
0256,
0285,
0256,
01d0,
013a,
00bb,
001c,
ff5f,
fecb,
fe64,
fe3f,
fe6b,
fea6,
fee3,
ff38,
ffa0,
000f,
0069,
00a3,
00c3,
00d1,
00ca,
00ab,
006b,
000c,
ffac,
ff5f,
0000,
0001,
0001,
0001,
0001,
0000,
ffff,
ffff,
fffe,
ffff,
ffff,
ffff,
ffff,
ffff,
ffff,
0000,
0000,
ffff,
0000,
ffff,
ffff,
0000,
0000,
0000,
0000,
ffff,
ffff,
0000,
0000,
0000,
0000,
0001,
0001,
0001,
0000,
ffff,
ffff,
ffff,
ffff,
0000,
ffff,
fffe,
ffff,
ffff,
ffff,
0002,
0006,
0006,
000c,
0009,
0005,
fff6,
0005,
006d,
02df,
04e1,
024a,
0042,
006a,
ffc5,
0039,
02a4,
0586,
09cf,
0c30,
0823,
0442,
01a1,
fb5e,
f77f,
f88b,
f822,
f689,
f724,
f878,
fab0,
fdee,
fed5,
feb1,
0088,
02ef,
0441,
0472,
03a3,
02c7,
0281,
0196,
fff6,
fe99,
fd9e,
fccd,
fc7a,
fcb1,
fcba,
fccd,
fd6a,
fe8b,
ff90,
0045,
00d8,
0140,
0197,
01a5,
0157,
00e3,
0076,
0004,
ff8d,
ff2b,
fece,
febd,
fefc,
ff4c,
ff92,
ffc7,
ffe9,
0010,
004a,
0048,
0029,
0027,
0032,
0029,
0008,
ffe1,
ffb7,
ff9c,
ff7c,
0001,
0001,
0001,
0000,
ffff,
ffff,
ffff,
fffe,
ffff,
ffff,
0000,
0001,
0000,
0000,
0000,
0000,
0000,
0000,
0000,
ffff,
ffff,
ffff,
0000,
0000,
ffff,
0000,
ffff,
ffff,
0000,
0000,
0001,
0001,
0001,
0000,
ffff,
ffff,
fffe,
ffff,
ffff,
ffff,
fffe,
fffe,
0000,
ffff,
ffff,
0002,
0008,
000a,
0004,
0000,
fff5,
0008,
00e1,
03d3,
0460,
0152,
0005,
ff18,
ff36,
01d2,
03e2,
0635,
0abf,
0b41,
0654,
03da,
00bf,
f9be,
f5da,
f5be,
f66d,
f8ce,
fb8f,
fc53,
fdad,
0086,
017f,
0136,
00fb,
0098,
00a4,
0100,
008b,
ffd5,
000b,
001a,
ff8a,
ff28,
fee7,
fe50,
fe16,
fe6d,
fe87,
fe7e,
feac,
ff10,
ff7a,
fff6,
0048,
0058,
007f,
0087,
005f,
002b,
ffe7,
ff8f,
ff55,
ff30,
ff0f,
ff3b,
ff97,
fff3,
0042,
0074,
007c,
0082,
0076,
0030,
ffe7,
ffad,
ff8b,
ff81,
ff75,
ff69,
ff6e,
ff86,
ff8c,
ff91,
0001,
0001,
0000,
ffff,
ffff,
fffe,
ffff,
ffff,
0000,
0001,
0001,
0001,
0000,
0000,
0001,
0001,
0000,
0000,
0000,
ffff,
0000,
0000,
0000,
0000,
ffff,
ffff,
ffff,
0001,
0001,
0003,
0003,
0002,
0000,
0000,
ffff,
ffff,
ffff,
ffff,
0000,
0000,
fffe,
0000,
0000,
0000,
ffff,
0008,
000c,
000c,
fffd,
fff4,
000a,
0199,
04c1,
0392,
00a6,
000b,
fe77,
fec5,
01d8,
04d2,
089c,
0c58,
09d3,
0484,
028b,
fe43,
f845,
f630,
f508,
f426,
f71b,
fc0b,
ffa1,
02b7,
044e,
03a0,
03c5,
0397,
0167,
ff64,
fe59,
fd1a,
fc5e,
fcdb,
fd5d,
fde4,
fe89,
feb5,
fecf,
ff90,
0018,
000f,
004a,
00a8,
00c2,
008f,
004e,
0009,
ffeb,
ffbf,
ff58,
ff27,
ff1e,
fefc,
fed7,
fed6,
fed7,
ff01,
ff7d,
0012,
0097,
0100,
0124,
010e,
0108,
00df,
006e,
ffe9,
ff84,
ff38,
feff,
fed6,
fec5,
feeb,
ff36,
ff73,
ff98,
ffc5,
0000,
ffff,
fffe,
fffd,
fffc,
fffd,
fffd,
ffff,
0000,
0001,
0002,
0002,
0002,
0001,
0001,
0001,
0000,
0000,
ffff,
fffe,
fffe,
fffe,
fffe,
ffff,
ffff,
ffff,
0000,
0001,
0001,
0001,
0001,
0000,
ffff,
ffff,
fffe,
ffff,
ffff,
fffe,
0000,
ffff,
0000,
0000,
0000,
fffc,
0005,
0006,
0011,
fffe,
fffa,
001e,
0289,
0579,
027f,
0023,
001f,
fe03,
feec,
0296,
0556,
09ed,
0db8,
0904,
0350,
0132,
fb58,
f603,
f5a5,
f47d,
f3da,
f75d,
fb5b,
ff0f,
04ab,
0809,
0777,
06ee,
05c2,
02dd,
0034,
fe27,
fb97,
f9a6,
f976,
fa14,
fb37,
fcad,
fd91,
fe2e,
ffb3,
0120,
0186,
01d8,
026b,
02a5,
0263,
01ce,
00c6,
ffe6,
ff56,
fe9f,
fe14,
fdeb,
fdc7,
fdcb,
fe16,
fe50,
febb,
ff7c,
0045,
0103,
01a4,
01cb,
019e,
0183,
0142,
00bc,
0024,
ff9a,
ff27,
fecb,
fe79,
fe4d,
fe6a,
feb4,
ff09,
ff69,
ffd0,
0021,
0000,
ffff,
fffd,
fffd,
fffc,
fffd,
fffe,
ffff,
0000,
0000,
0002,
0003,
0003,
0003,
0002,
0002,
0001,
0000,
ffff,
ffff,
fffe,
fffe,
ffff,
fffe,
ffff,
0001,
0001,
0001,
0002,
0001,
0000,
0001,
ffff,
ffff,
ffff,
fffe,
ffff,
0000,
0000,
ffff,
0000,
0000,
fffb,
0005,
0001,
0013,
0001,
0000,
005a,
03b7,
05de,
0143,
ffb7,
0000,
fdc0,
ff8e,
0385,
066e,
0bd1,
0dd4,
06e3,
02b2,
0084,
f87b,
f405,
f4d7,
f325,
f33e,
f816,
fc39,
fff6,
0539,
081c,
08f9,
0a4a,
090d,
04c8,
010e,
fea2,
fbd6,
f937,
f7ba,
f766,
f880,
fa37,
fb34,
fc71,
ff01,
010d,
020a,
0309,
03ea,
042b,
0420,
03a2,
0259,
0101,
ff99,
fe36,
fd76,
fd1d,
fca7,
fc86,
fcf4,
fd7f,
fe62,
ff6a,
0044,
012d,
0209,
024a,
021f,
01f8,
0195,
00fc,
0061,
ffcc,
ff41,
fec5,
fe53,
fe11,
fe29,
fe69,
fead,
ff0c,
ff8f,
0017,
0092,
fffe,
fffd,
fffd,
fffd,
fffe,
ffff,
ffff,
0000,
0000,
0000,
0001,
0001,
0001,
0001,
0001,
0000,
0000,
0000,
ffff,
ffff,
fffe,
fffe,
ffff,
0000,
0000,
0001,
0002,
0002,
0001,
0000,
ffff,
ffff,
ffff,
fffe,
ffff,
0000,
0000,
0001,
0001,
0001,
0002,
fffe,
0003,
0000,
0012,
0002,
0003,
00b3,
050d,
0609,
0003,
ff40,
ffa0,
fda4,
0075,
04b1,
07ec,
0de3,
0ddc,
04c0,
0149,
ff05,
f61b,
f2ad,
f406,
f1e3,
f2b4,
f852,
fc97,
012b,
072e,
091a,
0930,
0aa2,
0a2a,
0701,
0325,
ff80,
fc1f,
f9a2,
f79e,
f68e,
f72a,
f843,
f8cf,
fa25,
fd18,
ffce,
01c1,
0371,
04b4,
0546,
057a,
0524,
03fc,
0294,
00c1,
feba,
fd59,
fc9a,
fbf8,
fb99,
fbbd,
fc69,
fdbc,
ff16,
002d,
014b,
0235,
0281,
0274,
0250,
01d8,
013f,
00a5,
fffb,
ff59,
fece,
fe52,
fe05,
fe12,
fe44,
fe82,
fed9,
ff55,
ffea,
007e,
00ef,
fffd,
fffd,
fffd,
fffd,
ffff,
0000,
0000,
0000,
0002,
0002,
0003,
0004,
0003,
0003,
0002,
0001,
0001,
0000,
0000,
fffe,
ffff,
ffff,
ffff,
0000,
0001,
0002,
0003,
0001,
0001,
0001,
0000,
0001,
0000,
ffff,
0000,
0000,
0003,
0000,
0002,
0001,
fffe,
0001,
0000,
0010,
0003,
0007,
0127,
0675,
061b,
fed7,
febc,
fefc,
fd9b,
019a,
05fd,
09bc,
101b,
0d88,
0298,
0047,
fd3f,
f2f0,
f107,
f391,
f116,
f283,
f8c9,
fce1,
01ef,
0876,
0a44,
0aba,
0bd1,
09d5,
067b,
03bd,
00b3,
fd45,
fa7e,
f7d6,
f66c,
f727,
f7d4,
f77e,
f868,
fb4c,
fdf3,
004b,
02d3,
04c5,
05af,
063b,
062f,
0539,
03f5,
0204,
ffca,
fe19,
fcd5,
fba4,
faf3,
fafe,
fb9b,
fced,
fe6d,
ffcc,
0136,
024f,
02a4,
0296,
026c,
0200,
017d,
00eb,
002e,
ff6e,
fed5,
fe50,
fe09,
fe19,
fe3d,
fe6c,
fec3,
ff41,
ffd2,
006a,
00dd,
010f,
fffc,
fffc,
fffc,
fffe,
ffff,
ffff,
0000,
0000,
0001,
0002,
0002,
0001,
0002,
0001,
0000,
0000,
0001,
ffff,
ffff,
ffff,
fffe,
ffff,
0000,
0000,
0001,
0001,
0000,
0000,
0000,
ffff,
0000,
0000,
fffe,
0000,
ffff,
0002,
ffff,
0002,
0000,
fffe,
fffe,
ffff,
000c,
0005,
0004,
01a7,
07ed,
0627,
fdb7,
fe27,
fe1f,
fd86,
02ed,
077d,
0bc3,
1272,
0d09,
0052,
ff3a,
fb81,
f01c,
ef0d,
f232,
f055,
f2f7,
f982,
fd89,
0310,
096d,
0ac6,
0baa,
0d45,
0aaa,
064b,
0319,
fffc,
fd1a,
fb58,
f904,
f6f3,
f742,
f7f2,
f74f,
f7f8,
fa8f,
fcb5,
fedc,
0198,
03d0,
0525,
0645,
0695,
05e8,
04da,
02f8,
00ca,
ff24,
fda3,
fbe6,
facf,
fabb,
fb41,
fc68,
fdd2,
ff3f,
00c3,
020a,
02a9,
02b9,
0265,
01f7,
01ab,
0128,
0053,
ff82,
fedf,
fe5d,
fe20,
fe27,
fe37,
fe62,
fec1,
ff41,
ffd2,
0061,
00c4,
00ef,
0109,
fffe,
ffff,
0000,
0000,
ffff,
0001,
0001,
0000,
0001,
0001,
0001,
0001,
0001,
0001,
0001,
0000,
0000,
ffff,
ffff,
ffff,
0000,
0001,
0001,
0001,
0001,
0000,
ffff,
fffe,
ffff,
0000,
0000,
ffff,
0001,
ffff,
0003,
0000,
0004,
0000,
0002,
fffc,
0000,
0009,
0006,
0002,
022c,
0975,
063c,
fca0,
fd8f,
fd13,
fd4e,
0463,
0938,
0e09,
14ec,
0c7a,
fddf,
fe11,
f99e,
ed31,
ed50,
f0d0,
ef29,
f337,
fa80,
fe7c,
04af,
0af2,
0b54,
0c34,
0dfc,
0b14,
0640,
0316,
ffbe,
fc2c,
fa80,
f8fb,
f7a7,
f82f,
f871,
f738,
f80d,
faec,
fcaf,
fe5a,
00ed,
02ee,
040e,
0563,
0610,
05ed,
0557,
0370,
0148,
ffec,
fe70,
fc6f,
fb52,
fb06,
fb23,
fc35,
fda4,
fef9,
0061,
01a0,
0235,
0273,
0275,
022b,
01c1,
011a,
0054,
ff9d,
fefe,
fe6a,
fe33,
fe44,
fe44,
fe5e,
febc,
ff4f,
ffe2,
006d,
00c3,
00cd,
00d8,
00e6,
ffff,
0000,
0000,
0000,
0000,
0000,
0001,
0000,
0000,
0001,
0001,
0001,
0001,
0001,
0000,
0000,
0000,
ffff,
ffff,
0001,
0001,
0002,
0001,
0000,
ffff,
fffe,
fffd,
ffff,
0000,
ffff,
fffe,
0001,
ffff,
0003,
ffff,
0005,
fffd,
0004,
fffa,
fffe,
0005,
000a,
fffd,
02b3,
0b1b,
0661,
fb81,
fce9,
fbe8,
fce7,
05dd,
0b3c,
108e,
1788,
0be4,
fb4e,
fcba,
f77c,
e9f9,
eb8a,
ef73,
ee0d,
f3d4,
fb72,
ff36,
0682,
0ceb,
0c49,
0d1b,
0e8c,
0aff,
05c3,
0232,
ff68,
fc50,
f9fe,
f7fd,
f72e,
f83b,
f8d3,
f7c5,
f86d,
fb63,
fd54,
fed7,
0120,
02f2,
03ae,
048f,
04f9,
04ff,
0501,
037f,
016f,
000f,
fe99,
fce8,
fc13,
fb91,
fb61,
fc5e,
fd9a,
fed6,
0069,
018f,
01c8,
0206,
025b,
0237,
01bf,
0108,
0041,
ff97,
ff04,
fe7c,
fe43,
fe50,
fe53,
fe6b,
fec4,
ff4d,
ffec,
0081,
00ca,
00c7,
00c6,
00ca,
00c7,
ffff,
0000,
0001,
ffff,
0000,
0002,
0001,
ffff,
0001,
0000,
ffff,
0000,
0000,
0001,
0001,
ffff,
ffff,
0001,
0001,
0000,
0003,
0003,
0000,
fffe,
fffe,
fffd,
fffe,
ffff,
fffe,
fffd,
0001,
fffe,
0004,
fffd,
0006,
fffc,
0004,
fff9,
0000,
0001,
000a,
fffb,
031e,
0ccf,
06ca,
fa53,
fc2f,
fab4,
fc54,
073e,
0d5f,
1344,
1a5d,
0b85,
f8c5,
fb51,
f530,
e658,
e964,
ee29,
ecda,
f47a,
fd01,
002e,
07ee,
0ee5,
0d8a,
0e2e,
0f6d,
0ae8,
056b,
0138,
fddf,
fbc0,
fa30,
f79f,
f686,
f7cf,
f84a,
f788,
f8f1,
fc33,
fe25,
ffaf,
01e1,
0381,
041b,
04b0,
048d,
0417,
0414,
02e4,
00f9,
ff9e,
fe6a,
fd17,
fc5e,
fbde,
fbbd,
fcb2,
fdd1,
fefc,
0088,
0185,
01aa,
0213,
0271,
0229,
019b,
00df,
0010,
ff7e,
ff0a,
fe79,
fe3a,
fe52,
fe57,
fe74,
fed7,
ff59,
ffe5,
0073,
00c5,
00c7,
00c6,
00dc,
00e8,
00de,
0001,
0002,
0000,
ffff,
0002,
0000,
ffff,
0001,
0000,
ffff,
0000,
0000,
0000,
0001,
ffff,
ffff,
0001,
0001,
0002,
0005,
0003,
0000,
fffe,
fffc,
fffb,
fffe,
ffff,
fffe,
fffe,
0003,
fffd,
0005,
fffe,
0006,
fffd,
0008,
fff8,
0001,
0003,
0005,
fff8,
034d,
0e72,
07c4,
f93b,
fb59,
f97d,
fb62,
0857,
0f84,
15ee,
1d76,
0bdc,
f655,
fa07,
f334,
e26e,
e6b2,
ec9e,
eb73,
f4c0,
feae,
0192,
09a3,
10e8,
0ebd,
0f2a,
107c,
0ae9,
0501,
00f3,
fc95,
fa55,
f9c8,
f729,
f5d5,
f7b1,
f810,
f6bd,
f8a0,
fc98,
fece,
00ba,
0315,
0465,
04a8,
052d,
0504,
0453,
03d2,
0215,
fffc,
fef5,
fe14,
fcb4,
fbfb,
fba0,
fba4,
fcc9,
fe24,
ff51,
00a6,
01ae,
020b,
0268,
0286,
0231,
01c6,
0103,
0002,
ff40,
fec6,
fe54,
fe2c,
fe44,
fe46,
fe6b,
fedc,
ff61,
ffde,
0068,
00ae,
00aa,
00c8,
0102,
0120,
0117,
00cc,
0002,
0003,
0002,
0000,
0001,
0002,
0000,
0000,
0000,
0000,
0000,
0000,
ffff,
0000,
0000,
ffff,
0002,
0004,
0003,
0002,
0002,
fffe,
fffc,
fffc,
fffd,
ffff,
0000,
fffd,
0003,
fffd,
0005,
ffff,
0008,
fffb,
0006,
fffc,
fffc,
0006,
0000,
fffe,
02fe,
0fcc,
09be,
f864,
fa5c,
f87e,
f9d7,
08c8,
117c,
1842,
20db,
0d74,
f430,
f8c0,
f242,
de68,
e32f,
eaf0,
e99c,
f456,
0012,
02fe,
0b53,
135a,
106e,
1007,
116e,
0b25,
046f,
00bd,
fc50,
f914,
f8e3,
f6b8,
f4b7,
f6dc,
f809,
f65c,
f7fc,
fc7b,
fed0,
0123,
0457,
05b6,
057f,
05e3,
05c8,
0518,
0455,
01f2,
ff91,
fe90,
fd78,
fbf4,
fb51,
fad8,
fabb,
fc37,
fdf5,
ff56,
00f2,
0235,
0286,
02cb,
02f4,
0298,
0212,
0139,
002c,
ff58,
feac,
fe08,
fdd9,
fe09,
fe15,
fe42,
fec1,
ff49,
ffd1,
0067,
00b1,
00a7,
00c5,
0106,
0132,
014e,
0121,
0080,
0001,
0000,
0001,
0000,
ffff,
0000,
0000,
fffe,
0000,
0000,
0000,
0000,
fffe,
fffe,
0000,
0001,
0002,
0004,
0004,
0001,
fffd,
fffc,
fffa,
fffc,
ffff,
fffe,
fffd,
0003,
fffc,
0005,
fffe,
0005,
fffd,
0002,
ffff,
fff4,
0012,
ffee,
0011,
0264,
10d5,
0c61,
f7bb,
f92e,
f7a5,
f81f,
08b9,
1344,
1a65,
247b,
0fcc,
f20e,
f7b3,
f251,
da8c,
df10,
e914,
e732,
f336,
0138,
03f2,
0cdb,
165d,
12b9,
1154,
12b5,
0b6a,
03a5,
ffff,
fc2f,
f8a0,
f7bd,
f5b8,
f3f6,
f64d,
f790,
f586,
f719,
fc57,
fee8,
0115,
04d5,
06b8,
0695,
0729,
0711,
05ed,
0513,
027b,
ff8a,
fe7f,
fd56,
fb3d,
fa46,
f9e8,
f9c6,
fb33,
fcf7,
fead,
00fe,
029d,
02d5,
0344,
03c6,
0373,
02c1,
01ae,
005f,
ff66,
feb8,
fdfb,
fda2,
fdb4,
fdaa,
fdc6,
fe5d,
ff1d,
ffba,
0058,
00c0,
00d2,
00e8,
010f,
0136,
0161,
0152,
00cd,
0026,
0002,
0000,
0000,
0002,
0000,
ffff,
0000,
ffff,
0000,
0000,
fffe,
ffff,
0000,
ffff,
0001,
0004,
0004,
0003,
0002,
fffd,
fffc,
fffc,
fffb,
0000,
0001,
fffc,
0003,
fffe,
0004,
0001,
0003,
0001,
fff7,
000c,
ffe3,
0024,
ffd3,
0038,
0172,
1132,
1039,
f75e,
f796,
f726,
f610,
082f,
14c6,
1bfd,
284e,
139b,
ef82,
f65f,
f444,
d71a,
d9fa,
e766,
e471,
f0cb,
024a,
04b5,
0d59,
1973,
15ca,
1303,
14aa,
0c3d,
02fb,
ff1f,
fb70,
f832,
f72f,
f488,
f2b6,
f605,
f7d5,
f4ba,
f54f,
fb5b,
ff0b,
0141,
04d6,
071f,
077b,
088e,
08c3,
0767,
0655,
0347,
ffa0,
fe68,
fd6f,
fae3,
f958,
f8e5,
f898,
fa23,
fc48,
fdf1,
0026,
0240,
02fb,
03a7,
047c,
0458,
03b8,
0296,
00fa,
ffae,
fed6,
fdee,
fd6a,
fd70,
fd4b,
fd43,
fdcc,
fe9a,
ff69,
004f,
00e9,
0102,
0114,
0132,
014b,
0186,
0192,
0108,
0047,
ffa5,
0001,
0000,
0002,
0002,
0000,
ffff,
ffff,
0000,
0001,
0000,
0000,
0000,
0000,
0000,
0003,
0004,
0004,
0003,
ffff,
fffa,
fffa,
fffb,
fffe,
0001,
0001,
fffd,
0005,
fffb,
000b,
fffd,
000d,
fff6,
0002,
fff9,
fff4,
0013,
ffe7,
0016,
0302,
1567,
0ee4,
f893,
f642,
eeb3,
f5cc,
0b95,
1cba,
29be,
2638,
fe3f,
e858,
fd4d,
f048,
d2f1,
da77,
e314,
e5db,
f945,
05f4,
06de,
121a,
19fc,
1386,
1356,
139a,
0a9f,
034c,
ff09,
f895,
f4e7,
f572,
f3d6,
f656,
fbd4,
fa5f,
f60b,
fad1,
010a,
fece,
fc73,
fe0e,
0104,
03cf,
061a,
063a,
0686,
06c8,
03c5,
010a,
0031,
fed2,
fcbb,
fb8a,
fa39,
f9db,
fbb0,
fd92,
ff58,
0158,
0223,
0181,
019e,
0245,
023c,
0181,
0036,
ff40,
ff0a,
feeb,
fea3,
fec1,
fef8,
feb9,
feb9,
ff45,
000e,
00bd,
00ed,
00a4,
004a,
0031,
0035,
005e,
0095,
007e,
0016,
ffb7,
ff86,
0002,
0001,
0001,
0000,
ffff,
fffe,
ffff,
0001,
0001,
0000,
fffe,
fffe,
ffff,
0002,
0003,
0004,
0004,
ffff,
fffa,
fff8,
fffa,
fffc,
0000,
ffff,
fffc,
0002,
fffd,
0005,
0003,
0002,
0008,
ffec,
0014,
ffcd,
0044,
ffa8,
006c,
00ca,
137e,
1647,
fa7c,
f45d,
edd8,
f1ca,
0886,
1c8f,
2bcc,
2c0a,
0593,
e398,
f8fa,
f802,
d42c,
d39f,
e0e2,
e377,
f467,
052d,
06aa,
0fbf,
1b79,
16d9,
1410,
152f,
0d8c,
0532,
0075,
fa20,
f457,
f429,
f2eb,
f3f6,
fa45,
fb9b,
f5c0,
f7ae,
00af,
00c2,
fc99,
fc98,
ffd5,
02e4,
05cd,
071f,
076b,
07ec,
055b,
029d,
01a4,
002a,
fd7d,
fb92,
f9de,
f8c6,
fa33,
fc19,
fe2a,
00ba,
0218,
0168,
012e,
021a,
028e,
023a,
00df,
ff86,
ff23,
ff36,
ff06,
ff00,
ff32,
fecc,
fe88,
ff05,
ffd2,
006e,
009c,
005d,
ffe2,
ffc0,
fff7,
0065,
00da,
00f2,
0087,
fff8,
ffb9,
ffc7,
0002,
0001,
0000,
ffff,
ffff,
ffff,
0002,
0002,
0000,
fffe,
fffd,
ffff,
0003,
0004,
0005,
0005,
ffff,
fffb,
fff7,
fffa,
fffa,
0001,
0000,
fffd,
ffff,
0001,
fffe,
000c,
fff7,
0017,
ffdb,
0029,
ffb6,
0058,
ff94,
0091,
ffb1,
1030,
1c73,
fec4,
f200,
ec36,
edc8,
065d,
1c39,
2e51,
31eb,
0c8c,
e096,
f27a,
fc38,
d6eb,
cf17,
dd71,
e111,
f162,
0431,
0667,
0e77,
1c71,
1996,
1593,
16a7,
0f2d,
06e8,
01c2,
fafc,
f47d,
f344,
f17a,
f227,
f8c2,
fbc0,
f686,
f593,
ff14,
0219,
fd97,
fbfe,
fed9,
01f5,
0530,
07bc,
0801,
08cb,
06df,
0394,
027b,
01a6,
fec2,
fbd8,
f9d4,
f81a,
f910,
fb0f,
fd24,
ffc2,
016a,
0108,
00cf,
0211,
02ec,
02d7,
0184,
fff8,
ff7c,
ff8a,
ff5a,
ff32,
ff50,
fee6,
fe76,
fea9,
ff4f,
0019,
007b,
0045,
ffab,
ff60,
ff8e,
0034,
0110,
015b,
00d5,
0019,
fff6,
003d,
007f,
0001,
0001,
ffff,
fffe,
fffe,
0000,
0002,
0001,
ffff,
fffd,
ffff,
0002,
0005,
0005,
0007,
0001,
fffc,
fff6,
fffa,
fffa,
0001,
0000,
ffff,
fffb,
0005,
fff9,
0014,
fff0,
0020,
ffd6,
002b,
ffba,
0047,
ffb0,
006c,
ff71,
0b13,
20aa,
072b,
f01b,
eaa6,
e93c,
01ad,
1b7d,
2ffa,
373e,
170a,
e162,
e8af,
feb8,
dbf0,
ca4a,
dae1,
df89,
ec43,
0340,
070c,
0b55,
1c5c,
1cdb,
1629,
17ed,
11c4,
07ef,
0360,
fcf6,
f4a9,
f2e2,
f0bc,
f065,
f7c6,
fbd3,
f6d6,
f3c7,
fc54,
021a,
ff10,
fbe1,
fd48,
0133,
052a,
0867,
08e9,
0958,
07c9,
0481,
031c,
0276,
0016,
fcc5,
f9fe,
f79d,
f872,
face,
fc5e,
fe57,
004a,
0094,
0066,
01ba,
02e0,
032b,
0247,
00a5,
ffe7,
fff0,
ffce,
ff82,
ff9b,
ff30,
fe5c,
fe34,
feb5,
ffa6,
0054,
0036,
ff68,
fef8,
ff4d,
0014,
0103,
0169,
011e,
0089,
004f,
006d,
00b7,
00c0,
0001,
0000,
fffe,
fffe,
0001,
0004,
0003,
0000,
fffe,
ffff,
0001,
0005,
0006,
0007,
0002,
fffd,
fff7,
fff9,
fffa,
0000,
0001,
0001,
fff9,
0007,
fff7,
0013,
fff4,
001a,
ffe5,
0012,
ffe0,
000b,
ffff,
fffe,
ffec,
057c,
2068,
1348,
f146,
e817,
e593,
fb30,
172b,
30f7,
3c52,
2209,
e9ea,
dee5,
fb61,
e48a,
c6d9,
d421,
e084,
e8df,
fe11,
08d3,
09f9,
18b7,
2014,
186c,
1708,
143d,
0aaa,
03e0,
ff21,
f61c,
f1bf,
f0d5,
f006,
f684,
fc39,
f7ff,
f1e7,
f845,
00f7,
0042,
fba0,
fb56,
007b,
05d1,
09bf,
0a14,
09a2,
0868,
0565,
03a2,
02cb,
00e8,
fd4f,
fa66,
f811,
f822,
fa4a,
fbc1,
fd69,
ff5d,
004c,
0013,
0110,
026a,
031e,
02f5,
0172,
0043,
001b,
0049,
000e,
fff3,
ff83,
fe68,
fde5,
fe2e,
ff27,
0002,
0014,
ff51,
febb,
ff05,
ffb4,
00c4,
0185,
017e,
00e9,
008b,
0095,
00d4,
0111,
00b4,
ffff,
fffe,
fffd,
ffff,
0003,
0002,
0000,
fffd,
fffd,
ffff,
0003,
0005,
0006,
0003,
fffd,
fff7,
fff6,
fffa,
fffd,
0001,
0002,
fffb,
0002,
fffb,
0009,
0000,
0007,
0001,
ffed,
000f,
ffcc,
0047,
ffa2,
0075,
0168,
1aa3,
1f7a,
f8c7,
e514,
e1de,
f495,
10f1,
2d5f,
408e,
2d43,
f74b,
dbbb,
f340,
ebad,
c8e6,
cafe,
dc9f,
e89c,
fa02,
06fc,
09fc,
15c1,
209e,
1be4,
1759,
1469,
0d79,
05e6,
004d,
f6f8,
f156,
f191,
f063,
f5b0,
fc86,
fa07,
f166,
f3a0,
fe6f,
008e,
faa7,
f927,
002e,
06e0,
0aa5,
0b64,
0a81,
0916,
0659,
0429,
02d0,
0120,
fda3,
fab9,
f8ad,
f803,
f996,
fb28,
fce2,
ff04,
005f,
fffb,
0040,
01d7,
0311,
0345,
01ef,
0093,
0052,
0094,
0058,
0014,
ffda,
fecb,
fde1,
fdd7,
fea1,
ff87,
ffe6,
ff82,
fec3,
fea7,
ff35,
006d,
0192,
01d2,
013a,
00a1,
00a2,
0102,
0156,
00f4,
0012,
ffff,
fffe,
ffff,
0002,
0003,
0001,
fffe,
fffd,
fffe,
0002,
0005,
0006,
0005,
ffff,
fff9,
fff6,
fff9,
fffb,
0001,
0002,
fffe,
fffe,
0001,
0000,
000d,
fff8,
0015,
ffda,
0022,
ffbb,
004d,
ff9b,
0087,
ffa2,
1166,
263c,
0770,
e512,
dd1b,
eda1,
0a00,
271a,
4106,
35d3,
0791,
e18e,
ea99,
efbe,
cf5b,
c34a,
d49b,
e59a,
f602,
05cb,
0a32,
1158,
2053,
2089,
187e,
1484,
0f97,
07bb,
0163,
f7ca,
f082,
f29a,
f1ed,
f4c3,
fc91,
fc3d,
f296,
f08e,
fb00,
fe87,
f940,
f84e,
ff8c,
06d7,
0add,
0cb5,
0bd2,
0a53,
07ce,
04b6,
027e,
0117,
fe52,
faf1,
f8af,
f77a,
f8c5,
fad4,
fcb6,
fee4,
0088,
004d,
ffdd,
0179,
030a,
033a,
0222,
00f1,
0096,
008d,
005a,
0012,
0002,
ff28,
fe00,
fdb4,
fe41,
ff2f,
ffc5,
ffb0,
fee3,
fe87,
ff04,
0021,
0161,
01e5,
0180,
00c5,
00a0,
00fb,
0164,
012e,
0051,
ff4c,
ffff,
0000,
0002,
0004,
0002,
ffff,
fffc,
fffe,
0000,
0005,
0006,
0006,
0001,
fffb,
fff5,
fff8,
fffa,
0000,
0001,
0001,
fffa,
0003,
fffc,
0012,
fff6,
0018,
ffe0,
0015,
ffd2,
0025,
ffd3,
003b,
ff90,
083c,
2464,
18c2,
ed15,
d866,
e562,
0289,
1eaa,
3e5d,
3c99,
13d6,
edfe,
e91f,
ef1f,
d925,
c1e2,
c8a8,
df97,
f198,
ffd8,
0ae5,
10bd,
1b71,
23a7,
1e97,
14d3,
10a7,
0af9,
00d1,
f7d4,
f1e4,
f278,
f2b4,
f53c,
fc42,
fd1f,
f506,
f099,
f776,
fa68,
f7cf,
f8da,
fed0,
0583,
09c9,
0cca,
0d78,
0cb9,
097a,
0553,
02b4,
0111,
fee3,
fb52,
f871,
f6c3,
f796,
f9f8,
fcb5,
ff2c,
007f,
00b6,
0046,
016e,
0311,
0347,
0231,
013b,
00c9,
003b,
0022,
0027,
0009,
ff3c,
fe05,
fd7c,
fdfc,
ff12,
ffab,
ffc4,
ff50,
fed8,
fef8,
ffd1,
011c,
01dd,
01b4,
00ef,
0091,
00c2,
012e,
0142,
0099,
ff91,
feaf,
ffff,
0001,
0004,
0003,
0000,
fffd,
fffd,
ffff,
0003,
0006,
0006,
0003,
fffe,
fff7,
fff6,
fff9,
fffe,
0001,
0002,
fffa,
0000,
fffc,
000d,
ffff,
000b,
fff9,
fff4,
ffff,
ffe7,
0023,
ffcb,
0035,
01d0,
1b12,
25a1,
fdfd,
d8e0,
dae6,
f9ab,
1574,
373f,
4273,
1ee0,
f961,
ed3d,
f077,
e206,
c781,
c040,
d38f,
ebe2,
f9dd,
053c,
0f08,
19ea,
238d,
237a,
1a3b,
12e6,
0d56,
0136,
f767,
f30a,
f2aa,
f2fc,
f4d6,
fbbb,
fd67,
f721,
f2b1,
f520,
f5f6,
f67a,
fa43,
fe04,
037f,
083c,
0b45,
0dbd,
0f38,
0c03,
0681,
0360,
012e,
ff58,
fc22,
f869,
f600,
f659,
f8a9,
fbc2,
ff2b,
00d1,
0122,
00e7,
01d2,
034e,
038a,
02ac,
0186,
00bd,
ffeb,
ffcb,
fffb,
ffe4,
ff3b,
fdfb,
fd41,
fd88,
fea1,
ff8c,
0010,
fff9,
ff64,
ff26,
ff9c,
00e0,
01ea,
01ef,
010d,
005d,
006b,
00d9,
012c,
00c1,
ffca,
febe,
fe61,
0001,
0004,
0005,
0002,
fffe,
fffd,
fffe,
0002,
0005,
0007,
0005,
ffff,
fffa,
fff5,
fff9,
fffc,
0002,
0003,
ffff,
fffb,
0001,
0002,
000f,
fffb,
0013,
ffdd,
001a,
ffca,
003d,
ffb0,
006a,
ff78,
0dfb,
28a5,
133c,
e347,
d299,
ec9e,
0c34,
2bec,
44ef,
2a60,
033e,
f449,
f33b,
e9dd,
d282,
bff1,
c669,
e22d,
f40e,
fdc4,
08f2,
1469,
2192,
2938,
2176,
164a,
1157,
03da,
f767,
f498,
f2e3,
f243,
f489,
fa52,
fbec,
f8de,
f5d0,
f353,
f257,
f56b,
fbb9,
fe6d,
014a,
0615,
097f,
0cfb,
0fd4,
0e12,
08bf,
04d9,
018b,
ff77,
fd78,
f94b,
f59b,
f503,
f727,
fa4b,
fe4a,
00b8,
0166,
01c5,
0263,
039b,
0406,
036d,
0233,
010b,
ffd2,
ff42,
ff99,
ff8b,
feff,
fe09,
fd3d,
fd00,
fdc8,
ff32,
004d,
009d,
fff7,
ff74,
ffb2,
00d0,
0203,
0238,
015e,
0048,
fff7,
0054,
00e1,
00cf,
fffc,
fedf,
fe36,
fe82,
0002,
0003,
0003,
ffff,
fffc,
fffc,
fffe,
0003,
0006,
0006,
0001,
fffd,
fff6,
fff6,
fffa,
ffff,
0001,
0002,
fff9,
ffff,
fffc,
0010,
fffd,
000e,
fff0,
fffc,
fff4,
fff6,
0010,
ffe1,
0005,
0330,
1f5a,
25a5,
f79e,
d264,
dd40,
004b,
1e80,
4125,
37b2,
0c48,
fa65,
f8a3,
f1f7,
dd79,
c705,
bfbe,
d455,
ece8,
f7b4,
00ae,
0bb7,
19fe,
280c,
2ae2,
1ffd,
140b,
070b,
fbf9,
f722,
f322,
f23f,
f383,
f75d,
f9f3,
f912,
f80b,
f301,
ef5a,
f38b,
fc82,
0070,
0078,
03e2,
0765,
0ba9,
0f7f,
0f27,
0a80,
05f8,
02e0,
0033,
fe7f,
facc,
f667,
f41a,
f545,
f895,
fcb7,
fffc,
0114,
0219,
031f,
042b,
0477,
0440,
0374,
01d2,
0037,
ff0d,
fefe,
fef1,
fe99,
fdee,
fd0f,
fca7,
fd1b,
fe9d,
0019,
00db,
0089,
ffe4,
ffef,
00d6,
0218,
0287,
01e4,
009b,
ffc3,
ffc6,
0047,
0095,
0013,
ff17,
fe35,
fe3a,
ff02,
0004,
0004,
0002,
fffe,
fffc,
fffd,
0001,
0006,
0007,
0006,
0000,
fffb,
fff6,
fffa,
fffc,
0002,
0003,
ffff,
fff9,
0002,
0002,
0013,
fff8,
0015,
ffd7,
0020,
ffc5,
0044,
ffa8,
006f,
ff62,
0e42,
2b01,
1302,
de83,
d106,
f06f,
104c,
33f0,
43ff,
19e6,
fd54,
fd86,
fa74,
ea61,
d2ea,
bfd4,
c6b6,
e35e,
f1fc,
f9aa,
035e,
0e22,
1f0a,
2cf7,
2a40,
1c4b,
0cef,
fff9,
fb4c,
f7df,
f366,
f2bc,
f497,
f645,
f75f,
f984,
f324,
ec32,
f163,
fb38,
01b1,
0250,
0334,
0521,
0a0f,
0f25,
0f39,
0c0b,
06f9,
0360,
010d,
0010,
fcf9,
f7c4,
f432,
f3d6,
f6ba,
fa9f,
fe91,
004d,
01a6,
0343,
0460,
0520,
0542,
04de,
0310,
012b,
ff7f,
feb1,
fe8a,
fe0e,
fd82,
fccb,
fc60,
fc89,
fdda,
ff99,
00ab,
00dd,
005f,
0038,
00d5,
0211,
02ce,
0275,
0150,
0003,
ff84,
ffbf,
0034,
0002,
ff2d,
fe43,
fdfc,
feaa,
ffa3,
0004,
0002,
ffff,
fffc,
fffc,
fffe,
0003,
0006,
0006,
0002,
fffd,
fff7,
fff7,
fffc,
ffff,
0002,
0002,
fff9,
fffe,
fffe,
000e,
0003,
0006,
fffc,
ffea,
000f,
ffd7,
003e,
ffa3,
0062,
0154,
1d36,
29ef,
f9b2,
cfe6,
dc6b,
021a,
2085,
43be,
30fb,
01c5,
fd7e,
01cd,
f72d,
e1c9,
cade,
be6b,
d2aa,
ec38,
f43f,
fc1f,
04ef,
115c,
2406,
2fe4,
25c2,
1294,
07dc,
01cb,
fbf6,
f7d2,
f65d,
f352,
f1e0,
f4e8,
f858,
f3bc,
ea25,
ed02,
f800,
00fd,
0409,
0434,
04ca,
07d4,
0e77,
1024,
0d19,
080e,
03f2,
0199,
0067,
ff23,
fa9e,
f586,
f2e2,
f4dc,
f8bb,
fc75,
ff11,
009b,
0292,
03ec,
053c,
0626,
0664,
04d3,
026c,
0090,
ff10,
fe74,
fdd6,
fd27,
fc70,
fc07,
fc10,
fcd2,
fe99,
003d,
0107,
00c7,
0066,
00c5,
01d1,
02df,
02fb,
0220,
00af,
ffa9,
ff7e,
ffd8,
fffa,
ff51,
fe5b,
fdb2,
fe1a,
ff36,
002f,
0004,
0000,
fffc,
fffa,
fffc,
ffff,
0005,
0005,
0005,
fffe,
fffb,
fff6,
fffb,
fffc,
0002,
0001,
0000,
fff4,
0003,
fffd,
0017,
fff3,
0018,
ffd8,
0018,
ffd8,
0023,
ffdd,
0021,
ff9d,
079b,
2981,
1d59,
e2d2,
cda2,
ecdc,
0fce,
31b6,
442e,
1596,
f866,
03b7,
02f2,
f169,
dabb,
c4d2,
c381,
de9c,
ef1e,
f51e,
fe37,
06a0,
154c,
2a01,
2e26,
1a49,
0b99,
0877,
040c,
fe71,
fa83,
f726,
f1a6,
f144,
f637,
f431,
e939,
e75a,
f2a0,
fd5a,
0387,
0534,
05a1,
071a,
0c5b,
10fa,
0fa6,
0a51,
0486,
0209,
00c2,
ffda,
fd2e,
f834,
f3f1,
f335,
f66c,
fa5b,
fd86,
ff31,
0119,
02f8,
0461,
0634,
0768,
06c8,
0451,
0215,
002d,
fedd,
fe0b,
fd32,
fc81,
fbcd,
fb6e,
fbc1,
fd45,
ff49,
00af,
0117,
00b7,
00a0,
0159,
0290,
0348,
02e3,
01a2,
0039,
ff8f,
ffa2,
fff8,
ffa2,
fea8,
fdbd,
fd87,
fe63,
ffa9,
0081,
0002,
ffff,
fffb,
fffa,
fffd,
0001,
0006,
0005,
0003,
fffe,
fffa,
fff7,
fffe,
fffe,
0002,
0001,
fffd,
fff6,
0005,
0001,
0014,
fff2,
0018,
ffcb,
0030,
ffb5,
0060,
ff84,
009f,
ff1a,
10f5,
2ef2,
0b55,
d32b,
d469,
fbe0,
1b7c,
3f2a,
36bd,
ff53,
f9fd,
09da,
0105,
ec2a,
d510,
c133,
cca1,
e705,
ef2f,
f59e,
fed3,
084a,
1b85,
2e8a,
2543,
0f7d,
0aa9,
09b4,
0551,
024a,
fe1d,
f5ab,
efe2,
f48c,
f562,
ea77,
e309,
ea70,
f709,
ffec,
04a9,
0558,
0706,
0b0b,
0f9d,
11b2,
0ed8,
07b1,
026f,
013e,
fffe,
fe9f,
fb45,
f61f,
f323,
f46b,
f7e1,
fb5b,
fdf9,
ff5a,
0155,
0327,
04f8,
0746,
0832,
068a,
03fc,
01fd,
0003,
fea6,
fdba,
fce1,
fc0e,
fb33,
fad4,
fbb8,
fdce,
ffcf,
00e4,
00fa,
00a8,
00f5,
01ea,
0303,
0369,
02a5,
012a,
fff4,
ffa3,
ffdf,
0001,
ff44,
fe20,
fd65,
fd9f,
feba,
fffc,
0094,
0002,
fffd,
fffa,
fffb,
fffe,
0003,
0006,
0005,
0001,
fffd,
fffa,
fffa,
ffff,
ffff,
0003,
0001,
fff8,
fffc,
0002,
000b,
000a,
fffd,
0007,
ffdb,
0026,
ffbf,
005f,
ff77,
00b2,
ffb2,
1a10,
2df8,
fa62,
cb60,
dec1,
0716,
25a9,
44d0,
2456,
f29c,
fffc,
0dfe,
fdf3,
e8ff,
d06f,
c04c,
d610,
ebc0,
ee1e,
f632,
febc,
0918,
2235,
2ea5,
1a30,
0ac8,
0c25,
0989,
06ee,
0603,
ff6a,
f498,
f22d,
f691,
ef98,
e37f,
e2e1,
edd8,
f8ea,
0092,
0495,
055d,
08f7,
0de8,
1189,
1216,
0dae,
062c,
01ff,
00dd,
ff15,
fd60,
f984,
f4ba,
f31f,
f577,
f8c5,
fbf9,
fe43,
ff5a,
013c,
0342,
05bc,
081a,
084b,
0635,
03fe,
0204,
ffdf,
fea5,
fdda,
fcb7,
fb7a,
faa4,
fa91,
fbe8,
fe3b,
000a,
00d1,
00c5,
009d,
0139,
0264,
0359,
0354,
0250,
00db,
ffe1,
ffd1,
001e,
fff7,
fefa,
fdd4,
fd44,
fdc9,
ff0e,
0035,
0076,
0001,
fffc,
fffa,
fffb,
fffe,
0004,
0006,
0004,
fffe,
fffd,
fff9,
fffd,
ffff,
0002,
0001,
0001,
fff4,
0000,
fffe,
0011,
fffe,
0008,
fff2,
fff2,
000d,
ffe0,
003b,
ffa0,
0070,
0122,
20a0,
29d8,
edbe,
c918,
e86a,
0f10,
2d57,
43b1,
141f,
ed1d,
0658,
1058,
fb81,
e7e9,
cd2a,
c108,
dd80,
ee21,
ec96,
f6a4,
fed3,
0a15,
2562,
2a55,
12eb,
0ad9,
0d88,
08ff,
088d,
08a1,
fea7,
f4a4,
f729,
f5ed,
e7f1,
e156,
e657,
efac,
f8e0,
0093,
0348,
0567,
0af1,
0ee7,
127c,
1297,
0ca9,
0577,
0299,
00c6,
fe76,
fc8c,
f7f4,
f3ea,
f395,
f618,
f8f7,
fc5a,
fe91,
ff29,
00cd,
0358,
0687,
0875,
081e,
0617,
040d,
020c,
fff3,
feeb,
fe1d,
fca7,
faf7,
fa2a,
fa91,
fc30,
fe77,
0001,
0088,
0081,
00a1,
0167,
02ad,
039b,
0333,
01f2,
00a6,
fffd,
000e,
004b,
ffed,
fecf,
fdb7,
fd43,
fdf0,
ff4d,
0050,
0046,
0000,
fffc,
fff9,
fffc,
ffff,
0005,
0006,
0003,
fffe,
fffc,
fff8,
fffd,
0000,
0002,
ffff,
0000,
fff2,
0003,
fffd,
0015,
fff7,
000f,
ffe6,
0002,
fffb,
fff9,
001a,
ffcb,
0029,
0265,
23da,
25ec,
e699,
c98d,
ef07,
146e,
3196,
3f29,
0925,
eb9c,
0b5f,
11c6,
fa8f,
e86b,
cc0a,
c233,
e1d5,
ef25,
eb0c,
f678,
ff30,
0b62,
2450,
23f2,
1007,
0d19,
0eb5,
0927,
0a00,
0975,
fd6d,
f621,
fabf,
f3bb,
e382,
e1fb,
e968,
f0eb,
f8ca,
ffb8,
0145,
054a,
0be0,
0edf,
12c0,
12bf,
0c2a,
058a,
037b,
010c,
fe8a,
fc30,
f6e5,
f382,
f407,
f64e,
f8c9,
fc81,
fe9d,
fedc,
0056,
0351,
06f1,
0899,
080b,
0604,
0410,
0224,
004b,
ff57,
fe5c,
fcac,
fab6,
f9ec,
fa98,
fc5d,
fe7d,
ffce,
002f,
003a,
009d,
0181,
02cf,
03b2,
0324,
01bd,
0086,
001d,
004c,
007c,
fff4,
febb,
fda9,
fd4f,
fe14,
ff70,
004d,
0011,
0000,
fffc,
fffa,
fffc,
ffff,
0005,
0005,
0003,
fffd,
fffc,
fffa,
ffff,
0000,
0002,
ffff,
0001,
fff4,
0004,
fffd,
0016,
fff6,
000f,
ffe3,
0005,
fff7,
0000,
0012,
ffd8,
0015,
02a0,
23ed,
246b,
e4df,
ca70,
f1a7,
1760,
32c3,
3a73,
03ab,
eb54,
0e8b,
1378,
fb28,
ea1f,
cd53,
c324,
e2ca,
ef48,
e9c2,
f565,
ffaf,
0c1b,
20c9,
1e5b,
0f34,
0f1d,
1068,
0a90,
0b12,
0925,
fca9,
f826,
fbff,
f131,
e28a,
e408,
eb25,
f1bc,
f949,
fea6,
ff4a,
04a9,
0b8d,
0e63,
1271,
1260,
0c11,
0636,
0465,
0194,
ff1a,
fc5c,
f6a6,
f372,
f433,
f633,
f87d,
fc5a,
fe5d,
fe93,
fff7,
031c,
06fa,
08b0,
080e,
05fc,
042c,
024b,
00ad,
ffdd,
fea6,
fcb6,
fab0,
f9ed,
fa98,
fc5c,
fe57,
ff88,
ffec,
0002,
007c,
017c,
02dd,
03b3,
031e,
01c1,
0089,
002d,
0079,
00b8,
0012,
feb9,
fda2,
fd53,
fe29,
ff7f,
003d,
ffe7,
0000,
fffc,
fffa,
fffc,
ffff,
0005,
0005,
0002,
fffd,
fffc,
fffa,
fffe,
0000,
0001,
ffff,
0001,
fff3,
0002,
fffe,
0014,
fffa,
000b,
ffea,
fffd,
0002,
fff4,
0021,
ffc5,
0035,
01b5,
2110,
259e,
e84c,
cb21,
f054,
178f,
31af,
3703,
0301,
eafc,
0f86,
161e,
fd13,
ecb0,
d0fa,
c422,
e105,
ee8f,
e887,
f382,
ffde,
0bab,
1c53,
1ac1,
0f22,
0fa2,
124b,
0d18,
0be0,
08d0,
fced,
f991,
fc0b,
efb9,
e29e,
e5ed,
ecdb,
f248,
f964,
fdfb,
fe1b,
0388,
0a4b,
0d6d,
1171,
11b4,
0c4b,
06f9,
0534,
0267,
ffdb,
fcec,
f74f,
f3c8,
f41a,
f5ec,
f81d,
fbec,
fdf9,
fe3e,
ffa2,
02cb,
0698,
0894,
0830,
0612,
044d,
0296,
010d,
0040,
ff05,
fce3,
fac5,
fa0b,
fa9b,
fc34,
fe16,
ff42,
ffaf,
ffd2,
0044,
014e,
02d7,
03bd,
0324,
01cf,
00ac,
0052,
0095,
00d9,
0035,
fed1,
fda6,
fd49,
fe15,
ff6e,
0033,
ffdc,
0001,
fffc,
fffa,
fffc,
0000,
0004,
0005,
0003,
fffe,
fffd,
fffb,
fffe,
0000,
0001,
0000,
0001,
fff5,
0000,
0001,
000f,
0001,
0002,
fff8,
ffed,
0016,
ffdd,
003c,
ffa2,
0074,
0033,
1b2e,
2865,
f126,
cc35,
eb5b,
1488,
2ebe,
3504,
06c7,
eab7,
0d9e,
19bf,
0088,
efbe,
d6d4,
c5cc,
dd3a,
ecf8,
e72f,
f0a4,
ff61,
0a3d,
17b4,
18be,
0fa2,
0f3a,
137e,
0fef,
0cd5,
08e3,
fe3d,
faa1,
fbc1,
efda,
e2fb,
e652,
ee3f,
f33d,
f8fd,
fd64,
fdd2,
024e,
08af,
0c1b,
0fe3,
10c7,
0cb6,
07b4,
05be,
0366,
00c5,
fdbf,
f87f,
f494,
f40c,
f58d,
f7ab,
fb45,
fd83,
fdef,
ff48,
0252,
05f4,
0831,
0859,
066d,
0486,
02ea,
0172,
0086,
ff56,
fd41,
fb06,
fa27,
fa88,
fbf3,
fdcf,
ff08,
ff73,
ff96,
0008,
0112,
02b2,
03c3,
034c,
01f7,
00d8,
0081,
00b4,
00df,
004a,
fefd,
fdbc,
fd3a,
fddf,
ff37,
0026,
fff4,
0000,
fffd,
fffa,
fffb,
fffe,
0003,
0005,
0004,
ffff,
fffc,
fffc,
fffd,
0001,
0000,
0000,
ffff,
fff8,
fffa,
0003,
0007,
000b,
fff7,
0008,
ffdc,
0026,
ffcb,
004e,
ff90,
0098,
ff1a,
12bb,
29d8,
ff24,
cfca,
e3a9,
0e20,
29d6,
337a,
0e14,
ebe0,
0879,
1d3a,
061a,
f2fb,
de34,
c923,
d87a,
ea71,
e5f3,
ec9e,
fd87,
086e,
1322,
1759,
10a4,
0e79,
13e7,
1280,
0df5,
0968,
001d,
fbc1,
fbf1,
f15b,
e3db,
e589,
ee47,
f3f8,
f8dc,
fceb,
fdc2,
013e,
0717,
0ab3,
0e4c,
0f92,
0cc5,
087b,
0636,
0434,
01c1,
fed0,
f9d7,
f5ab,
f451,
f53e,
f731,
fa84,
fcf7,
fda7,
fef3,
01a7,
0526,
07a4,
0853,
06ea,
04fd,
034b,
01c8,
00c9,
ff96,
fda3,
fb6f,
fa50,
fa63,
fb96,
fd72,
fed1,
ff50,
ff65,
ffca,
00d2,
0274,
03b4,
038b,
0252,
0117,
0096,
00bb,
00ed,
0067,
ff26,
fdd8,
fd2e,
fda4,
feed,
ffff,
0007,
0002,
fffe,
fffb,
fffb,
fffe,
0002,
0005,
0003,
0001,
fffd,
fffd,
fffc,
0001,
ffff,
0000,
fffe,
fffc,
fff6,
0006,
0000,
0012,
fff1,
0011,
ffd8,
0024,
ffd2,
003b,
ffb2,
0067,
ff21,
097a,
2683,
100d,
d916,
db04,
0459,
22d8,
30a5,
1769,
f095,
00e6,
1e3f,
0e2d,
f6c3,
e5de,
cf1e,
d3ea,
e6c4,
e53c,
e7ec,
f98e,
0656,
0ee1,
15a3,
122b,
0dc6,
133d,
14fd,
0f82,
09e2,
0251,
fd1c,
fc64,
f44e,
e5f4,
e41b,
eced,
f3c0,
f86c,
fcd0,
fe0a,
0008,
0593,
098f,
0cd5,
0e7a,
0c80,
08e4,
06bd,
0504,
027c,
ffdf,
fb70,
f6e9,
f4ce,
f52f,
f6d0,
f9b1,
fc5f,
fd52,
fe96,
00fe,
0439,
06e7,
081f,
075e,
058e,
03dc,
0237,
0102,
ffca,
fe02,
fbdd,
fa87,
fa4f,
fb1f,
fce2,
fe7f,
ff3f,
ff61,
ffaa,
008b,
021c,
0396,
03c7,
02c7,
017a,
00ac,
0098,
00dd,
0094,
ff63,
fe01,
fd2d,
fd69,
fe8f,
ffba,
0000,
0003,
0000,
fffc,
fffa,
fffd,
0000,
0004,
0004,
0002,
fffe,
fffe,
fffd,
0000,
0000,
0001,
fffe,
0000,
fff5,
0003,
ffff,
0011,
fff8,
0009,
ffeb,
0006,
fffa,
0004,
0005,
ffee,
fff6,
0247,
1cb5,
1e88,
eaac,
d573,
f744,
19bc,
2acf,
1fbe,
fa6e,
f9d6,
1a50,
177d,
fc82,
ec37,
d818,
d187,
e1bf,
e527,
e39c,
f323,
0359,
0b05,
12dc,
13eb,
0dd7,
112f,
16b8,
1248,
0a84,
0414,
ff17,
fcc9,
f77d,
ea44,
e387,
ea3c,
f287,
f751,
fbfd,
fecd,
ff67,
0389,
088b,
0bac,
0d62,
0c5e,
0936,
06ea,
05d3,
0351,
008c,
fd0d,
f88e,
f580,
f52d,
f6a5,
f8ec,
fba0,
fd00,
fe28,
0065,
0351,
05f6,
079a,
07b9,
062f,
0475,
02d4,
015c,
fff3,
fe4a,
fc56,
fac3,
fa49,
faba,
fc2b,
fdf4,
ff21,
ff82,
ffb9,
006b,
01bb,
0349,
03e3,
0339,
01f6,
00e3,
0077,
0095,
009c,
ffc1,
fe62,
fd4f,
fd2b,
fe0c,
ff4c,
fff0,
0004,
0001,
fffe,
fffb,
fffc,
ffff,
0002,
0004,
0002,
0000,
fffe,
fffe,
fffe,
0000,
ffff,
0000,
ffff,
fff9,
fffc,
0003,
0005,
0009,
fff7,
0007,
ffe6,
001e,
ffd7,
003a,
ffa8,
0076,
ff4b,
0f01,
2399,
0296,
d8f3,
e842,
0e21,
226c,
231e,
0833,
f7b9,
10fd,
1e61,
0677,
f10a,
e1fb,
d3d6,
dbb0,
e4d4,
e177,
eae0,
fe1f,
07bb,
0ea9,
14b5,
0fbe,
0e5d,
164b,
1605,
0c93,
053e,
012e,
fda2,
f9ae,
efd2,
e5aa,
e76d,
efe9,
f5c3,
fa3d,
feab,
ffd7,
01b3,
06d2,
0ab3,
0c5f,
0c38,
09e5,
0717,
0613,
0462,
0140,
fe39,
fa75,
f6c9,
f54d,
f665,
f854,
fabc,
fca0,
fdbd,
ffb9,
0270,
04fb,
06d3,
07be,
06e9,
051f,
0374,
01da,
0046,
fe8e,
fcc7,
fb17,
fa3f,
fa66,
fb7b,
fd37,
fec9,
ff9d,
ffed,
0084,
0188,
02d5,
03bc,
038d,
027a,
013c,
007a,
004b,
006a,
0009,
fee0,
fda3,
fd15,
fd89,
feb4,
ffbd,
0005,
0002,
ffff,
fffd,
fffc,
fffe,
0000,
0003,
0003,
0002,
0000,
0000,
fffd,
0000,
ffff,
0000,
ffff,
ffff,
fff7,
0004,
0000,
0010,
fff6,
000c,
ffea,
0011,
ffed,
0015,
ffe8,
0017,
ffb4,
03b8,
1bcd,
1800,
ea1f,
dd39,
fe96,
18df,
1f8f,
1447,
fe4c,
0661,
1dbb,
13a8,
f7c6,
e946,
dbb8,
d792,
e20f,
e264,
e38a,
f532,
0424,
0a33,
1265,
12f8,
0d4e,
12c1,
18c3,
10f9,
06d1,
02da,
ff3c,
faec,
f4a2,
eaae,
e6a7,
ec74,
f357,
f819,
fd30,
0003,
00da,
04b6,
0943,
0b67,
0bf2,
0ab0,
07cd,
060a,
052c,
0263,
ff2b,
fc1c,
f88e,
f615,
f629,
f7ba,
f9c7,
fc05,
fd65,
ff0a,
0184,
03f9,
05f1,
075d,
0772,
05e7,
0412,
0257,
00b4,
ff03,
fd42,
fb88,
fa59,
fa29,
fae4,
fc71,
fe37,
ff84,
0023,
00b5,
017f,
027a,
0361,
0396,
02e2,
01b9,
00b8,
002f,
001f,
0006,
ff45,
fe1c,
fd50,
fd55,
fe30,
ff54,
0003,
0002,
ffff,
fffd,
fffb,
fffc,
fffd,
0000,
0002,
0002,
0001,
ffff,
fffe,
fffe,
ffff,
fffe,
fffe,
fffe,
fffa,
fffb,
0001,
0004,
0005,
fff9,
0004,
ffec,
0015,
ffe0,
002b,
ffba,
005c,
ff76,
0cb2,
1f04,
04bf,
dfe4,
ecc5,
0d19,
1826,
1798,
0abe,
02ac,
149d,
1d55,
04bb,
ee25,
e4f0,
da28,
dcb6,
e389,
e129,
e9ec,
fd0f,
06ec,
0d50,
13a0,
100e,
0ea7,
1733,
16a7,
0abd,
0409,
0140,
fc52,
f777,
f0a4,
e95d,
e9cc,
f024,
f58f,
faba,
ff2c,
0068,
02b0,
075c,
0a46,
0b49,
0b25,
08f2,
065a,
0577,
03c2,
0066,
fd67,
fa65,
f781,
f679,
f758,
f8d9,
fae3,
fcd2,
fe7e,
00a6,
02f4,
04e8,
0698,
0786,
06a4,
04c3,
02e4,
0121,
ff7d,
fdd9,
fc30,
fac2,
fa22,
fa71,
fba8,
fd77,
ff27,
002d,
00d4,
0186,
0246,
02fc,
035a,
0314,
0231,
0124,
004b,
ffe0,
ffc4,
ff6c,
fe94,
fdc5,
fd86,
fdf7,
fee6,
0003,
0002,
0002,
0000,
fffd,
fffc,
fffd,
fffe,
0001,
0002,
0002,
0001,
0000,
ffff,
ffff,
ffff,
0000,
fffe,
0000,
fff8,
0000,
ffff,
000a,
fffa,
0005,
fff4,
0004,
fff9,
0003,
fffb,
fffa,
ffed,
01d8,
14ce,
1906,
f48d,
e299,
fc8c,
1050,
1262,
123c,
09c9,
0b57,
1bce,
14cf,
f74c,
ea2c,
e312,
dab4,
e083,
e385,
e280,
f0c6,
0242,
0916,
0f52,
12e1,
0edc,
11ef,
18c6,
11be,
069e,
02d3,
fea4,
f91c,
f4ff,
eec3,
ea09,
ecfc,
f2d3,
f7a6,
fcfa,
fffc,
00fc,
04af,
08f4,
0a76,
0ac0,
09fb,
0776,
059d,
04ba,
0224,
feb2,
fc05,
f954,
f765,
f76f,
f85d,
f99d,
fb9f,
fdcb,
ffe6,
021c,
03f3,
056e,
06d1,
0704,
058d,
0398,
01af,
ffe2,
fe60,
fcfd,
fb92,
fa97,
fa60,
faff,
fc83,
fe78,
fff5,
00cd,
0178,
0218,
02ab,
0312,
030d,
0271,
0185,
009f,
ffef,
ff95,
ff63,
feec,
fe4b,
fdf2,
fe09,
fe95,
0003,
0003,
0001,
0000,
ffff,
fffd,
fffc,
fffd,
ffff,
0002,
0003,
0003,
0001,
0000,
fffd,
fffe,
fffe,
fffe,
fffe,
fffd,
fffa,
0001,
0000,
0006,
fffa,
0007,
fff1,
000c,
ffee,
0014,
ffdd,
002a,
ffa1,
0627,
18cc,
0ecb,
ebd9,
ec4a,
053a,
0c0d,
0e51,
122e,
0cc5,
127c,
1c5c,
0865,
ef1f,
ea36,
e16b,
dc0d,
e3a0,
e322,
e4fa,
f76d,
05ed,
09fe,
1055,
1201,
0f50,
151c,
1745,
0cc5,
04b0,
0127,
fb5b,
f71b,
f3c7,
edda,
eba3,
f00c,
f4d6,
f98a,
fe78,
005d,
01f9,
064f,
0982,
0a06,
0a08,
08cc,
067b,
0525,
03ad,
0075,
fd7a,
fb4a,
f901,
f7f5,
f83e,
f8ec,
fa51,
fc98,
fef0,
0130,
032f,
0463,
057c,
0671,
0615,
0473,
0277,
0080,
fee5,
fdb1,
fc82,
fb73,
fada,
fae1,
fbb5,
fd6f,
ff46,
0085,
0152,
01ec,
025d,
02b1,
02d5,
0288,
01d6,
0103,
0047,
ffb7,
ff66,
ff1e,
fead,
fe51,
fe3d,
fe77,
0002,
0002,
0001,
0000,
ffff,
fffe,
fffc,
fffc,
fffd,
0000,
0002,
0003,
0003,
0001,
ffff,
fffe,
fffe,
fffe,
fffe,
ffff,
fffc,
fffc,
0001,
0002,
0003,
fffd,
0004,
fff6,
0009,
ffef,
0011,
ffe1,
0021,
001b,
0a7e,
189a,
04d7,
eafd,
f5e5,
05c1,
0684,
0ee1,
14e4,
0fce,
16e9,
1719,
fcf8,
ed1c,
ead6,
df8c,
dedc,
e5ad,
e21b,
e8ee,
fda5,
072f,
0a42,
111b,
1124,
10fa,
16d5,
13f0,
0936,
036c,
fec0,
f920,
f674,
f2bb,
edb5,
ee29,
f274,
f633,
fb10,
ff60,
00d1,
030a,
073a,
0923,
0950,
0959,
07f3,
05de,
0489,
0275,
ff20,
fceb,
fb20,
f935,
f87f,
f8cd,
f97f,
fb2d,
fdc3,
0007,
0204,
0370,
0449,
0530,
05be,
0506,
034e,
0188,
ffda,
fe6e,
fd42,
fc50,
fbad,
fb6a,
fb9b,
fc8d,
fe30,
ffbe,
00d8,
0190,
0207,
0249,
026b,
0271,
0226,
0188,
00cc,
0014,
ff88,
ff3a,
fef0,
fe9d,
fe79,
fe88,
0003,
0002,
0001,
0001,
0001,
0000,
fffe,
fffd,
fffd,
ffff,
0000,
0004,
0005,
0003,
0002,
0000,
fffd,
fffe,
fffd,
fffe,
ffff,
fffc,
fffe,
0000,
0002,
0002,
0000,
0004,
fff7,
0009,
ffef,
0012,
ffe3,
001d,
0128,
0dd2,
158f,
fe0a,
eecc,
fb14,
01c4,
03fa,
12cb,
172d,
123c,
17ce,
0ec0,
f60e,
ee7f,
ea19,
dee2,
e266,
e596,
e1b1,
ee96,
01e7,
06a5,
0af6,
116c,
10c0,
1301,
16cd,
1068,
06b1,
01ce,
fcc0,
f854,
f616,
f1d4,
ee8b,
f0a9,
f411,
f750,
fc42,
ffed,
0136,
041c,
079e,
082b,
0865,
08d7,
0770,
0561,
03db,
0149,
fe63,
fcc9,
fb20,
f9ad,
f931,
f943,
fa09,
fc39,
fec5,
00a4,
0226,
030f,
03e3,
04c2,
04fc,
0409,
0288,
010e,
ff8a,
fe2d,
fd0e,
fc6d,
fc31,
fc1f,
fc5c,
fd41,
fe90,
ffcf,
00db,
0191,
01eb,
020b,
0231,
0249,
0209,
016d,
0095,
ffcc,
ff51,
ff1e,
fef2,
fec2,
fead,
0003,
0003,
0002,
0002,
0001,
0001,
0000,
ffff,
fffd,
fffd,
ffff,
0001,
0004,
0004,
0004,
0001,
ffff,
fffe,
fffe,
fffe,
ffff,
0000,
fffc,
ffff,
ffff,
0004,
0000,
0004,
0000,
fffc,
0004,
fff2,
0010,
ffe3,
0037,
026f,
0fa7,
1163,
fb54,
f350,
fb79,
fd6f,
052e,
1712,
1857,
13bb,
1546,
06e7,
f3b6,
f040,
e898,
e011,
e4e7,
e40c,
e368,
f481,
0380,
05c5,
0c03,
1157,
10cc,
145d,
15d5,
0d46,
0481,
0055,
fb99,
f82a,
f5cc,
f1b3,
efcc,
f263,
f55e,
f884,
fcf9,
ffed,
01e5,
052d,
073c,
06f7,
07a5,
086a,
0710,
0515,
032a,
0050,
fdf3,
fce1,
fb9e,
fa5b,
f9b3,
f9a8,
faa7,
fce9,
ff2f,
00c7,
01d9,
028c,
036f,
0457,
0479,
0375,
0217,
00c3,
ff5a,
fe1f,
fd58,
fcf3,
fc9f,
fc80,
fcce,
fd97,
feab,
ffd4,
00c7,
0167,
01c8,
01fa,
0226,
0229,
01dd,
0144,
0079,
ffb3,
ff32,
ff0e,
fefe,
fee2,
0004,
0003,
0002,
0001,
0000,
0000,
0000,
0000,
ffff,
fffd,
fffe,
ffff,
0002,
0003,
0004,
0003,
0001,
fffd,
fffd,
fffc,
fffe,
fffe,
ffff,
fffa,
0000,
fffc,
0006,
fffc,
0009,
fff8,
0005,
fff7,
0000,
ffff,
fff6,
005d,
03a5,
0fee,
0dd5,
fba8,
f5ec,
f938,
fb2d,
0858,
19fa,
18d4,
13cc,
10e6,
019d,
f42b,
f10b,
e798,
e246,
e571,
e2db,
e70c,
f8e0,
0342,
0584,
0ce9,
10ef,
1113,
14fe,
1465,
0a7c,
02ee,
ff6a,
fad8,
f7f1,
f5da,
f268,
f0e8,
f383,
f68d,
f98d,
fd3e,
fffa,
029b,
058a,
066f,
0633,
075a,
07f4,
068d,
04b4,
0285,
ffb4,
fe04,
fd5f,
fc2c,
fac6,
f9f7,
f9e6,
faf5,
fd18,
ff34,
009d,
0179,
024a,
0352,
041b,
0400,
031d,
0206,
00bb,
ff5a,
fe46,
fda4,
fd30,
fccb,
fcab,
fcfa,
fdb3,
fec1,
ffe7,
00c5,
0154,
01a4,
01d6,
0201,
0218,
01e3,
013e,
005a,
ff89,
ff17,
fefa,
fef0,
0003,
0004,
0003,
0002,
0000,
0000,
0000,
0001,
0000,
ffff,
fffe,
fffe,
ffff,
0002,
0003,
0004,
0002,
0001,
fffd,
fffd,
fffc,
ffff,
fffe,
0000,
fffb,
0001,
fffd,
0007,
fffb,
000b,
fff3,
000c,
ffeb,
0011,
ffe7,
001d,
008c,
049c,
0f1d,
0bb7,
fd0e,
f643,
f6c8,
fb42,
0ba1,
1b59,
18dd,
1263,
0c48,
ff11,
f58b,
f0ea,
e7d5,
e441,
e4ac,
e33d,
eb51,
fb51,
0279,
05d5,
0d24,
1071,
11b2,
14bf,
122f,
08ba,
0254,
fe6f,
fa49,
f7de,
f5fd,
f371,
f24f,
f45e,
f766,
fa5c,
fd48,
0019,
02f6,
0535,
05d5,
063a,
0746,
0743,
05d5,
041f,
0237,
ffed,
fe70,
fd8d,
fc4d,
fae6,
f9e6,
f9de,
fb14,
fd21,
ff0b,
0075,
0175,
0276,
0372,
03ee,
03c1,
0321,
0222,
00a6,
ff32,
fe33,
fdb1,
fd56,
fcf5,
fcc6,
fd04,
fdc8,
fee2,
fffa,
00c9,
014f,
0192,
01c0,
01f7,
0211,
01ca,
0112,
002c,
ff66,
ff07,
fefa,
0002,
0003,
0004,
0003,
0001,
0001,
0000,
0000,
0001,
0000,
ffff,
fffe,
fffe,
0000,
0002,
0003,
0004,
0001,
0000,
fffd,
fffd,
fffd,
fffe,
ffff,
0000,
fffd,
0000,
fffe,
0006,
fffd,
000a,
fff3,
000d,
ffe9,
0019,
ffda,
0047,
00c5,
051b,
0dd4,
0b09,
fe1f,
f53e,
f56a,
fcab,
0dd3,
1bc3,
189b,
0ff1,
08ad,
fe9a,
f685,
f09b,
e917,
e528,
e3d6,
e526,
ef03,
fc45,
01ef,
0637,
0cd7,
1047,
1246,
1398,
0fce,
0821,
0202,
fd5b,
fa09,
f7e1,
f5fe,
f47a,
f42e,
f559,
f7b6,
fad5,
fd66,
0017,
0305,
04df,
0588,
064f,
0724,
06b0,
0558,
03ce,
020b,
002a,
fea5,
fd5f,
fbf4,
fa87,
f9a5,
f9e3,
fb37,
fd2e,
ff28,
00b9,
01d2,
02d5,
03b9,
03fc,
03b1,
030d,
01ea,
005d,
fef2,
fe08,
fd9b,
fd5f,
fd18,
fce7,
fd18,
fdcf,
fef9,
0031,
0107,
0164,
0183,
019d,
01c3,
01df,
01a1,
00ea,
000e,
ff6e,
ff1f,
0000,
0001,
0003,
0003,
0001,
0001,
0000,
0000,
0001,
0000,
0000,
ffff,
fffe,
fffe,
ffff,
0001,
0003,
0003,
0002,
ffff,
fffe,
fffd,
fffd,
ffff,
0000,
ffff,
fffe,
ffff,
ffff,
0003,
0000,
0006,
fff8,
0008,
ffef,
0014,
ffdd,
006b,
0104,
0522,
0ca2,
0b19,
fe52,
f40e,
f56b,
fe53,
0ed2,
1bbb,
17b5,
0d1a,
068f,
fefe,
f6d2,
f0cd,
ea8d,
e546,
e3e2,
e7c5,
f1b4,
fc88,
01b8,
064e,
0c53,
105f,
1245,
1214,
0dfa,
0778,
01b6,
fd00,
f9e0,
f7ca,
f65f,
f586,
f58f,
f665,
f817,
fae9,
fdad,
0030,
02aa,
047f,
0565,
0648,
0724,
06c0,
0541,
0369,
0177,
ffba,
fe63,
fcfc,
fb4a,
f9e9,
f973,
fa19,
fbb3,
fdd2,
ffe2,
0152,
0233,
030e,
03d6,
0415,
03b6,
02c2,
014c,
ffd7,
feb0,
fde1,
fd77,
fd44,
fd16,
fd0c,
fd6e,
fe35,
ff3b,
0041,
0101,
015f,
0178,
017c,
0191,
01ab,
0182,
00f3,
0023,
ff66,
0000,
0000,
0001,
0002,
0003,
0002,
0001,
0000,
0000,
0000,
0000,
0000,
ffff,
ffff,
fffe,
ffff,
0001,
0003,
0003,
0002,
ffff,
fffd,
fffc,
fffd,
fffe,
0000,
ffff,
fffe,
fffd,
0000,
0001,
0002,
0002,
fffc,
0001,
fff6,
0009,
ffed,
0088,
013c,
04d3,
0bd0,
0b43,
fdc8,
f361,
f648,
ff92,
0f21,
1b70,
1631,
0aac,
05ad,
ff50,
f6c9,
f196,
ebbd,
e53a,
e4b9,
ea65,
f399,
fc9d,
01aa,
0620,
0bf6,
1073,
11bd,
10a7,
0c8e,
066b,
015e,
fd60,
fa08,
f7bf,
f6cd,
f659,
f64e,
f751,
f90f,
fb2c,
fdaa,
003e,
0248,
0408,
058e,
06b3,
073d,
06b4,
04f8,
02a3,
0080,
feb8,
fd7a,
fc4d,
facf,
f9bc,
f9d7,
fafa,
fcb5,
fecc,
009b,
01b5,
0291,
0378,
03e5,
03c8,
0350,
0245,
00c5,
ff57,
fe37,
fd89,
fd5b,
fd5a,
fd4b,
fd68,
fdcc,
fe6e,
ff5e,
005b,
010d,
015d,
016e,
016b,
0186,
01ae,
0178,
00c5,
ffe8,
0000,
0000,
0000,
0001,
0002,
0003,
0002,
0001,
0001,
0001,
0000,
0000,
0000,
fffe,
fffe,
fffe,
ffff,
0001,
0003,
0003,
0001,
0000,
fffe,
fffd,
fffe,
fffe,
0001,
ffff,
fffe,
fffd,
0001,
0001,
0003,
0000,
ffff,
fffd,
fffd,
0000,
0002,
00a0,
0160,
045e,
0b57,
0b22,
fcf6,
f377,
f77c,
005c,
0f0f,
1aab,
1453,
0901,
0563,
ff4d,
f6ea,
f2aa,
ec8d,
e56c,
e62a,
ecdd,
f4e9,
fc9e,
0197,
05d7,
0bbd,
1035,
10da,
0f40,
0b3b,
0586,
0132,
fe25,
fa75,
f79c,
f72f,
f700,
f6f1,
f848,
f9f6,
fb56,
fd77,
005c,
0287,
0429,
05b5,
06bb,
06f7,
0610,
0425,
01a0,
ff2b,
fd52,
fc74,
fbfc,
fb33,
fa9b,
fad3,
fbe1,
fd91,
ffb8,
017a,
0253,
02d6,
0359,
0387,
0342,
02a2,
018c,
0032,
feea,
fdeb,
fd70,
fd6a,
fd7b,
fd83,
fda8,
fdff,
feac,
ffb9,
00b2,
0131,
0159,
0165,
016d,
0185,
0185,
011d,
0063,
ffff,
ffff,
0000,
0000,
0002,
0002,
0003,
0002,
0002,
0001,
0000,
0000,
0000,
0000,
ffff,
fffe,
fffe,
0000,
0001,
0003,
0003,
0002,
0000,
fffd,
fffd,
fffe,
ffff,
0001,
0000,
fffe,
fffe,
0001,
0001,
0002,
0001,
0000,
fffc,
0000,
fffb,
0017,
00b5,
0168,
03f2,
0b12,
0a8e,
fc35,
f420,
f8b6,
00d7,
0eb3,
197d,
127d,
0802,
053a,
ff24,
f741,
f3af,
ed2b,
e5f9,
e7fe,
eeff,
f5ca,
fca7,
0192,
05aa,
0b5f,
0f9a,
0fcc,
0dc6,
0a31,
0556,
0135,
fe26,
fac0,
f80f,
f7b3,
f7ac,
f789,
f8c2,
fa66,
fb9a,
fddf,
0145,
0356,
0438,
0520,
05cb,
05e9,
050b,
02c9,
0006,
fe13,
fce8,
fc5e,
fc47,
fc0a,
fbb4,
fbf2,
fce9,
fe86,
00a0,
0218,
027a,
02a8,
02ea,
02cf,
026d,
01df,
00f3,
ffd1,
feae,
fdc5,
fd67,
fd7d,
fd97,
fdb1,
fdfc,
fe75,
ff28,
0011,
00e5,
0160,
0182,
0161,
0134,
0131,
0118,
00ad,
ffff,
ffff,
ffff,
0000,
0000,
0001,
0002,
0002,
0002,
0001,
0000,
0000,
ffff,
ffff,
ffff,
fffe,
fffe,
fffe,
ffff,
0001,
0003,
0003,
0001,
0000,
fffd,
fffe,
fffe,
ffff,
ffff,
ffff,
fffc,
fffe,
ffff,
0002,
0000,
0002,
fffd,
fffe,
fffe,
fffe,
0027,
00c9,
0159,
039e,
0ac9,
09ad,
fbc1,
f524,
f9e2,
0107,
0e07,
17f8,
10d9,
077b,
0524,
fef9,
f7ad,
f4a7,
edbf,
e6f7,
ea0b,
f0b8,
f663,
fcd8,
0195,
0531,
0abd,
0edb,
0ea6,
0caa,
09b5,
0511,
00fc,
fdfe,
fb13,
f937,
f861,
f7a3,
f7d9,
f957,
fadc,
fc9b,
ff5f,
01f2,
0325,
03ad,
03eb,
041a,
0423,
035e,
0196,
ff73,
fdeb,
fd1c,
fd0f,
fd42,
fd14,
fccb,
fcf8,
fded,
ff84,
0120,
01e0,
01f0,
0215,
0241,
0223,
01c7,
0140,
006e,
ff69,
fe73,
fdd6,
fdaa,
fdb0,
fdcb,
fe14,
fe87,
fef0,
ff80,
0058,
011d,
0182,
017b,
012c,
00d2,
00a8,
009b,
fffd,
ffff,
0000,
0000,
0001,
0000,
0002,
0002,
0003,
0002,
0001,
0001,
0000,
0001,
0000,
0000,
ffff,
ffff,
ffff,
0000,
0002,
0003,
0003,
0002,
0000,
fffe,
fffe,
fffe,
0000,
0000,
ffff,
fffd,
ffff,
ffff,
0003,
0000,
0004,
fffc,
0002,
fffd,
0004,
0032,
00db,
0138,
0374,
0a72,
089a,
fb7c,
f660,
faf6,
010a,
0d42,
1648,
0f6c,
073e,
050b,
feb2,
f831,
f595,
ee54,
e85c,
ec1a,
f21c,
f706,
fd19,
013b,
0481,
0a42,
0e48,
0db5,
0bb2,
0900,
0499,
00fd,
fe6e,
fb78,
f95d,
f8a0,
f819,
f89f,
fa9f,
fc3e,
fda8,
ffd1,
017a,
0200,
0278,
0287,
021c,
0247,
023e,
0112,
ffaa,
fec8,
fe39,
fe2d,
fe57,
fe09,
fdc0,
fdfc,
fe97,
ff9b,
00b1,
0127,
013d,
0180,
01ab,
018b,
013e,
00b9,
0003,
ff43,
fe96,
fe1c,
fdfd,
fe19,
fe4e,
fea1,
feed,
ff3d,
ffc5,
0091,
0131,
0159,
0121,
00bd,
006f,
0059,
fffc,
fffe,
ffff,
0000,
ffff,
ffff,
0000,
0001,
0002,
0002,
0001,
0000,
0000,
ffff,
ffff,
0000,
ffff,
ffff,
fffe,
ffff,
0000,
0001,
0003,
0002,
0000,
ffff,
fffd,
fffe,
fffe,
ffff,
0000,
ffff,
fffd,
ffff,
ffff,
0004,
ffff,
0005,
fffb,
0004,
fffa,
000a,
003d,
00e3,
0113,
036c,
0a01,
0764,
fb65,
f7bd,
fbe4,
00fc,
0c67,
1487,
0e2e,
0729,
04d2,
fe5e,
f8d9,
f647,
eef8,
ea19,
ee26,
f35a,
f79a,
fd12,
009a,
0434,
0a4a,
0da0,
0c57,
0a9b,
0875,
049e,
0136,
fe2c,
fb10,
f95f,
f980,
f9d0,
fa9e,
fc06,
fc92,
fd1e,
fef5,
0094,
0097,
0080,
00e3,
012a,
0184,
01de,
018e,
00ba,
0005,
ff7c,
ff58,
ff55,
fef5,
fe4d,
fdf5,
fe45,
ff15,
fff7,
0066,
00a5,
00f8,
012b,
0110,
00d9,
0095,
0007,
ff58,
fecb,
fe8a,
fe8c,
feb7,
fee3,
feff,
ff17,
ff53,
ffde,
0087,
00f0,
00f6,
00b8,
006a,
003c,
fffd,
fffe,
fffe,
0000,
0000,
0000,
0000,
0001,
0001,
0003,
0003,
0002,
0000,
0000,
0000,
0000,
0000,
0000,
ffff,
ffff,
0000,
0000,
0002,
0003,
0002,
0001,
0000,
fffe,
fffe,
fffe,
ffff,
0000,
ffff,
fffd,
0000,
ffff,
0003,
0000,
0005,
fffb,
0006,
fff8,
0010,
0047,
00e5,
00f4,
0380,
0977,
061a,
fb70,
f927,
fcb6,
00e8,
0b90,
12cc,
0d09,
071c,
048a,
fe21,
f966,
f6d1,
efea,
ec18,
f012,
f452,
f7eb,
fce8,
006c,
0489,
0a1c,
0c4e,
0b18,
0a48,
0826,
03ce,
0065,
fdef,
fb88,
fa96,
fb73,
fbf2,
fba4,
fb57,
fb99,
fc90,
fdca,
fe79,
fea3,
ff68,
0085,
0188,
023a,
026b,
024c,
01f2,
014a,
0093,
0046,
ffd3,
fed2,
fdd3,
fd62,
fda0,
fe66,
ff47,
ffd1,
0042,
00b1,
00e5,
00e1,
00d0,
00a9,
0036,
ffac,
ff51,
ff30,
ff24,
ff1c,
ff1b,
ff12,
ff10,
ff3d,
ffba,
0050,
00a4,
009e,
0066,
002d,
fffd,
fffd,
fffd,
fffe,
ffff,
0000,
0000,
ffff,
0000,
0001,
0002,
0002,
0001,
0001,
0000,
ffff,
0000,
ffff,
ffff,
ffff,
fffe,
ffff,
0000,
0001,
0002,
0001,
0001,
0000,
fffe,
fffe,
ffff,
ffff,
ffff,
ffff,
fffe,
fffe,
0000,
0002,
0000,
0005,
fffc,
0005,
fff8,
0014,
0051,
00e2,
00db,
03a4,
08d3,
04ca,
fba4,
fa92,
fd64,
00d2,
0ac7,
1112,
0bfb,
0727,
0427,
fdc3,
f9ed,
f786,
f10b,
ee15,
f1ba,
f500,
f853,
fd27,
0094,
04a3,
099e,
0b7c,
0a55,
0905,
0678,
02f4,
00cb,
fef7,
fd27,
fc94,
fc63,
fb5d,
faeb,
fb08,
fa97,
fa94,
fbb7,
fd1f,
fe72,
0008,
0163,
0276,
0372,
03c3,
035b,
02b3,
01d5,
00e4,
001f,
ff35,
fe01,
fd08,
fcb4,
fd16,
fe04,
fef5,
ff95,
001c,
00a9,
00f2,
00f7,
00f1,
00dd,
00aa,
0047,
ffde,
ff8c,
ff53,
ff25,
ff02,
fef3,
fefa,
ff2f,
ff8e,
fff1,
002f,
0049,
0040,
fffe,
fffd,
fffe,
fffd,
fffe,
ffff,
0000,
0000,
ffff,
0000,
0001,
0002,
0002,
0002,
0001,
0000,
0000,
ffff,
0000,
ffff,
fffe,
fffe,
ffff,
0000,
0001,
0001,
0002,
0001,
0000,
fffe,
ffff,
fffe,
ffff,
0000,
ffff,
fffe,
ffff,
0001,
0001,
0001,
0003,
fffe,
0004,
fff9,
001b,
005d,
00d6,
00cc,
03d2,
0815,
0382,
fc02,
fbe6,
fde5,
00c8,
0a09,
0f70,
0b1a,
0718,
0391,
fd86,
faa5,
f82d,
f226,
f006,
f341,
f5d6,
f8f5,
fd4c,
00ce,
055e,
0956,
0972,
07ff,
07a2,
0645,
03f9,
025c,
004c,
fdd9,
fc1e,
fb48,
fab5,
fa28,
f93c,
f890,
f98c,
fbd0,
fdd7,
ff6e,
013c,
02dc,
0414,
04d8,
04b9,
03be,
0280,
012a,
ffdb,
ff00,
fe3d,
fd3a,
fc7b,
fc7d,
fd1f,
fe0b,
fef2,
ffa6,
0050,
00d5,
0117,
013a,
014d,
013f,
00fb,
0096,
0015,
ff97,
ff37,
feff,
feeb,
fede,
fed0,
fee1,
ff2e,
ff9c,
fffd,
003c,
0000,
ffff,
fffe,
fffd,
fffe,
fffe,
ffff,
ffff,
0000,
0000,
0001,
0001,
0002,
0002,
0002,
0001,
0000,
0000,
0000,
ffff,
ffff,
ffff,
ffff,
ffff,
0000,
0001,
0002,
0001,
0001,
ffff,
fffe,
fffe,
ffff,
ffff,
ffff,
fffe,
fffe,
ffff,
0001,
0001,
0002,
0002,
ffff,
0003,
fffe,
0021,
0066,
00c2,
00cc,
0404,
0733,
025a,
fc91,
fd11,
fe45,
00d9,
095a,
0dcd,
0a3b,
06fd,
030e,
fd72,
fb43,
f8b9,
f376,
f22e,
f4c9,
f67c,
f987,
fe4a,
01ac,
048b,
06b7,
072d,
079c,
0898,
07a3,
0521,
0271,
ff19,
fc62,
fb55,
fa66,
f8b4,
f7e1,
f846,
f94e,
fb0c,
fd3a,
ff23,
0101,
032a,
04a4,
0517,
04fd,
0469,
0315,
012d,
ff6b,
fe59,
fdec,
fd90,
fd0a,
fcb3,
fcd8,
fd75,
fe65,
ff51,
0006,
0097,
0109,
0155,
0180,
018a,
0160,
00fa,
0087,
000f,
ff86,
ff15,
fece,
fea4,
fe8d,
fe8c,
feaf,
ff13,
ffa3,
0021,
0000,
0000,
ffff,
fffe,
fffd,
fffe,
fffe,
ffff,
ffff,
0000,
0001,
0001,
0002,
0002,
0002,
0001,
0001,
0000,
0000,
ffff,
ffff,
ffff,
ffff,
ffff,
0000,
0001,
0002,
0001,
0001,
0001,
0000,
ffff,
ffff,
ffff,
0000,
0000,
fffe,
ffff,
ffff,
0002,
0000,
0003,
0001,
0002,
0003,
0002,
0025,
006c,
00ad,
00e0,
042a,
0635,
0163,
fd39,
fe0d,
fea1,
0105,
0889,
0c21,
09ac,
06eb,
0256,
fd5c,
fbf6,
f9a4,
f52e,
f427,
f60b,
f7d6,
fac2,
fdd7,
0003,
0309,
061e,
07da,
0939,
09a3,
0722,
0343,
0008,
fd83,
fb37,
f945,
f809,
f7c7,
f8ac,
fa07,
fb8e,
fd3b,
ff33,
013c,
0301,
044d,
04c7,
0493,
03e0,
02c4,
013f,
ff81,
fdfb,
fd52,
fd80,
fdaa,
fd80,
fd5a,
fd94,
fe32,
ff00,
ffbe,
005a,
00e3,
013a,
0161,
0177,
017f,
0146,
00cd,
0052,
ffd6,
ff4d,
fec8,
fe70,
fe52,
fe68,
fea2,
feee,
ff5c,
ffe7,
0001,
0000,
ffff,
fffe,
fffe,
fffd,
fffe,
ffff,
ffff,
ffff,
0000,
0000,
0001,
0001,
0001,
0002,
0001,
0000,
ffff,
ffff,
fffe,
ffff,
ffff,
fffe,
ffff,
ffff,
0000,
0001,
0001,
0001,
0000,
ffff,
ffff,
fffe,
ffff,
ffff,
0000,
ffff,
0000,
ffff,
0001,
ffff,
0004,
0002,
0004,
0000,
0007,
0027,
006f,
0095,
0103,
0432,
052a,
00b1,
fdf5,
fedf,
feec,
0117,
07a6,
0ad7,
0940,
0669,
018f,
fdcb,
fd2b,
fab7,
f6fc,
f6b1,
f77f,
f763,
f963,
fd01,
00a1,
0495,
07a6,
08b4,
088b,
070a,
03ee,
00d5,
fdc9,
fac0,
f8e2,
f88f,
f913,
fa05,
fb54,
fc82,
fe0f,
0010,
019d,
027b,
031c,
0385,
0357,
02b7,
01bf,
00a2,
ff93,
fe7d,
fd91,
fd5d,
fdd2,
fe35,
fe57,
fe67,
fe8a,
fee4,
ff7b,
001a,
009f,
00fc,
0120,
012f,
0140,
012f,
00e3,
007c,
ffff,
ff6d,
fed9,
fe6d,
fe54,
fe86,
fece,
ff0c,
ff5d,
ffc8,
0001,
0000,
ffff,
ffff,
fffe,
fffe,
fffe,
fffe,
ffff,
0000,
0000,
0000,
0001,
0001,
0001,
0000,
0001,
0000,
ffff,
ffff,
ffff,
ffff,
ffff,
ffff,
ffff,
ffff,
0000,
0000,
0001,
0001,
0001,
0000,
ffff,
fffe,
ffff,
ffff,
ffff,
ffff,
ffff,
ffff,
ffff,
0001,
0000,
0005,
0000,
0005,
ffff,
000c,
0027,
0071,
007e,
0136,
0428,
041d,
0039,
fead,
ff72,
ff34,
014d,
06e1,
0996,
0899,
05d3,
0172,
feda,
feb1,
fca4,
f8c3,
f695,
f600,
f716,
fb16,
ffbf,
033f,
05ba,
065f,
0570,
04ed,
03fb,
00a0,
fcdc,
fad8,
fa43,
fa6c,
fb2d,
fc2c,
fd1f,
fe3e,
ff71,
00b5,
01c6,
01f5,
0180,
015b,
0169,
0101,
0068,
ffd9,
ff4f,
fef2,
fe91,
fe11,
fe08,
feb2,
ff41,
ff4c,
ff37,
ff48,
ff82,
ffd8,
0041,
0097,
00ce,
00cd,
00b0,
00ad,
00ad,
007c,
000f,
ff7e,
feeb,
fea8,
feb7,
fedb,
ff0e,
ff56,
ff9e,
ffd6,
0001,
0001,
0000,
0000,
ffff,
0000,
0000,
ffff,
0000,
0000,
0001,
0001,
0001,
0001,
0001,
0001,
0000,
0000,
ffff,
0000,
0000,
0000,
0000,
0001,
0000,
0000,
0000,
0001,
0001,
0001,
0001,
0001,
0000,
ffff,
ffff,
ffff,
ffff,
ffff,
ffff,
ffff,
0001,
0001,
0002,
0003,
0004,
0000,
0007,
0000,
000f,
0029,
0070,
0076,
0178,
03f7,
031c,
ffee,
ff58,
fff7,
ff9e,
0174,
05e8,
0873,
0841,
05bc,
0259,
0129,
ffbb,
fb47,
f776,
f70a,
f86b,
fb1c,
fece,
0136,
0204,
0217,
0201,
0207,
0111,
feca,
fcdb,
fc66,
fcb6,
fd43,
fe04,
feca,
ff98,
0063,
00f5,
0130,
011d,
00b3,
fff7,
ff3f,
fef7,
fef7,
fee5,
fef7,
ff37,
ff49,
ff32,
ff26,
ff3a,
ff7b,
ffcb,
ffee,
fff3,
fff2,
ffdb,
ffcf,
ffef,
001b,
002c,
0020,
0015,
002a,
003c,
001e,
ffda,
ff8b,
ff50,
ff37,
ff32,
ff45,
ff7c,
ffbb,
ffeb,
000d,
0000,
0001,
0001,
0001,
0001,
0000,
0001,
0000,
0000,
0001,
0001,
0001,
0001,
0000,
0000,
ffff,
ffff,
0000,
0000,
0000,
0000,
0001,
0000,
0001,
0001,
0000,
0001,
0001,
0001,
0001,
0001,
0000,
0000,
0000,
ffff,
ffff,
ffff,
ffff,
ffff,
0000,
0001,
0001,
0000,
0003,
0001,
0003,
0001,
0006,
0000,
000e,
0034,
006e,
0076,
01ba,
038e,
022e,
ffed,
0001,
006d,
fff9,
0170,
052f,
080e,
08f7,
06e7,
028e,
ff6d,
fd74,
fbb3,
fb4d,
fc37,
fce1,
fcf0,
fd2e,
fd30,
fdba,
fe5f,
fd40,
fc21,
fce4,
fe46,
ff18,
ffc8,
007f,
0144,
0210,
0257,
0246,
022a,
0151,
ffcf,
fec5,
fe35,
fd88,
fce6,
fccf,
fd70,
fe54,
ff00,
ff65,
ffc9,
0039,
008a,
00a4,
0089,
0085,
0097,
0076,
0039,
0008,
ffca,
ff6a,
ff37,
ff52,
ff8e,
ffac,
ffa0,
ff8f,
ff8c,
ffa9,
ffd3,
ffee,
ffdb,
ffc4,
ffe4,
001f,
004a,
0049,
ffff,
0000,
0000,
0000,
0001,
0001,
0000,
0000,
0000,
0000,
ffff,
0000,
0000,
ffff,
fffe,
fffe,
fffd,
fffe,
ffff,
ffff,
0000,
0000,
0000,
0000,
0000,
0001,
0000,
0000,
0000,
0000,
0000,
0000,
0000,
0000,
ffff,
ffff,
ffff,
ffff,
ffff,
0000,
0000,
0001,
fffe,
0001,
0001,
0000,
0002,
0002,
0003,
0004,
0014,
003d,
0067,
007a,
01e3,
030e,
0182,
0016,
008c,
00d1,
0083,
023b,
0627,
08af,
0744,
0334,
0058,
00bf,
01d9,
01c6,
00a1,
fdf8,
fa7b,
f860,
f8c8,
f968,
f873,
f79b,
f8e5,
fc1b,
ffa4,
0222,
033d,
03f6,
04d9,
0527,
04b8,
03fd,
02a2,
006b,
fe59,
fd11,
fc53,
fbd2,
fb60,
fb61,
fc4d,
fdac,
fead,
ff7d,
0070,
0134,
018a,
01a0,
019e,
0173,
0125,
00cb,
007c,
001d,
ff7a,
fec3,
fe68,
fe92,
fee5,
ff09,
ff0a,
ff27,
ff72,
ffe0,
0050,
008b,
007f,
0060,
0067,
0082,
008b,
0062,
ffff,
0000,
0000,
0000,
0002,
0002,
0002,
0002,
0001,
0001,
0000,
ffff,
fffe,
fffe,
fffe,
fffd,
fffd,
ffff,
0000,
0000,
0000,
0001,
0001,
0001,
0001,
0001,
0001,
0000,
0000,
0000,
0000,
0000,
0000,
0000,
ffff,
0000,
0000,
0000,
0000,
0000,
0000,
0000,
ffff,
0000,
0002,
ffff,
0003,
ffff,
0007,
0007,
000c,
001c,
003a,
0055,
0093,
01fc,
0288,
0109,
004a,
0122,
025b,
03f3,
043f,
0243,
01c1,
03bd,
05b6,
0741,
0842,
06d2,
02c9,
fd7e,
f893,
f5f2,
f472,
f26a,
f204,
f486,
f81f,
fc36,
00ca,
0468,
069b,
07f2,
07ef,
0732,
069e,
051b,
0213,
ff02,
fd05,
fbbe,
fad9,
fa4e,
fa3f,
fac3,
fbb6,
fce8,
fe5d,
ffdf,
0101,
01be,
0244,
0294,
0297,
025b,
01dd,
0123,
0070,
ffbb,
fef2,
fe53,
fe06,
fdf2,
fe04,
fe47,
feae,
ff26,
ffa5,
002c,
00ab,
00f2,
00fb,
00f2,
00fc,
00e7,
009b,
003a,
ffff,
0000,
0001,
0002,
0003,
0003,
0003,
0003,
0002,
0001,
0001,
0000,
ffff,
fffe,
fffe,
fffe,
ffff,
0000,
0001,
0001,
0001,
0002,
0001,
0002,
0002,
0002,
0002,
0001,
0001,
0001,
0001,
0001,
0000,
0000,
0001,
0001,
0001,
0002,
0001,
0001,
0000,
0000,
0000,
fffe,
0001,
0003,
ffff,
0003,
0006,
000d,
000d,
000b,
0015,
003d,
0046,
00be,
0200,
01fd,
00a9,
01b1,
057b,
0675,
01fb,
fa9a,
f9da,
0465,
0e6c,
1007,
0cd8,
07b3,
0141,
fcae,
f9bb,
f42a,
edf9,
ec17,
eec6,
f3b1,
f8cf,
fd62,
0196,
05fa,
099a,
0aca,
0a01,
08a5,
072f,
04da,
0169,
fddb,
fbbb,
fade,
fa08,
f96b,
f9ae,
fa7f,
fb5a,
fca3,
fe5f,
0015,
015b,
0225,
02c8,
0340,
035c,
030c,
026c,
0163,
001e,
ff16,
fe73,
fe10,
fdbd,
fd75,
fd52,
fdb7,
fe97,
ff77,
0013,
007a,
00db,
012b,
015a,
0163,
0155,
011b,
009b,
ffff,
0000,
0000,
0001,
0003,
0003,
0003,
0003,
0002,
0001,
0000,
ffff,
fffe,
fffd,
fffd,
fffd,
fffe,
0000,
0000,
0000,
0001,
0001,
0001,
0002,
0001,
0002,
0001,
0001,
0001,
0000,
0000,
0000,
ffff,
ffff,
0000,
0000,
0001,
0002,
0002,
0001,
0000,
ffff,
ffff,
ffff,
fffd,
0000,
0002,
0000,
0001,
0007,
000c,
0010,
0006,
0003,
0012,
003a,
0058,
00e5,
01e8,
02a0,
0465,
05d8,
0502,
ffb1,
f681,
f726,
06be,
14d7,
15fd,
0e40,
048a,
fefd,
fde8,
f95c,
efe2,
e9ef,
ea41,
ee48,
f47c,
fa69,
fec6,
0307,
07a3,
0aaa,
0bd4,
0b1e,
08c7,
0644,
03dc,
0095,
fd09,
fb0c,
fa44,
f9be,
f96b,
f993,
fa51,
fb91,
fd0f,
fe87,
002a,
019e,
028e,
0320,
038c,
03bf,
036c,
0278,
0112,
ffb9,
feb7,
fe0d,
fdac,
fd6a,
fd26,
fd27,
fdc4,
fed2,
ffda,
007a,
00c4,
0108,
015a,
018d,
0186,
015b,
0104,
0070,
ffbf,
0000,
0001,
0002,
0003,
0003,
0004,
0003,
0003,
0002,
0000,
0000,
fffe,
fffe,
fffd,
fffe,
ffff,
ffff,
0000,
0000,
0001,
0001,
0001,
0002,
0002,
0001,
0001,
0001,
0001,
0001,
0000,
0000,
0000,
0000,
0000,
0001,
0002,
0002,
0002,
0000,
0000,
0000,
ffff,
0000,
fffe,
ffff,
0003,
0002,
0003,
0007,
000b,
0011,
000a,
fff3,
fffe,
002c,
004c,
0091,
02c6,
0563,
04b2,
0342,
0197,
fcaa,
f917,
fe12,
0a12,
1413,
140b,
0b3b,
031d,
ffbd,
fbe8,
f4cb,
edf6,
eacd,
ec17,
f088,
f652,
fbe3,
00b2,
04f1,
0830,
0a4b,
0b04,
09fb,
07a6,
0519,
0259,
ff5d,
fcf0,
fb3c,
fa3f,
f9e6,
f9bf,
f9e8,
fae5,
fc40,
fd7b,
fee5,
0077,
01c5,
02b8,
034f,
0395,
03a4,
031d,
01e3,
008d,
ff72,
fe7d,
fdc1,
fd56,
fd1c,
fd2e,
fda3,
fe63,
ff53,
0025,
00aa,
0100,
014a,
0177,
0179,
0156,
0115,
00ad,
0019,
ff7e,
0000,
0001,
0002,
0003,
0003,
0002,
0002,
0002,
0000,
ffff,
fffe,
fffe,
fffe,
fffd,
fffe,
ffff,
ffff,
ffff,
0000,
0001,
0000,
0001,
0001,
0001,
0001,
0000,
0000,
0000,
0000,
0000,
0000,
0000,
0000,
0001,
0001,
0001,
0001,
0001,
ffff,
ffff,
ffff,
fffe,
ffff,
ffff,
0000,
0003,
0005,
0004,
0003,
000c,
0010,
0002,
fff0,
fffa,
001f,
00bd,
02e5,
041d,
0382,
031e,
00a7,
fd5f,
fdd6,
01f3,
07ac,
0c33,
0c62,
0a3c,
0898,
0481,
fd83,
f747,
f22d,
eeca,
ef0d,
f11b,
f425,
f907,
fe3b,
0237,
05b8,
083d,
0879,
07ed,
074a,
05eb,
0373,
008f,
fe75,
fd43,
fc33,
fad9,
fa1b,
fa63,
fb32,
fbfa,
fcdc,
fe26,
ff95,
00d8,
01d9,
02a6,
0328,
034a,
02dd,
0201,
0119,
001c,
ff0d,
fe33,
fda6,
fd42,
fd35,
fdad,
fe7c,
ff4f,
ffea,
005a,
00cd,
0138,
0162,
0156,
0128,
00e3,
008e,
0026,
ffb2,
ff4d,
0002,
0002,
0003,
0002,
0003,
0002,
0001,
0000,
0000,
0000,
ffff,
ffff,
0000,
0000,
0000,
0000,
0001,
0001,
0001,
0001,
0001,
0002,
0001,
0001,
0001,
0001,
0001,
0000,
0000,
0000,
0001,
0000,
0001,
0001,
0001,
0001,
0000,
0000,
0000,
0000,
ffff,
ffff,
ffff,
0000,
0001,
0003,
0008,
0003,
0007,
0007,
000c,
0000,
fff6,
fffb,
0113,
03d0,
03c0,
019f,
0163,
0039,
fe2f,
ff5a,
044a,
0a63,
0ce4,
0850,
0336,
03b1,
03f1,
0046,
fb2a,
f585,
f21a,
f2fa,
f4da,
f672,
f968,
fd09,
000a,
030f,
05af,
063b,
0544,
0460,
040f,
0345,
0139,
ff2c,
fe5b,
fe14,
fd00,
fb93,
fb3a,
fbe6,
fc8a,
fd10,
fde8,
ff0f,
0041,
013d,
01e9,
0256,
028b,
0245,
018d,
00da,
0040,
ff76,
fe9d,
fe06,
fdc1,
fdb6,
fde9,
fe8b,
ff71,
001e,
006a,
00ad,
0103,
013f,
0134,
00ef,
009c,
0046,
ffea,
ff96,
ff5f,
ff2e,
0001,
0002,
0002,
0001,
0001,
0001,
ffff,
ffff,
fffe,
ffff,
ffff,
0000,
0000,
ffff,
0000,
0000,
0000,
0000,
0000,
0000,
0000,
0000,
0000,
0000,
0000,
0000,
ffff,
ffff,
0000,
0000,
0000,
0001,
0001,
0001,
0000,
ffff,
fffe,
0000,
0000,
0000,
ffff,
ffff,
ffff,
0000,
0004,
0006,
0002,
0006,
0003,
0006,
0001,
0006,
fffd,
01b1,
0499,
0338,
00ce,
0063,
fe85,
fe07,
018e,
065f,
0b2e,
0cf7,
07d1,
02b6,
014e,
fd81,
fa8f,
fb65,
f991,
f649,
f6c4,
f86f,
f9d0,
fca9,
ff15,
003e,
022a,
037b,
031f,
02a8,
0208,
0124,
00ab,
fff3,
fece,
feab,
ff07,
fe48,
fd49,
fd38,
fd57,
fd61,
fdda,
fe82,
ff2a,
0001,
00ea,
0189,
01d0,
01aa,
012e,
00c3,
0053,
ffb5,
ff24,
feb6,
fe4d,
fe24,
fe51,
fe94,
fefd,
ff9f,
003a,
00a4,
00ef,
0113,
0114,
0104,
00c2,
0052,
ffe7,
ff8c,
ff4a,
ff31,
ff23,
ff05,
0002,
0002,
0001,
0001,
0000,
ffff,
fffe,
fffe,
ffff,
0000,
0000,
0000,
0000,
0001,
0000,
0000,
0001,
0000,
0001,
0001,
0001,
0000,
0000,
0000,
0000,
0000,
ffff,
0000,
0001,
0002,
0002,
0002,
0001,
0000,
ffff,
ffff,
0000,
0000,
ffff,
0000,
ffff,
ffff,
ffff,
0002,
0009,
0001,
0005,
0002,
000a,
fffc,
0006,
0021,
02a9,
0533,
026c,
0035,
ff9a,
fdcb,
fe53,
0260,
07ff,
0d12,
0c4d,
054f,
0256,
01eb,
fc04,
f6a9,
f627,
f688,
f83c,
fb24,
fc6b,
fd9b,
0049,
01e1,
029c,
03fc,
03a6,
0179,
ffd6,
ff2d,
feb2,
fe3b,
fd6b,
fcac,
fd7a,
fed3,
feb2,
fe18,
fea5,
ff38,
ff17,
ff31,
ff97,
ffee,
006a,
010a,
0174,
019b,
012e,
004d,
ffbf,
ff73,
fefb,
fe69,
fe16,
fe17,
fe5e,
fec3,
ff2c,
ffb4,
003a,
008d,
00d3,
0127,
0156,
0141,
00f7,
0087,
0011,
ff9a,
ff2c,
feea,
fedb,
fee2,
feeb,
ff05,
0002,
0002,
0001,
0000,
ffff,
fffe,
fffe,
ffff,
0000,
0001,
0001,
0001,
0001,
0001,
0001,
0002,
0001,
0002,
0002,
0001,
0000,
0001,
0000,
0000,
0000,
0000,
0001,
0001,
0002,
0002,
0002,
0001,
0001,
0000,
0000,
0001,
0001,
0000,
0001,
0000,
0000,
0000,
0002,
0007,
0005,
0006,
ffff,
000c,
0000,
0002,
005e,
03dd,
058c,
018d,
ffb7,
feb0,
fd3d,
ff4a,
0411,
0968,
0dcf,
0b60,
038f,
0184,
0098,
fa4a,
f620,
f534,
f3bd,
f57e,
fa81,
fe6e,
019a,
0481,
0536,
0548,
0653,
057b,
0261,
ff47,
fd28,
fc0a,
fbbd,
fb3d,
fa7e,
fb39,
fd04,
fdce,
fe08,
ff0b,
000c,
008c,
0103,
0156,
014e,
015b,
01af,
01ef,
01cb,
00f3,
ffc8,
ff01,
fe9a,
fe15,
fd8c,
fd3b,
fd4e,
fe02,
fee9,
ff99,
003c,
00d9,
0136,
015d,
0178,
017f,
0169,
0126,
0095,
ffe4,
ff4e,
fed3,
fe92,
fe8f,
fe92,
fe9c,
feda,
ff44,
0001,
ffff,
ffff,
fffe,
fffd,
fffd,
fffe,
ffff,
0000,
0000,
0000,
0001,
0001,
0001,
0001,
0001,
0001,
0001,
0000,
0000,
0000,
ffff,
ffff,
ffff,
ffff,
0000,
0000,
0001,
0002,
0001,
0000,
0000,
0000,
0000,
0000,
0000,
ffff,
0000,
0000,
0000,
fffd,
0001,
0003,
0006,
0003,
0001,
0008,
0001,
fffd,
00c3,
0535,
0597,
009f,
ff45,
fdb7,
fcd5,
0078,
05f0,
0b73,
0efa,
0979,
0113,
0136,
ff68,
f795,
f489,
f492,
f3b4,
f610,
f9b6,
fc81,
01c6,
0703,
084a,
08c8,
093d,
072c,
03c8,
0068,
fd5a,
fb29,
f9f0,
f8fe,
f893,
f95d,
fab4,
fbcf,
fd01,
fe7f,
ffbc,
00dc,
0205,
02e4,
0323,
02f8,
02d2,
02cb,
0273,
0130,
ffab,
fea5,
fdf3,
fd4c,
fcc3,
fc62,
fc70,
fd46,
fe73,
ff95,
009a,
0149,
01a8,
01fe,
0221,
01e5,
018f,
012e,
00a3,
fff3,
ff39,
fe9a,
fe4d,
fe41,
fe3f,
fe5c,
fea6,
ff16,
ffab,
0000,
fffe,
fffd,
fffd,
fffd,
fffe,
fffe,
ffff,
0000,
0000,
0001,
0001,
0001,
0002,
0002,
0002,
0001,
0001,
0001,
0000,
0000,
0000,
fffe,
ffff,
0000,
0001,
0001,
0001,
0001,
0000,
0000,
0000,
0000,
0001,
0001,
ffff,
0001,
ffff,
0002,
fffd,
0002,
0000,
0007,
0001,
0004,
0004,
0006,
fff5,
015b,
06a3,
0565,
ffb7,
feb9,
fcac,
fcb9,
01d4,
07e5,
0db9,
1025,
07ab,
ff0a,
0057,
fd3e,
f521,
f34d,
f343,
f2df,
f71f,
fb64,
fd2a,
017d,
0658,
0844,
0a9f,
0c09,
0979,
0585,
01ac,
fdff,
fba3,
fa18,
f830,
f757,
f7ea,
f89d,
f99c,
fb8a,
fd52,
fe89,
0027,
0200,
0376,
0444,
0489,
046b,
0429,
036a,
01c9,
000e,
fec3,
fdb4,
fcc5,
fc1c,
fbb3,
fbc5,
fc95,
fdc1,
ff19,
007d,
0172,
01f3,
0261,
029a,
0272,
0207,
0161,
0097,
ffe0,
ff3b,
fe9e,
fe3c,
fe18,
fe03,
fe14,
fe70,
fef7,
ff8e,
0024,
ffff,
fffe,
fffd,
fffd,
ffff,
0000,
ffff,
0000,
0000,
0000,
0001,
0002,
0001,
0002,
0001,
0002,
0001,
0001,
0000,
0000,
0000,
ffff,
0000,
0000,
0001,
0001,
0000,
0000,
ffff,
ffff,
ffff,
0000,
0001,
0001,
0000,
0002,
ffff,
0004,
fffd,
0002,
fffe,
0008,
fffd,
0009,
0001,
000a,
ffef,
021c,
080e,
050b,
fee3,
fe1a,
fb90,
fccc,
035b,
09eb,
1008,
1125,
05bf,
fd64,
fff3,
faf0,
f1fc,
f1a0,
f238,
f279,
f7a8,
fc3e,
fe8d,
0372,
074b,
07a1,
09f5,
0c1d,
0a3b,
0719,
03a8,
ff1e,
fc11,
faad,
f8b3,
f7a4,
f7d2,
f77b,
f7b5,
fa04,
fbfb,
fcf4,
fecd,
0121,
031b,
0490,
0556,
0579,
0583,
04ac,
029a,
00ba,
ff5e,
fdf4,
fca2,
fbca,
fb3b,
fb4e,
fc25,
fd3c,
fe92,
000f,
012b,
01e2,
028b,
02dd,
02bd,
0262,
01b5,
00c8,
ffe9,
ff31,
fe9c,
fe53,
fe2a,
fdef,
fdef,
fe4e,
fedb,
ff72,
000a,
0079,
fffd,
fffd,
fffd,
fffe,
ffff,
fffe,
ffff,
ffff,
0000,
0001,
0000,
0000,
0001,
0001,
0001,
0000,
0001,
0000,
0000,
ffff,
fffe,
fffe,
ffff,
ffff,
0000,
0000,
fffe,
fffd,
fffd,
fffe,
ffff,
0000,
0000,
ffff,
0001,
fffe,
0003,
fffd,
0003,
fff9,
0009,
fff9,
000e,
fffa,
0010,
ffe9,
02ee,
097b,
04ae,
fe16,
fd60,
fa67,
fce3,
04f3,
0c13,
126f,
121b,
03c8,
fbd0,
ff77,
f8a9,
ef46,
efdf,
f060,
f1dc,
f8b7,
fd31,
ff88,
0510,
08ca,
08c3,
0a81,
0b7a,
08f5,
0635,
042b,
0096,
fd06,
fb36,
f97c,
f896,
f89d,
f7b4,
f72b,
f949,
faf7,
fb42,
fd0d,
ffe2,
0237,
0411,
056a,
05e3,
0636,
0589,
0363,
017c,
001a,
fe84,
fcfd,
fbef,
fb23,
fb14,
fbd6,
fcf0,
fe60,
ffc7,
00b4,
0172,
0252,
02d7,
02d8,
027c,
01c3,
00ec,
0022,
ff59,
feaf,
fe61,
fe43,
fe13,
fe01,
fe4a,
feca,
ff5d,
fff2,
0063,
00a5,
fffe,
fffe,
ffff,
ffff,
ffff,
ffff,
0000,
0000,
0000,
0001,
0001,
0001,
0001,
0001,
0002,
0002,
0002,
0001,
ffff,
ffff,
0000,
0000,
0001,
0001,
0000,
ffff,
fffd,
fffe,
fffe,
0000,
0001,
0000,
0000,
0002,
ffff,
0005,
fffe,
0006,
fff7,
000a,
fff5,
0013,
fffa,
0014,
ffe8,
03c6,
0af0,
0469,
fd41,
fc96,
f93a,
fced,
0697,
0e6d,
14ed,
1311,
01da,
fa2d,
fee5,
f647,
ec70,
ee61,
eee8,
f0f0,
f954,
fe13,
00d3,
071f,
0a0a,
0964,
0ba8,
0c27,
088b,
04e4,
0280,
fff9,
fd60,
fb90,
fa4f,
fa0f,
f9d7,
f866,
f78a,
f98f,
fb26,
faa9,
fb62,
fe22,
010b,
0347,
04f8,
05c3,
064f,
05d6,
03c5,
01e3,
00a7,
ff28,
fd86,
fc65,
fb80,
fb39,
fbce,
fcec,
fe61,
ffbf,
007d,
00f7,
01d0,
028f,
02c1,
024c,
017b,
00d2,
0048,
ff91,
fee1,
fe94,
fe68,
fe34,
fe37,
fe81,
feec,
ff68,
ffe1,
0036,
007b,
00b5,
0000,
0002,
0002,
0002,
0001,
0001,
0002,
0003,
0002,
0002,
0003,
0002,
0002,
0003,
0004,
0003,
0002,
0001,
0001,
0002,
0002,
0002,
0003,
0002,
0000,
fffe,
fffe,
fffe,
0000,
0001,
0001,
0000,
0003,
0000,
0006,
ffff,
0008,
fff7,
000b,
fff0,
0016,
fffa,
001f,
ffe6,
048b,
0c74,
045f,
fc5f,
fbb0,
f811,
fcce,
0821,
10fb,
1796,
1430,
0023,
f865,
fe33,
f3f8,
e954,
eca5,
edab,
f026,
fa1c,
fefd,
016b,
091f,
0c32,
0a4e,
0c51,
0c82,
0879,
04d5,
0186,
fe62,
fc6e,
fa78,
f9a2,
fb67,
fbc7,
f960,
f844,
fa74,
fbdf,
fb2b,
fb2b,
fcf7,
ffb3,
022d,
041f,
054e,
0619,
05aa,
03bc,
01fd,
00d4,
ff73,
fdef,
fcd5,
fbed,
fbb1,
fc44,
fd31,
fe8a,
fffa,
0096,
00ac,
0150,
0225,
0273,
01ff,
012c,
0082,
0009,
ff86,
ff15,
fef0,
feb6,
fe61,
fe5c,
feba,
ff41,
ffba,
0010,
0030,
0043,
006b,
0099,
0000,
0001,
0000,
0000,
0000,
0000,
0000,
0001,
0001,
0000,
0001,
0000,
0001,
0002,
0001,
0001,
0000,
0000,
0000,
0002,
0002,
0001,
0001,
ffff,
fffc,
fffc,
fffc,
ffff,
0001,
0001,
ffff,
0002,
ffff,
0006,
fffe,
000a,
fff3,
000b,
ffec,
0013,
fff4,
0026,
ffea,
0535,
0df9,
049f,
fb7d,
fa9f,
f6e0,
fc83,
0979,
13a3,
1a7e,
1577,
fea2,
f68f,
fd4c,
f1c1,
e611,
ea6f,
ec64,
ef6f,
fab4,
0075,
026a,
0a4e,
0e25,
0bdd,
0d55,
0d01,
07ed,
0439,
013b,
fd7b,
fba5,
f997,
f799,
fa51,
fd10,
fad2,
f8ff,
fb83,
fd07,
fc21,
fbdb,
fce9,
ff19,
017e,
0336,
0457,
057e,
0538,
035a,
01dd,
00d7,
ff80,
fe18,
fcf0,
fbf7,
fc0e,
fcf8,
fdcd,
feea,
0047,
00d1,
00ae,
0123,
01ca,
01e8,
0187,
00db,
003a,
ffb4,
ff3c,
fef4,
ff06,
ff0b,
fec2,
fe9a,
feda,
ff73,
0015,
006e,
0064,
0041,
0038,
0048,
007a,
0000,
0000,
0001,
0000,
0000,
0001,
0000,
0000,
0000,
ffff,
ffff,
ffff,
0001,
0001,
0000,
ffff,
ffff,
0000,
0001,
0001,
0003,
0001,
fffe,
fffc,
fffc,
fffc,
ffff,
0000,
ffff,
ffff,
0002,
ffff,
0007,
fffd,
000b,
fff4,
000b,
ffe9,
0015,
ffed,
002a,
ffe9,
05a7,
0f70,
0545,
faea,
f994,
f5c4,
fc19,
0a44,
1600,
1d66,
16f3,
fd90,
f4f9,
fc5e,
efae,
e2e2,
e7e1,
eaec,
eedc,
fb19,
01cf,
03ff,
0b94,
0f91,
0d66,
0e64,
0da4,
07fa,
0385,
008b,
fc9e,
fae5,
f9a3,
f6da,
f869,
fc50,
fb46,
f93b,
fc22,
fe31,
fd3c,
fd23,
fde6,
ff2a,
0176,
0346,
03cb,
04a9,
0467,
0286,
0166,
00c5,
ff72,
fe07,
fce1,
fbec,
fc36,
fd52,
fe4e,
ff82,
00bc,
0111,
00e9,
0137,
018b,
0198,
0139,
0066,
ffa9,
ff51,
ff23,
fef2,
ff05,
ff12,
fee4,
fee6,
ff43,
ffc6,
0040,
0097,
0094,
0060,
003e,
002f,
003c,
0057,
0001,
0000,
0000,
0001,
0001,
0002,
0001,
0000,
0000,
0000,
0000,
0001,
0001,
0000,
0000,
0000,
0001,
0002,
0003,
0003,
0002,
ffff,
fffb,
fffc,
fffc,
ffff,
0000,
0000,
ffff,
0003,
fffe,
0008,
fffc,
000d,
fff2,
000e,
ffe5,
0015,
ffeb,
0029,
ffdd,
05ae,
1126,
068f,
fa61,
f83e,
f40d,
fb63,
0aba,
1840,
2112,
1999,
fcc7,
f30d,
fbb9,
edda,
df81,
e4e0,
e8b6,
edc2,
fb4f,
02c8,
05b4,
0d9f,
1121,
0ef8,
100c,
0e60,
07ff,
0319,
ffb6,
fb82,
f97f,
f8dc,
f6f9,
f7f3,
fb36,
faf0,
f91c,
fbf5,
feab,
fe09,
fe22,
ff55,
001b,
0177,
039d,
045a,
0474,
03ab,
01b4,
00ae,
0070,
ff4b,
fdc9,
fcee,
fbfc,
fbfa,
fd47,
fe97,
ffc3,
00e1,
014f,
0134,
016e,
01b4,
01b2,
0134,
0029,
ff41,
fee7,
fed2,
fed2,
feff,
fefd,
fed0,
fef7,
ff76,
0010,
0096,
00e0,
00cc,
0081,
003e,
001e,
002e,
003e,
0017,
0001,
0001,
0001,
0001,
0001,
0001,
0001,
0000,
ffff,
0000,
0001,
0001,
0001,
0000,
0000,
0001,
0003,
0003,
0004,
0002,
ffff,
fffb,
fffb,
fffb,
fffe,
0000,
0000,
fffe,
0004,
fffd,
0009,
fffb,
000f,
fff0,
000f,
ffe7,
0010,
ffef,
0022,
ffdb,
0538,
12df,
0850,
fa0a,
f788,
f1ed,
fa60,
0b15,
19a4,
247c,
1d33,
fc40,
f0c7,
fc36,
ec90,
dba2,
e219,
e639,
ebce,
fb81,
0390,
0693,
0ffe,
135f,
0fef,
11b2,
1000,
0844,
02be,
ff09,
fa6d,
f857,
f7b5,
f639,
f827,
fb21,
fa15,
f86e,
fbf2,
fec1,
fdcf,
fe16,
0011,
0182,
027d,
041c,
04ee,
054d,
0427,
016e,
0004,
ffb2,
feb9,
fd7a,
fcbf,
fbb8,
fbba,
fd18,
fe87,
fffb,
0138,
0164,
010f,
019f,
0221,
01db,
0113,
000d,
ff44,
fedb,
fea9,
fe93,
fece,
feef,
fed0,
ff02,
ff84,
001e,
00b0,
0113,
0101,
009b,
003f,
0016,
002d,
0046,
001a,
ffae,
0000,
0001,
0001,
0001,
ffff,
0000,
ffff,
fffe,
ffff,
0001,
0000,
ffff,
fffe,
fffe,
0000,
0002,
0003,
0004,
0002,
ffff,
fffa,
fffa,
fff9,
fffd,
ffff,
ffff,
fffc,
0004,
fffc,
0009,
fffa,
000f,
fff2,
0009,
ffee,
0004,
fffd,
0006,
fff2,
0422,
145b,
0b3e,
f957,
f747,
eff5,
f82e,
0b71,
1abf,
2740,
220c,
fced,
ecff,
fd43,
ed5f,
d6f4,
ded6,
e43a,
e8ae,
fae5,
04ac,
06a8,
1198,
16b6,
1149,
12ae,
1201,
0955,
02e2,
feb8,
f92c,
f6c3,
f6b9,
f4ff,
f7a7,
fb95,
f9c4,
f743,
fbd4,
ffad,
fdbf,
fd3a,
ff4e,
01bf,
03ba,
053d,
055e,
05ee,
0597,
0277,
0019,
ff59,
fe6b,
fd09,
fc1e,
fb08,
fb11,
fca5,
fe24,
ffdf,
016e,
01a2,
012f,
01be,
0250,
01f4,
0119,
0001,
ff55,
ff11,
fec6,
fe77,
fea3,
fee8,
fecd,
fee6,
ff64,
001b,
00c0,
0117,
00f2,
0082,
0041,
002d,
004e,
006c,
0034,
ffbb,
ff73,
0000,
0000,
0002,
0002,
0002,
0001,
ffff,
fffe,
fffe,
0001,
0002,
0000,
fffe,
fffe,
ffff,
0002,
0005,
0006,
0006,
0002,
fffd,
fff9,
fffa,
fffa,
ffff,
fffe,
fffe,
fffc,
0000,
fffe,
000c,
fffd,
0013,
ffe9,
001b,
ffd2,
0035,
ffc2,
0059,
ffb9,
0992,
16a6,
09f1,
fb71,
ee4c,
ea8a,
fb8d,
1532,
2851,
2670,
0d12,
ef8f,
f527,
fcd0,
e3a4,
d565,
df34,
e7f9,
f226,
00bc,
066c,
0a10,
141a,
157c,
1341,
130c,
0c9e,
026e,
fd50,
fc05,
fa38,
fb5e,
f9f9,
f760,
f78c,
f856,
f6ff,
f84a,
fea5,
0174,
012a,
022b,
04b2,
03ef,
014a,
00a8,
016c,
024a,
007f,
fdec,
fdb2,
ff76,
ffb7,
fe3f,
fcce,
fc12,
fd76,
ffc5,
017d,
023b,
020d,
00e8,
0057,
0112,
015a,
00d9,
ffe3,
fefa,
fe8a,
fe5a,
fe19,
fe32,
fed0,
fef2,
fed4,
ff3c,
0018,
0121,
01c5,
01ad,
010d,
007f,
0027,
0030,
0086,
0064,
ffb3,
feff,
0000,
0003,
0003,
0002,
0001,
0000,
fffe,
ffff,
0001,
0002,
0001,
0000,
fffe,
0000,
0002,
0005,
0007,
0008,
0004,
ffff,
fffa,
fffb,
fffa,
fffe,
ffff,
ffff,
fffb,
0002,
fffa,
000f,
fff9,
0018,
ffe8,
0018,
ffdb,
0022,
ffe1,
002d,
ffbe,
05d2,
1837,
1006,
fd7b,
ee62,
e635,
f73e,
111b,
2967,
2ce8,
1411,
f061,
ef03,
fe6b,
e9af,
d37e,
d94c,
e506,
f01d,
fddb,
0600,
097a,
1348,
1720,
14a9,
14bc,
0fb4,
056d,
fd94,
fb62,
f975,
fa87,
fa50,
f7f0,
f7be,
f78a,
f653,
f68e,
fcc5,
0126,
014e,
016b,
03e5,
0526,
02cd,
0152,
017b,
0298,
012b,
fe78,
fdef,
ff5c,
fff2,
fe7c,
fcfa,
fbef,
fcec,
ff16,
00f8,
0226,
021f,
00f4,
ffef,
00ab,
0192,
018c,
0088,
ff25,
fe7e,
fe68,
fe4e,
fe3f,
feac,
febf,
fe75,
feca,
ffbe,
00fb,
01c7,
01ba,
0115,
008f,
0059,
0058,
0095,
0070,
ffd6,
ff2f,
fee8,
0001,
0003,
0003,
0000,
fffe,
fffd,
fffe,
0000,
0003,
0001,
ffff,
fffc,
fffd,
0001,
0005,
0006,
0008,
0004,
ffff,
fff9,
fff9,
fff9,
fffd,
fffe,
ffff,
fffa,
0001,
fff9,
000d,
fffd,
0012,
fff5,
0005,
fff6,
fffa,
0018,
ffe3,
001d,
02b3,
173c,
16da,
0081,
ef2b,
e1a1,
f172,
0ee6,
2932,
3292,
1c7b,
f2c9,
e853,
fd36,
eec7,
d2f4,
d56c,
e0e5,
ed31,
fd0e,
058f,
0832,
12fb,
18e3,
1577,
163a,
1259,
07fe,
fef4,
fb30,
f848,
f94a,
fa4e,
f7d1,
f84c,
f7a9,
f54f,
f4c8,
fb1e,
00eb,
01d7,
018d,
02c5,
053e,
03e7,
01d5,
019a,
029c,
0195,
ff23,
fe97,
ff6f,
0022,
ff0f,
fd6e,
fbf9,
fc80,
fea0,
0075,
01e2,
021b,
00c5,
ff58,
0029,
0193,
01c6,
00e9,
ff70,
fe9d,
fe9b,
feb1,
fe92,
fed1,
fed6,
fe4d,
fe76,
ff63,
0099,
018e,
01bc,
0125,
007e,
003b,
001c,
0065,
0095,
0022,
ff67,
ff0e,
ff37,
0003,
0004,
0003,
ffff,
fffd,
fffe,
0000,
0003,
0001,
ffff,
fffd,
fffe,
0000,
0004,
0008,
0008,
0005,
ffff,
fffa,
fff8,
fffb,
fffc,
0000,
ffff,
fffa,
ffff,
fffc,
0006,
0007,
0005,
000a,
ffeb,
0017,
ffcd,
0048,
ffa5,
007c,
0061,
1310,
1d9b,
0699,
f0e1,
dee7,
e8dc,
0977,
291c,
3767,
25a0,
fa9f,
e24c,
f752,
f549,
d40f,
d04f,
ded4,
e955,
f958,
070f,
07bd,
0fae,
1ae2,
1746,
15c9,
150c,
0b65,
0057,
fc3a,
f866,
f716,
fa33,
f831,
f7f5,
f86f,
f526,
f266,
f8d8,
00ba,
01f0,
0227,
022f,
0404,
04b1,
02fb,
015a,
01f5,
024a,
0022,
ff47,
ffcb,
0060,
ffa3,
fe1d,
fc5d,
fc11,
fe19,
0024,
019b,
01d9,
00b7,
ff14,
ff54,
0106,
01a5,
0118,
ffc2,
fec3,
fead,
ff12,
ff30,
ff33,
ff36,
fe9f,
fe69,
ff0e,
0023,
0136,
01a4,
0131,
004c,
ffbf,
ff93,
0005,
009a,
0074,
ffbe,
ff36,
ff4c,
ffe3,
0004,
0002,
ffff,
fffc,
fffd,
fffe,
0002,
0002,
ffff,
fffd,
fffc,
ffff,
0003,
0007,
0008,
0007,
0000,
fffb,
fff6,
fffa,
fffa,
ffff,
ffff,
fffd,
fffa,
ffff,
fffc,
0010,
fff9,
0019,
ffdc,
0023,
ffc1,
0049,
ffab,
0078,
ff81,
0c7d,
2140,
1076,
f480,
de1b,
e05a,
0078,
2441,
3c75,
2ff9,
055c,
e280,
ed7f,
f881,
da40,
ca78,
d94b,
e8be,
f50a,
043a,
0a72,
0d65,
18d8,
1a85,
1651,
14f5,
0f5b,
0365,
fc60,
f9f4,
f668,
f839,
f8f2,
f875,
f814,
f560,
f1b5,
f5d1,
ff96,
0245,
0244,
0222,
026f,
043d,
048f,
01b3,
00a4,
02cf,
01c3,
0001,
004d,
00a7,
fff3,
fedc,
fd0c,
fb9b,
fd73,
ffe8,
0144,
01c8,
00fd,
ff28,
fe7b,
ffef,
0121,
013b,
0032,
fee1,
fe85,
ff1d,
ffb7,
ffbd,
ffba,
ff4c,
fec8,
fee9,
ffbe,
00f1,
01a0,
0136,
ffe2,
ff08,
ff0e,
ff99,
004e,
0086,
0011,
ff6c,
ff6c,
0003,
00c7,
0003,
0000,
fffd,
fffb,
fffd,
0001,
0003,
0001,
fffd,
fffb,
fffd,
0002,
0006,
0008,
0009,
0002,
fffc,
fff6,
fff8,
fff9,
fffe,
fffe,
0000,
fff7,
0000,
fff8,
0011,
fff9,
0018,
ffe6,
0013,
ffdb,
001c,
ffe8,
0023,
ffbe,
05db,
1f02,
1c2d,
fc52,
df75,
d8f5,
f5b0,
1b95,
3b4b,
3b1b,
1437,
e883,
e540,
f69c,
e242,
c8f9,
d0a1,
e419,
f3a2,
0154,
097c,
0d45,
17ad,
1b48,
17db,
156f,
10e8,
0750,
fe20,
faa0,
f6ea,
f748,
f850,
f8f2,
f85e,
f501,
f1fc,
f407,
fd54,
0203,
0270,
01f8,
00eb,
02ed,
0537,
0271,
ffec,
031f,
03d0,
013b,
007a,
00d3,
0055,
ff71,
fdb2,
fb7d,
fc78,
ff15,
0114,
022a,
0192,
ff74,
fde9,
fed9,
0071,
011b,
006e,
ff15,
fe63,
fed3,
ffd5,
003b,
0043,
0000,
ff5f,
ff11,
ffa6,
00e1,
018d,
0110,
ffad,
fe95,
fe75,
ff07,
ffe1,
0058,
0029,
ff9f,
ff87,
0003,
00d1,
0167,
0002,
fffe,
fffc,
fffd,
0001,
0004,
0002,
ffff,
fffc,
fffe,
0001,
0007,
0009,
000a,
0005,
ffff,
fff8,
fff8,
fffa,
fffd,
0000,
0002,
fffa,
ffff,
fffa,
000b,
0004,
000c,
ffff,
fff6,
0003,
ffe6,
0028,
ffcd,
0041,
0160,
1733,
24c7,
098c,
e483,
d386,
e9fb,
104f,
3533,
4178,
232d,
f734,
e27d,
efd6,
ea06,
cc5c,
c86c,
dbf0,
eee6,
fe0c,
0a6a,
0c16,
1464,
1e19,
1a22,
14e0,
124a,
0b12,
fff3,
fc11,
f81d,
f5da,
f82f,
f912,
f7bc,
f551,
f374,
f2d7,
fac1,
01ad,
0210,
0189,
002f,
0144,
03bb,
02c5,
0073,
03a0,
0602,
02cc,
00b5,
00ed,
00d9,
fff3,
fe47,
fb8f,
fb30,
fdcf,
0099,
027e,
023f,
0019,
fdfc,
fe3c,
ffec,
00d3,
0066,
ff1d,
fe63,
fe90,
ff80,
0054,
00b0,
00a7,
fff6,
ff6d,
ffbe,
00d0,
016e,
0104,
ffce,
fe7f,
fe02,
fe67,
ff59,
0012,
0027,
ffa8,
ff64,
ffe7,
00e2,
01b7,
01b9,
fffe,
fffb,
fffc,
ffff,
0002,
0002,
ffff,
fffc,
fffc,
ffff,
0004,
0008,
0009,
0007,
ffff,
fff9,
fff5,
fff9,
fffc,
ffff,
0001,
fffe,
fffb,
fffe,
0001,
000e,
ffff,
0011,
ffe6,
0014,
ffd2,
0033,
ffbf,
005b,
ffad,
0d06,
25c0,
1983,
efed,
d1a5,
ddd6,
03d2,
29e5,
4338,
304a,
05de,
ea67,
eb03,
ec04,
d4b2,
c509,
d0c6,
e7ae,
f80d,
06a7,
0ec0,
1245,
1b7a,
1ede,
1875,
10f0,
0d98,
047c,
fc60,
f98a,
f644,
f686,
f81b,
f7bc,
f567,
f4db,
f3e9,
f829,
0050,
022f,
00a9,
ff7c,
00b6,
00e7,
0090,
0215,
0532,
073a,
04a6,
01a7,
00c6,
017e,
010f,
fe97,
fb9a,
fa29,
fc15,
ff6d,
0248,
0298,
00de,
fecc,
fe4d,
ffd0,
00cb,
0055,
ff00,
fe50,
fe61,
fefe,
fff9,
00bd,
0125,
0098,
ffd9,
ffcd,
0091,
014b,
012c,
0034,
febb,
fdd0,
fde1,
feca,
ffcb,
001d,
ffa2,
ff2c,
ffaf,
00d0,
01cd,
01fc,
0165,
fffc,
fffb,
fffe,
0002,
0003,
0002,
ffff,
fffd,
fffd,
0001,
0007,
000a,
0009,
0003,
fffb,
fff6,
fff7,
fffa,
ffff,
ffff,
0000,
fff9,
fffe,
fffd,
000f,
ffff,
0010,
ffef,
0007,
ffea,
000a,
fff6,
000d,
ffd1,
048c,
1e37,
262b,
0207,
d6ac,
d262,
f646,
1c6f,
3d38,
3b1c,
14ec,
f4e1,
ec1c,
ee33,
dc49,
c6fb,
c8dc,
dcd5,
f05c,
ffaf,
0bdc,
1203,
1b07,
1fcd,
1cb2,
1503,
0e54,
076b,
ffb6,
faf4,
f61f,
f5ea,
f613,
f563,
f68e,
f693,
f4d1,
f746,
fed0,
0180,
005b,
ff37,
ff8a,
feb4,
fe1d,
01fa,
06a3,
08b8,
061c,
02df,
0169,
01ea,
024f,
ff84,
fbe0,
f982,
fa57,
fd5e,
00ef,
0294,
0181,
ffc2,
feed,
0019,
0135,
00ce,
ff3d,
fe39,
fe23,
fe63,
ff52,
0076,
0152,
010c,
0030,
ffc2,
0036,
0122,
015f,
00b3,
ff3c,
fdf0,
fd97,
fe56,
ff7b,
0001,
ffb7,
ff3d,
ff88,
0076,
0182,
0204,
01ad,
00cc,
fffb,
fffd,
0000,
0003,
0002,
0000,
fffe,
fffd,
0000,
0005,
0009,
000a,
0005,
fffe,
fff7,
fff5,
fff9,
fffc,
0000,
0002,
fffc,
fffb,
fffd,
0007,
000a,
0004,
0007,
ffee,
000b,
ffe0,
0026,
ffcc,
0040,
0043,
118d,
299b,
16fe,
e559,
cb91,
e645,
0f05,
315b,
3f9d,
233c,
016c,
f20c,
efc3,
e4de,
ce20,
c427,
d250,
e7f5,
f672,
04fd,
0e75,
175b,
217f,
2261,
18c6,
10e8,
0c3d,
0291,
fd25,
f88e,
f438,
f33c,
f32f,
f572,
f761,
f73b,
f719,
fcbb,
011b,
0086,
ff78,
fe2d,
fc53,
fc74,
0192,
06c9,
0949,
079b,
040c,
026b,
02be,
033a,
00d2,
fcff,
f98c,
f8d2,
fb20,
fea4,
0155,
019a,
00bb,
ffc3,
0065,
01d1,
01da,
0044,
feac,
fe0d,
fdbf,
fe7f,
ffeb,
0112,
0130,
0054,
ffa3,
ffde,
00d6,
0158,
0122,
fff3,
fe58,
fd9e,
fe14,
ff1b,
ffcc,
fff5,
ff9b,
ff82,
0015,
0108,
01ca,
01be,
0105,
0027,
fffc,
fffe,
0002,
0003,
0001,
ffff,
fffd,
ffff,
0003,
0008,
0009,
0007,
0000,
fffb,
fff5,
fff9,
fffc,
ffff,
0000,
ffff,
fff9,
fffe,
ffff,
0010,
0000,
000f,
ffee,
0007,
ffea,
000f,
fff0,
0016,
ffbf,
05d2,
2157,
27ad,
fd09,
cf31,
d520,
ffab,
237b,
3c7f,
2f84,
0d36,
fabc,
f520,
ec67,
d712,
c6bb,
c968,
dd63,
ef22,
fbde,
071e,
1117,
1d3c,
2504,
2208,
1575,
0e2f,
08dd,
01b0,
fb51,
f4c9,
f095,
ef3d,
f39f,
f706,
f7b7,
f844,
fb66,
ff47,
00a3,
016b,
fdcc,
f97f,
fabe,
0104,
06b6,
095c,
0890,
04ba,
0345,
03eb,
040f,
0257,
feac,
fa4e,
f7fe,
f966,
fc41,
ff22,
007d,
00a6,
00a0,
00fd,
022a,
02c6,
0202,
0024,
fe91,
fd97,
fdc1,
ff32,
0066,
00bb,
0036,
ffa3,
ff8b,
0039,
0118,
014c,
0092,
ff09,
fdf6,
fe03,
fed7,
ffb6,
0024,
fffd,
ffa5,
ffe4,
009c,
016e,
01ad,
011e,
003b,
ffb7,
fffe,
0000,
0001,
0001,
0000,
fffe,
fffe,
0000,
0006,
0009,
0008,
0003,
fffd,
fff9,
fff7,
fffb,
fffd,
ffff,
0000,
fffc,
fffa,
fffe,
0006,
000b,
0000,
0008,
ffe9,
0010,
ffdc,
002d,
ffc2,
0049,
0014,
1146,
2b9c,
183e,
e192,
c980,
eb82,
14a5,
3269,
3822,
1969,
0226,
fbd5,
f5c9,
e31d,
cd7a,
c4db,
d241,
e71f,
f3c7,
ff60,
0862,
1445,
2148,
2681,
1e84,
13c7,
0d5d,
0670,
024c,
f951,
ee95,
ebb5,
f05a,
f511,
f705,
f8c5,
f9d8,
fd26,
ffe0,
0251,
002d,
f8d7,
f7c4,
ff0f,
0703,
098d,
092f,
0606,
034e,
040f,
04fb,
0433,
0094,
fbc8,
f807,
f807,
fa8d,
fd18,
feb7,
ff2e,
003a,
0158,
0293,
0374,
035f,
022a,
0028,
fe5d,
fd92,
fe9f,
ffa3,
ffda,
ffc4,
ff7b,
ff3a,
ff7e,
0085,
0123,
00e7,
ffba,
fe73,
fe28,
fec8,
ffc5,
0060,
0058,
ffd5,
ffc6,
005e,
011b,
018b,
012e,
0049,
ff88,
ff83,
ffff,
0002,
0002,
0000,
ffff,
fffd,
ffff,
0003,
0007,
0008,
0006,
0000,
fffb,
fff6,
fff9,
fffc,
fffe,
ffff,
ffff,
fff8,
fffe,
fffe,
000f,
0000,
000b,
fff4,
ffff,
fff9,
fffb,
000c,
ffe8,
fffc,
0370,
1ee5,
2b77,
011b,
ce2c,
d419,
027f,
23d2,
3862,
2890,
095d,
004a,
fe5e,
f10e,
da2b,
c923,
c72e,
daba,
ed98,
f7ce,
00ae,
0a5b,
1768,
235c,
257a,
1a89,
12d8,
0db6,
07c4,
010c,
f3bb,
e9f1,
eb4e,
f28d,
f5a1,
f70e,
f8f4,
fa3e,
fd29,
01c8,
02da,
fad2,
f66a,
fc03,
04f4,
0a46,
0a7d,
07a3,
03ef,
03f9,
04cc,
04f9,
0324,
fe15,
f910,
f734,
f8e9,
fb54,
fd63,
fdc9,
fe5e,
005a,
024c,
03d0,
046d,
040e,
0239,
0018,
fe8a,
fe73,
ff34,
ff38,
ff19,
fef8,
fecb,
feb9,
ff80,
00a4,
00f5,
0046,
fef8,
fe58,
fed1,
ffe4,
00ac,
00c4,
0051,
ffd7,
0010,
00bb,
0168,
0159,
0077,
ff75,
ff12,
ff75,
0000,
0002,
0001,
ffff,
fffd,
fffd,
0000,
0004,
0007,
0006,
0002,
fffc,
fffa,
fff8,
fffb,
fffc,
ffff,
fffe,
fffe,
fff7,
0001,
0001,
0012,
fff8,
0011,
ffe1,
0018,
ffd8,
002c,
ffca,
0040,
ff8f,
0a66,
2998,
21a6,
e9af,
c79c,
e709,
13fe,
2da4,
3427,
172b,
025c,
02fc,
fe29,
e9a7,
d4d0,
c80b,
cc52,
e1a1,
f0b8,
fa3a,
0206,
0c84,
19d5,
2450,
2214,
1775,
129a,
0ee9,
0a61,
fcdb,
ed2f,
e9ea,
ee8d,
f389,
f56b,
f6fc,
f746,
f95d,
feb7,
02b6,
fe89,
f729,
f95f,
01f4,
0931,
0b90,
0a3b,
0614,
03e4,
04de,
04e6,
042b,
00c1,
fb7d,
f7b1,
f788,
f96b,
fba1,
fd2e,
fd22,
fe46,
00a4,
02fb,
04ac,
0567,
0481,
023a,
004d,
ff38,
ff48,
ff44,
fed1,
fe79,
fe32,
fdf7,
fe40,
ff85,
008c,
0086,
ff8c,
fe9b,
febe,
ffbd,
00d6,
0146,
0106,
0057,
0008,
0065,
00fb,
015e,
00e4,
ffc4,
fed3,
fecf,
ff73,
0003,
0003,
0001,
ffff,
fffd,
fffe,
0001,
0006,
0008,
0005,
0001,
fffc,
fffa,
fffa,
fffd,
fffe,
0000,
ffff,
fffb,
fff9,
0001,
0008,
000d,
fffb,
000b,
ffe3,
001d,
ffd1,
0040,
ffa8,
006a,
ffde,
134c,
2ea2,
126e,
d781,
cc24,
f9f5,
1fb3,
3208,
296d,
0a13,
0222,
065f,
fa85,
e37b,
d257,
c896,
d2b5,
e6b3,
f1ec,
fa80,
0387,
0ed1,
1b9f,
2446,
1e1c,
1555,
130d,
10dc,
096b,
f7a9,
eb76,
ec29,
f20b,
f4ac,
f4a7,
f564,
f50b,
f990,
fff1,
ffb7,
f94f,
f801,
fed0,
0690,
0b8f,
0c08,
0972,
05f0,
0506,
0515,
0477,
02a0,
fe16,
f987,
f74f,
f7f6,
f98c,
fb91,
fccd,
fd0a,
fe8c,
00de,
035b,
0562,
062c,
04b4,
025a,
00cd,
000b,
ffe0,
ff4d,
fe87,
fde3,
fd67,
fd1f,
fde3,
ff77,
002d,
ffd6,
ff12,
fec8,
ff5c,
008c,
0186,
01b8,
0145,
0081,
0047,
00ad,
0125,
011b,
0048,
ff1f,
fe72,
feb7,
ff77,
0004,
0003,
0001,
fffe,
fffc,
fffd,
0002,
0006,
0006,
0004,
fffe,
fffb,
fff8,
fffb,
fffd,
fffe,
fffe,
ffff,
fff8,
fffd,
0000,
000d,
0003,
0004,
fffc,
fff3,
000c,
ffe5,
002b,
ffbc,
0043,
0147,
1b91,
2e55,
02b6,
ccea,
d678,
08a9,
26c5,
3161,
1d37,
02a7,
059e,
086d,
f58e,
e016,
d11b,
c9f0,
d903,
e9fb,
f1ee,
fa35,
03f8,
1026,
1db2,
2362,
1abc,
148f,
1406,
1127,
054b,
f472,
edda,
efd4,
f449,
f534,
f42b,
f2de,
f3cd,
faa6,
fdd5,
fa6e,
f761,
fb69,
0317,
09a2,
0cf5,
0be2,
096a,
0713,
05f5,
04fa,
03c6,
00b8,
fc06,
f869,
f6e1,
f7f8,
f9b7,
fb65,
fc54,
fd37,
fedc,
00fc,
03c4,
05ef,
067a,
04ce,
02aa,
0164,
00e0,
0068,
ff5f,
fe50,
fd53,
fc9f,
fc8c,
fdac,
ff0f,
ff86,
ff48,
fee7,
ff19,
fff7,
012f,
0203,
0213,
017d,
00bb,
008f,
00e6,
0135,
00ce,
ffad,
fe8f,
fe39,
feb5,
ff72,
0004,
0003,
0001,
ffff,
fffd,
0000,
0002,
0006,
0006,
0002,
fffe,
fffc,
fffa,
fffd,
fffe,
ffff,
fffe,
ffff,
fff6,
0001,
ffff,
0012,
fffc,
000d,
ffee,
0005,
fff7,
0001,
0007,
ffeb,
fff5,
034d,
218b,
2af8,
f5e6,
c8d4,
e18b,
12a7,
2a40,
2d6f,
12da,
ffb8,
0a33,
090a,
f189,
df11,
d053,
cb8e,
de2b,
ebe8,
f136,
fa00,
03cb,
0fb3,
1f35,
22d6,
186c,
14fa,
151b,
0eb0,
00dd,
f45d,
f0fd,
f3a0,
f67a,
f4ca,
f33e,
f1bd,
f42d,
f9fa,
f945,
f63d,
f7ea,
fecd,
057f,
0b56,
0deb,
0bfb,
09fb,
086c,
06df,
04e5,
02ff,
ff32,
fab3,
f79d,
f64f,
f7a0,
f9ca,
fb56,
fbdb,
fd3a,
ff0e,
013e,
0440,
0644,
065e,
04d1,
033e,
0203,
017f,
00f7,
ff9e,
fe1d,
fcce,
fc12,
fc37,
fd60,
fe69,
fed6,
fee8,
fedd,
ff54,
0071,
01b9,
0264,
0257,
01aa,
00fb,
00e9,
0120,
012b,
0081,
ff3a,
fe21,
fe00,
fea7,
ff6f,
0004,
0002,
0000,
fffe,
fffd,
ffff,
0002,
0006,
0004,
0001,
fffc,
fffc,
fffa,
fffd,
fffe,
ffff,
fffd,
ffff,
fff6,
0002,
fffe,
0013,
fff7,
0010,
ffe6,
000f,
ffe9,
0014,
ffed,
000e,
ffba,
04dc,
2495,
2769,
ee16,
c885,
e9b8,
189a,
2b35,
287b,
0bc6,
ff58,
0e1a,
093e,
efb2,
dfa9,
d01c,
ccbd,
e151,
ece7,
f06c,
f998,
033f,
0e6f,
1ede,
226a,
17ff,
15e4,
156f,
0b63,
fe04,
f60f,
f3bc,
f62d,
f88c,
f4d6,
f1d6,
f1fb,
f597,
f758,
f497,
f454,
f8cb,
0080,
06ba,
0c15,
0e4d,
0cbd,
0ac7,
0941,
07f5,
054a,
026a,
fe4e,
fa08,
f6e7,
f5ba,
f726,
f98d,
fb44,
fb86,
fced,
ff0f,
01b0,
04a1,
064a,
0623,
04dd,
03d2,
0298,
0202,
0178,
0005,
fe1c,
fc7b,
fbb4,
fbec,
fd02,
fdcd,
fe42,
fe8d,
febf,
ff70,
00c6,
0221,
02b3,
0282,
01ce,
0148,
014e,
015b,
011e,
0044,
feee,
fdde,
fdcc,
fe84,
ff60,
0004,
0002,
0000,
fffe,
fffd,
ffff,
0002,
0005,
0003,
0001,
fffc,
fffc,
fffa,
fffe,
fffe,
ffff,
fffd,
ffff,
fff6,
0003,
ffff,
0013,
fff6,
0011,
ffe5,
0013,
ffe7,
001a,
ffe5,
0018,
ffa7,
0541,
24f5,
2557,
eb78,
c9dc,
edea,
1b5e,
2a9b,
23e0,
07b2,
fffc,
10dc,
0a09,
effe,
e16b,
d105,
cd4b,
e21e,
ed3a,
efcc,
f8c2,
024d,
0ce3,
1d45,
2150,
188e,
172e,
150c,
090b,
fd4d,
f7d1,
f5cb,
f806,
f9b4,
f531,
f18b,
f2c5,
f636,
f4bd,
f194,
f37e,
f8f6,
008e,
06f3,
0c4c,
0e55,
0d86,
0ba5,
09c5,
08ec,
063e,
0275,
fdff,
f9e3,
f677,
f52e,
f6a6,
f915,
faf0,
fb3e,
fc88,
fedc,
0203,
04d7,
061e,
05f4,
0500,
0434,
0313,
028f,
01f6,
007b,
fe5a,
fc65,
fb74,
fba4,
fca7,
fd57,
fdcf,
fe22,
fe72,
ff66,
00f7,
0261,
02e7,
02a9,
01f7,
0198,
01ae,
0196,
0123,
001f,
febf,
fdb8,
fdb0,
fe5f,
ff39,
0004,
0003,
0000,
fffe,
fffd,
ffff,
0001,
0005,
0003,
0000,
fffd,
fffc,
fffa,
fffe,
fffe,
ffff,
fffd,
ffff,
fff5,
0003,
0000,
0012,
fff6,
000e,
ffe8,
000f,
ffed,
0010,
ffef,
0009,
ffbf,
0457,
22f1,
255a,
ed99,
cbbc,
ee04,
1b88,
294c,
2059,
061c,
00b0,
126e,
0bdf,
f1f8,
e3e2,
d365,
cd7a,
e086,
ecb9,
ef68,
f780,
011d,
0b25,
1b03,
203e,
18f7,
17de,
14ee,
0859,
fdfb,
f95c,
f72a,
f95d,
fa38,
f511,
f238,
f442,
f5a2,
f2cf,
f0d3,
f314,
f84e,
ffbc,
0636,
0bd2,
0e65,
0dfd,
0c25,
0a52,
09a1,
073b,
033c,
fe69,
fa14,
f663,
f4cd,
f61a,
f87d,
fa66,
fadd,
fc1a,
fe9f,
0207,
04c6,
05f8,
05ea,
0525,
0472,
0371,
030b,
0281,
00f5,
fea5,
fc7c,
fb5e,
fb66,
fc56,
fd0b,
fd74,
fdb4,
fe18,
ff31,
00f2,
0281,
030a,
02cf,
0231,
01df,
01f5,
01ce,
0138,
0019,
feb2,
fda9,
fda0,
fe46,
ff07,
0004,
0002,
0000,
fffe,
fffd,
fffe,
0001,
0004,
0003,
0000,
fffd,
fffc,
fffb,
fffd,
fffe,
ffff,
fffe,
ffff,
fff6,
0001,
0000,
0010,
fffa,
0008,
fff1,
0004,
fffc,
fffc,
000a,
ffe5,
fffe,
027d,
1e7d,
270d,
f434,
ce48,
ea45,
18d8,
27e0,
1e54,
069e,
00ef,
12a3,
0edc,
f57b,
e6cc,
d73c,
ce09,
dd06,
eaed,
ef09,
f5f8,
ffab,
093d,
1829,
1f49,
198f,
1767,
14fd,
09ce,
ff43,
fa80,
f883,
fa3a,
fa3b,
f509,
f2dc,
f575,
f55d,
f1d2,
f100,
f326,
f75b,
fe45,
04dd,
0ab4,
0e27,
0e39,
0c56,
0ac1,
0a2e,
081a,
046c,
ff7d,
fab6,
f6ba,
f4b0,
f58a,
f7d1,
f9c7,
fa5c,
fb92,
fe4f,
01d0,
046e,
05c4,
060a,
0553,
0495,
03c9,
0376,
02f2,
0171,
ff05,
fcac,
fb6b,
fb43,
fc10,
fcce,
fd31,
fd56,
fdbd,
fee3,
00af,
0271,
032b,
0300,
026f,
021f,
021f,
01f5,
015a,
0031,
fec6,
fdb5,
fd97,
fe24,
fed8,
0005,
0003,
0002,
ffff,
fffd,
fffe,
0001,
0005,
0004,
0001,
fffe,
fffe,
fffd,
fffe,
ffff,
ffff,
ffff,
0000,
fff8,
ffff,
0002,
000d,
0003,
0000,
fffd,
fff4,
0010,
ffe5,
0029,
ffbe,
0049,
0086,
1777,
28b3,
ff0c,
d2ee,
e3de,
128a,
2609,
1d98,
08e1,
0125,
1125,
1280,
fab6,
ea29,
dc45,
cff7,
d8d3,
e763,
ee25,
f420,
fdd0,
0732,
14aa,
1df8,
1a4c,
16af,
14bb,
0c81,
0188,
fb65,
f9d8,
fb30,
fa15,
f522,
f381,
f599,
f54f,
f242,
f15b,
f32a,
f6cf,
fc9f,
02f8,
093d,
0d60,
0dfb,
0c8d,
0b15,
0a65,
08cf,
05b8,
00f4,
fbeb,
f79e,
f4e2,
f518,
f72b,
f925,
f9cc,
faf9,
fdc2,
0141,
03f9,
0573,
0615,
0596,
04ca,
0412,
03ce,
034d,
01d8,
ff87,
fd0c,
fb92,
fb33,
fbd6,
fc91,
fd01,
fd20,
fd67,
fe7d,
0044,
022e,
0330,
0335,
02b3,
0250,
0239,
020b,
0185,
0068,
fefc,
fddc,
fd97,
fdfc,
fe9f,
0005,
0003,
0001,
ffff,
fffd,
fffe,
0000,
0003,
0004,
0001,
fffe,
fffd,
fffd,
fffc,
ffff,
fffd,
ffff,
ffff,
fffc,
fffb,
0004,
0006,
000a,
fff7,
000a,
ffe6,
001c,
ffd7,
0035,
ffb1,
0064,
ff6c,
0e92,
277f,
0d12,
dbb2,
dce2,
080b,
22b3,
1dbf,
0c59,
026a,
0e02,
1569,
01e1,
ee2e,
e1c7,
d3dd,
d558,
e230,
ec10,
f204,
fb3c,
052d,
10b6,
1bd1,
1afc,
1653,
147e,
0f5a,
04a5,
fc9b,
fae5,
fc07,
fa78,
f580,
f3de,
f53c,
f4fe,
f338,
f24b,
f328,
f629,
fb49,
00ff,
074d,
0c2d,
0d54,
0c8e,
0b72,
0a89,
0920,
06cb,
02a4,
fd92,
f907,
f588,
f4dc,
f68c,
f88b,
f94a,
fa53,
fd02,
005b,
034b,
051b,
0609,
05cb,
051c,
046c,
0402,
0390,
022f,
000c,
fd9c,
fbe5,
fb29,
fb93,
fc5d,
fcdb,
fd12,
fd37,
fe0b,
ffba,
01ca,
030c,
034c,
02f6,
027d,
024a,
021e,
01ac,
00b0,
ff52,
fe19,
fd9a,
fddc,
fe69,
0005,
0004,
0002,
0000,
ffff,
fffe,
0000,
0002,
0004,
0002,
0000,
fffe,
fffe,
fffd,
ffff,
fffe,
0000,
fffd,
fffe,
fff8,
0004,
0001,
000f,
fff6,
000e,
ffea,
0014,
ffe6,
001c,
ffdb,
002b,
ff8e,
0627,
20e2,
1aa7,
ea40,
d8f9,
fa80,
1c08,
1db4,
1011,
0596,
0a9f,
15b9,
0a36,
f3a0,
e6f9,
d9d4,
d442,
dc91,
e851,
ef88,
f7c9,
02e8,
0ce2,
1854,
1b20,
1667,
143b,
11df,
088f,
fe62,
fbdc,
fcad,
fb24,
f6af,
f440,
f499,
f483,
f3e1,
f349,
f3bd,
f5a0,
f9c4,
ff4e,
0548,
0a70,
0c68,
0c6f,
0b96,
0aab,
0957,
074c,
042c,
ff92,
fad8,
f6b0,
f50e,
f615,
f7f0,
f8f4,
f9bc,
fc18,
ff44,
0250,
048e,
05f2,
0602,
0559,
04cc,
043a,
03af,
026f,
0090,
fe4b,
fc60,
fb46,
fb4b,
fc21,
fcc0,
fd17,
fd34,
fdba,
ff27,
0137,
02bb,
033a,
031d,
02a5,
025b,
022f,
01d3,
0100,
ffb8,
fe6a,
fdae,
fdc9,
fe42,
0004,
0004,
0002,
0001,
ffff,
fffe,
ffff,
0001,
0003,
0002,
0001,
ffff,
fffe,
fffc,
fffe,
fffe,
fffe,
fffd,
fffe,
fff8,
0000,
0001,
000b,
ffff,
0001,
fffd,
fff9,
0009,
ffed,
001a,
ffd1,
002c,
00d3,
1536,
227c,
fe17,
dbc5,
ec7f,
10fe,
1bff,
12fc,
0a23,
0931,
12d8,
11a6,
fbb3,
eb87,
e0d7,
d686,
d812,
e322,
ec5c,
f394,
ff90,
09a6,
13bd,
1a17,
16de,
13fa,
1377,
0d14,
018f,
fc9e,
fd2c,
fbcb,
f850,
f554,
f41f,
f3bb,
f423,
f3fe,
f449,
f5d3,
f85e,
fd44,
035f,
089a,
0b1e,
0c11,
0bb8,
0a96,
098e,
07a4,
0522,
0183,
fcfa,
f855,
f5bb,
f5f9,
f756,
f8a2,
f965,
fb29,
fe08,
011e,
03b9,
0594,
0643,
05ac,
0510,
0473,
03c4,
0298,
00fc,
ff07,
fcf7,
fb99,
fb29,
fbc9,
fc97,
fd25,
fd57,
fda5,
febe,
0080,
022c,
02fe,
0323,
02c3,
0263,
0235,
01f2,
0151,
002b,
fed9,
fde5,
fdc3,
fe1e,
0003,
0003,
0003,
0002,
0000,
fffe,
fffe,
ffff,
0001,
0003,
0002,
0000,
ffff,
fffe,
fffd,
ffff,
fffe,
ffff,
fffe,
fffc,
fffb,
0003,
0002,
000b,
fff7,
000c,
ffeb,
0016,
ffe1,
0025,
ffc8,
0047,
ff78,
08d6,
1fcd,
1240,
e881,
e2bf,
0224,
168f,
13d2,
0e6e,
0b48,
0ec9,
14da,
064a,
f0e1,
e726,
dc70,
d675,
dda5,
e840,
ef14,
fa6c,
069d,
0efa,
1704,
1745,
13dd,
13eb,
10ef,
0697,
fe6b,
fd5f,
fc50,
f9e9,
f730,
f465,
f305,
f3c8,
f46b,
f476,
f629,
f7df,
fb14,
00fb,
06b5,
09d9,
0b3d,
0ba9,
0a94,
0994,
0811,
05c6,
02f4,
ff14,
fa7c,
f702,
f651,
f704,
f82b,
f92b,
fa74,
fcd4,
ffc0,
029b,
04c8,
062a,
0621,
055d,
0493,
03c3,
02bb,
0153,
ffb7,
fdba,
fc25,
fb54,
fb7d,
fc46,
fd13,
fd8d,
fdc4,
fe85,
ffd9,
0163,
027d,
02f0,
02d2,
026b,
0225,
01ed,
0190,
00b7,
ff7b,
fe51,
fdca,
fdef,
0001,
0002,
0002,
0002,
0001,
ffff,
fffd,
ffff,
0000,
0002,
0002,
0002,
ffff,
ffff,
fffe,
fffe,
fffd,
fffe,
fffe,
ffff,
fff9,
0000,
0000,
0009,
fffd,
0003,
fffb,
ffff,
0000,
fff7,
000b,
ffe6,
0010,
0130,
13be,
1df9,
fdd6,
e29f,
f2a1,
0ca9,
11b3,
1034,
0fc5,
0d5f,
12c4,
100a,
f9cf,
ebaf,
e432,
d937,
d940,
e378,
eacd,
f3c3,
0238,
0b58,
120c,
1668,
1452,
1375,
1331,
0c35,
0249,
fe16,
fc9d,
fad4,
f95d,
f5db,
f2d0,
f32a,
f473,
f481,
f600,
f804,
f9a1,
fe49,
0449,
086f,
0a6d,
0b38,
0a8d,
0980,
087d,
065b,
03de,
00c0,
fcc6,
f8f7,
f719,
f712,
f7c9,
f8db,
f9fb,
fbe9,
fe77,
0143,
03b9,
0586,
0653,
05d6,
04d3,
03b5,
02b4,
018e,
0045,
fe97,
fcdc,
fbc4,
fb70,
fbef,
fcd3,
fda5,
fe0c,
fe83,
ff70,
00a4,
01cf,
0286,
02b2,
026b,
0213,
01db,
01a3,
0127,
0031,
fefa,
fe0c,
fdda,
0000,
0002,
0003,
0002,
0002,
0001,
ffff,
fffe,
ffff,
0000,
0003,
0003,
0002,
0000,
ffff,
fffe,
fffe,
fffe,
fffe,
fffe,
fffe,
fffb,
0002,
0001,
0009,
fffa,
000a,
fff0,
000e,
ffe9,
0018,
ffdb,
0030,
ff99,
0677,
1ab7,
1349,
f015,
e877,
fee2,
0c1e,
0df2,
12d7,
10e8,
0f04,
13be,
0671,
f157,
ea46,
e0be,
d813,
de55,
e718,
ed22,
facf,
0825,
0d46,
12a3,
14e8,
131a,
1362,
10e1,
07de,
0068,
fda5,
fb45,
fa7a,
f86a,
f3d5,
f276,
f425,
f4a6,
f535,
f7d3,
f953,
fbf2,
016e,
064f,
0963,
0abb,
0a86,
0957,
089a,
0722,
048c,
01e8,
fece,
fb5c,
f882,
f770,
f7a1,
f884,
f9b4,
fb34,
fd66,
fff1,
0278,
046d,
05da,
0625,
0545,
03e9,
02a2,
01ae,
00ad,
ff5e,
fdb3,
fc6a,
fbbe,
fbc3,
fc83,
fd78,
fe2b,
fe9e,
ff47,
0022,
011f,
01f1,
024a,
0247,
0210,
01d8,
0197,
0140,
00a7,
ffbf,
fec2,
fe18,
0000,
0000,
0002,
0002,
0001,
0001,
ffff,
fffe,
fffd,
fffe,
0001,
0002,
0002,
0001,
0000,
fffe,
fffc,
fffd,
fffd,
fffd,
fffe,
fffa,
fffd,
0000,
0004,
0001,
ffff,
0002,
fff6,
0007,
ffee,
0012,
ffdf,
0025,
0038,
0d08,
1b60,
06af,
eb7e,
f18e,
02de,
086f,
1030,
164e,
0ffd,
10e2,
1069,
fc52,
ee29,
e943,
dcf5,
da1b,
e344,
e89f,
f17c,
0238,
0a83,
0d02,
12ee,
13dc,
1267,
12f1,
0df5,
0476,
ffa1,
fce1,
fa90,
fa1c,
f673,
f2ad,
f35b,
f4fc,
f4c0,
f65e,
f946,
fae8,
fe99,
0397,
0789,
09ed,
0a7f,
098f,
0861,
077e,
056b,
02cf,
0053,
fd94,
fa9d,
f85c,
f7b8,
f836,
f96f,
face,
fc8d,
fed0,
0127,
0322,
04b5,
05da,
05a0,
045f,
02e0,
01c4,
0101,
ffee,
fe7e,
fd21,
fc58,
fbf7,
fc48,
fd29,
fdf8,
fe9f,
ff3d,
ffe6,
0090,
0157,
01d5,
01fe,
01ff,
01cc,
0180,
0124,
00ca,
0046,
ff92,
fecd,
0002,
0001,
0002,
0002,
0002,
0002,
0001,
0000,
fffe,
fffe,
0000,
0002,
0003,
0003,
0002,
0001,
fffe,
fffe,
fffe,
fffe,
ffff,
0000,
fffc,
0000,
0001,
0006,
ffff,
0006,
fffc,
0000,
fffd,
fffe,
0000,
fffc,
ffed,
0253,
125c,
171b,
fd21,
ed59,
f795,
014b,
0817,
15d6,
16a6,
0ef8,
11ad,
0994,
f590,
ee41,
e6a8,
daeb,
de86,
e61c,
ea42,
f809,
0704,
095b,
0d2b,
137c,
128f,
1238,
1217,
0a7f,
0248,
ff74,
fc35,
fa55,
f8c8,
f49c,
f2fc,
f4b6,
f53f,
f508,
f7b0,
fa9b,
fcec,
00c9,
0503,
082c,
09ec,
0a07,
08c7,
0764,
05f6,
03bb,
0170,
ff5f,
fcde,
fa1a,
f861,
f82a,
f8f4,
fa72,
fc12,
fdee,
ffee,
01b9,
034d,
04c6,
0587,
04d7,
0377,
021c,
013f,
006c,
ff35,
fdde,
fcee,
fc7c,
fc58,
fcd9,
fda5,
fe68,
ff18,
ffbe,
004d,
00d7,
015e,
01a7,
01cb,
01b9,
016a,
0102,
00b4,
0080,
002e,
ffa5,
0003,
0001,
0000,
0000,
0001,
0001,
0002,
0001,
fffe,
fffd,
fffe,
ffff,
0002,
0004,
0003,
0002,
ffff,
fffd,
fffe,
fffe,
fffe,
ffff,
fffe,
fffc,
0000,
0000,
0006,
fffe,
0007,
fff6,
0005,
fff4,
0008,
fff2,
000e,
ffea,
054d,
151c,
10da,
f848,
f0d2,
f904,
ff49,
0c48,
1a3b,
147b,
0ecf,
0fe4,
027f,
f2fb,
ee4b,
e330,
dbe2,
e2bf,
e74b,
edcb,
fe65,
07ab,
07bb,
0e9f,
1339,
119c,
125f,
102f,
0753,
0159,
ff3d,
fbf2,
f9ad,
f6fd,
f3f7,
f40c,
f580,
f539,
f5e9,
f8fe,
fbee,
fed7,
029c,
05cf,
0809,
09b5,
09b5,
0804,
0635,
045e,
0222,
0081,
fef0,
fc6a,
f9cf,
f88c,
f8aa,
f9cb,
fb92,
fd3f,
fefa,
007d,
01cc,
0350,
04c2,
0511,
0418,
02d2,
01a6,
00c7,
ffd6,
fea6,
fd90,
fcf1,
fc9e,
fca7,
fd48,
fe1c,
feec,
ff97,
0013,
006c,
00df,
014f,
0194,
01aa,
0168,
00ee,
0096,
0083,
0079,
0038,
0003,
0003,
0002,
0001,
0001,
0002,
0002,
0002,
0000,
fffe,
fffe,
fffe,
0000,
0003,
0004,
0003,
0001,
ffff,
fffc,
fffe,
fffe,
ffff,
ffff,
fffe,
fffd,
0001,
0000,
0005,
fffe,
0008,
fff4,
0009,
ffee,
0013,
ffe6,
001b,
0046,
0849,
153e,
0b4b,
f6f3,
f2de,
f7ed,
ffe1,
1221,
1b64,
1212,
0e78,
0c45,
fda3,
f2b3,
ed0a,
e103,
dec9,
e575,
e89f,
f2a4,
0201,
05ec,
079d,
0ff0,
1274,
114d,
1206,
0db1,
052d,
010a,
ff1e,
fba7,
f88b,
f5ee,
f43c,
f4d2,
f5a0,
f5b2,
f73a,
fa2a,
fd31,
009b,
03d6,
05c9,
07b0,
0984,
0967,
073f,
04ee,
02c4,
00f7,
000b,
feb6,
fc3c,
f9b8,
f8ba,
f933,
fab0,
fc7c,
fe16,
ff88,
009c,
01e0,
037e,
04b6,
048f,
0389,
026c,
0150,
0045,
ff3a,
fe4f,
fd83,
fcea,
fca1,
fcf9,
fdca,
fea3,
ff66,
ffe0,
001b,
006d,
00ea,
0153,
0191,
0192,
0128,
00a2,
005f,
0055,
004d,
0002,
0003,
0004,
0001,
0001,
0001,
0001,
0002,
0001,
0000,
fffe,
fffe,
ffff,
0001,
0003,
0003,
0003,
0001,
fffe,
fffd,
fffe,
fffe,
ffff,
0000,
fffe,
fffe,
0000,
0001,
0005,
0000,
0005,
fff5,
0009,
ffed,
0016,
ffdf,
002d,
00f8,
0a7e,
13c5,
07b5,
f6e0,
f2f4,
f6e8,
02f3,
16b5,
1a67,
103d,
0d3e,
08a2,
fb2b,
f2bc,
eb4a,
e0ce,
e1dc,
e708,
eacd,
f6ee,
02cb,
044f,
0874,
1096,
11d5,
1120,
1100,
0b3b,
03f9,
0139,
fec7,
fadc,
f7e9,
f5ac,
f489,
f521,
f5b6,
f68b,
f8c3,
fb68,
fe48,
01fe,
0448,
054e,
0780,
096d,
08bd,
0648,
03e5,
019b,
0060,
ffd7,
fe67,
fc0c,
f9dd,
f8ed,
f97d,
fb58,
fd20,
fe92,
ffcd,
00d9,
0241,
03d2,
0496,
0413,
0336,
0220,
00d9,
ffae,
fec0,
fe10,
fd7c,
fd08,
fccc,
fd34,
fe10,
ff03,
ffc2,
0015,
002c,
0073,
00fe,
0176,
01b1,
0181,
00e9,
0053,
000b,
0011,
0001,
0003,
0003,
0003,
0001,
0000,
0001,
0001,
0001,
0000,
ffff,
fffe,
fffe,
ffff,
0001,
0003,
0004,
0002,
0001,
fffe,
fffd,
fffd,
fffe,
ffff,
0000,
fffe,
fffe,
fffe,
0003,
0001,
0003,
ffff,
fffb,
0002,
fff5,
0010,
ffe3,
0047,
01d2,
0baf,
11dc,
05b5,
f693,
f23e,
f746,
06d9,
191f,
1890,
0ea5,
0b7d,
05ec,
fa0b,
f279,
ea1e,
e209,
e45c,
e83e,
ed7f,
f9ba,
0230,
036a,
096f,
10e3,
1143,
10b7,
0f7f,
0937,
03bf,
018a,
fdd4,
fa16,
f807,
f5bb,
f49e,
f54a,
f612,
f781,
fa39,
fcbc,
ff55,
02a6,
0425,
04f4,
0763,
08fe,
07ca,
0575,
0354,
0139,
001b,
ff75,
fdea,
fbc3,
f9eb,
f909,
f9a9,
fba2,
fd99,
ff21,
0050,
015f,
02bb,
0407,
0467,
03bd,
02ce,
019c,
0045,
ff38,
fe87,
fdfb,
fd72,
fd09,
fce3,
fd5b,
fe4e,
ff4c,
0003,
005b,
0082,
00b0,
010b,
0174,
01a4,
0157,
00a7,
000b,
ffd2,
ffff,
0001,
0002,
0003,
0002,
0001,
0001,
0000,
0001,
0001,
0000,
ffff,
fffd,
fffe,
fffe,
0001,
0003,
0003,
0001,
0000,
fffd,
fffd,
fffd,
ffff,
0000,
0001,
fffc,
ffff,
fffd,
0005,
ffff,
0006,
fff9,
0000,
fff9,
0000,
0001,
fff6,
006d,
029c,
0bfe,
103d,
047c,
f5c5,
f1c5,
f8cb,
0a43,
19c9,
16ad,
0d19,
09b3,
042f,
f979,
f22a,
e9e4,
e3c7,
e617,
e998,
f014,
fb13,
0138,
032a,
0a6c,
10d5,
109d,
1012,
0dd0,
0802,
040f,
015a,
fcc7,
f99c,
f84d,
f5f2,
f4be,
f59a,
f69c,
f861,
fb74,
fe2b,
004c,
02a7,
03da,
04c3,
06eb,
0842,
071c,
050a,
0315,
0119,
ffe4,
feeb,
fd2d,
fb30,
f9ae,
f904,
f9e5,
fc1e,
fe47,
ffed,
010b,
01f4,
0320,
0410,
0410,
035d,
026e,
011d,
ffc9,
fed4,
fe39,
fdd4,
fd6e,
fd02,
fcec,
fd8d,
fe98,
ffac,
0075,
00be,
00b8,
00c2,
010a,
0169,
0191,
012b,
0066,
ffcf,
ffff,
ffff,
0001,
0002,
0003,
0002,
0001,
0000,
0000,
0000,
0001,
0000,
ffff,
fffd,
fffd,
ffff,
0001,
0003,
0003,
0001,
ffff,
fffd,
fffd,
fffd,
ffff,
ffff,
0000,
fffc,
fffe,
fffd,
0005,
fffe,
0007,
fff8,
0005,
fff4,
000a,
fff3,
0013,
009c,
033a,
0bd3,
0f01,
034f,
f4de,
f213,
faef,
0ca3,
194e,
14e2,
0b79,
0838,
0310,
f920,
f20e,
ea61,
e589,
e77f,
eb3d,
f22e,
fb93,
0060,
0364,
0b20,
105c,
0ff4,
0f18,
0c41,
0785,
0430,
00d8,
fc29,
f93e,
f856,
f68b,
f55a,
f5ef,
f72f,
f943,
fc76,
ff50,
0105,
0264,
0359,
04a4,
0682,
078c,
06ab,
04ce,
02d4,
00e4,
ff88,
fe2c,
fc56,
fa56,
f92a,
f951,
facb,
fd10,
ff1f,
00b4,
019e,
025e,
0340,
03e2,
03d7,
031d,
01e1,
005f,
ff39,
fe82,
fe17,
fdbd,
fd58,
fd0d,
fd37,
fe02,
ff0e,
0007,
00a3,
00cf,
00d2,
00e9,
0126,
015e,
014f,
00d7,
002b,
ffff,
ffff,
ffff,
0001,
0002,
0003,
0002,
0001,
0000,
0000,
0001,
0001,
0000,
ffff,
fffe,
fffd,
ffff,
0002,
0003,
0003,
0001,
0000,
fffe,
fffe,
fffe,
0000,
0001,
0000,
fffd,
fffe,
fffe,
0004,
ffff,
0005,
fff8,
0005,
fff5,
000c,
ffed,
0034,
00d1,
0397,
0b74,
0e06,
0207,
f444,
f306,
fd03,
0de7,
186f,
133b,
09e9,
073b,
0251,
f8dd,
f239,
eb4a,
e704,
e8c5,
ecdc,
f3aa,
fb9f,
ffe4,
03e8,
0b82,
0fd2,
0f39,
0dee,
0b33,
0752,
0406,
004a,
fb9d,
f8fa,
f849,
f748,
f65e,
f655,
f7a8,
fa2f,
fd6c,
ffe5,
015d,
0249,
02f9,
04a3,
0673,
06ec,
05ee,
0460,
026e,
0057,
fed7,
fd4f,
fb74,
f9cb,
f93d,
fa22,
fbf5,
fe05,
fff1,
0163,
0200,
0298,
035c,
03b6,
0365,
028b,
013f,
ffcc,
fecd,
fe31,
fdec,
fdc7,
fd85,
fd53,
fd94,
fe5d,
ff5d,
0049,
00cd,
00e8,
00e6,
00f3,
011b,
013c,
0118,
008f,
0000,
0000,
0000,
0001,
0002,
0003,
0004,
0003,
0001,
0001,
0002,
0002,
0001,
0001,
ffff,
fffe,
fffe,
0000,
0001,
0002,
0003,
0002,
0000,
fffe,
fffe,
ffff,
0000,
0001,
0000,
fffe,
fffe,
0000,
0003,
0001,
0003,
fffb,
0002,
fff8,
0009,
fff1,
0052,
0100,
03b5,
0b0b,
0d1c,
00d0,
f431,
f44f,
fe9c,
0e5d,
176a,
1195,
08ae,
06a1,
01b3,
f8c5,
f2bd,
ec51,
e851,
ea0c,
ee46,
f4a2,
fb89,
ffd0,
0477,
0b9a,
0f1e,
0e42,
0cf2,
0a9c,
070f,
039e,
ffae,
fb2b,
f8f8,
f895,
f803,
f73d,
f6ee,
f852,
fb0d,
fe09,
001d,
018a,
0251,
02db,
04a7,
0651,
0638,
04f4,
0373,
0195,
ff9c,
fe12,
fcb0,
fb55,
fa35,
f9e4,
facc,
fccb,
ff1d,
00fc,
01d7,
01f8,
026f,
0325,
0368,
02f3,
01ed,
009c,
ff5e,
fe87,
fe22,
fe0a,
fdda,
fd9a,
fd9d,
fe0a,
fec2,
ff9b,
006a,
00e0,
00f1,
00d4,
00d2,
00fd,
0121,
00fc,
ffff,
0000,
0001,
0000,
0001,
0002,
0004,
0004,
0003,
0001,
0001,
0001,
0001,
0001,
0001,
ffff,
fffe,
fffe,
0000,
0002,
0003,
0003,
0002,
0000,
fffe,
fffe,
0000,
0000,
0000,
0000,
ffff,
fffd,
0000,
0002,
0003,
0002,
fffe,
ffff,
fffc,
0004,
fffc,
006d,
0122,
03ad,
0aaa,
0c1f,
ffbd,
f499,
f5ad,
ffc1,
0e5f,
1632,
1002,
07d6,
0633,
0128,
f8e4,
f371,
ed63,
e9a2,
eb38,
ef64,
f552,
fb98,
fffd,
04e3,
0b54,
0e1f,
0d73,
0c5a,
0a09,
0696,
0314,
ff0c,
fb0f,
f96f,
f921,
f861,
f7b2,
f7e5,
f956,
fbc6,
fe5e,
0044,
019a,
0240,
02d8,
0452,
05af,
0567,
03d6,
0225,
0062,
ff04,
fe1a,
fcf7,
fbae,
fac5,
fabf,
fbc8,
fdc3,
ffd7,
012e,
01b4,
01e7,
0250,
02be,
02db,
0270,
0186,
004d,
ff21,
fe63,
fe1b,
fe17,
fe03,
fdec,
fe07,
fe59,
fef0,
ffbf,
007e,
00d0,
00d2,
00b7,
00b4,
00e9,
0120,
fffe,
0000,
0000,
0000,
0000,
0000,
0001,
0001,
0003,
0001,
0000,
0001,
0000,
0001,
0001,
0000,
fffe,
fffd,
fffe,
ffff,
0002,
0003,
0002,
0001,
ffff,
fffe,
fffd,
ffff,
ffff,
ffff,
ffff,
fffd,
fffe,
0001,
0002,
0002,
0000,
ffff,
fffe,
0000,
ffff,
0009,
0082,
0133,
0393,
0a48,
0b08,
fef5,
f555,
f6eb,
0084,
0e02,
14e5,
0eab,
0747,
05c8,
00b6,
f938,
f440,
ee8e,
ead7,
ec34,
f066,
f5fb,
fbc7,
0036,
0501,
0ab2,
0d4d,
0cf7,
0bac,
0944,
05ff,
0288,
feca,
fb55,
f9ee,
f997,
f899,
f808,
f934,
fad3,
fc4d,
fe6d,
0060,
0168,
01db,
0271,
036f,
047a,
0488,
02ea,
0106,
ffdd,
ff1c,
fe77,
fd9c,
fc7b,
fbac,
fbd0,
fc94,
fde8,
ffd3,
0140,
018a,
0191,
01fc,
0261,
0280,
021f,
0126,
0003,
ff08,
fe58,
fe34,
fe63,
fe59,
fe28,
fe33,
fe8e,
ff24,
ffd4,
005f,
00a0,
00b7,
00b3,
00b9,
00ef,
fffd,
fffe,
ffff,
0000,
ffff,
0000,
0001,
0002,
0002,
0003,
0002,
0000,
0000,
0000,
0000,
0000,
0000,
ffff,
fffe,
fffe,
0000,
0002,
0003,
0003,
0001,
0000,
fffe,
fffe,
ffff,
ffff,
0000,
ffff,
fffd,
fffe,
0000,
0002,
0001,
0001,
ffff,
fffe,
0001,
ffff,
0016,
0094,
0138,
037e,
09ea,
09e5,
fe64,
f62b,
f815,
010c,
0d85,
13a4,
0d74,
06cf,
0564,
0071,
f999,
f520,
efaf,
ebd8,
ed35,
f16a,
f697,
fc03,
0069,
04f2,
0a29,
0ccd,
0c4d,
0ab1,
0890,
0595,
0221,
fe9f,
fba8,
fa5b,
f9ca,
f91c,
f92f,
fa76,
fbd3,
fcb5,
fe66,
0039,
00c1,
00b6,
014c,
0275,
0363,
03aa,
02c4,
0122,
fff6,
ff82,
ff15,
fe5b,
fd65,
fc6e,
fc1c,
fcc7,
fe37,
ffbc,
00b0,
010a,
0169,
01f5,
0234,
020f,
019c,
00e7,
fff6,
ff0c,
fe8c,
fe7b,
fe92,
fe85,
fe71,
fe78,
feab,
ff16,
ffb1,
004a,
009f,
00b1,
00aa,
00c4,
fffc,
fffd,
ffff,
ffff,
ffff,
0000,
0000,
0000,
0001,
0002,
0002,
0001,
0000,
ffff,
0000,
0000,
ffff,
ffff,
ffff,
fffe,
ffff,
0000,
0001,
0003,
0001,
0000,
ffff,
fffe,
fffe,
fffe,
ffff,
0000,
ffff,
fffd,
ffff,
ffff,
0002,
0000,
0002,
fffd,
ffff,
0000,
0001,
001f,
00a5,
012f,
0371,
0987,
08c5,
fdfb,
f709,
f920,
015f,
0d07,
126c,
0c4a,
0671,
051c,
002e,
f9fc,
f610,
f0af,
ecd0,
ee3b,
f247,
f728,
fc68,
00a1,
04da,
09d4,
0c15,
0b41,
09ff,
0826,
04ed,
01a2,
fea3,
fbdc,
fac6,
faab,
fa52,
fa59,
fb16,
fbff,
fd0d,
fe52,
ff0e,
ff38,
ff61,
002b,
01aa,
031c,
03c4,
035c,
0218,
008d,
ffc0,
ff8d,
fee1,
fda3,
fc95,
fc57,
fcee,
fe2a,
ff69,
0037,
00ca,
0156,
01b8,
01d6,
01cd,
016d,
00ba,
fff3,
ff3f,
fed6,
febf,
fecc,
fec5,
feac,
fe80,
fe7c,
fef7,
ffbb,
004d,
008f,
00a8,
00af,
fffe,
fffd,
ffff,
ffff,
0001,
0001,
0001,
0001,
0001,
0001,
0002,
0002,
0001,
0001,
0000,
0000,
0001,
0001,
0000,
ffff,
ffff,
ffff,
0000,
0002,
0003,
0002,
0001,
0000,
fffe,
ffff,
ffff,
0001,
0001,
0000,
fffe,
ffff,
0000,
0002,
0001,
0004,
fffd,
0002,
ffff,
0004,
0029,
00b2,
011f,
036b,
0919,
07ba,
fdbd,
f7ec,
f9fe,
018b,
0c7e,
112f,
0b52,
063f,
04d9,
ffec,
fa7d,
f719,
f195,
eda1,
ef18,
f324,
f7ec,
fce0,
00c7,
04c9,
0953,
0b30,
0a8a,
0964,
0761,
0430,
0147,
fec9,
fc9d,
fbe3,
fbc9,
fb30,
fac4,
fb52,
fbcd,
fc47,
fd38,
fdbb,
fdc7,
fe51,
ffe0,
0209,
040f,
04bd,
03e1,
029b,
0150,
003a,
ff76,
fe80,
fd5d,
fcaf,
fc93,
fceb,
fdf5,
ff3f,
0002,
0070,
00fd,
0187,
01c7,
01a7,
014d,
00c9,
001d,
ff84,
ff2f,
ff13,
fef8,
fec5,
fe8d,
fe62,
fe7f,
ff01,
ffb2,
0043,
0092,
00a7,
fffe,
fffd,
fffd,
fffe,
ffff,
ffff,
0000,
0000,
0000,
0001,
0002,
0001,
0002,
0001,
0000,
0000,
0001,
0000,
0001,
0000,
ffff,
ffff,
ffff,
0000,
0001,
0002,
0002,
0001,
ffff,
ffff,
ffff,
0000,
0000,
0000,
ffff,
fffe,
ffff,
ffff,
0002,
0001,
0003,
fffd,
0004,
fffe,
0007,
0032,
00ba,
010b,
036b,
08a3,
06bf,
fd9c,
f8ce,
fac1,
01a1,
0be5,
1000,
0a7d,
0618,
048d,
ffc0,
fb2f,
f805,
f22f,
ee54,
f020,
f441,
f8b3,
fd3b,
00ea,
04c6,
08c9,
0a28,
099c,
08a0,
0679,
03a9,
01ad,
ffb4,
fd9b,
fcb5,
fc45,
fb84,
faea,
fa81,
fa37,
faea,
fc3d,
fcdf,
fd5a,
fec6,
00fc,
0342,
04e3,
0531,
0450,
0310,
0197,
0001,
fed1,
fdf9,
fd2c,
fca1,
fc99,
fd09,
fde8,
fef1,
ffb7,
004c,
00ea,
0169,
01a1,
01af,
0182,
0105,
005e,
ffc9,
ff67,
ff1c,
fed1,
fe9b,
fe85,
fe6d,
fe7d,
fefa,
ffb6,
004b,
008d,
0000,
ffff,
fffe,
fffd,
fffe,
ffff,
0000,
0000,
0000,
0000,
0000,
0001,
0002,
0002,
0001,
0000,
0001,
0001,
0000,
0000,
0000,
ffff,
ffff,
ffff,
0000,
0001,
0001,
0001,
0001,
0000,
ffff,
ffff,
0000,
0000,
0000,
ffff,
fffe,
ffff,
0000,
0003,
0002,
0003,
fffd,
0005,
fffc,
000b,
003e,
00bb,
00f8,
036c,
082a,
05d5,
fd85,
f9a3,
fb64,
01b1,
0b60,
0edf,
09bd,
05fa,
0450,
ffb1,
fbd9,
f8b4,
f2ab,
ef39,
f16a,
f550,
f950,
fdca,
0152,
0463,
0797,
08f6,
08c3,
07fe,
063f,
0425,
0278,
002c,
fdde,
fd28,
fc8d,
fabe,
f945,
f8e7,
f901,
fa1b,
fc2c,
fdab,
fea0,
0036,
0229,
03ee,
055e,
05a0,
0458,
0272,
00e1,
ffbb,
fe9e,
fd81,
fcc0,
fc89,
fca8,
fd05,
fdcd,
fecc,
ffb3,
0068,
00f7,
016b,
01c0,
01e8,
01be,
0145,
008e,
ffc6,
ff2e,
fee2,
fec1,
fe9f,
fe6c,
fe4f,
fe88,
ff1c,
ffcd,
0053,
0001,
0000,
ffff,
fffe,
fffd,
fffd,
fffe,
ffff,
ffff,
0000,
0000,
0000,
0001,
0001,
0001,
0000,
0000,
0000,
0000,
0000,
0000,
0000,
ffff,
ffff,
ffff,
0000,
0001,
0001,
0001,
0001,
0000,
ffff,
ffff,
0000,
0000,
ffff,
ffff,
fffe,
ffff,
0000,
0002,
0001,
0002,
fffe,
0003,
fffd,
0010,
0048,
00b5,
00e4,
037b,
07b4,
04eb,
fd7b,
fa75,
fbfb,
01c1,
0acd,
0dc9,
0924,
05ea,
0407,
ffa2,
fc85,
f95b,
f32a,
f03f,
f2c1,
f67a,
fa52,
fe3b,
00dc,
0342,
064f,
084c,
08c3,
0830,
0684,
0440,
0241,
003f,
fe41,
fc95,
fab7,
f8d0,
f7dc,
f828,
f942,
fb23,
fd7c,
ff43,
0041,
0155,
02eb,
0472,
0542,
04e8,
036b,
01a0,
005c,
ff84,
fe5f,
fd1d,
fc77,
fc5e,
fc92,
fd19,
fdfb,
fef9,
ffe6,
00b4,
0142,
01a6,
01ef,
020c,
01d4,
0135,
0052,
ff82,
ff02,
fec7,
fea2,
fe70,
fe49,
fe60,
fecd,
ff66,
fff6,
0002,
0001,
0000,
ffff,
fffe,
fffe,
fffe,
ffff,
ffff,
ffff,
ffff,
ffff,
0000,
0001,
0001,
0001,
0001,
0000,
0000,
ffff,
0000,
0000,
0000,
ffff,
ffff,
ffff,
0000,
0001,
0001,
0001,
0001,
0000,
ffff,
ffff,
ffff,
ffff,
0000,
ffff,
fffe,
ffff,
0001,
0001,
0001,
0002,
0000,
0004,
fffe,
0015,
004e,
00ab,
00db,
0391,
0735,
040e,
fd98,
fb4d,
fc68,
01ba,
0a46,
0cc7,
0892,
05ca,
03b5,
ffc7,
fd65,
f9db,
f3a0,
f1d2,
f4b0,
f763,
fa7e,
fdde,
ffc4,
025b,
0647,
08c3,
0907,
07cf,
059c,
03f3,
026a,
ff7a,
fc96,
fab1,
f8f3,
f7dd,
f858,
f985,
faef,
fcfe,
ff06,
005c,
0156,
022f,
02f1,
03c5,
0437,
03c2,
0292,
012c,
fff8,
ff1d,
fe2e,
fcfd,
fc4b,
fc61,
fcc1,
fd5f,
fe63,
ff73,
004a,
010a,
019a,
01df,
01f3,
01d4,
0174,
00d3,
0015,
ff60,
fed3,
fe89,
fe6d,
fe72,
fe8b,
fec6,
ff29,
ffa1,
0002,
0001,
0001,
ffff,
ffff,
fffe,
fffe,
fffe,
fffe,
ffff,
0000,
0000,
0000,
0000,
0001,
0001,
0001,
0001,
0000,
0000,
0000,
0000,
0000,
0000,
ffff,
ffff,
0000,
0000,
0001,
0001,
0001,
0001,
0000,
fffe,
ffff,
0000,
0000,
ffff,
ffff,
ffff,
0000,
0002,
0001,
0002,
0003,
0002,
0002,
0000,
001a,
0053,
009c,
00d5,
03a2,
06a9,
0360,
fde2,
fbfd,
fcaf,
01a7,
09b2,
0be3,
082f,
05c4,
039a,
0032,
fe1d,
fa72,
f4f7,
f36a,
f550,
f751,
fa46,
fd8f,
ffaa,
02cf,
06f2,
088a,
07b7,
06de,
0553,
02d9,
0051,
fd88,
faef,
f989,
f92c,
f961,
fa63,
fbab,
fce5,
fe71,
ffff,
00f5,
018c,
01eb,
021f,
0299,
031c,
02ea,
01e4,
00b3,
ffa7,
feb3,
fde5,
fd2a,
fca5,
fca4,
fd28,
fdf5,
fef1,
fff8,
00c9,
0164,
01be,
01be,
0188,
0152,
0101,
0076,
ffc2,
ff13,
fe9c,
fe75,
fe93,
fece,
ff01,
ff24,
ff61,
0002,
0002,
0001,
0001,
0001,
ffff,
fffe,
ffff,
ffff,
ffff,
0000,
0000,
0001,
0000,
0001,
0002,
0001,
0001,
0001,
0001,
0000,
0001,
0001,
0001,
0000,
0000,
0000,
0000,
0001,
0002,
0002,
0001,
0001,
ffff,
ffff,
ffff,
ffff,
ffff,
0000,
ffff,
0001,
0000,
0002,
0000,
0004,
0004,
0001,
0003,
0005,
001d,
0054,
008b,
00e0,
03b6,
061f,
02cd,
fe3b,
fc98,
fccc,
0181,
092e,
0b33,
0808,
05db,
0398,
0108,
ff81,
fb05,
f54c,
f3e1,
f569,
f7aa,
fb14,
fe17,
fff6,
02c3,
05eb,
076c,
070d,
052d,
02cc,
00c1,
fe9e,
fc7c,
fb39,
faf6,
fb34,
fbdb,
fca8,
fd52,
fe15,
ff0f,
ffeb,
0070,
00d9,
0103,
011e,
01b7,
0264,
023b,
0150,
0048,
ff5f,
fe9f,
fe0c,
fd9d,
fd53,
fd56,
fdb7,
fe84,
ff87,
006d,
0110,
014f,
0150,
013f,
011a,
00d3,
0071,
0003,
ff7c,
fef7,
feb4,
fecf,
ff14,
ff41,
ff48,
ff5a,
0001,
0001,
0002,
0002,
0001,
0000,
ffff,
fffe,
ffff,
ffff,
fffe,
ffff,
ffff,
0000,
0000,
0000,
0000,
0001,
0000,
0000,
0001,
0000,
0000,
0000,
0000,
0000,
0000,
0000,
0000,
0000,
0001,
0001,
0001,
0000,
0000,
ffff,
ffff,
ffff,
ffff,
0000,
0000,
0001,
0000,
0001,
0001,
0005,
0002,
0001,
0002,
0007,
001d,
0053,
0081,
00f5,
03c1,
058f,
0266,
feaf,
fd02,
fcb0,
014b,
08dd,
0ada,
080a,
0663,
04a0,
01f6,
ff81,
fa7a,
f572,
f4e3,
f689,
f8c5,
fbc5,
fd6b,
fe84,
0216,
0577,
0559,
0407,
02d4,
0126,
ffdb,
ff02,
fe11,
fd72,
fd72,
fd89,
fdba,
fde9,
fdd0,
fde4,
fe71,
ff10,
ff68,
ffc6,
0030,
00a9,
014e,
01c7,
0192,
00ee,
004d,
ff8a,
fece,
fe81,
fe71,
fe2e,
fdfd,
fe50,
ff04,
ffca,
005e,
00b1,
00d5,
00d8,
00b9,
007f,
0050,
001e,
ffcd,
ff68,
ff31,
ff48,
ff6d,
ff74,
ff70,
ff80,
0002,
0002,
0003,
0002,
0001,
0001,
0000,
0000,
ffff,
ffff,
ffff,
ffff,
0000,
0001,
0000,
0000,
0000,
0000,
0001,
0001,
0000,
0001,
0001,
0001,
0001,
0000,
0001,
0000,
0000,
0000,
0000,
0001,
0001,
0001,
0001,
ffff,
ffff,
ffff,
ffff,
ffff,
0001,
0001,
0001,
0000,
0001,
0003,
0006,
0000,
0003,
0003,
000a,
001f,
005a,
0078,
0112,
03c2,
050b,
0247,
ff3a,
fd1f,
fc38,
0130,
08f7,
0b3f,
092e,
0708,
0460,
019f,
ff83,
fb34,
f6b4,
f611,
f729,
f831,
fa1d,
fc34,
fddd,
005f,
0290,
02cc,
0280,
0240,
01a5,
017e,
01a1,
00e5,
ffc0,
ff2b,
feae,
fe0b,
fd72,
fcf6,
fce9,
fd63,
fde3,
fe68,
ff53,
001c,
0068,
00c7,
0168,
0193,
011e,
0082,
ffea,
ff6e,
ff3d,
ff35,
fef1,
fe99,
fe8e,
fed9,
ff61,
fff1,
0048,
004f,
0033,
0024,
0033,
0038,
000b,
ffd5,
ffd3,
ffe2,
ffd2,
ffbb,
ffae,
ffa9,
0000,
0002,
0001,
0001,
0002,
0001,
0000,
0000,
0000,
fffe,
ffff,
fffe,
ffff,
ffff,
ffff,
ffff,
ffff,
0000,
0000,
0001,
0001,
0001,
0001,
0000,
0000,
0000,
0001,
0000,
0000,
ffff,
ffff,
0000,
0001,
0001,
0001,
0000,
ffff,
ffff,
ffff,
ffff,
0000,
0001,
0000,
0000,
ffff,
0002,
0003,
0003,
0000,
0004,
0002,
000c,
0024,
0060,
006e,
0128,
03b8,
04c9,
028c,
ffc2,
fca4,
fb5a,
01dd,
0a67,
0be5,
0934,
067c,
0487,
036a,
00e9,
fb72,
f6ac,
f4d7,
f51e,
f756,
f8fe,
f95e,
fb42,
fea8,
015d,
02d0,
037c,
03c5,
046f,
0505,
0453,
0291,
0076,
fed8,
fdd1,
fcfd,
fc2c,
fbb0,
fbbd,
fc42,
fd55,
fe84,
ff5e,
ffc7,
003f,
010d,
01ba,
01db,
0184,
010a,
007b,
0017,
fff8,
ffca,
ff30,
fe5b,
fe05,
fe62,
ff08,
ff78,
ffa4,
ffb7,
ffd1,
000f,
004f,
0060,
0053,
0060,
0067,
004a,
0021,
fff5,
ffca,
0000,
0001,
0002,
0002,
0002,
0003,
0002,
0001,
0000,
0000,
ffff,
ffff,
fffe,
ffff,
ffff,
ffff,
0000,
0000,
0001,
0001,
0001,
0002,
0001,
0001,
0001,
0001,
0001,
0001,
0000,
0000,
0000,
0000,
0001,
0001,
0002,
0002,
0000,
0000,
0000,
ffff,
0000,
0000,
0000,
0000,
0000,
0000,
0001,
0002,
0005,
0003,
0005,
0004,
0015,
002f,
0053,
0063,
014a,
03d4,
050d,
0357,
0004,
fb59,
fa86,
02f1,
0bab,
0c54,
0a19,
087c,
0674,
0451,
ffe1,
f842,
f39d,
f3b5,
f3b8,
f3fc,
f5c4,
f7b9,
fb14,
fff1,
032b,
04ae,
066c,
0788,
07ad,
0742,
0510,
014f,
fe83,
fd4a,
fc63,
fb8e,
fac4,
fa66,
fb12,
fc73,
fda2,
fe88,
ff76,
0029,
00d1,
01a6,
0251,
0269,
0210,
0194,
010d,
009b,
001f,
ff61,
fe73,
fdcc,
fdad,
fdf8,
fe73,
fee5,
ff48,
ffa1,
0005,
006d,
00b4,
00cf,
00d9,
00e4,
00cb,
0088,
0031,
ffd7,
ffff,
0000,
0001,
0002,
0003,
0003,
0002,
0001,
0001,
0000,
ffff,
fffe,
fffd,
fffd,
fffe,
ffff,
0000,
0001,
0001,
0001,
0001,
0001,
0001,
0001,
0001,
0001,
0000,
0000,
0000,
0000,
0000,
0000,
0000,
0000,
0001,
0001,
0002,
0001,
0000,
ffff,
fffe,
ffff,
0001,
0000,
0000,
fffe,
fffe,
0004,
0006,
0007,
0000,
0006,
000b,
0018,
0027,
0053,
005f,
0183,
04b7,
06ab,
0535,
fd75,
f582,
fa7d,
07e0,
0fdc,
0f70,
0bdf,
0884,
057d,
0108,
fadf,
f56e,
f15f,
ef2d,
f03c,
f305,
f5e3,
f9a2,
fe65,
02e3,
068c,
08f4,
09d0,
09e8,
08f9,
061b,
01e0,
fe48,
fc78,
fbd1,
fb13,
f9ff,
f9bb,
fa85,
fb9c,
fcc0,
fe17,
ff4d,
0023,
00df,
01a8,
027e,
0303,
02fa,
028a,
01dc,
00f9,
0005,
ff3b,
fe8f,
fdf0,
fd5a,
fd13,
fd68,
fe2c,
fef4,
ff92,
001f,
0093,
00e8,
011f,
014d,
0163,
0137,
00cd,
0046,
ffd4,
ffff,
0000,
0001,
0002,
0003,
0003,
0002,
0002,
0002,
0001,
0000,
fffe,
fffd,
fffd,
ffff,
ffff,
ffff,
0000,
0001,
0001,
0001,
0003,
0002,
0001,
0001,
0001,
0000,
0000,
0000,
0000,
0000,
ffff,
ffff,
0000,
0001,
0002,
0002,
0002,
0000,
ffff,
fffe,
ffff,
0001,
0001,
0000,
fffe,
ffff,
0005,
0007,
0007,
0002,
ffff,
0006,
0011,
001e,
002f,
0036,
0083,
03a9,
08ce,
0884,
fdc9,
f28d,
f72b,
06b9,
10fc,
127d,
0e69,
0876,
0451,
0213,
fd79,
f584,
eef4,
ec94,
ee7c,
f22c,
f593,
f925,
fdb3,
0321,
07ed,
0ab9,
0b57,
0ae9,
0928,
05f2,
01f4,
fe2d,
fc0e,
fb46,
fa8c,
f9a2,
f9a1,
fa49,
fb18,
fc5d,
fde5,
ff40,
0036,
0108,
01d0,
02b0,
0367,
039a,
032c,
0224,
00ef,
ffdf,
ff18,
fe84,
fdf1,
fd34,
fc9d,
fcd2,
fdb8,
fec4,
ff9b,
0039,
00b2,
010d,
015c,
01a9,
01cb,
0180,
00de,
003d,
ffca,
ffff,
0000,
0001,
0002,
0003,
0003,
0003,
0002,
0001,
0000,
ffff,
fffe,
fffd,
fffe,
ffff,
ffff,
0000,
0000,
0001,
0000,
0001,
0001,
0002,
0002,
0000,
0001,
0000,
0000,
0000,
ffff,
ffff,
0000,
ffff,
0000,
0001,
0002,
0002,
0002,
ffff,
fffe,
fffe,
ffff,
0000,
ffff,
fffe,
fffe,
0000,
0006,
0005,
000a,
0003,
fff9,
fffe,
001c,
001b,
0016,
0008,
0174,
0511,
0826,
0602,
fb03,
f414,
fc5e,
08ec,
0fd9,
10f0,
0cb6,
069b,
04a3,
0365,
fc0e,
f35e,
ee64,
ed4d,
efae,
f2f4,
f5e7,
f993,
fe9e,
03b7,
086e,
0b41,
0b81,
0a60,
0808,
04fd,
0179,
fe51,
fc1b,
faf9,
fa28,
f996,
f9dc,
fa63,
fb31,
fc70,
fdf5,
ff3f,
004d,
013a,
020f,
02fe,
03a7,
03c7,
0317,
01e4,
00bd,
ffd2,
ff07,
fe45,
fda1,
fd07,
fcb4,
fcf6,
fdbf,
febc,
ff94,
003a,
00c5,
013a,
018f,
01d5,
01e4,
017f,
00cf,
0032,
ffc3,
ffff,
0000,
0001,
0001,
0002,
0002,
0002,
0002,
0001,
0000,
fffe,
fffe,
fffe,
fffe,
fffe,
fffe,
ffff,
0000,
0001,
0001,
0001,
0001,
0001,
0000,
0001,
0000,
0000,
0000,
ffff,
ffff,
ffff,
0000,
0000,
0001,
0001,
0001,
0001,
0000,
0000,
ffff,
0000,
ffff,
0000,
fffe,
fffe,
ffff,
0004,
0003,
0007,
0007,
0002,
fff1,
0005,
001b,
0025,
fffa,
012e,
045a,
05dd,
044c,
fe44,
f90a,
fcc4,
0594,
0bf3,
0d63,
0a8b,
06a1,
0614,
061f,
007b,
f817,
f24a,
f011,
f10c,
f2fe,
f4a2,
f745,
fba8,
0006,
0444,
0825,
0a0f,
0a1a,
0894,
061c,
0355,
00db,
fe86,
fc8a,
fb0e,
f9f8,
f9cc,
fa57,
fb06,
fbb7,
fce4,
fe3f,
ff68,
0078,
0177,
0273,
033c,
039f,
0347,
0262,
0169,
008b,
ffbb,
fed2,
fde2,
fd2d,
fd06,
fd4d,
fdb6,
fe34,
fed2,
ff81,
0033,
00e0,
0163,
01af,
01c2,
0199,
0136,
00b2,
002f,
ffc2,
0000,
0000,
0001,
0001,
0001,
0002,
0001,
0001,
0000,
ffff,
fffe,
ffff,
ffff,
ffff,
ffff,
ffff,
ffff,
ffff,
0000,
0000,
0000,
0000,
0000,
0000,
0000,
0001,
0000,
ffff,
ffff,
fffe,
ffff,
0000,
0000,
0000,
0001,
0000,
ffff,
ffff,
ffff,
0000,
0000,
ffff,
fffd,
fffd,
fffd,
0004,
0004,
0004,
0003,
0006,
fff9,
0002,
0001,
0021,
0019,
0175,
0468,
0529,
0324,
fd70,
f908,
fd6c,
0743,
0db2,
0d1a,
07d4,
02bf,
02ca,
050b,
0220,
fb36,
f5e6,
f3c5,
f41d,
f59b,
f6c9,
f7d5,
faa1,
fe24,
0164,
046c,
0687,
078c,
0773,
05fb,
0381,
0190,
0025,
fed0,
fd2c,
fb3c,
fa2e,
fa78,
fb49,
fbd1,
fc7e,
fd8a,
fec5,
ffd5,
00bc,
01d0,
02c4,
0329,
02e9,
024f,
0190,
00e7,
003a,
ff57,
fe62,
fd81,
fd15,
fd6b,
fe2d,
fead,
fed6,
ff0f,
ff91,
004a,
00f3,
0163,
0183,
015d,
0114,
00cf,
0084,
0021,
ffc4,
0000,
0001,
0002,
0001,
0001,
0000,
ffff,
ffff,
ffff,
ffff,
0000,
0000,
ffff,
0000,
ffff,
ffff,
ffff,
0000,
0001,
0001,
0001,
0000,
0000,
0000,
0001,
0000,
0000,
ffff,
ffff,
ffff,
0000,
0001,
0002,
0002,
0000,
ffff,
ffff,
ffff,
0001,
0000,
0000,
ffff,
fffd,
fffe,
0002,
0005,
0007,
0001,
0004,
fffd,
0008,
fffe,
000f,
0020,
01fe,
04e9,
04c2,
022f,
fd15,
f93e,
fc94,
0628,
0ebb,
0fce,
0966,
019d,
ffe6,
0121,
fe5c,
fa18,
f7ea,
f70a,
f76b,
f8fe,
f9ea,
fa98,
fcdf,
fee7,
005e,
0268,
03ab,
03ca,
0460,
046c,
028c,
00d6,
fffa,
ff85,
ff05,
fd7d,
fb7d,
fb17,
fbfe,
fc4c,
fc8c,
fd5c,
fe74,
ff89,
007b,
014f,
0222,
02af,
0270,
01d4,
0151,
00d8,
0043,
ff85,
feb0,
fded,
fd81,
fd92,
fe39,
ff11,
ff7d,
ff78,
ff8b,
fff9,
0083,
00ee,
0118,
00ff,
00c5,
0093,
006f,
0042,
0005,
ffb0,
0001,
0001,
0002,
0002,
0001,
0000,
ffff,
ffff,
ffff,
0000,
0001,
0001,
0000,
0001,
0000,
0000,
0002,
0001,
0001,
0001,
0001,
0001,
0001,
0001,
0001,
0000,
0000,
0000,
0000,
0001,
0002,
0002,
0002,
0001,
0000,
0000,
0000,
0000,
0001,
0001,
0000,
fffe,
ffff,
0001,
0004,
0008,
0003,
0001,
fff8,
000d,
0002,
000b,
0028,
029a,
058a,
046f,
0153,
fc85,
f988,
fd19,
0604,
0e02,
0f8a,
0a26,
02f8,
00c1,
ffa8,
fa8e,
f613,
f548,
f6e5,
f9c0,
fc4b,
fd60,
fe01,
ffcf,
018d,
026a,
02a2,
0269,
0197,
0125,
015f,
0078,
ff33,
fe9c,
feb1,
ff0e,
feb8,
fd2c,
fc4f,
fd29,
fd85,
fd20,
fd5e,
fe5c,
ff6f,
0081,
0162,
01e4,
0223,
01de,
0159,
00e6,
007f,
fff2,
ff42,
fe8e,
fe04,
fddf,
fe04,
fe75,
ff24,
ffc0,
0009,
002a,
0054,
0084,
00b1,
00b1,
0082,
004d,
0028,
0014,
0006,
fffb,
ffce,
ff78,
0001,
0001,
0002,
0001,
0000,
ffff,
fffe,
fffe,
0000,
0000,
0001,
0001,
0000,
0001,
0001,
0001,
0002,
0001,
0001,
0000,
0001,
0001,
0001,
0000,
0000,
0000,
ffff,
0000,
0000,
0001,
0002,
0001,
0000,
0000,
ffff,
ffff,
0000,
0001,
0000,
0000,
ffff,
ffff,
0001,
0004,
0007,
0004,
0003,
fff5,
0007,
0004,
000f,
0044,
0367,
062f,
0400,
0073,
fbd9,
f9af,
fdee,
06ef,
0e84,
0f2e,
08c2,
01ed,
0175,
0071,
f96a,
f3b1,
f2d7,
f46b,
f81c,
fce3,
fff7,
0198,
0363,
0467,
04e0,
04eb,
039c,
0137,
ffa3,
ff33,
fdf4,
fc89,
fc67,
fd1a,
fdde,
fe4b,
fd9d,
fd2c,
fe4b,
ff18,
fe8f,
fe11,
fe83,
ff68,
0091,
019c,
0215,
0215,
0181,
00ce,
0078,
0028,
ff7a,
febb,
fe17,
fdb1,
fdda,
fe49,
fed4,
ff78,
fff2,
002f,
0091,
0104,
0119,
00f0,
00a5,
003b,
ffe1,
ffb1,
ff94,
ff8c,
ffa0,
ff9f,
ff7a,
ff53,
0001,
0001,
ffff,
fffe,
fffd,
fffd,
fffd,
fffe,
0000,
0000,
0000,
0000,
0000,
0001,
0001,
0000,
0001,
0000,
0000,
ffff,
0000,
0001,
0000,
ffff,
ffff,
ffff,
ffff,
0000,
0002,
0001,
0000,
ffff,
fffe,
fffe,
ffff,
0000,
0000,
ffff,
ffff,
ffff,
fffe,
ffff,
0004,
0005,
0003,
0005,
fff8,
0002,
ffff,
000e,
0071,
0461,
06ca,
0378,
ff8b,
fb12,
f9c3,
fef0,
083c,
0f6e,
0f73,
07c3,
003d,
00a2,
ff9e,
f81d,
f32f,
f2a5,
f359,
f6c8,
fbb2,
feef,
02a8,
0697,
078d,
0790,
0749,
0542,
027a,
0053,
fe90,
fce2,
fae8,
f987,
fa81,
fc4f,
fd0e,
fccc,
fd07,
fe6d,
ffe6,
002e,
ff7c,
ff40,
ffb7,
00c3,
01e2,
0260,
0225,
0177,
00b9,
0035,
ffd2,
ff12,
fe2a,
fd73,
fd33,
fd8c,
fe32,
feee,
ffb3,
0046,
0079,
00c4,
0146,
0199,
018f,
0112,
005a,
ffc4,
ff6e,
ff32,
ff11,
ff1b,
ff24,
ff26,
ff38,
ff68,
0001,
0000,
ffff,
fffd,
fffd,
fffe,
ffff,
0000,
0001,
0001,
0001,
0001,
0001,
0001,
0001,
0001,
0000,
0000,
0000,
0000,
0001,
0001,
0000,
ffff,
ffff,
0000,
0001,
0002,
0002,
0000,
ffff,
fffe,
fffe,
0000,
0001,
0001,
0000,
0001,
0000,
0001,
ffff,
0005,
0005,
0005,
0004,
fffb,
0005,
fff8,
000d,
00af,
0576,
076a,
02e8,
fea3,
fa36,
f9bf,
0008,
09c1,
108d,
0fdf,
06f6,
ff12,
0012,
fe0b,
f57f,
f18f,
f276,
f3d9,
f745,
fbc8,
fe66,
01e3,
067c,
08c8,
09ff,
09ea,
0713,
03a2,
0197,
ff73,
fd3c,
fb08,
f884,
f81a,
f9d5,
fb54,
fb8f,
fc3b,
fdc9,
ff80,
00ae,
00a8,
005a,
0084,
0150,
024a,
02db,
0273,
0168,
00b0,
0054,
ffd1,
fecc,
fdbc,
fcdc,
fc8e,
fd1d,
fdfc,
fece,
ffa2,
0059,
00b8,
011e,
0193,
01cb,
01d0,
0184,
00d4,
0010,
ff85,
ff15,
fed0,
febf,
fea3,
fe9a,
fece,
ff31,
ffb0,
0000,
fffe,
fffd,
fffd,
fffd,
ffff,
ffff,
0000,
0000,
0000,
0001,
0001,
0001,
0002,
0002,
0001,
0000,
0000,
0000,
0000,
0001,
ffff,
0000,
0000,
0000,
0001,
0002,
0001,
0000,
fffe,
fffe,
fffe,
ffff,
0001,
0001,
0000,
0002,
ffff,
0002,
fffe,
0003,
0003,
0005,
0004,
fffc,
0006,
fffa,
0002,
00f2,
0699,
0816,
0269,
fdbc,
f951,
f990,
0106,
0b6b,
11e0,
1065,
0639,
fdfb,
ffb9,
fced,
f2ed,
ef39,
f13d,
f380,
f7dd,
fd23,
ff8b,
0267,
0682,
0846,
09a2,
0ad0,
08ca,
0501,
02d0,
0088,
fdf2,
fc0e,
f96f,
f7af,
f841,
f96d,
f9e3,
fb23,
fcdf,
fe6c,
0037,
00f0,
00b0,
00f6,
0224,
031a,
0378,
02f4,
01a1,
00c9,
007b,
ffe9,
fecc,
fd93,
fc79,
fc0e,
fca2,
fd9a,
fe9b,
ff78,
0020,
00b1,
0164,
01e2,
0201,
01fc,
01a9,
010a,
0069,
ffe5,
ff59,
feeb,
feab,
fe5d,
fe2f,
fe54,
fec3,
ff63,
0009,
ffff,
fffd,
fffd,
fffe,
ffff,
0000,
0000,
0000,
0001,
0001,
0001,
0003,
0002,
0001,
0002,
0001,
0002,
0001,
0001,
0001,
0000,
0000,
0000,
0001,
0001,
0002,
0001,
0000,
fffe,
fffe,
fffe,
ffff,
0001,
0001,
0000,
0002,
0000,
0004,
ffff,
0003,
0001,
0005,
0004,
0000,
0005,
fffc,
fffe,
012a,
07bb,
08e8,
0200,
fcc8,
f853,
f943,
01e9,
0d2f,
1382,
111b,
056e,
fcbc,
ff52,
fbf8,
f0b9,
ed34,
efc6,
f274,
f7d1,
fdc4,
00c7,
045c,
07f2,
08a0,
0983,
0a37,
07e0,
04f0,
03e2,
01d8,
fec5,
fcc5,
faa7,
f8c0,
f852,
f8a6,
f8fa,
fa36,
fbc0,
fd2a,
ff2a,
0093,
009b,
009c,
01e7,
039c,
0473,
03bf,
0207,
0100,
00d1,
003c,
fee1,
fd82,
fc5d,
fbd5,
fc51,
fd50,
fe60,
ff3b,
ffcb,
006f,
0168,
0212,
022e,
021e,
01c2,
011b,
007e,
0007,
ff9f,
ff58,
ff04,
fe6d,
fe05,
fe0e,
fe71,
ff10,
ffba,
0025,
fffd,
fffd,
fffd,
ffff,
0000,
ffff,
ffff,
0000,
0001,
0001,
0001,
0001,
0001,
0000,
0000,
0001,
0002,
0001,
0000,
0000,
ffff,
ffff,
0001,
0001,
0002,
0001,
ffff,
fffd,
fffd,
fffc,
ffff,
0000,
0000,
ffff,
0002,
0001,
0004,
0000,
0004,
fffe,
0004,
0003,
0002,
0007,
fffb,
fffa,
0164,
08ca,
09e1,
01cc,
fbc0,
f732,
f8c8,
02ab,
0f0a,
156c,
1216,
04c7,
fb52,
fe99,
faf6,
ee9c,
eb33,
ee8e,
f1b4,
f780,
fde3,
0162,
05e4,
09d5,
0a12,
0a68,
0a82,
0744,
0345,
025b,
01f4,
fff6,
fd75,
fb66,
fa27,
f92c,
f891,
f90c,
fab9,
fb90,
fbf8,
fdd5,
ffd7,
0034,
fffd,
011f,
0310,
048e,
046f,
02c7,
0173,
012b,
00a8,
ff42,
fdb0,
fc56,
fbbf,
fc3b,
fd40,
fe4a,
ff0d,
ff7e,
0010,
0126,
0207,
0237,
0219,
01c8,
0135,
008d,
fff5,
ff9c,
ff99,
ff6e,
fed3,
fe3d,
fe1a,
fe68,
fef2,
ff80,
ffcf,
ffef,
fffc,
fffd,
ffff,
0000,
0000,
ffff,
ffff,
0000,
0001,
0002,
0001,
0000,
0000,
0000,
0001,
0002,
0002,
0001,
0000,
0000,
0001,
0001,
0002,
0002,
0001,
ffff,
fffd,
fffd,
fffd,
ffff,
0000,
0000,
0000,
0002,
0000,
0006,
0001,
0005,
fffd,
0002,
0001,
0003,
0009,
fffe,
fff6,
018e,
09bc,
0afd,
01f5,
fabf,
f5da,
f815,
0327,
10e3,
17a9,
1363,
0462,
f9f0,
fd96,
f9e1,
ec8e,
e8ff,
ed34,
f11a,
f784,
fe41,
0194,
06cc,
0b98,
0b67,
0b6b,
0bad,
07d9,
0290,
00c0,
001f,
ff11,
fdaf,
fbef,
fb2b,
fa91,
f90a,
f8bf,
fba4,
fd29,
fc3a,
fcd0,
fee8,
ffc9,
ff76,
0014,
01dd,
03ea,
0450,
02e6,
01d3,
01b8,
012d,
ffba,
fe29,
fca5,
fbe3,
fc45,
fd46,
fe57,
ff19,
ff6a,
ffb8,
00b8,
01c6,
021d,
01e7,
018b,
012d,
009d,
ffee,
ff98,
ffb1,
ff9c,
ff06,
fe83,
fe77,
fec4,
ff2f,
ff8b,
ffa4,
ff99,
ffb8,
fffe,
ffff,
0001,
0000,
ffff,
0000,
0000,
ffff,
0001,
0001,
0000,
ffff,
0000,
0001,
0002,
0002,
0000,
0000,
0000,
0000,
0002,
0002,
0003,
0001,
fffe,
fffc,
fffb,
fffc,
fffe,
0000,
0000,
ffff,
0002,
ffff,
0006,
0003,
0006,
fffb,
0002,
ffff,
0002,
0008,
0004,
fff7,
01a6,
0a96,
0c23,
0281,
f9ea,
f442,
f728,
0356,
12a6,
1a30,
1505,
0430,
f8b4,
fc79,
f8a8,
ea8e,
e696,
eb82,
f085,
f7a1,
fed9,
023d,
0787,
0ce3,
0cc7,
0c54,
0c33,
089d,
031e,
0022,
feba,
fdd5,
fc6c,
faba,
fb65,
fbe9,
fa06,
f8ce,
fbe5,
fea5,
fdec,
fd58,
fe70,
ff5d,
ff31,
ff7d,
00b5,
02a3,
0375,
0275,
0199,
01b3,
0191,
0053,
febb,
fd27,
fc5f,
fcb4,
fd7c,
fe72,
ff52,
ff99,
ff87,
0046,
0168,
01da,
019e,
012a,
00d0,
006b,
fff1,
ffab,
ffc1,
ffb2,
ff24,
feb3,
febc,
ff27,
ffae,
fff3,
ffd5,
ff8c,
ff73,
ff9e,
0000,
0001,
0001,
0001,
0000,
0000,
0000,
0001,
0001,
0000,
ffff,
ffff,
0000,
0001,
0001,
0001,
0000,
0000,
0001,
0002,
0003,
0004,
0002,
ffff,
fffc,
fffb,
fffb,
fffd,
fffe,
0000,
fffe,
0001,
ffff,
0006,
0002,
0009,
fffd,
ffff,
fffd,
0001,
000a,
0000,
0003,
018b,
0b57,
0d63,
0364,
f9a5,
f24b,
f5d4,
0323,
13fe,
1d06,
1740,
0444,
f79b,
fb99,
f75a,
e898,
e41c,
e92d,
ef97,
f7cc,
ff5e,
0316,
0880,
0e35,
0e52,
0d4e,
0c84,
08d0,
0369,
003d,
fe48,
fd0e,
fbc4,
f94c,
f997,
fba5,
fafe,
f938,
fbf2,
ffbf,
ffa4,
fe9a,
ff17,
ff9b,
ff28,
ff44,
001f,
01a8,
025f,
016d,
00c2,
011a,
015a,
0095,
ff4b,
fdb3,
fce6,
fd59,
fe10,
feee,
ffce,
ffec,
ff7b,
ffed,
00fe,
017f,
0151,
00c5,
0039,
fff3,
ffd7,
ffb7,
ffb9,
ff9f,
ff31,
fee9,
ff15,
ff8d,
0007,
004d,
0037,
ffdc,
ff91,
ff7e,
ffc5,
0002,
0001,
0001,
0000,
0000,
0001,
0002,
0002,
0001,
ffff,
ffff,
0000,
0002,
0001,
0001,
ffff,
0000,
0000,
0002,
0004,
0004,
0003,
0000,
fffb,
fff9,
fffa,
fffc,
fffe,
0000,
fffe,
0000,
fffe,
0006,
0003,
0009,
0001,
fffd,
0000,
fff7,
0015,
ffef,
001a,
012b,
0bcc,
0f0e,
0466,
fa3c,
f05c,
f383,
0282,
14ca,
1fe8,
1a81,
04e9,
f60c,
fb41,
f699,
e63e,
e1d7,
e699,
eda9,
f7d4,
0004,
03a5,
0997,
0fa3,
0fd9,
0f01,
0d3b,
087b,
033a,
0038,
fdf2,
fcbe,
fbe4,
f8bc,
f804,
fa48,
fa67,
f8fe,
fbff,
004e,
00db,
0040,
0056,
004f,
ffa0,
ff86,
0000,
012d,
01ae,
007e,
ffbf,
0020,
0092,
0035,
ff66,
fe1e,
fd59,
fdc4,
feb4,
ffdb,
0099,
006f,
ffc7,
ffdc,
0088,
010b,
010b,
0056,
ff9e,
ff70,
ff8b,
ff8a,
ff92,
ff88,
ff2a,
fefe,
ff5b,
fffb,
007b,
00b0,
0086,
001c,
ffcf,
ffab,
ffc9,
000a,
0002,
0000,
0000,
0001,
0002,
0002,
0002,
0001,
ffff,
ffff,
0000,
0001,
0001,
0001,
0000,
ffff,
0000,
0003,
0005,
0005,
0005,
0001,
fffc,
fffa,
fffb,
fffc,
ffff,
ffff,
fffe,
0001,
fffe,
0005,
0005,
0006,
0007,
fff8,
0008,
ffea,
0022,
ffde,
0032,
00af,
0bd9,
1147,
054c,
fb06,
ef46,
f04c,
0169,
158a,
227d,
1e47,
065d,
f3b6,
fafa,
f791,
e359,
ded0,
e4aa,
eb09,
f6ec,
010f,
041d,
0a45,
117c,
1155,
10bb,
0f0c,
08b1,
0256,
ff9b,
fd8d,
fc3e,
fc12,
f90b,
f73b,
f903,
f9bb,
f7f7,
fae6,
0083,
017d,
0111,
0200,
01fa,
0039,
ffcd,
0063,
0133,
017e,
fff5,
fec5,
ff3e,
fffb,
ffa5,
feed,
fdd8,
fd30,
fe1b,
ff86,
00ac,
0150,
011e,
0047,
001b,
0095,
00d2,
0097,
ffde,
ff45,
ff18,
ff09,
fef8,
ff39,
ff76,
ff31,
ff0b,
ff6c,
0023,
00da,
0134,
0105,
0074,
fff7,
ffc1,
ffe6,
002e,
002e,
0001,
0000,
0001,
0003,
0003,
0001,
0000,
ffff,
ffff,
ffff,
0001,
0002,
0001,
ffff,
fffe,
0001,
0003,
0004,
0006,
0005,
0001,
fffd,
fffa,
fffb,
fffb,
fffe,
ffff,
fffd,
ffff,
ffff,
0002,
0007,
0002,
000c,
fff2,
0010,
ffdd,
002e,
ffcd,
004a,
002b,
0b4e,
13f2,
06ca,
fb27,
eeeb,
ed22,
ff04,
164d,
253a,
222b,
08fe,
f109,
f92d,
fa2e,
e1ce,
da41,
e2d9,
e907,
f4b7,
01be,
0511,
0a52,
1348,
132d,
1205,
1140,
0a23,
01b2,
fe85,
fccf,
fb48,
fc0c,
f989,
f70c,
f820,
f920,
f757,
f988,
ffc9,
019a,
012e,
02a1,
03ea,
01e0,
002d,
0074,
0172,
01e2,
fff2,
fe04,
fe5f,
ffb3,
ff81,
fe89,
fd38,
fc6f,
fdef,
0015,
014e,
01d3,
01ba,
00ab,
004e,
00fc,
0106,
0066,
ffa2,
ff1a,
fed7,
fe90,
fe53,
fea4,
ff31,
ff27,
ff0a,
ff6c,
0027,
0105,
0190,
0176,
00db,
0042,
ffe2,
fffd,
005c,
0054,
ffc6,
0003,
0004,
0002,
0000,
fffe,
fffe,
ffff,
0001,
0000,
fffe,
fffc,
fffd,
fffe,
0003,
0005,
0006,
0003,
ffff,
fffb,
fffd,
fffd,
0000,
ffff,
ffff,
fffa,
fffe,
fffb,
000b,
fffd,
0010,
ffed,
0010,
ffe1,
001e,
ffe4,
002c,
ffbe,
049f,
12f8,
1115,
0127,
ebf2,
e50a,
f9b1,
169e,
2a42,
2442,
0c09,
f4e6,
f59f,
fed1,
ed90,
d83f,
d92d,
e697,
f183,
fb6e,
043a,
07d2,
0f93,
14e3,
1474,
11b5,
0e0e,
07f7,
006c,
fd0c,
f8d9,
f5f9,
f5d0,
f954,
fd90,
fea3,
fac2,
f66c,
faee,
ff55,
ff1a,
0037,
040b,
04d2,
0444,
0625,
05e2,
0319,
fe5c,
f9fb,
f92c,
fba6,
fcab,
fbd6,
fc3e,
fd20,
feeb,
00fc,
02a7,
03c1,
03eb,
02c4,
0159,
0166,
0186,
00ca,
ff5b,
fdc2,
fcc7,
fc9c,
fd14,
fdf5,
fefc,
ff49,
ff14,
ff7a,
0098,
01ca,
025f,
0242,
017d,
0099,
000e,
fff7,
0026,
0005,
ff60,
fe8f,
fe5d,
fee2,
ffab,
0006,
0004,
0002,
0000,
0001,
0003,
0003,
0002,
0000,
ffff,
ffff,
0002,
0006,
0008,
0009,
0004,
0000,
fffc,
ffff,
ffff,
0003,
0002,
0001,
fffc,
0001,
fffe,
000f,
fffe,
0015,
ffe9,
001a,
ffda,
0030,
ffd3,
004b,
ffa2,
06a6,
16cb,
11f4,
fe0e,
e50a,
e118,
feba,
1fd3,
301f,
249a,
06ff,
eef7,
f536,
feee,
e7e9,
d3e0,
d8aa,
e661,
f317,
fe84,
04df,
08a1,
12f6,
16ce,
1594,
12dc,
0d7a,
066a,
00c3,
fcd2,
f6bf,
f4b7,
f4d1,
f890,
fd87,
ff21,
fb33,
f6f1,
fab6,
ff2c,
ffa4,
ff36,
027d,
053c,
0606,
075c,
0731,
0428,
fe2a,
f995,
f8b1,
fab2,
fbff,
fbbd,
fbc7,
fc55,
fe83,
0159,
039d,
0494,
0458,
0309,
01b2,
01a5,
01b3,
00e7,
ff15,
fd45,
fc8a,
fca0,
fd0d,
fdd7,
fed9,
ff0b,
fecf,
ff4a,
008d,
01f4,
029e,
025a,
0165,
0084,
0014,
001c,
0069,
0041,
ff79,
fe95,
fe5b,
fed5,
ff9f,
0023,
0003,
0000,
fffe,
ffff,
0001,
0002,
0001,
fffe,
fffc,
fffd,
ffff,
0005,
0006,
0007,
0003,
fffe,
fff9,
fffb,
fffe,
0002,
0000,
0000,
fff9,
0000,
fff9,
0010,
fffc,
0015,
ffe7,
0012,
ffdf,
0020,
ffe5,
0029,
ffbd,
04bb,
17b0,
1717,
0115,
e3a4,
d9f9,
f950,
2190,
3652,
2a25,
0a03,
ed58,
ef9e,
fec9,
e9ec,
d064,
d59f,
e504,
f0ce,
fe72,
0706,
0783,
128a,
1988,
16e3,
13f7,
0ef0,
06af,
00d5,
fe96,
f68a,
f2f2,
f40f,
f725,
fbd3,
febf,
fcaf,
f7de,
fa4e,
fe76,
ffe7,
ff3d,
0085,
03e1,
06b7,
081c,
07cd,
0657,
fff4,
f9b3,
f804,
f9a9,
fbcf,
fc6c,
fbbe,
faee,
fd86,
0141,
03cc,
0513,
04ce,
0351,
01dd,
01dd,
01e0,
010c,
ff3c,
fd35,
fc2e,
fc4f,
fd18,
fde8,
fec7,
ff13,
fed9,
ff17,
0039,
01cf,
02c2,
029e,
0173,
004b,
ffdd,
0004,
006d,
0066,
ffc0,
febd,
fe37,
fe88,
ff7f,
0054,
0059,
0003,
0000,
fffe,
ffff,
0001,
0002,
0001,
fffe,
fffc,
fffd,
ffff,
0005,
0006,
0007,
0003,
fffe,
fff9,
fffb,
fffe,
0002,
0000,
0000,
fff9,
0000,
fff9,
0010,
fffc,
0015,
ffe7,
0012,
ffdf,
0020,
ffe5,
0029,
ffbd,
04bb,
17b0,
1717,
0115,
e3a4,
d9f9,
f950,
2190,
3652,
2a25,
0a03,
ed58,
ef9e,
fec9,
e9ec,
d064,
d59f,
e504,
f0ce,
fe72,
0706,
0783,
128a,
1988,
16e3,
13f7,
0ef0,
06af,
00d5,
fe96,
f68a,
f2f2,
f40f,
f725,
fbd3,
febf,
fcaf,
f7de,
fa4e,
fe76,
ffe7,
ff3d,
0085,
03e1,
06b7,
081c,
07cd,
0657,
fff4,
f9b3,
f804,
f9a9,
fbcf,
fc6c,
fbbe,
faee,
fd86,
0141,
03cc,
0513,
04ce,
0351,
01dd,
01dd,
01e0,
010c,
ff3c,
fd35,
fc2e,
fc4f,
fd18,
fde8,
fec7,
ff13,
fed9,
ff17,
0039,
01cf,
02c2,
029e,
0173,
004b,
ffdd,
0004,
006d,
0066,
ffc0,
febd,
fe37,
fe88,
ff7f,
0054,
0059,
0000,
fffe,
fffe,
0001,
0002,
0000,
fffe,
fffc,
fffc,
fffe,
0004,
0007,
0008,
0003,
fffd,
fff7,
fff9,
fffc,
0001,
0001,
0001,
fff9,
fffe,
fff8,
000d,
0000,
0011,
fff2,
0003,
fff1,
0002,
000c,
fff7,
0002,
027d,
161d,
1d0d,
06db,
e48c,
d30b,
f100,
1e85,
3ac4,
336b,
0f52,
ee54,
ea42,
fbab,
ed9c,
cf08,
cfd9,
e345,
f0bf,
fba9,
080a,
0962,
1066,
1a17,
1948,
14c9,
0fb3,
0860,
00e6,
ff91,
f886,
f1ea,
f298,
f68b,
fa9b,
fd0f,
fd89,
f92a,
f974,
fd58,
fff9,
0055,
0007,
01fe,
05ef,
08c3,
075c,
06d2,
0332,
fae6,
f68e,
f915,
fcc3,
fd43,
fc24,
fa6e,
fc21,
00ae,
03fd,
0532,
04d3,
037a,
01f2,
01c6,
01cb,
0145,
ffc3,
fd48,
fbb5,
fbe0,
fd15,
fe11,
fede,
ff4a,
ff29,
ff28,
ffe8,
01a2,
02f8,
02e7,
0191,
0022,
ff88,
ffa9,
0036,
0069,
ffd8,
fea5,
fdef,
fe5e,
ff88,
0089,
00ac,
001d,
fffd,
fffe,
0000,
0003,
0002,
ffff,
fffc,
fffc,
0000,
0004,
0008,
0009,
0006,
ffff,
fff9,
fff8,
fffc,
ffff,
0001,
0002,
fffb,
fffc,
fff9,
0009,
0006,
000a,
fffe,
fff3,
0003,
ffea,
0026,
ffd8,
003a,
00c0,
11ef,
2189,
0fee,
e89a,
cd92,
e611,
1846,
3ad6,
3bc7,
19eb,
f333,
e64b,
f653,
f0ec,
d074,
c9aa,
dda0,
f014,
fb65,
06ee,
0a2d,
109e,
1a36,
1a1c,
1646,
108a,
0961,
01d9,
003a,
fa28,
f298,
f1c6,
f500,
fa03,
fbec,
fcff,
faba,
f916,
fae6,
ff67,
0205,
00af,
0111,
0480,
088d,
072b,
060a,
04ec,
fce8,
f63d,
f86d,
fd8f,
fe85,
fd37,
fab8,
faaa,
ff84,
03fc,
0533,
04b5,
039e,
01db,
0182,
01ee,
0165,
ffec,
fd75,
fba5,
fb90,
fcd2,
fe02,
fedd,
ff8d,
ff9b,
ff74,
ffc8,
015c,
031f,
035b,
01f4,
0027,
ff48,
ff54,
ffdc,
0014,
ff95,
fe85,
fdbb,
fe1a,
ff6e,
00c3,
0106,
0067,
ffa6,
fffc,
fffe,
0001,
0002,
ffff,
fffd,
fffc,
fffd,
0002,
0008,
0009,
0006,
ffff,
fff8,
fff5,
fff9,
fffe,
0001,
0001,
fffc,
fff9,
fffa,
0003,
000b,
0004,
0009,
ffea,
000b,
ffde,
002a,
ffcf,
004e,
ffcf,
0c2b,
2214,
1afa,
f1f2,
cb0d,
d983,
0db0,
3721,
41c1,
248f,
fd37,
e87f,
ef70,
f201,
d5a5,
c516,
d4bc,
ebf3,
f976,
070d,
0bfa,
0e7f,
1a9d,
1d4a,
16f2,
10b4,
0b46,
028d,
004b,
fc82,
f325,
f176,
f499,
f8c5,
fad7,
fccd,
fb93,
f88a,
f941,
fe3f,
027e,
01be,
013f,
0351,
0754,
0764,
05ce,
04a1,
fdd4,
f77a,
f8b8,
fdf4,
ff97,
fe47,
fbbd,
fa3c,
fddd,
02dd,
053a,
04d2,
0370,
01df,
017b,
01fc,
0160,
fff5,
fdc0,
fbe5,
fb75,
fc6f,
fdba,
feaf,
ff9c,
fff1,
ffd5,
ffeb,
0134,
0304,
039d,
028a,
009e,
ff54,
feff,
ff56,
ff9e,
ff4d,
fe6c,
fd9a,
fdd6,
ff23,
009f,
0139,
00cf,
ffee,
ff85,
fffe,
0001,
0002,
0001,
fffd,
fffb,
fffc,
0001,
0007,
000a,
0008,
0001,
fffa,
fff6,
fff7,
fffb,
ffff,
0001,
ffff,
fff8,
fffb,
fffe,
000f,
0001,
000e,
ffea,
0009,
ffe2,
001d,
ffe0,
0033,
ffa9,
0658,
1dd7,
2435,
00fd,
ce9c,
ccf9,
ffa7,
2e2b,
43ae,
307b,
0779,
eea7,
ee99,
f107,
daca,
c5f6,
cbaf,
e2ce,
f54a,
0386,
0d6b,
100b,
187e,
1e8a,
1be8,
1222,
0ad0,
04d7,
0097,
fd73,
f4cf,
f140,
f372,
f865,
fa83,
fbb6,
fbd7,
f81f,
f845,
fd8d,
028b,
01eb,
016c,
02e7,
0548,
0744,
0711,
03d4,
fd04,
f95d,
fa61,
fe35,
001e,
fef0,
fcb9,
faf6,
fceb,
00d7,
0444,
04bd,
037e,
024a,
0185,
01a2,
0152,
0068,
fe6a,
fc68,
fb76,
fbf2,
fd42,
fe74,
ff86,
ffe9,
ffee,
0024,
0144,
02df,
03b3,
0319,
0149,
ff9e,
feb3,
fec7,
ff4a,
ff44,
fe7e,
fd99,
fd9b,
fea5,
0033,
0133,
0106,
0027,
ffa3,
002e,
0000,
0001,
0001,
ffff,
fffc,
fffc,
0000,
0005,
000a,
000a,
0004,
fffc,
fff6,
fff6,
fffa,
ffff,
0000,
0001,
fffa,
fffb,
fffb,
000d,
0006,
000c,
fff7,
fffa,
fff6,
fffc,
0009,
fff7,
ffff,
01df,
157f,
2850,
12d8,
db74,
c37b,
ee88,
2149,
3e5b,
3aa2,
14ff,
f6ec,
f019,
f278,
e155,
c903,
c69b,
d89f,
ece9,
fcb2,
0a96,
0ff6,
1870,
2023,
1e73,
16c7,
0db3,
05e0,
010c,
ff77,
f648,
f06a,
f2f8,
f6d9,
f9e5,
fbd7,
fb1d,
f6c5,
f834,
fd79,
0236,
02da,
011b,
01b2,
039d,
068e,
07a0,
0428,
fd03,
fa79,
fc5c,
fe85,
0057,
ff9c,
fd40,
fba5,
fcf9,
ff72,
0245,
03e0,
0378,
02c3,
01c0,
013a,
0127,
00fa,
ff8a,
fd6b,
fbe2,
fb8b,
fca2,
fe05,
ff3d,
ffba,
ffc0,
0010,
0126,
02ba,
03c0,
03a6,
020e,
ffe6,
fe81,
fe6f,
ff1c,
ff5a,
fecc,
fdd7,
fd7d,
fe36,
ffa7,
00d0,
00f7,
0065,
ffe4,
0026,
0101,
0000,
0000,
0000,
fffe,
fffc,
ffff,
0004,
0009,
000a,
0006,
ffff,
fff9,
fff6,
fff8,
fffc,
0000,
0001,
fffd,
fffa,
fffb,
0005,
000d,
0005,
0007,
ffef,
0006,
ffe7,
001c,
ffde,
0031,
ffdd,
0b58,
24fb,
22c3,
f0f7,
c267,
dae9,
1281,
3375,
3e14,
239d,
014f,
f560,
f570,
e7a6,
cfa4,
c5e6,
cf35,
e3d9,
f433,
025c,
0c7e,
159a,
1ffb,
235a,
1cb8,
10b8,
099d,
0407,
003b,
f91e,
f0be,
f09f,
f4fc,
f922,
fa95,
fa2c,
f6b0,
f716,
fccf,
028c,
0467,
01b3,
0066,
016a,
053a,
0764,
043f,
fe81,
fc31,
fdc7,
fe9c,
0024,
0064,
fe3f,
fc20,
fc73,
feba,
0109,
029e,
027d,
026f,
0212,
0156,
0129,
013d,
00a1,
fed9,
fd12,
fbcd,
fc13,
fd64,
fea7,
ff53,
ff79,
ffdc,
00ab,
021d,
0398,
0421,
02d0,
0062,
fead,
fe4a,
fede,
ff67,
ff35,
fe52,
fdaa,
fdfa,
ff10,
0046,
00d4,
009c,
0010,
fff9,
009d,
017f,
0000,
0000,
0000,
fffe,
fffc,
ffff,
0004,
0009,
000a,
0006,
ffff,
fff9,
fff6,
fff8,
fffc,
0000,
0001,
fffd,
fffa,
fffb,
0005,
000d,
0005,
0007,
ffef,
0006,
ffe7,
001c,
ffde,
0031,
ffdd,
0b58,
24fb,
22c3,
f0f7,
c267,
dae9,
1281,
3375,
3e14,
239d,
014f,
f560,
f570,
e7a6,
cfa4,
c5e6,
cf35,
e3d9,
f433,
025c,
0c7e,
159a,
1ffb,
235a,
1cb8,
10b8,
099d,
0407,
003b,
f91e,
f0be,
f09f,
f4fc,
f922,
fa95,
fa2c,
f6b0,
f716,
fccf,
028c,
0467,
01b3,
0066,
016a,
053a,
0764,
043f,
fe81,
fc31,
fdc7,
fe9c,
0024,
0064,
fe3f,
fc20,
fc73,
feba,
0109,
029e,
027d,
026f,
0212,
0156,
0129,
013d,
00a1,
fed9,
fd12,
fbcd,
fc13,
fd64,
fea7,
ff53,
ff79,
ffdc,
00ab,
021d,
0398,
0421,
02d0,
0062,
fead,
fe4a,
fede,
ff67,
ff35,
fe52,
fdaa,
fdfa,
ff10,
0046,
00d4,
009c,
0010,
fff9,
009d,
017f,
0001,
0000,
fffe,
fffc,
fffc,
0001,
0007,
000b,
0009,
0003,
fffb,
fff6,
fff6,
fffa,
fffe,
ffff,
ffff,
fff9,
fffb,
ffff,
000e,
0005,
000b,
fff5,
ffff,
fff4,
0003,
ffff,
0001,
ffe0,
031b,
19d3,
2b33,
0c0a,
cf44,
c7fc,
ff0c,
270c,
391b,
2fee,
0deb,
fb41,
fb30,
f196,
d763,
c7a6,
c9a3,
da3f,
ec4e,
f953,
045b,
0ebe,
1bc9,
23e8,
23c9,
18dd,
0d22,
0742,
0473,
fe0e,
f22a,
eef8,
f24a,
f68f,
f940,
f864,
f5c2,
f64f,
fbb9,
0162,
05c4,
0421,
0042,
ffaa,
031b,
05eb,
0427,
00f0,
fe16,
feb3,
ff99,
ffdc,
0032,
ff4f,
fd91,
fbf4,
fd37,
ffe3,
020a,
01d2,
00fb,
0152,
018e,
01a3,
0186,
0166,
003a,
fe9f,
fd09,
fc41,
fce9,
fde8,
feb8,
ff15,
ff8c,
0015,
012e,
02d4,
03e0,
0369,
015d,
ff4c,
fe5a,
feb4,
ff67,
ff7e,
fedf,
fe20,
fe04,
fe9c,
ffd0,
00c9,
00cf,
001a,
ffa7,
001b,
00fe,
019f,
0000,
ffff,
fffd,
fffc,
ffff,
0005,
000a,
000a,
0007,
ffff,
fff9,
fff5,
fff8,
fffb,
ffff,
0000,
fffd,
fff9,
fffd,
0006,
000e,
0002,
0009,
ffec,
000b,
ffe4,
0021,
ffd4,
0036,
ffc1,
0b36,
26b3,
23de,
ecb5,
c02b,
e39c,
1942,
2f03,
351e,
1cee,
01c8,
fec6,
fd77,
e5ac,
cdf7,
c6f5,
ce6d,
e3eb,
f357,
fb6e,
04f4,
131b,
1efd,
2564,
21ee,
143e,
0c09,
089c,
041c,
f922,
f00c,
ef72,
f2ea,
f707,
f5ea,
f443,
f4f5,
f911,
ff6e,
05b3,
067f,
01ca,
ffca,
0134,
03b5,
03a0,
0294,
00c8,
ffaa,
0037,
0042,
0069,
ff92,
fea3,
fcc8,
fc19,
fe0c,
0085,
01a2,
00a1,
000f,
0052,
0176,
0232,
0231,
0191,
000b,
fe8b,
fd57,
fd2f,
fd84,
fe1d,
fea0,
ff09,
ff7f,
0025,
0190,
02e9,
0354,
0231,
004a,
feea,
feaa,
ff4e,
ffc1,
ff85,
fea6,
fe17,
fe77,
ff92,
00bb,
0100,
0051,
ff79,
ff7a,
003e,
0118,
014e,
ffff,
fffd,
fffc,
fffd,
0001,
0007,
000a,
0008,
0002,
fffb,
fff7,
fff6,
fff9,
fffd,
fffe,
fffe,
fff9,
fffa,
fffe,
000d,
0006,
0005,
fffd,
fff6,
0001,
fff2,
0017,
ffdb,
0019,
0140,
1600,
2ca2,
11c7,
d24f,
c74a,
00fa,
2523,
3010,
2af5,
0d8b,
ff70,
0457,
f82f,
db10,
cc38,
c86a,
d3ff,
eac4,
f6f5,
fc56,
0710,
1630,
203b,
2569,
1d92,
1112,
0cfd,
0b21,
02b0,
f576,
f0da,
f105,
f304,
f3b4,
f206,
f2bf,
f5b1,
fb96,
029f,
0794,
04a6,
008c,
00e9,
0219,
02c2,
0340,
0336,
0153,
00ed,
00ec,
009d,
003c,
ff3e,
fdc6,
fc0b,
fc8d,
fe69,
0047,
0090,
ffdd,
ff6d,
ffc7,
0176,
02b9,
0301,
01ce,
fffd,
fe99,
fe10,
fe10,
fe0d,
fe5e,
fe98,
fee0,
ff34,
0015,
0181,
028f,
0262,
0101,
ffa8,
fef9,
ff3f,
ffe7,
0019,
ff6d,
fe77,
fe5c,
ff4f,
00aa,
0147,
00ba,
ffa7,
ff18,
ff74,
003b,
00dd,
00b2,
ffff,
fffd,
fffc,
fffe,
0003,
0009,
000a,
0007,
0000,
fffb,
fff6,
fff8,
fffb,
fffe,
fffe,
fffe,
fff7,
fffd,
0001,
0011,
ffff,
000d,
ffef,
0008,
ffee,
0010,
fff0,
000e,
ffc0,
04ba,
1fd0,
2acb,
fc4b,
c4ef,
da33,
14af,
2810,
2d44,
1f69,
050e,
0326,
064b,
ef7a,
d653,
cd51,
ca7f,
d9f2,
eee6,
f6f4,
fccd,
0a7e,
1791,
20d8,
240b,
18ab,
0f72,
0f24,
0c6e,
00a4,
f59d,
f282,
f1c5,
f21a,
f00a,
f004,
f292,
f653,
fd2e,
04b2,
0686,
0258,
0144,
016f,
01a7,
038c,
04f3,
03d5,
01fb,
01ca,
0134,
00f8,
0016,
fe71,
fccf,
fbd7,
fc91,
fe30,
ffb6,
ff98,
ff34,
ff02,
ffb4,
019d,
0341,
038f,
01f3,
0028,
ff0e,
fede,
fed5,
feae,
fea8,
fe78,
fe79,
fec4,
ffe3,
0144,
01e0,
0148,
0020,
ff59,
ff3d,
ffe3,
0073,
003d,
ff56,
feae,
ff13,
0047,
0155,
014c,
004f,
ff37,
fee3,
ff63,
001e,
0073,
ffff,
ffff,
fffd,
fffc,
fffe,
0003,
0009,
000a,
0007,
0000,
fffb,
fff6,
fff8,
fffb,
fffe,
fffe,
fffe,
fff7,
fffd,
0001,
0011,
ffff,
000d,
ffef,
0008,
ffee,
0010,
fff0,
000e,
ffc0,
04ba,
1fd0,
2acb,
fc4b,
c4ef,
da33,
14af,
2810,
2d44,
1f69,
050e,
0326,
064b,
ef7a,
d653,
cd51,
ca7f,
d9f2,
eee6,
f6f4,
fccd,
0a7e,
1791,
20d8,
240b,
18ab,
0f72,
0f24,
0c6e,
00a4,
f59d,
f282,
f1c5,
f21a,
f00a,
f004,
f292,
f653,
fd2e,
04b2,
0686,
0258,
0144,
016f,
01a7,
038c,
04f3,
03d5,
01fb,
01ca,
0134,
00f8,
0016,
fe71,
fccf,
fbd7,
fc91,
fe30,
ffb6,
ff98,
ff34,
ff02,
ffb4,
019d,
0341,
038f,
01f3,
0028,
ff0e,
fede,
fed5,
feae,
fea8,
fe78,
fe79,
fec4,
ffe3,
0144,
01e0,
0148,
0020,
ff59,
ff3d,
ffe3,
0073,
003d,
ff56,
feae,
ff13,
0047,
0155,
014c,
004f,
ff37,
fee3,
ff63,
001e,
0073,
ffff,
fffe,
fffc,
fffc,
0000,
0004,
0008,
0009,
0005,
ffff,
fffa,
fff7,
fffa,
fffc,
fffe,
fffd,
fffc,
fff6,
fffe,
0004,
0010,
fffc,
000c,
ffe9,
0011,
ffe2,
0024,
ffd1,
003a,
ff86,
08de,
262f,
2475,
eaf7,
c32c,
ecb0,
1e3c,
271a,
28b7,
162d,
02a1,
084b,
0483,
e893,
d605,
ce51,
cd02,
df27,
f07f,
f58f,
fd07,
0c0d,
186a,
21e2,
215b,
150d,
0f6c,
109e,
0c49,
ffae,
f779,
f483,
f1b3,
f029,
ef0e,
efe5,
f1b4,
f687,
fe1f,
0455,
0448,
019d,
012a,
00a3,
029b,
05a3,
068a,
04ba,
02cb,
0223,
01d2,
018b,
ff90,
fd8f,
fbf1,
fb70,
fc62,
fde2,
fee7,
fea4,
fe96,
febe,
fff9,
01e7,
0395,
03b5,
020f,
0098,
ffce,
ffbb,
ff91,
ff59,
fecf,
fe31,
fdfb,
fe5d,
ffa4,
00c5,
00fd,
004b,
ff93,
ff3b,
ff88,
005b,
00ba,
0057,
ff90,
ff4f,
ffe6,
00fa,
0196,
0118,
ffee,
fef1,
feca,
ff49,
ffe8,
fffd,
ff5f,
ffff,
fffd,
fffe,
0001,
0005,
0009,
0008,
0004,
fffe,
fffa,
fff8,
fffa,
fffc,
fffe,
fffd,
fffb,
fff8,
ffff,
0006,
000d,
fffd,
000b,
ffea,
0014,
ffe0,
002b,
ffc4,
004d,
ff81,
0bf6,
28e3,
1dc6,
e0eb,
c743,
f9a7,
216b,
243c,
2396,
105d,
03b7,
0ca0,
0214,
e537,
d795,
cf1b,
cf66,
e2d6,
f0c9,
f3e4,
fccf,
0b6e,
17c3,
22c2,
1f54,
12a5,
103a,
1192,
0b13,
fff3,
f9f5,
f5ac,
f1f0,
efe8,
ef2d,
f04f,
f176,
f60d,
fd8e,
02a6,
022c,
00e1,
fff4,
ffe4,
044c,
07ce,
07d3,
05bc,
03ee,
02d8,
02a0,
01fb,
ff38,
fccc,
fae6,
fadb,
fc42,
fd9d,
fdf8,
fdb4,
fe04,
fea4,
0053,
021b,
0396,
0394,
0239,
0128,
00ac,
00a5,
0059,
ffed,
fee3,
fdf6,
fda8,
fe17,
ff3f,
001a,
002a,
ff89,
ff20,
ff21,
ffb7,
008c,
00dc,
0097,
0012,
0007,
009f,
0173,
01aa,
00e4,
ffa4,
fec1,
fec2,
ff3e,
ffad,
ff84,
fedc,
ffff,
fffd,
fffe,
0001,
0005,
0007,
0006,
0002,
fffe,
fffb,
fff8,
fffb,
fffc,
fffd,
fffd,
fffb,
fff8,
ffff,
0007,
000c,
fffb,
0009,
ffeb,
0015,
ffdf,
002e,
ffbf,
0052,
ff7f,
0cc2,
28e6,
1a62,
de39,
cb3c,
ff50,
219e,
2123,
1f83,
0e04,
05a5,
0f71,
0190,
e526,
d9a3,
cff5,
d04c,
e414,
f0db,
f2b5,
fb9c,
09c2,
161f,
2208,
1ec4,
1277,
10c8,
1210,
0a54,
004b,
fbca,
f687,
f257,
f116,
f024,
f05f,
f1cc,
f608,
fbec,
006b,
009f,
ff68,
fe60,
ffd0,
0559,
0904,
091b,
06da,
0522,
0429,
037d,
0233,
ff5b,
fc5b,
f9d1,
fa41,
fc16,
fd22,
fd2d,
fcf3,
fd5e,
fe83,
008d,
0229,
0379,
037c,
0272,
01be,
018b,
0175,
0108,
0061,
fef7,
fddd,
fd78,
fdcf,
fec4,
ff7f,
ff8c,
fef7,
feb8,
fef6,
ffc0,
009a,
00ff,
00ea,
008f,
00a0,
012a,
01c6,
01b5,
00c6,
ff7e,
feab,
feb9,
ff2d,
ff7b,
ff26,
fe76,
ffff,
fffd,
fffe,
0001,
0005,
0007,
0007,
0003,
fffe,
fffb,
fff9,
fffc,
fffc,
fffd,
fffd,
fffb,
fff8,
0001,
0005,
000d,
fffb,
000d,
ffe9,
0017,
ffdf,
002d,
ffc0,
0050,
ff6d,
0afe,
26d4,
1b21,
e1d7,
cd73,
fe7f,
2047,
1e2c,
1c91,
0e10,
0717,
1137,
03d1,
e7ab,
dc49,
d1bc,
cfad,
e2aa,
f0e1,
f22e,
f988,
0730,
139b,
200c,
1e5a,
1387,
11c9,
1232,
0a4e,
0134,
fcb9,
f791,
f3a7,
f22b,
f151,
f11f,
f201,
f5fe,
fab9,
fdff,
fece,
fdf4,
fce9,
ff60,
0598,
0943,
09d5,
0849,
0694,
058f,
0483,
02a5,
ffb3,
fc6d,
f948,
f98e,
fbac,
fc9a,
fc83,
fc68,
fcd6,
fe0d,
005e,
021b,
0356,
0374,
02ab,
0240,
0240,
0235,
019d,
00b8,
ff28,
fdf6,
fd7a,
fd95,
fe57,
fefb,
ff05,
fe83,
fe5a,
feb7,
ffa1,
00a1,
0125,
012c,
00e9,
0104,
017f,
0200,
01d7,
00d1,
ff84,
feb0,
feaa,
ff06,
ff4d,
fef8,
fe42,
ffff,
fffe,
fffe,
0000,
0004,
0007,
0006,
0003,
fffe,
fffc,
fff9,
fffc,
fffc,
fffd,
fffc,
fffd,
fff9,
0001,
0002,
000f,
fff9,
000e,
ffea,
0014,
ffe4,
0023,
ffd3,
0037,
ff80,
0731,
2269,
1f28,
eb26,
cec2,
f79c,
1d61,
1c03,
1aa7,
0ff2,
079b,
11bc,
08a8,
ec7d,
df8b,
d50f,
ce7e,
de41,
efd9,
f273,
f721,
0400,
1032,
1d07,
1e68,
14f6,
1276,
12d6,
0b02,
0233,
fdc6,
f8de,
f521,
f33d,
f21a,
f1d5,
f2d1,
f5fc,
f989,
fc3b,
fd25,
fc9f,
fbf8,
fe63,
0494,
08d9,
0a24,
095d,
0808,
070d,
0577,
034f,
0061,
fd0d,
f98e,
f8fc,
fae5,
fc0a,
fc16,
fbf0,
fc66,
fd79,
ffb4,
01c9,
0343,
0396,
02ec,
02a0,
02b5,
02c6,
0222,
0105,
ff60,
fe25,
fd9f,
fd8f,
fe0c,
fe85,
fe95,
fe35,
fe1b,
fe7a,
ff70,
008f,
0132,
0155,
0121,
012c,
0198,
0216,
0206,
0114,
ffbc,
fecc,
fea2,
fede,
ff21,
feeb,
fe43,
0000,
fffe,
fffd,
0000,
0003,
0007,
0006,
0003,
0000,
fffe,
fffb,
fffb,
fffb,
fffd,
fffc,
fffe,
fff7,
ffff,
0001,
000e,
fffb,
0009,
fff3,
0007,
fff8,
0006,
fffd,
fffa,
ffe2,
02e7,
1ad8,
238a,
f976,
d2bf,
ec49,
170b,
1a96,
18fc,
1349,
0832,
1030,
0ea0,
f3ee,
e37b,
da14,
cf1d,
d7e3,
ec26,
f2f7,
f50b,
0051,
0c19,
1898,
1df7,
1743,
12d1,
12da,
0cdf,
03ba,
fec8,
fae6,
f6fb,
f41e,
f2d4,
f220,
f35b,
f6a5,
f88e,
fa43,
fc17,
fbed,
fb20,
fd4a,
02c1,
0768,
0a03,
0a37,
090d,
0858,
0687,
03f3,
0150,
fe48,
fa89,
f8d1,
fa10,
fb5d,
fbce,
fbaa,
fbed,
fcce,
fedb,
0125,
02eb,
03c8,
0357,
02e4,
02e0,
031f,
0290,
0154,
ffb6,
fe61,
fdd6,
fdb3,
fdef,
fe2f,
fe46,
fe01,
fdef,
fe53,
ff37,
0059,
0118,
015c,
0139,
0136,
0186,
01ff,
021f,
0166,
0023,
ff0c,
fead,
fec9,
fefe,
feeb,
fe69,
0000,
fffe,
fffd,
0000,
0003,
0007,
0006,
0003,
0000,
fffe,
fffb,
fffb,
fffb,
fffd,
fffc,
fffe,
fff7,
ffff,
0001,
000e,
fffb,
0009,
fff3,
0007,
fff8,
0006,
fffd,
fffa,
ffe2,
02e7,
1ad8,
238a,
f976,
d2bf,
ec49,
170b,
1a96,
18fc,
1349,
0832,
1030,
0ea0,
f3ee,
e37b,
da14,
cf1d,
d7e3,
ec26,
f2f7,
f50b,
0051,
0c19,
1898,
1df7,
1743,
12d1,
12da,
0cdf,
03ba,
fec8,
fae6,
f6fb,
f41e,
f2d4,
f220,
f35b,
f6a5,
f88e,
fa43,
fc17,
fbed,
fb20,
fd4a,
02c1,
0768,
0a03,
0a37,
090d,
0858,
0687,
03f3,
0150,
fe48,
fa89,
f8d1,
fa10,
fb5d,
fbce,
fbaa,
fbed,
fcce,
fedb,
0125,
02eb,
03c8,
0357,
02e4,
02e0,
031f,
0290,
0154,
ffb6,
fe61,
fdd6,
fdb3,
fdef,
fe2f,
fe46,
fe01,
fdef,
fe53,
ff37,
0059,
0118,
015c,
0139,
0136,
0186,
01ff,
021f,
0166,
0023,
ff0c,
fead,
fec9,
fefe,
feeb,
fe69,
0001,
ffff,
fffd,
ffff,
0001,
0005,
0006,
0005,
0001,
ffff,
fffc,
fffb,
fffc,
fffd,
fffd,
fffd,
fffa,
fffc,
0001,
0008,
0004,
fffe,
0004,
fff3,
0011,
ffe6,
0026,
ffc5,
0045,
0014,
1075,
241c,
0aaa,
dd43,
e0a4,
0b15,
18de,
1702,
16f5,
0b01,
0c93,
12f9,
fe36,
e895,
dfb9,
d323,
d230,
e4d9,
f233,
f3be,
fc62,
07e0,
1310,
1bfb,
19db,
1439,
1224,
0e5f,
0651,
0028,
fcb2,
f970,
f59d,
f336,
f245,
f373,
f71b,
f861,
f891,
fabb,
fbe6,
fb03,
fc1f,
00bf,
055c,
08e4,
0a9a,
0a03,
091f,
0757,
04c2,
0253,
ffb2,
fc1d,
f955,
f968,
fa9e,
fb7e,
fb90,
fb99,
fc2e,
fde4,
0060,
0266,
03b1,
03ce,
034d,
02df,
0313,
02d7,
019e,
001c,
febb,
fe09,
fdcc,
fdf0,
fe12,
fe22,
fdff,
fddd,
fe34,
ff00,
000c,
00d6,
0142,
013e,
012c,
0165,
01c7,
0202,
0197,
0098,
ff77,
fed4,
fec5,
feed,
ff01,
feaf,
0001,
0000,
ffff,
ffff,
0001,
0004,
0006,
0005,
0003,
0000,
ffff,
fffb,
fffc,
fffc,
fffd,
fffd,
fffe,
fff9,
0001,
0001,
000d,
fff9,
000d,
ffed,
0012,
ffe7,
001e,
ffd9,
002e,
ff9b,
0632,
1d50,
1a07,
eff2,
db2e,
f980,
13bd,
14e0,
18ba,
1138,
097b,
1290,
09d1,
f0af,
e4ff,
da4e,
d0ab,
db58,
ede1,
f2fe,
f83c,
039f,
0d3b,
17a2,
1b41,
16da,
1215,
0f09,
093a,
0245,
fe80,
fbb2,
f801,
f45a,
f246,
f31e,
f70a,
f87e,
f783,
f94d,
fb86,
fb55,
fba0,
fee7,
030e,
06fb,
0a12,
0aa8,
09d2,
07f2,
057f,
0351,
010d,
fded,
fa9f,
f957,
f9e8,
fafa,
fb71,
fb76,
fbd0,
fd09,
ff70,
01ba,
0358,
0403,
03bc,
030d,
02cd,
02c1,
01db,
008f,
ff3d,
fe4b,
fdd8,
fde0,
fe13,
fe31,
fe39,
fdfd,
fe1a,
fec4,
ffb4,
007e,
0103,
0138,
0127,
0142,
017d,
01b8,
019a,
00f0,
ffe9,
ff18,
fee1,
fefb,
ff29,
ff0a,
0001,
0000,
0000,
fffe,
ffff,
0002,
0004,
0006,
0004,
0002,
0000,
fffd,
fffb,
fffc,
fffc,
fffc,
fffe,
fff9,
fffd,
ffff,
0007,
0002,
0003,
0001,
fff8,
0009,
ffef,
001a,
ffd5,
002f,
006b,
1017,
1fd4,
0771,
e2b5,
e86d,
074d,
119c,
16ea,
1858,
0ba6,
0d61,
11a9,
fd2b,
eab4,
e244,
d566,
d420,
e513,
f10d,
f498,
fe8d,
0840,
1144,
19a0,
1982,
13a5,
0f34,
0bf4,
052e,
0042,
fe01,
fa7a,
f682,
f345,
f2c8,
f603,
f870,
f730,
f7ca,
fac3,
fb7f,
fb8e,
fdbf,
0105,
04a4,
0892,
0a84,
0a49,
08c6,
063c,
03ff,
021b,
ffa8,
fc79,
fa19,
f996,
fa45,
fb22,
fb63,
fbb1,
fc9c,
fe7c,
00ce,
02ae,
03e0,
03fe,
0358,
02a5,
0267,
01df,
00f1,
ffe5,
fec3,
fe02,
fdc2,
fdf8,
fe45,
fe88,
fe5d,
fe26,
fe88,
ff45,
0013,
00b4,
0119,
0129,
0128,
0138,
0158,
0167,
010d,
004b,
ff7b,
ff17,
ff18,
ff46,
ff57,
0001,
0000,
0000,
ffff,
fffe,
0000,
0002,
0005,
0006,
0004,
0001,
ffff,
fffb,
fffc,
fffc,
fffd,
fffd,
fffe,
fff9,
ffff,
ffff,
000b,
fffc,
000b,
fff2,
000b,
ffef,
0013,
ffe7,
001c,
ffba,
0412,
17b3,
1986,
f7db,
e2ac,
f526,
09a6,
11e2,
1b08,
1428,
09d7,
10d4,
0aba,
f43c,
e8d8,
de9f,
d3e2,
db0d,
eb2f,
f1e4,
f87d,
036d,
0b1f,
1424,
19f6,
1678,
1012,
0d76,
093c,
0277,
ffd7,
fd42,
f8e5,
f557,
f3bd,
f4ee,
f729,
f76f,
f6cf,
f916,
fb64,
fbcf,
fce5,
ff55,
02bf,
0668,
0959,
0a4e,
0990,
0758,
04aa,
02b9,
00d4,
fe82,
fbae,
f9e4,
f9c4,
fa81,
fb3b,
fbc2,
fc8b,
fdca,
ffd7,
01bd,
0339,
0401,
03a1,
02b9,
020c,
01b6,
0123,
0070,
ff6c,
fe75,
fded,
fdc9,
fe18,
fe95,
fed4,
fe8c,
fe76,
fedf,
ff8e,
0051,
00e5,
0129,
011c,
010d,
00ff,
0109,
0108,
00a3,
ffef,
ff54,
ff27,
ff45,
ff83,
0001,
0000,
0000,
ffff,
fffe,
0000,
0002,
0005,
0006,
0004,
0001,
ffff,
fffb,
fffc,
fffc,
fffd,
fffd,
fffe,
fff9,
ffff,
ffff,
000b,
fffc,
000b,
fff2,
000b,
ffef,
0013,
ffe7,
001c,
ffba,
0412,
17b3,
1986,
f7db,
e2ac,
f526,
09a6,
11e2,
1b08,
1428,
09d7,
10d4,
0aba,
f43c,
e8d8,
de9f,
d3e2,
db0d,
eb2f,
f1e4,
f87d,
036d,
0b1f,
1424,
19f6,
1678,
1012,
0d76,
093c,
0277,
ffd7,
fd42,
f8e5,
f557,
f3bd,
f4ee,
f729,
f76f,
f6cf,
f916,
fb64,
fbcf,
fce5,
ff55,
02bf,
0668,
0959,
0a4e,
0990,
0758,
04aa,
02b9,
00d4,
fe82,
fbae,
f9e4,
f9c4,
fa81,
fb3b,
fbc2,
fc8b,
fdca,
ffd7,
01bd,
0339,
0401,
03a1,
02b9,
020c,
01b6,
0123,
0070,
ff6c,
fe75,
fded,
fdc9,
fe18,
fe95,
fed4,
fe8c,
fe76,
fedf,
ff8e,
0051,
00e5,
0129,
011c,
010d,
00ff,
0109,
0108,
00a3,
ffef,
ff54,
ff27,
ff45,
ff83,
0000,
0001,
0001,
0000,
ffff,
ffff,
0000,
0003,
0005,
0005,
0003,
0001,
fffe,
fffb,
fffc,
fffc,
fffd,
fffe,
fffc,
fffa,
ffff,
0003,
0007,
0000,
0006,
fff5,
000b,
ffed,
0018,
ffdc,
0032,
ffc3,
08ee,
1a9e,
1035,
ef69,
e81e,
faed,
096a,
165b,
1c3d,
0f3f,
0afc,
10b5,
02ac,
f010,
e79b,
db6c,
d5eb,
e1b4,
ede4,
f34e,
fcd0,
066f,
0d16,
1600,
1884,
1284,
0e20,
0c7c,
06a3,
014b,
ffac,
fbbe,
f785,
f59d,
f57a,
f5cc,
f698,
f6cc,
f74c,
fa2b,
fc17,
fcc6,
fdcb,
00cc,
049b,
077c,
098d,
09c6,
0882,
05db,
0353,
017c,
ffda,
fdb1,
fafd,
f9c8,
f9eb,
facb,
fbb9,
fc9d,
fd8c,
fee8,
00c1,
0244,
038c,
03c7,
0303,
020d,
017c,
0125,
00ae,
0007,
ff0d,
fe63,
fde9,
fdcd,
fe3c,
fed4,
ff04,
fecb,
fed1,
ff23,
ffd5,
0090,
0103,
011c,
00f6,
00cf,
00bd,
00d6,
00c3,
0050,
ffb0,
ff3f,
ff2a,
ff64,
0000,
0001,
0001,
0002,
0000,
ffff,
ffff,
0001,
0004,
0006,
0005,
0003,
0000,
fffd,
fffc,
fffc,
fffd,
fffd,
fffe,
fffb,
fffd,
fffe,
0005,
0003,
0006,
0000,
fffc,
0001,
fffa,
0008,
fff1,
000c,
009d,
0cfc,
19e6,
0813,
ecd8,
eca9,
fc17,
0b83,
1b2b,
1a36,
0bfb,
0c8e,
0dc3,
fcc3,
eebf,
e619,
d9e3,
d9e7,
e66b,
ef14,
f583,
006c,
07e9,
0e76,
1689,
156c,
0fbc,
0db9,
0b3a,
04c3,
0133,
fed0,
fa17,
f777,
f6e5,
f66c,
f58a,
f61e,
f679,
f81a,
fb58,
fcef,
fd65,
fec9,
0272,
05be,
083c,
097b,
08d1,
0726,
04a5,
0247,
0084,
ff35,
fcc9,
fa65,
f9db,
fa54,
fb4d,
fc6c,
fd83,
fe5d,
ffaf,
0141,
02a9,
03a3,
0364,
027c,
018f,
0114,
00bc,
0054,
ffaa,
fed5,
fe49,
fddd,
fde1,
fe52,
fee8,
ff26,
ff1e,
ff34,
ff7e,
0015,
00aa,
0114,
0112,
00d3,
0094,
007f,
009c,
0091,
002a,
ff88,
ff1f,
ff1f,
ffff,
0000,
0001,
0001,
0001,
0000,
ffff,
ffff,
0000,
0003,
0005,
0005,
0003,
0000,
fffd,
fffc,
fffc,
fffd,
ffff,
fffe,
fffb,
fffd,
ffff,
0005,
0003,
0005,
fffd,
ffff,
fffe,
0000,
0001,
0000,
ffed,
01d6,
0f77,
1774,
02b2,
ecf9,
ee88,
fca4,
0f7c,
1dc0,
16d8,
0a7f,
0d05,
0a1c,
f996,
ee74,
e497,
da53,
de3e,
e938,
f001,
f811,
02ad,
0852,
0f53,
154d,
127b,
0ea5,
0d6a,
09ef,
0401,
010d,
fd65,
f988,
f851,
f7ae,
f66e,
f569,
f5d2,
f671,
f925,
fc3f,
fd70,
fe31,
003c,
0375,
066a,
08ae,
08f8,
07ac,
05d3,
039f,
0193,
0010,
fe6a,
fbf1,
fa43,
fa05,
faad,
fbf1,
fd1d,
fe07,
fee9,
002f,
019d,
0302,
03af,
031f,
021c,
013d,
00c9,
0071,
fff5,
ff3b,
fe9e,
fe27,
fdbf,
fddf,
fe68,
ff02,
ff4b,
ff70,
ff92,
ffd5,
0052,
00d3,
0120,
00f9,
0099,
004c,
0052,
007f,
0073,
000d,
ff77,
ff12,
ffff,
0000,
0000,
0001,
0002,
0001,
0000,
ffff,
ffff,
0000,
0003,
0005,
0004,
0002,
ffff,
fffd,
fffc,
fffc,
fffe,
ffff,
fffe,
fffb,
fffd,
0000,
0006,
0003,
0004,
fffd,
fffe,
ffff,
fffe,
0002,
fffe,
fff7,
02ef,
1075,
14ae,
ffdb,
ed8e,
eee7,
fe1f,
1331,
1de7,
13ea,
09fa,
0c4b,
073e,
f84e,
ee4a,
e3e0,
dc34,
e1cc,
eae7,
f125,
fa3a,
03a5,
0859,
0f0b,
1359,
10c3,
0e11,
0d00,
091f,
03a5,
007c,
fc93,
f9cd,
f908,
f7cb,
f648,
f5a1,
f5c0,
f6b9,
fa06,
fcc4,
fddd,
ff90,
0199,
03c5,
06a3,
08d2,
0844,
067b,
04b0,
02b9,
014a,
ffee,
fdd5,
fb70,
fa23,
f9f0,
fae4,
fc86,
fd96,
fe44,
ff36,
00b3,
0237,
037a,
03b0,
02d9,
01ef,
012d,
0091,
fff8,
ff72,
fee0,
fe58,
fdd4,
fd92,
fdeb,
fe8f,
ff2a,
ff97,
ffd9,
ffe1,
000f,
0087,
00fe,
0123,
00d7,
0061,
001e,
0046,
0082,
006c,
fff7,
ff59,
0001,
ffff,
0000,
0000,
0000,
0001,
0001,
0000,
ffff,
ffff,
0000,
0003,
0005,
0004,
0001,
ffff,
fffc,
fffc,
fffd,
ffff,
ffff,
ffff,
fffc,
fffe,
0000,
0006,
0002,
0004,
fffc,
fffe,
fffe,
fffe,
0004,
fff8,
001f,
03a4,
104f,
1253,
fec1,
ee00,
ef1f,
0014,
153c,
1cae,
11ff,
0980,
0b18,
0593,
f7ff,
ee6b,
e445,
dea1,
e482,
ec0f,
f23f,
fb95,
03d9,
07af,
0de0,
11d8,
0f98,
0d9e,
0cd1,
08a5,
0357,
002e,
fc54,
fa17,
f988,
f7e0,
f609,
f5ac,
f623,
f75b,
fa8d,
fd00,
feaf,
00d8,
0254,
03ce,
0692,
08b8,
077c,
054b,
03cb,
0259,
0139,
ffeb,
fd94,
faed,
f9c1,
f9c1,
fae3,
fcaf,
fddf,
fea1,
ffba,
016c,
02ed,
03cf,
0397,
02c2,
01f8,
0110,
002a,
ff65,
fef0,
fe70,
fddc,
fd74,
fd8b,
fe1d,
fed0,
ff86,
fff1,
000c,
0005,
0039,
00b3,
0122,
0131,
00cd,
0060,
002b,
003a,
005a,
0038,
ffc0,
0002,
0000,
ffff,
ffff,
ffff,
0000,
0001,
0001,
ffff,
fffe,
fffe,
0000,
0003,
0004,
0003,
0000,
fffe,
fffc,
fffc,
fffd,
fffe,
fffe,
ffff,
fffb,
fffe,
ffff,
0007,
0000,
0005,
fffa,
0001,
fffb,
0001,
0001,
fff9,
0052,
03ed,
0f72,
108b,
fe98,
ee6b,
efb5,
01a3,
15a6,
1b35,
10d6,
08f0,
0a01,
04b2,
f82f,
ef00,
e56e,
e112,
e684,
ecf5,
f32a,
fc5d,
0374,
067a,
0cc3,
1092,
0e90,
0d88,
0cc0,
081a,
033c,
0028,
fc25,
fa71,
fa17,
f7dd,
f584,
f5cb,
f723,
f833,
fac5,
fd58,
ff90,
0175,
028b,
03f6,
066f,
0814,
06cd,
04aa,
0336,
0231,
012f,
ffa0,
fd36,
faae,
f948,
f942,
fab8,
fcc4,
fe4e,
ff66,
00a3,
0213,
035b,
0409,
03a4,
02be,
01d6,
00c6,
ffa2,
fec1,
fe4e,
fdf3,
fda3,
fd74,
fd9b,
fe3d,
ff17,
ffdc,
003d,
0033,
001c,
005d,
00eb,
0161,
0165,
00ec,
0055,
0001,
000a,
001d,
fff2,
0002,
0000,
ffff,
ffff,
ffff,
0000,
0001,
0001,
ffff,
fffe,
fffe,
0000,
0003,
0004,
0003,
0000,
fffe,
fffc,
fffc,
fffd,
fffe,
fffe,
ffff,
fffb,
fffe,
ffff,
0007,
0000,
0005,
fffa,
0001,
fffb,
0001,
0001,
fff9,
0052,
03ed,
0f72,
108b,
fe98,
ee6b,
efb5,
01a3,
15a6,
1b35,
10d6,
08f0,
0a01,
04b2,
f82f,
ef00,
e56e,
e112,
e684,
ecf5,
f32a,
fc5d,
0374,
067a,
0cc3,
1092,
0e90,
0d88,
0cc0,
081a,
033c,
0028,
fc25,
fa71,
fa17,
f7dd,
f584,
f5cb,
f723,
f833,
fac5,
fd58,
ff90,
0175,
028b,
03f6,
066f,
0814,
06cd,
04aa,
0336,
0231,
012f,
ffa0,
fd36,
faae,
f948,
f942,
fab8,
fcc4,
fe4e,
ff66,
00a3,
0213,
035b,
0409,
03a4,
02be,
01d6,
00c6,
ffa2,
fec1,
fe4e,
fdf3,
fda3,
fd74,
fd9b,
fe3d,
ff17,
ffdc,
003d,
0033,
001c,
005d,
00eb,
0161,
0165,
00ec,
0055,
0001,
000a,
001d,
fff2,
0002,
0003,
0002,
0001,
0000,
0001,
0002,
0002,
0001,
0001,
ffff,
ffff,
0000,
0003,
0004,
0003,
0001,
ffff,
fffd,
fffd,
fffe,
ffff,
ffff,
0000,
fffd,
0000,
ffff,
0007,
0000,
0006,
fff9,
0003,
fff8,
0007,
fffc,
0004,
007d,
03da,
0e20,
0f40,
ff08,
ef2f,
f088,
0247,
14f2,
19c4,
1025,
086d,
090b,
044f,
f8e2,
f00a,
e70a,
e36a,
e809,
ed97,
f3e4,
fcb6,
027b,
0534,
0ba5,
0f3b,
0e0a,
0db1,
0c46,
07ba,
0389,
000e,
fc25,
faf2,
fa5d,
f7a3,
f571,
f635,
f804,
f923,
fb20,
fdbc,
0008,
0192,
027f,
0406,
0633,
0758,
065d,
04a2,
02f9,
01a0,
00b1,
ff46,
fcdc,
fa47,
f8d4,
f902,
fae5,
fd30,
fed5,
002f,
017e,
02bb,
03a7,
03ff,
0384,
02a4,
018d,
0030,
ff0a,
fe59,
fdfe,
fdb0,
fd7f,
fd71,
fdbc,
fe72,
ff51,
0019,
0076,
006f,
0065,
00ad,
011a,
0162,
0153,
00e5,
0054,
ffe9,
ffcc,
ffd0,
0000,
0002,
0002,
0000,
ffff,
ffff,
0000,
0000,
0001,
ffff,
ffff,
fffe,
fffe,
0000,
0001,
0002,
0002,
0000,
ffff,
fffd,
fffd,
fffd,
ffff,
ffff,
ffff,
fffd,
ffff,
fffe,
0006,
ffff,
0005,
fff7,
0003,
fff7,
0008,
fff6,
0011,
009c,
0396,
0c9d,
0e34,
ffba,
f059,
f172,
0236,
1395,
1851,
0fc1,
0804,
0832,
0445,
f9df,
f145,
e900,
e5a7,
e921,
ee21,
f4a0,
fc8c,
0138,
041b,
0a67,
0e1e,
0dd2,
0d77,
0bc0,
07d7,
03ad,
ffd6,
fc6c,
fb67,
fa5c,
f796,
f5f3,
f6dc,
f872,
f9e3,
fc04,
fdf9,
fffe,
0187,
024c,
03e0,
0607,
06d4,
05da,
049a,
02d1,
00f4,
ffdc,
fe7f,
fc69,
fa28,
f8f8,
f979,
fb77,
fda6,
ff4a,
00df,
0221,
0309,
039a,
03a7,
0328,
026b,
0152,
ffc8,
fe9d,
fe05,
fdbe,
fd90,
fd8e,
fd99,
fde1,
fea0,
ff94,
006a,
00bf,
00ab,
008b,
00b4,
0110,
0151,
0145,
00d4,
0041,
ffd2,
ffa8,
ffff,
0001,
0002,
0002,
0001,
0000,
0001,
0001,
0000,
0001,
0000,
0000,
ffff,
ffff,
0000,
0001,
0002,
0003,
0001,
ffff,
fffe,
fffd,
fffd,
ffff,
ffff,
0000,
fffd,
fffe,
fffe,
0004,
0000,
0004,
fff9,
0002,
fff8,
0008,
fff5,
001d,
00b0,
0330,
0b0a,
0d4f,
00a6,
f1da,
f241,
0195,
11cb,
16f3,
0f94,
07b6,
0786,
0470,
faf9,
f2bc,
eb2b,
e7a1,
e9fe,
eebf,
f529,
fbff,
001d,
031b,
0912,
0d27,
0d87,
0d27,
0b8c,
07d5,
0376,
ffe6,
fcff,
fbb7,
fa48,
f7e7,
f6b8,
f789,
f8f0,
fa61,
fca9,
fe45,
ffc2,
0166,
0249,
0391,
057f,
0644,
0535,
0427,
02c0,
0082,
fec9,
fdb1,
fc51,
fab3,
f9d2,
fa3f,
fc01,
fe23,
ffd7,
011c,
0203,
02c1,
0355,
0380,
02fd,
0212,
00da,
ff75,
fe74,
fdf0,
fdbd,
fda3,
fdac,
fddf,
fe48,
fef7,
ffbb,
006a,
00b8,
00af,
0095,
00b2,
00ff,
0139,
012d,
00c6,
003c,
ffc8,
ffff,
ffff,
0000,
0000,
0002,
0001,
0001,
0000,
0000,
0000,
0000,
0000,
0000,
ffff,
fffe,
ffff,
0000,
0002,
0002,
0001,
0000,
fffe,
fffd,
fffd,
fffe,
ffff,
ffff,
fffd,
fffe,
fffe,
0004,
0000,
0003,
fffb,
0002,
fffa,
0005,
fff7,
0025,
00b8,
02bc,
0979,
0c70,
01b7,
f3a6,
f307,
0081,
0fb0,
158f,
0f73,
07a0,
0708,
04a3,
fc27,
f472,
ed71,
e96c,
eac6,
ef56,
f57a,
fb6c,
ff15,
01ed,
07c2,
0c53,
0d2d,
0ce5,
0b35,
077e,
0376,
0061,
fd9b,
fbe0,
fa49,
f87d,
f7af,
f83e,
f982,
fabc,
fc79,
fe5f,
0036,
015a,
01ea,
02f8,
046a,
053f,
04c0,
03a4,
022a,
006f,
feb8,
fd84,
fca4,
fb7f,
facf,
fb19,
fc62,
fe26,
fff2,
011d,
01a2,
0256,
02fe,
031b,
02a4,
01cd,
009b,
ff5a,
fe86,
fe1b,
fdff,
fe05,
fe0c,
fe1f,
fe75,
ff0d,
ffab,
0036,
0082,
0091,
0094,
00b6,
00f7,
0129,
0123,
00c6,
0039,
ffff,
ffff,
0000,
0000,
0002,
0001,
0001,
0000,
0000,
0000,
0000,
0000,
0000,
ffff,
fffe,
ffff,
0000,
0002,
0002,
0001,
0000,
fffe,
fffd,
fffd,
fffe,
ffff,
ffff,
fffd,
fffe,
fffe,
0004,
0000,
0003,
fffb,
0002,
fffa,
0005,
fff7,
0025,
00b8,
02bc,
0979,
0c70,
01b7,
f3a6,
f307,
0081,
0fb0,
158f,
0f73,
07a0,
0708,
04a3,
fc27,
f472,
ed71,
e96c,
eac6,
ef56,
f57a,
fb6c,
ff15,
01ed,
07c2,
0c53,
0d2d,
0ce5,
0b35,
077e,
0376,
0061,
fd9b,
fbe0,
fa49,
f87d,
f7af,
f83e,
f982,
fabc,
fc79,
fe5f,
0036,
015a,
01ea,
02f8,
046a,
053f,
04c0,
03a4,
022a,
006f,
feb8,
fd84,
fca4,
fb7f,
facf,
fb19,
fc62,
fe26,
fff2,
011d,
01a2,
0256,
02fe,
031b,
02a4,
01cd,
009b,
ff5a,
fe86,
fe1b,
fdff,
fe05,
fe0c,
fe1f,
fe75,
ff0d,
ffab,
0036,
0082,
0091,
0094,
00b6,
00f7,
0129,
0123,
00c6,
0039,
0000,
ffff,
ffff,
0000,
0001,
0001,
0002,
0001,
0000,
0000,
0001,
0002,
0001,
0000,
ffff,
ffff,
ffff,
0002,
0003,
0003,
0003,
0000,
fffe,
fffe,
fffe,
ffff,
ffff,
0000,
fffd,
fffe,
0000,
0003,
0001,
0003,
fffe,
0002,
fffd,
0005,
fffb,
002a,
00b9,
0251,
080f,
0b8e,
02af,
f57c,
f3c8,
ff5d,
0da2,
141c,
0f4a,
07b9,
06a1,
04be,
fd62,
f63f,
ef84,
eb0b,
eba1,
f004,
f5cb,
faca,
fdf3,
00f6,
06d3,
0b6b,
0ca4,
0c8b,
0ab1,
0735,
03ba,
00f4,
fe13,
fbf9,
fa91,
f95b,
f8a2,
f8f7,
f9ed,
facb,
fc47,
fe75,
008e,
0133,
0126,
01d5,
032f,
0431,
0421,
035f,
020c,
00bc,
ff99,
fe4b,
fd1a,
fc13,
fb45,
fb5a,
fc95,
fe46,
ffc5,
00c8,
014a,
01c7,
026e,
02b4,
0263,
01aa,
009d,
ff96,
fef0,
fe97,
fe66,
fe43,
fe2d,
fe39,
fe83,
feee,
ff5e,
ffe2,
0051,
0094,
00b2,
00c8,
00ed,
011a,
011a,
00c5,
ffff,
ffff,
ffff,
ffff,
0000,
0001,
0002,
0002,
0000,
0000,
0000,
0000,
0001,
0001,
0000,
ffff,
ffff,
ffff,
0001,
0002,
0003,
0001,
0000,
ffff,
fffe,
fffe,
ffff,
ffff,
0000,
fffe,
fffe,
ffff,
0002,
0002,
0002,
ffff,
0000,
ffff,
0002,
ffff,
002a,
00b0,
01ef,
06c8,
0ab2,
0394,
f74b,
f477,
fe3c,
0ba0,
129f,
0f1f,
07e4,
0648,
04e8,
fe9d,
f7e4,
f168,
eca5,
eca4,
f0aa,
f5e7,
fa23,
fd19,
0053,
05bb,
0a41,
0c33,
0c33,
0a1d,
06ff,
0420,
0191,
fe75,
fc3d,
fb32,
fa38,
f94b,
f960,
fa44,
fb06,
fc34,
fdfd,
fff5,
00ca,
006e,
009d,
01fa,
036f,
03f6,
03bc,
02c6,
016b,
005b,
ff3e,
fda0,
fc19,
fb54,
fb66,
fc65,
fe0c,
ff94,
006f,
00d9,
0153,
01f5,
0270,
0257,
01ba,
00f6,
002a,
ff64,
fed1,
fe97,
fe6d,
fe36,
fe28,
fe4c,
fe9a,
ff1d,
ffc8,
0055,
00b0,
00d4,
00cc,
00d7,
0101,
0112,
fffe,
ffff,
0000,
0000,
0000,
0000,
0001,
0002,
0001,
0001,
0000,
0000,
0001,
0001,
0001,
0001,
0000,
ffff,
ffff,
0001,
0002,
0003,
0002,
0000,
ffff,
fffe,
fffe,
0000,
0000,
0000,
ffff,
ffff,
ffff,
0002,
0002,
0002,
0001,
ffff,
0000,
0002,
0002,
0028,
00a7,
019b,
05a9,
09d3,
0459,
f8fe,
f526,
fd31,
09ac,
1124,
0eef,
0828,
060a,
050c,
ffc1,
f970,
f330,
ee3c,
ed9c,
f141,
f61b,
f9a5,
fc5b,
ff89,
048b,
095f,
0bcc,
0b9b,
098e,
0713,
04b0,
0217,
fef4,
fcb5,
fba5,
faae,
f9c4,
f9ec,
faa5,
fad0,
fb86,
fd3a,
fefd,
ffe7,
ffe7,
000b,
017f,
0389,
0486,
0464,
0382,
021d,
009f,
ff74,
fe30,
fc56,
fad5,
fac0,
fc2a,
fe16,
ff70,
ffed,
004b,
0138,
0221,
0272,
0254,
01ed,
014d,
0081,
ffae,
ff05,
fea1,
fe52,
fe0a,
fdfe,
fe2d,
fe7c,
fef9,
ffc7,
008a,
00de,
00d1,
00b7,
00cc,
00f8,
fffd,
fffe,
ffff,
ffff,
ffff,
fffe,
ffff,
0000,
0000,
0001,
0000,
ffff,
ffff,
0000,
0000,
0000,
0000,
ffff,
ffff,
fffe,
ffff,
0001,
0001,
0001,
ffff,
fffe,
fffd,
fffd,
fffe,
ffff,
ffff,
fffe,
fffd,
ffff,
0000,
0002,
0001,
0001,
fffe,
0001,
ffff,
0002,
0024,
0099,
0151,
04b2,
08f7,
04f1,
fa8a,
f5e1,
fc52,
07da,
0fa7,
0ea7,
0860,
05e0,
053f,
00cf,
fac8,
f4c0,
efcf,
eece,
f213,
f633,
f8ec,
fb9f,
fee2,
0389,
086f,
0b37,
0b35,
0942,
0749,
0568,
0291,
ff21,
fce7,
fbf4,
fb1f,
fa4a,
fa08,
fa2f,
fa49,
facf,
fc3a,
fe10,
ff43,
fff5,
00b7,
0217,
0403,
051e,
04e2,
03c0,
0232,
0098,
ff49,
fe07,
fc42,
faac,
fa9f,
fbf7,
fda0,
ff0e,
fff4,
0079,
0139,
0234,
02ab,
0275,
0207,
016a,
0098,
ffbf,
ff06,
fe78,
fe21,
fdf8,
fdf7,
fe1d,
fe75,
ff1c,
fff3,
009c,
00db,
00d2,
00c3,
00c6,
fffb,
fffb,
fffc,
fffd,
fffd,
fffe,
fffd,
fffe,
ffff,
ffff,
0000,
ffff,
ffff,
ffff,
ffff,
fffe,
ffff,
ffff,
fffe,
fffe,
fffe,
fffe,
0000,
0000,
0000,
0000,
ffff,
fffe,
fffe,
fffe,
ffff,
ffff,
ffff,
fffe,
ffff,
0000,
0003,
0002,
0002,
fffc,
0001,
ffff,
0004,
0021,
008b,
011a,
03e7,
082d,
0563,
fbde,
f691,
fb9f,
0643,
0e44,
0e4d,
08a3,
05e5,
056d,
0192,
fbe0,
f655,
f191,
f015,
f29e,
f5fb,
f861,
fb09,
fe1e,
02b8,
07f5,
0af3,
0ae2,
093a,
07a6,
0583,
0269,
ff38,
fd32,
fc38,
fb0d,
f9fd,
f9be,
f9ca,
f9a1,
fa0e,
fbc6,
fe0f,
ffc5,
00b8,
01ae,
031e,
0499,
0533,
048c,
0351,
01d7,
002b,
feb4,
fdb3,
fc93,
fb0b,
fa65,
fb8b,
fda9,
ff4c,
000b,
008e,
0171,
0274,
02db,
028d,
01fc,
014e,
006a,
ff81,
fedc,
fe71,
fe11,
fde0,
fe08,
fe5b,
febb,
ff47,
0006,
00aa,
00f4,
00e1,
00b2,
fffe,
fffd,
fffd,
fffd,
fffe,
ffff,
ffff,
fffe,
ffff,
0000,
0001,
0002,
0001,
0001,
0000,
0001,
0000,
0000,
0000,
ffff,
ffff,
ffff,
ffff,
0000,
0001,
0001,
0001,
0000,
fffe,
fffe,
ffff,
0000,
0000,
ffff,
fffe,
0000,
0000,
0003,
0001,
0001,
fffd,
0001,
0000,
0004,
001d,
007f,
00ea,
033a,
0775,
05bf,
fd08,
f729,
fafe,
04e0,
0d0b,
0e02,
08e2,
05d5,
0581,
0258,
fd1e,
f7fb,
f322,
f126,
f2fe,
f581,
f78c,
fa8a,
fdff,
0278,
07bf,
0adb,
0a74,
08ab,
0761,
0568,
025c,
ff3a,
fcfb,
fba7,
faa5,
f9e2,
f970,
f94c,
f959,
fa4c,
fc84,
fef6,
00ae,
0198,
027e,
039a,
045a,
0474,
03d8,
028b,
00ef,
ffab,
fece,
fdc9,
fc56,
fb20,
fafb,
fc03,
fdb0,
ff34,
0025,
00e5,
01dc,
0297,
02b4,
026b,
01cc,
00eb,
0004,
ff4d,
feb9,
fe43,
fe0e,
fe21,
fe69,
feac,
feee,
ff71,
002b,
00b7,
00df,
00c5,
fffe,
fffd,
fffd,
fffd,
fffe,
ffff,
ffff,
fffe,
ffff,
0000,
0001,
0002,
0001,
0001,
0000,
0001,
0000,
0000,
0000,
ffff,
ffff,
ffff,
ffff,
0000,
0001,
0001,
0001,
0000,
fffe,
fffe,
ffff,
0000,
0000,
ffff,
fffe,
0000,
0000,
0003,
0001,
0001,
fffd,
0001,
0000,
0004,
001d,
007f,
00ea,
033a,
0775,
05bf,
fd08,
f729,
fafe,
04e0,
0d0b,
0e02,
08e2,
05d5,
0581,
0258,
fd1e,
f7fb,
f322,
f126,
f2fe,
f581,
f78c,
fa8a,
fdff,
0278,
07bf,
0adb,
0a74,
08ab,
0761,
0568,
025c,
ff3a,
fcfb,
fba7,
faa5,
f9e2,
f970,
f94c,
f959,
fa4c,
fc84,
fef6,
00ae,
0198,
027e,
039a,
045a,
0474,
03d8,
028b,
00ef,
ffab,
fece,
fdc9,
fc56,
fb20,
fafb,
fc03,
fdb0,
ff34,
0025,
00e5,
01dc,
0297,
02b4,
026b,
01cc,
00eb,
0004,
ff4d,
feb9,
fe43,
fe0e,
fe21,
fe69,
feac,
feee,
ff71,
002b,
00b7,
00df,
00c5,
ffff,
fffe,
fffd,
fffd,
fffe,
fffe,
ffff,
0000,
ffff,
0000,
0001,
0001,
0001,
0001,
0000,
0000,
0000,
0000,
0000,
0000,
ffff,
fffe,
ffff,
ffff,
0000,
0002,
0001,
0001,
0000,
ffff,
fffe,
ffff,
0000,
0000,
ffff,
fffe,
0000,
0001,
0003,
0001,
0002,
ffff,
0002,
0000,
0006,
001d,
006f,
00c2,
02b3,
06e0,
060d,
fdf3,
f790,
fa74,
03d2,
0c1c,
0da4,
08f5,
05e2,
05dd,
0343,
fe55,
f97c,
f46e,
f198,
f297,
f50f,
f799,
fab1,
fe44,
02a2,
0751,
09c4,
0952,
0848,
075d,
04f7,
01a8,
feae,
fc7c,
fb48,
fa9c,
f9db,
f941,
f9a4,
fa62,
fb7d,
fdac,
0009,
0167,
01d8,
0235,
02fd,
03c8,
03a7,
02b2,
01b2,
00bc,
ffa6,
fea2,
fda7,
fc83,
fbbe,
fbc7,
fc80,
fdc8,
ff48,
0076,
013e,
01f8,
0273,
025b,
01ec,
015b,
00a4,
ffc7,
fef4,
fe76,
fe5f,
fe7f,
fea3,
fec3,
feee,
ff3b,
ffae,
0035,
0098,
00b4,
0000,
ffff,
fffd,
fffd,
fffd,
fffe,
ffff,
ffff,
0000,
0000,
0000,
0001,
0002,
0002,
0001,
0001,
0000,
0000,
0000,
0000,
0000,
ffff,
ffff,
fffe,
0000,
0001,
0001,
0001,
0000,
0000,
ffff,
ffff,
0000,
0000,
0000,
ffff,
ffff,
0000,
0000,
0002,
0001,
0003,
ffff,
0003,
0000,
0007,
001a,
005f,
00a6,
0253,
0677,
0648,
fea1,
f7c3,
f9e4,
0309,
0b6c,
0d5b,
0937,
0648,
067a,
046f,
ff74,
f9e4,
f47c,
f1f0,
f2fb,
f54d,
f816,
fb34,
fe0b,
019a,
0623,
08f0,
08cd,
079b,
0670,
0439,
010c,
fe2d,
fc7d,
fb7b,
faaa,
fa3e,
fa51,
faf6,
fbba,
fcd7,
fe80,
0033,
010a,
011c,
017e,
0249,
02db,
02c9,
024e,
0187,
007d,
ff72,
fea1,
fdf0,
fd13,
fc60,
fc60,
fd18,
fe3e,
ff81,
008a,
0142,
01c3,
01f3,
01c2,
016b,
0100,
0053,
ff71,
fed3,
feb8,
fedd,
fefb,
ff08,
ff21,
ff49,
ff7c,
ffbe,
0010,
0056,
0001,
0000,
fffe,
fffd,
fffd,
fffe,
fffe,
ffff,
ffff,
0000,
0001,
0000,
0001,
0001,
0001,
0001,
0001,
0000,
0000,
0000,
0000,
0000,
0000,
ffff,
0000,
0000,
0001,
0002,
0002,
0001,
0000,
0000,
ffff,
ffff,
0000,
0000,
0000,
ffff,
ffff,
0000,
0003,
0001,
0004,
0000,
0001,
0000,
000a,
0017,
0053,
0095,
021f,
063c,
068c,
ff08,
f764,
f93c,
02dc,
0b56,
0d54,
09cd,
0753,
072d,
047c,
ff3d,
fa12,
f54f,
f2c4,
f39f,
f5c7,
f7b9,
f9f5,
fcff,
0147,
05b1,
07a0,
078e,
0733,
05f7,
0384,
010c,
fe9a,
fca5,
fbd8,
fbb2,
fb78,
fb96,
fc4d,
fc99,
fd0a,
fe2f,
ff70,
0030,
007c,
00bf,
0162,
0266,
02c2,
0239,
0153,
0052,
ff70,
ff03,
fe8c,
fd8c,
fce4,
fd14,
fdbc,
fe8c,
ff81,
0051,
00dc,
0144,
015c,
0140,
0103,
008a,
fffb,
ff99,
ff5c,
ff30,
ff3f,
ff66,
ff74,
ff77,
ff78,
ff7c,
ff96,
ffd5,
0002,
0001,
ffff,
ffff,
fffe,
fffe,
fffe,
fffe,
ffff,
0000,
0000,
0000,
0000,
0001,
0001,
0001,
0001,
0000,
0000,
0000,
0000,
0000,
0000,
ffff,
ffff,
ffff,
0000,
0002,
0002,
0002,
0002,
0001,
0000,
ffff,
ffff,
0000,
0000,
0000,
ffff,
ffff,
0000,
0003,
0002,
0003,
fffe,
0001,
0006,
000c,
0016,
0048,
0083,
022d,
0660,
06cb,
feb3,
f630,
f8e5,
03c6,
0c3d,
0e3d,
0a6a,
06f6,
06da,
050f,
ffd0,
fa52,
f607,
f32a,
f2bc,
f43a,
f671,
f98c,
fcd3,
0075,
04b0,
074d,
077e,
06de,
060c,
0428,
0168,
fec5,
fd44,
fce5,
fccb,
fc7f,
fc45,
fc55,
fc40,
fc5d,
fd5d,
fee6,
ffa9,
ffaf,
002f,
0167,
02a3,
02d8,
0207,
0121,
0095,
0006,
ff6a,
fecd,
fe09,
fd71,
fd75,
fdf5,
fe95,
ff3c,
ffd6,
005c,
00bc,
00ec,
00d9,
0089,
0055,
005b,
003d,
ffd3,
ff8f,
ff9d,
ffbd,
ffb8,
ff8f,
ff63,
ff4d,
ff5f,
0002,
0001,
ffff,
ffff,
fffe,
fffe,
fffe,
fffe,
ffff,
0000,
0000,
0000,
0000,
0001,
0001,
0001,
0001,
0000,
0000,
0000,
0000,
0000,
0000,
ffff,
ffff,
ffff,
0000,
0002,
0002,
0002,
0002,
0001,
0000,
ffff,
ffff,
0000,
0000,
0000,
ffff,
ffff,
0000,
0003,
0002,
0003,
fffe,
0001,
0006,
000c,
0016,
0048,
0083,
022d,
0660,
06cb,
feb3,
f630,
f8e5,
03c6,
0c3d,
0e3d,
0a6a,
06f6,
06da,
050f,
ffd0,
fa52,
f607,
f32a,
f2bc,
f43a,
f671,
f98c,
fcd3,
0075,
04b0,
074d,
077e,
06de,
060c,
0428,
0168,
fec5,
fd44,
fce5,
fccb,
fc7f,
fc45,
fc55,
fc40,
fc5d,
fd5d,
fee6,
ffa9,
ffaf,
002f,
0167,
02a3,
02d8,
0207,
0121,
0095,
0006,
ff6a,
fecd,
fe09,
fd71,
fd75,
fdf5,
fe95,
ff3c,
ffd6,
005c,
00bc,
00ec,
00d9,
0089,
0055,
005b,
003d,
ffd3,
ff8f,
ff9d,
ffbd,
ffb8,
ff8f,
ff63,
ff4d,
ff5f,
0001,
0001,
0000,
0000,
fffe,
fffd,
fffd,
fffd,
fffe,
ffff,
ffff,
ffff,
0000,
0000,
0001,
0001,
0001,
0001,
0000,
0000,
ffff,
ffff,
ffff,
ffff,
ffff,
ffff,
ffff,
ffff,
0000,
0001,
0001,
0001,
0000,
ffff,
fffe,
ffff,
0000,
0000,
0000,
ffff,
ffff,
0000,
0002,
0000,
0001,
fffd,
0000,
000d,
000e,
000f,
0038,
0097,
02be,
06fe,
06bb,
fcb2,
f3e5,
fa68,
0774,
0db1,
0d76,
09e7,
0790,
0815,
05f6,
ff42,
f901,
f468,
f0ea,
f139,
f3bc,
f59e,
f897,
fd17,
017b,
053c,
07a6,
0806,
07ad,
06fa,
0494,
012e,
fed8,
fdf4,
fd99,
fd26,
fc4f,
fbae,
fb84,
fb7d,
fbf2,
fd37,
fe78,
fee9,
ff8e,
00e3,
01fc,
0278,
02a0,
0254,
01a1,
00f3,
004d,
ff9e,
fee9,
fe2c,
fd98,
fd8c,
fde7,
fe51,
fed3,
ff68,
fffa,
0072,
009b,
0082,
0097,
00e7,
00ef,
0091,
0021,
ffe3,
ffdc,
ffe1,
ffba,
ff66,
ff26,
ff05,
0002,
0001,
0001,
0000,
ffff,
fffe,
fffd,
fffc,
fffd,
fffd,
ffff,
ffff,
0001,
ffff,
ffff,
0000,
0000,
0000,
0000,
0000,
ffff,
0000,
ffff,
ffff,
0000,
ffff,
ffff,
fffe,
ffff,
0001,
0002,
0002,
0001,
0000,
fffe,
fffe,
fffe,
ffff,
ffff,
ffff,
fffd,
fffe,
ffff,
0002,
0004,
ffff,
0000,
0008,
0011,
0009,
000e,
0024,
014e,
044e,
080a,
0464,
f76b,
f3d0,
0006,
0b46,
0e62,
0d5b,
0a45,
08fd,
08db,
036e,
faa9,
f53d,
f218,
efa5,
efea,
f299,
f662,
fabf,
ff27,
037f,
06f7,
089e,
094c,
08e9,
06d3,
038b,
0057,
fe85,
fe10,
fd8c,
fc31,
fb22,
fada,
fb0e,
fb84,
fbf4,
fcc2,
fe47,
ffcf,
007b,
0102,
0208,
02f3,
0327,
02a7,
01e0,
0107,
002a,
ff57,
feaa,
fe15,
fd8a,
fd54,
fd95,
fe18,
fea2,
ff44,
ffeb,
0053,
0083,
00d1,
0134,
0153,
0125,
00c1,
004c,
0001,
ffef,
ffce,
ff76,
ff13,
fec4,
0003,
0002,
0001,
0001,
0000,
ffff,
ffff,
fffe,
fffe,
ffff,
ffff,
0000,
0001,
0001,
0000,
0000,
0000,
0001,
0002,
0001,
0001,
0000,
0000,
0000,
0000,
0000,
0000,
0000,
0001,
0002,
0002,
0003,
0002,
0001,
0000,
fffe,
ffff,
0000,
0001,
0001,
fffe,
fffe,
0002,
0004,
0006,
0002,
0000,
0001,
0016,
000d,
0007,
fff6,
0109,
03c1,
0720,
060b,
fa69,
f309,
fc9d,
09d3,
0ecd,
0e3e,
0c31,
09b6,
0813,
0437,
fc9d,
f631,
f1dd,
eedc,
ef0b,
f1da,
f559,
f96b,
fe6c,
02cb,
063f,
08bd,
09e6,
09a2,
07dc,
04cd,
010a,
ff0d,
fe7d,
fd6c,
fc09,
fb09,
fa9b,
fae0,
fb56,
fb3a,
fc0c,
fe23,
ff86,
ffee,
00b3,
01df,
02de,
038c,
0354,
0270,
017e,
007f,
ff95,
ff06,
fe71,
fd95,
fd16,
fd36,
fda7,
fe37,
fed6,
ff76,
000c,
0087,
00ed,
0153,
018e,
0176,
011a,
00a4,
0044,
0006,
ffd1,
ff78,
ff00,
fea1,
0002,
0002,
0002,
0001,
0001,
ffff,
ffff,
ffff,
ffff,
ffff,
ffff,
0000,
0000,
0001,
0001,
0000,
0001,
0000,
0001,
0001,
0000,
0000,
0000,
0000,
0000,
0000,
0000,
0000,
0001,
0002,
0002,
0002,
0001,
0001,
ffff,
ffff,
ffff,
0001,
0001,
fffe,
fffd,
0000,
0003,
0006,
0005,
0005,
fffa,
0003,
0011,
0018,
ffff,
000f,
01b0,
051f,
07a1,
010d,
f652,
f7c1,
028e,
0ace,
0e42,
0d38,
09c5,
081d,
06e2,
032f,
fce8,
f546,
f021,
f06f,
f22c,
f310,
f5a9,
f9e6,
fe7a,
02f6,
067e,
0830,
08e2,
08c9,
0768,
0460,
013e,
ffbc,
fe92,
fd2d,
fc1d,
fb58,
facd,
fadf,
fb08,
fb75,
fcc4,
fdf0,
fea9,
ffa3,
00c7,
01c8,
02f2,
0390,
031f,
026b,
01a1,
00b7,
ffef,
ff3e,
fe5d,
fd8e,
fd35,
fd41,
fdb0,
fe38,
fea3,
ff27,
ffd4,
0070,
00eb,
015d,
0197,
017f,
0126,
00c6,
007a,
002f,
ffd8,
ff64,
feec,
fe9c,
0001,
0001,
0001,
0000,
ffff,
ffff,
fffe,
ffff,
fffe,
ffff,
ffff,
0000,
0000,
0000,
0000,
0001,
0001,
0000,
0000,
0000,
0000,
0000,
0001,
0000,
ffff,
ffff,
0000,
0001,
0001,
0002,
0002,
0001,
0000,
ffff,
ffff,
ffff,
0001,
0001,
fffe,
fffc,
fffe,
0002,
0005,
0005,
0003,
0002,
fff9,
0001,
0016,
0019,
fff8,
0103,
0461,
072b,
0322,
f881,
f4ec,
ffad,
0be5,
0ee7,
0c14,
0894,
0576,
04b4,
05bb,
00cb,
f7c9,
f33c,
f2b8,
f395,
f5af,
f737,
f7f8,
fb6b,
0030,
0383,
0609,
076b,
06cb,
05ee,
054a,
0322,
012f,
0004,
fe6e,
fd2b,
fc8e,
fbc4,
fb23,
fb47,
fb97,
fc50,
fd7a,
fe10,
fe52,
ff49,
00bf,
0213,
02f8,
02f2,
024b,
01cf,
018b,
0101,
001a,
ff16,
fe2d,
fda5,
fd8f,
fdce,
fe2a,
fe6f,
fea5,
ff05,
ffb2,
0064,
00d9,
012e,
0162,
0147,
00fd,
00bf,
008e,
0043,
ffd4,
ff54,
fef1,
fecc,
0001,
0001,
0000,
ffff,
ffff,
ffff,
0000,
0001,
0001,
0000,
0000,
0000,
0000,
0000,
0001,
0000,
0001,
0000,
ffff,
0000,
0000,
0001,
0000,
0000,
0000,
0000,
0001,
0002,
0003,
0003,
0001,
ffff,
ffff,
fffe,
0000,
0001,
0001,
ffff,
fffe,
ffff,
0001,
0004,
0007,
0002,
0003,
ffff,
fffd,
0003,
001d,
0008,
0103,
0494,
06df,
0312,
f9b9,
f4e1,
fcdf,
09b4,
10ea,
0fad,
08fc,
02c7,
01b3,
03cb,
0008,
f820,
f450,
f496,
f638,
f85b,
fa03,
faef,
fce1,
ff6e,
01aa,
03bf,
0545,
0512,
03e6,
02f1,
01c7,
0159,
011c,
ff90,
fe0b,
fdb5,
fcf1,
fbe3,
fc3c,
fc9a,
fc81,
fd45,
fe40,
fe65,
fe7c,
ff60,
00ca,
021a,
0266,
01c5,
0145,
0145,
0148,
00d7,
ffe7,
fec8,
fe20,
fe13,
fe4e,
fe95,
feba,
febb,
fecf,
ff35,
ffcf,
0057,
00a7,
00d0,
00e8,
00e3,
00c9,
00a1,
0071,
0023,
ffb5,
ff5d,
ff3b,
ff3b,
0001,
0001,
0000,
ffff,
ffff,
ffff,
0000,
0001,
0001,
0000,
0000,
0000,
0000,
0000,
0001,
0000,
0001,
0000,
ffff,
0000,
0000,
0001,
0000,
0000,
0000,
0000,
0001,
0002,
0003,
0003,
0001,
ffff,
ffff,
fffe,
0000,
0001,
0001,
ffff,
fffe,
ffff,
0001,
0004,
0007,
0002,
0003,
ffff,
fffd,
0003,
001d,
0008,
0103,
0494,
06df,
0312,
f9b9,
f4e1,
fcdf,
09b4,
10ea,
0fad,
08fc,
02c7,
01b3,
03cb,
0008,
f820,
f450,
f496,
f638,
f85b,
fa03,
faef,
fce1,
ff6e,
01aa,
03bf,
0545,
0512,
03e6,
02f1,
01c7,
0159,
011c,
ff90,
fe0b,
fdb5,
fcf1,
fbe3,
fc3c,
fc9a,
fc81,
fd45,
fe40,
fe65,
fe7c,
ff60,
00ca,
021a,
0266,
01c5,
0145,
0145,
0148,
00d7,
ffe7,
fec8,
fe20,
fe13,
fe4e,
fe95,
feba,
febb,
fecf,
ff35,
ffcf,
0057,
00a7,
00d0,
00e8,
00e3,
00c9,
00a1,
0071,
0023,
ffb5,
ff5d,
ff3b,
ff3b,
0001,
0001,
ffff,
fffe,
fffe,
0000,
0000,
0001,
0001,
0000,
0001,
0001,
0001,
0001,
0000,
0000,
0000,
0000,
ffff,
0000,
0001,
0000,
0000,
0000,
0000,
0001,
0002,
0003,
0003,
0002,
0000,
0000,
ffff,
ffff,
0001,
0002,
0000,
fffe,
ffff,
0001,
0003,
0009,
0002,
0001,
fffd,
0004,
fffc,
0011,
000c,
0172,
0553,
06a7,
0232,
f99f,
f570,
fcc4,
0945,
10aa,
0f71,
09fc,
0423,
0151,
01ba,
fd26,
f516,
f281,
f4c9,
f769,
faa1,
fd42,
fe0a,
001c,
02ab,
0349,
031f,
0392,
0306,
01b2,
00f3,
ffc0,
fecf,
ff8c,
0007,
feba,
fe0f,
fdd3,
fcf3,
fd38,
fdfc,
fdb5,
fdb4,
fea8,
feda,
feac,
ff39,
0000,
00d6,
0147,
00eb,
0082,
00ba,
00d6,
0094,
0021,
ff59,
feb5,
fe9d,
fee7,
ff2c,
ff41,
ff1e,
ff0f,
ff53,
ffac,
fffc,
0036,
004f,
0053,
005f,
0072,
007a,
0068,
0024,
ffcf,
ff9c,
ffa0,
ffbb,
ffcb,
ffff,
fffe,
fffe,
fffe,
ffff,
0001,
0002,
0001,
0001,
0001,
0001,
0001,
0001,
0000,
0000,
ffff,
ffff,
0000,
0000,
0000,
0000,
0000,
0000,
0000,
0001,
0002,
0003,
0002,
0001,
ffff,
fffe,
ffff,
0000,
0001,
0001,
ffff,
fffe,
ffff,
0002,
0002,
0007,
0003,
0003,
fffa,
0006,
fffc,
000d,
000d,
0234,
0665,
066a,
00c2,
f894,
f610,
fe20,
0a51,
1137,
0f58,
08a4,
0242,
01d0,
02ed,
fb65,
f1ec,
f022,
f2f4,
f673,
fb67,
fee7,
00a8,
03e6,
0615,
0653,
05ba,
0449,
01ec,
0023,
fee4,
fd8c,
fd12,
fd53,
fde7,
fde7,
fdea,
fdc8,
fd73,
fe35,
ff46,
ff1b,
feb5,
ff83,
ffc9,
ff52,
ff7e,
001b,
007b,
0061,
ffd7,
ff61,
ffbd,
002f,
0017,
ffa7,
ff1e,
feee,
ff30,
ff90,
ffc2,
ffd5,
ffa1,
ff77,
ffaf,
fffc,
001e,
0011,
fff6,
ffe5,
fff2,
fff8,
fff5,
000a,
fff9,
ffb6,
ff93,
ffc0,
000b,
003e,
0047,
fffd,
fffd,
fffd,
ffff,
0000,
0001,
0000,
0000,
0000,
0001,
0001,
0001,
0000,
ffff,
fffe,
ffff,
ffff,
ffff,
ffff,
fffe,
fffe,
ffff,
0000,
0001,
0002,
0002,
0002,
0000,
ffff,
fffe,
fffe,
ffff,
ffff,
0000,
ffff,
fffd,
fffe,
0001,
0004,
0006,
0003,
0002,
fffa,
0005,
fffd,
000a,
0029,
0345,
0775,
0605,
ff15,
f744,
f6b5,
ffe4,
0c28,
1251,
0f35,
0758,
00de,
00fe,
013c,
f97a,
f149,
ef91,
f1b8,
f568,
fac0,
fe85,
019e,
0654,
0905,
0953,
088d,
0663,
02eb,
004c,
fe02,
fbf7,
fb5a,
fb73,
fc47,
fc7e,
fc15,
fc44,
fd48,
feaf,
ffff,
0047,
ffd4,
006c,
00f8,
007f,
003d,
0090,
008d,
000c,
ff5f,
fec2,
fec2,
ff07,
ff25,
ff01,
fea6,
fea0,
ff3e,
fffa,
004d,
0050,
0019,
fffa,
0030,
006a,
0071,
0041,
fff0,
ffba,
ffbb,
ffaf,
ff8b,
ff8a,
ff82,
ff63,
ff6e,
ffb7,
0017,
0069,
008e,
0069,
fffd,
fffd,
ffff,
0000,
0002,
0001,
0001,
0001,
0001,
0001,
0001,
0001,
0000,
ffff,
ffff,
0000,
0000,
0000,
ffff,
ffff,
ffff,
0001,
0002,
0003,
0003,
0002,
0000,
ffff,
fffe,
fffe,
0000,
0000,
ffff,
0000,
fffe,
0000,
0000,
0005,
0005,
0005,
0002,
fffe,
0003,
fffd,
0008,
006c,
0497,
0878,
0567,
fd2c,
f5e5,
f781,
01ff,
0e61,
1392,
0f0f,
05f2,
ff89,
008d,
ff98,
f62c,
ee83,
ef1b,
f2c9,
f62a,
fac3,
fe37,
01a2,
06e5,
0a64,
0afc,
0a7a,
0864,
0466,
017a,
fea3,
fbcf,
fac3,
fa70,
fa9f,
fb5a,
fb2d,
fa37,
fb4f,
fe13,
004e,
00f1,
0086,
00f4,
01f1,
01fb,
0158,
0130,
00eb,
0019,
ff41,
fea4,
fe6f,
fe5e,
fe31,
fdea,
fdd4,
fe3c,
ff12,
ffee,
0078,
00a6,
0075,
004f,
0092,
00f2,
00fb,
0092,
0005,
ffc0,
ffc6,
ffac,
ff68,
ff3b,
ff17,
fef9,
ff23,
ff90,
0000,
005c,
008e,
0074,
0039,
fffd,
fffd,
ffff,
0000,
0002,
0001,
0001,
0001,
0001,
0001,
0001,
0001,
0000,
ffff,
ffff,
0000,
0000,
0000,
ffff,
ffff,
ffff,
0001,
0002,
0003,
0003,
0002,
0000,
ffff,
fffe,
fffe,
0000,
0000,
ffff,
0000,
fffe,
0000,
0000,
0005,
0005,
0005,
0002,
fffe,
0003,
fffd,
0008,
006c,
0497,
0878,
0567,
fd2c,
f5e5,
f781,
01ff,
0e61,
1392,
0f0f,
05f2,
ff89,
008d,
ff98,
f62c,
ee83,
ef1b,
f2c9,
f62a,
fac3,
fe37,
01a2,
06e5,
0a64,
0afc,
0a7a,
0864,
0466,
017a,
fea3,
fbcf,
fac3,
fa70,
fa9f,
fb5a,
fb2d,
fa37,
fb4f,
fe13,
004e,
00f1,
0086,
00f4,
01f1,
01fb,
0158,
0130,
00eb,
0019,
ff41,
fea4,
fe6f,
fe5e,
fe31,
fdea,
fdd4,
fe3c,
ff12,
ffee,
0078,
00a6,
0075,
004f,
0092,
00f2,
00fb,
0092,
0005,
ffc0,
ffc6,
ffac,
ff68,
ff3b,
ff17,
fef9,
ff23,
ff90,
0000,
005c,
008e,
0074,
0039,
fffe,
ffff,
0001,
0001,
0001,
0001,
0001,
0001,
0002,
0001,
0001,
0000,
ffff,
ffff,
ffff,
0000,
ffff,
ffff,
fffe,
ffff,
0000,
0002,
0003,
0003,
0002,
fffe,
fffe,
fffe,
ffff,
ffff,
0000,
ffff,
0000,
ffff,
0001,
ffff,
0004,
0001,
0006,
0001,
0000,
0000,
0000,
ffff,
00e4,
0619,
095d,
04a1,
fb12,
f480,
f859,
0468,
1102,
14ec,
0eb7,
045e,
fe64,
0010,
fd90,
f2ff,
ec34,
edc7,
f228,
f710,
fc9b,
ff76,
027b,
077b,
0af0,
0b5d,
0aac,
08c9,
0511,
0297,
ffcb,
fc7d,
fb0d,
facc,
fa41,
fa7c,
fa81,
f92c,
f9e4,
fc87,
ff35,
00e7,
0130,
010e,
01f3,
02fd,
02a7,
0207,
0146,
002e,
ff5b,
fefb,
fe86,
fe23,
fde1,
fd3f,
fcf8,
fd9d,
febf,
ffb3,
0048,
008c,
0090,
009b,
00c3,
011d,
0159,
0103,
0053,
ffe5,
ffdb,
ffc3,
ff85,
ff37,
fee1,
feb7,
feed,
ff6a,
ffd9,
0036,
0059,
0036,
0019,
001b,
0000,
0001,
0001,
0001,
0001,
0001,
0002,
0002,
0001,
0001,
0000,
ffff,
ffff,
0000,
0000,
0000,
ffff,
fffe,
ffff,
0001,
0002,
0004,
0003,
0002,
0000,
ffff,
fffe,
ffff,
ffff,
0000,
ffff,
ffff,
ffff,
0003,
ffff,
0004,
fffe,
0007,
ffff,
0008,
fffb,
0006,
fff3,
0189,
07b7,
0a1d,
03d9,
f8ea,
f307,
f92b,
06f5,
13df,
166a,
0e56,
02a6,
fd53,
ff67,
fb2b,
efcb,
ea08,
ecda,
f1f2,
f75c,
fd1a,
00b3,
04ea,
0953,
0bcb,
0c02,
0a8b,
07ba,
0421,
024d,
0014,
fd51,
fbe9,
fbbb,
fae3,
fa70,
fa98,
f90d,
f91b,
fb9d,
fe34,
ffef,
00ef,
011f,
01b8,
0321,
0355,
029e,
0189,
004f,
ff81,
ff4c,
fee4,
fe43,
fde5,
fd26,
fcb9,
fd5c,
fe88,
ff71,
ffeb,
0032,
0055,
0089,
00d6,
013e,
0160,
0108,
0089,
0023,
0000,
fffc,
ffd1,
ff59,
fee5,
fecb,
fef4,
ff50,
ffc3,
0026,
002e,
ffe8,
ffc1,
ffde,
0026,
0001,
0001,
0001,
0001,
0002,
0002,
0003,
0002,
0001,
0000,
ffff,
0000,
0000,
0000,
0000,
ffff,
fffe,
ffff,
0001,
0003,
0004,
0003,
0001,
fffe,
fffd,
fffd,
ffff,
0000,
0000,
fffe,
0000,
ffff,
0005,
0000,
0005,
fffa,
0008,
fffb,
000e,
fff8,
000c,
ffeb,
0257,
0972,
0ab9,
0308,
f6c2,
f15e,
f9f5,
09c9,
1709,
17ff,
0dc9,
00c7,
fc6a,
fe90,
f82d,
ec5f,
e7f8,
ec03,
f201,
f836,
fdfc,
017a,
0659,
0b2c,
0d9c,
0d85,
0b09,
06da,
02cd,
00dc,
fec2,
fccd,
fc0e,
fcc5,
fc6a,
fae0,
fa80,
f9e2,
f9bb,
fb42,
fdc5,
ff8f,
0088,
00ab,
0122,
02d2,
0390,
02be,
013c,
fff8,
ff60,
ff95,
ff6a,
fe9d,
fdf0,
fd28,
fcf8,
fdc4,
fee3,
ff95,
ffd0,
ffc7,
ffca,
003f,
00be,
0109,
011d,
00de,
0069,
000e,
0002,
001d,
0016,
ffab,
ff39,
ff20,
ff3c,
ff7d,
ffd5,
0012,
ffff,
ffc4,
ff94,
ff99,
ffdc,
0021,
0000,
0000,
0000,
0002,
0003,
0003,
0001,
0000,
0000,
ffff,
ffff,
ffff,
ffff,
ffff,
fffe,
fffe,
0000,
0002,
0003,
0004,
0003,
0001,
fffe,
fffd,
fffe,
ffff,
0000,
0000,
fffe,
ffff,
fffe,
0006,
0000,
0007,
fff6,
0007,
fff7,
0012,
fff4,
0015,
ffe7,
0351,
0b50,
0b23,
021a,
f49b,
ef92,
fad6,
0cea,
1a63,
1995,
0cf5,
fea1,
fbd1,
fde7,
f48a,
e889,
e5fd,
eb29,
f240,
f97b,
ff1a,
02b3,
083b,
0c96,
0e70,
0eb8,
0c48,
06c8,
01e6,
ff9f,
fd12,
fb3e,
faf7,
fc94,
fd7e,
fbf4,
fa96,
fa7a,
faec,
fbe7,
fe1c,
ffd9,
00ad,
00aa,
00bc,
0212,
031a,
0281,
009c,
ff39,
fedc,
ff3e,
ff83,
ff12,
fe47,
fd52,
fd36,
fe52,
ffbb,
0056,
0041,
ffc4,
ff69,
fff1,
008b,
0099,
007f,
005d,
fff6,
ffae,
ffd8,
0006,
0006,
ffe9,
ffba,
ff98,
ffaf,
fffc,
0043,
0044,
ffec,
ff86,
ff5f,
ff7d,
ffbc,
ffe9,
ffe1,
0001,
0000,
0001,
0002,
0003,
0002,
0000,
ffff,
ffff,
0000,
0000,
ffff,
ffff,
fffd,
fffe,
0000,
0002,
0004,
0005,
0003,
0000,
fffd,
fffd,
fffc,
fffe,
ffff,
ffff,
fffd,
fffe,
fffe,
0006,
0001,
0008,
fff5,
0007,
fff2,
0016,
ffef,
001b,
ffe9,
0438,
0d3c,
0bb5,
013d,
f2c1,
ed79,
fb2a,
1003,
1dd9,
1b6f,
0c60,
fc63,
fb20,
fdc0,
f0f7,
e42f,
e3ed,
ea18,
f220,
faf0,
0079,
03f6,
0a65,
0e5f,
0f6f,
0f6b,
0cb6,
06a6,
01b6,
ff2e,
fbbe,
f9bd,
f9ab,
fba2,
fd86,
fc5c,
fa22,
fae3,
fc8f,
fc95,
fe7a,
010f,
0193,
00df,
0146,
0238,
0254,
01ad,
ffa5,
fe10,
fe0e,
feb8,
ff0f,
fee3,
fe58,
fda6,
fddb,
fefd,
0071,
0155,
010f,
0014,
ffc3,
003e,
005a,
0019,
ffd5,
ff83,
ff19,
ff09,
ff5c,
ffa1,
ffea,
0007,
fff0,
fff9,
003b,
008b,
00ca,
00d5,
0052,
ff9c,
ff36,
ff41,
ff97,
ffd0,
ffa5,
ff59,
0000,
0001,
0003,
0003,
0002,
0001,
ffff,
fffe,
ffff,
0000,
0000,
fffe,
fffd,
fffd,
ffff,
0003,
0005,
0006,
0003,
0000,
fffd,
fffc,
fffc,
ffff,
ffff,
ffff,
fffc,
fffe,
fffe,
0007,
0000,
000b,
fff4,
0008,
ffec,
001a,
ffeb,
0024,
ffdc,
04f4,
0f3c,
0cb3,
005f,
f0cd,
eb5c,
fae3,
1318,
21db,
1d74,
0bc7,
f9e4,
f9f4,
fe4b,
ee62,
df37,
e16d,
e957,
f177,
fbf9,
0243,
0521,
0c8a,
1095,
1081,
102e,
0d7f,
063f,
00b3,
feb8,
fafc,
f8a7,
f88f,
fad2,
fd7c,
fcd8,
f909,
f988,
fdb0,
fe00,
fea5,
01bf,
0313,
01c1,
0213,
034c,
02ce,
0122,
fe44,
fc74,
fcc8,
fdf9,
fe5a,
fe2a,
fdf5,
fdce,
fe86,
ffca,
013d,
0229,
01ec,
00e0,
0052,
00b7,
00c2,
0011,
ff37,
fea6,
fe3f,
fe0b,
fe5b,
ff1e,
ffd7,
ffe7,
ffc4,
0011,
00aa,
0127,
0165,
015c,
00ca,
0005,
ff77,
ff58,
ff8b,
ffa2,
ff5e,
fefd,
fef9,
0000,
0001,
0003,
0003,
0002,
0001,
ffff,
fffe,
ffff,
0000,
0000,
fffe,
fffd,
fffd,
ffff,
0003,
0005,
0006,
0003,
0000,
fffd,
fffc,
fffc,
ffff,
ffff,
ffff,
fffc,
fffe,
fffe,
0007,
0000,
000b,
fff4,
0008,
ffec,
001a,
ffeb,
0024,
ffdc,
04f4,
0f3c,
0cb3,
005f,
f0cd,
eb5c,
fae3,
1318,
21db,
1d74,
0bc7,
f9e4,
f9f4,
fe4b,
ee62,
df37,
e16d,
e957,
f177,
fbf9,
0243,
0521,
0c8a,
1095,
1081,
102e,
0d7f,
063f,
00b3,
feb8,
fafc,
f8a7,
f88f,
fad2,
fd7c,
fcd8,
f909,
f988,
fdb0,
fe00,
fea5,
01bf,
0313,
01c1,
0213,
034c,
02ce,
0122,
fe44,
fc74,
fcc8,
fdf9,
fe5a,
fe2a,
fdf5,
fdce,
fe86,
ffca,
013d,
0229,
01ec,
00e0,
0052,
00b7,
00c2,
0011,
ff37,
fea6,
fe3f,
fe0b,
fe5b,
ff1e,
ffd7,
ffe7,
ffc4,
0011,
00aa,
0127,
0165,
015c,
00ca,
0005,
ff77,
ff58,
ff8b,
ffa2,
ff5e,
fefd,
fef9,
0001,
0003,
0004,
0003,
0000,
ffff,
ffff,
0000,
0001,
ffff,
fffe,
fffe,
fffe,
ffff,
0002,
0005,
0006,
0002,
0000,
fffc,
fffc,
fffd,
0000,
0000,
ffff,
fffc,
ffff,
fffd,
0009,
ffff,
000e,
fff1,
000d,
ffe3,
0020,
ffe2,
0032,
ffc3,
053c,
114d,
0e6d,
0006,
ee31,
e8ff,
fa59,
155a,
266c,
2046,
0b61,
f751,
f818,
feb1,
ed8b,
dab9,
dd89,
e8b8,
f118,
fbd9,
03ef,
0687,
0e2f,
1314,
1233,
1096,
0e2f,
06ee,
ffdd,
fdbb,
f9d9,
f755,
f79e,
fa65,
fd72,
fdd1,
f939,
f750,
fcf4,
ff0f,
fec3,
01b7,
0448,
02f4,
031b,
04e0,
0404,
01be,
fdd8,
faaa,
faf3,
fd2b,
fd77,
fce4,
fd41,
fdb3,
fefd,
0098,
01ec,
02cd,
02f3,
01d5,
00d2,
0130,
0148,
0064,
ff19,
fe1d,
fd6f,
fd16,
fd86,
fe88,
ff73,
ff90,
ff6f,
ffe0,
00c1,
0195,
01ff,
01e8,
012d,
0058,
ffd3,
ffb3,
ffd2,
ffb9,
ff37,
fea3,
fe9d,
ff16,
0004,
0004,
0002,
0000,
0000,
0001,
0002,
0002,
ffff,
fffd,
fffd,
fffe,
0000,
0000,
ffff,
fffe,
0000,
0001,
0004,
0004,
0002,
fffd,
fffb,
fffa,
fffe,
0002,
0003,
ffff,
fffc,
fffb,
0006,
0000,
000a,
ffef,
0007,
ffe1,
0019,
ffe2,
0036,
ffba,
04c3,
10a5,
0fbd,
f8e9,
d66e,
d5f5,
0763,
39e1,
447a,
2637,
fbfe,
e68c,
f39d,
07bd,
f987,
dc8a,
d39d,
dd9b,
ed6e,
fc17,
0250,
019c,
0970,
11a2,
15d3,
1615,
1199,
0a6c,
051d,
01e1,
f99b,
f388,
f252,
f52d,
f8de,
fc1c,
fd31,
fcc2,
fe0f,
fe1d,
00b1,
0467,
03cf,
0124,
01fc,
04a9,
0676,
06ac,
02a3,
fd62,
fa74,
f97f,
f8b1,
f93c,
fa0d,
f996,
faa2,
fdf7,
025a,
058d,
06a9,
05cb,
0481,
03c4,
026a,
00aa,
ff3d,
fe02,
fcae,
fc09,
fc3b,
fcb8,
fd7d,
fe49,
fedf,
ff3c,
ffb8,
0059,
0148,
027e,
0315,
02aa,
0196,
00a0,
0028,
001e,
0012,
ff9f,
0005,
0002,
ffff,
fffe,
0000,
0003,
0004,
0000,
fffd,
fffb,
fffd,
0000,
0001,
0000,
fffe,
ffff,
0000,
0004,
0004,
0003,
fffe,
fffb,
fff9,
fffd,
0001,
0005,
0000,
fffe,
fff8,
0007,
ffff,
000f,
ffee,
0007,
ffe2,
0012,
ffea,
0025,
ffc8,
0328,
10fe,
1432,
fd6b,
d2af,
c6ca,
fbf4,
3f5e,
5779,
3718,
ff8b,
dd80,
e6f8,
0634,
0201,
e03a,
cfe8,
d734,
e701,
f936,
04e7,
01fd,
0727,
120c,
1729,
182c,
146c,
0d09,
0666,
03e3,
fb18,
f273,
ef5a,
f1c0,
f78f,
fca4,
fe07,
fbd7,
fd7c,
fe5e,
ff56,
03a7,
063f,
0310,
00ca,
0418,
07b6,
08b9,
0420,
fdbe,
fa53,
f941,
f818,
f7ab,
f83d,
f853,
fa4b,
fd5c,
00ee,
04cd,
07a6,
07e5,
0650,
0503,
0354,
0151,
ff5a,
fe0c,
fce0,
fb73,
fae5,
fbb9,
fd3d,
fe25,
fe9d,
ff1a,
ffc5,
0073,
013a,
025a,
0326,
0311,
0203,
00bf,
0004,
fff5,
0012,
ffc5,
ff1f,
0004,
0000,
fffe,
ffff,
0002,
0003,
0002,
fffd,
fffb,
fffd,
0000,
0000,
0000,
fffe,
fffe,
0000,
0003,
0004,
0005,
ffff,
fffc,
fff9,
fffb,
0000,
0007,
0001,
fffe,
fff5,
0005,
0001,
000c,
fff5,
fffb,
fff0,
fffd,
0008,
fffb,
0006,
0134,
0eb1,
1840,
065b,
d79a,
bbb5,
eb47,
3a46,
60b8,
4808,
0920,
db19,
dc8c,
fff7,
085f,
e53c,
ccc9,
d2ab,
e446,
f535,
047a,
0472,
0547,
1107,
185c,
1a1e,
1664,
0f76,
0731,
0410,
fc6a,
f2c0,
eed2,
efa4,
f581,
fb9a,
fec0,
fbf0,
fc82,
ff6a,
0016,
0244,
05ea,
04a9,
0036,
024d,
0724,
09d2,
06a2,
ff12,
f9e6,
f995,
f983,
f72b,
f6c0,
f7a7,
f991,
fc5d,
ff93,
03af,
07cc,
0938,
0760,
0594,
042f,
023d,
fff4,
fe43,
fcdd,
fb45,
fa76,
faf6,
fc84,
fdf2,
feb9,
ff05,
ff8f,
0089,
0156,
0241,
031e,
0348,
024c,
00ce,
ffe3,
ffd5,
002d,
fff9,
ff38,
fe5b,
0004,
0000,
fffe,
ffff,
0002,
0003,
0002,
fffd,
fffb,
fffd,
0000,
0000,
0000,
fffe,
fffe,
0000,
0003,
0004,
0005,
ffff,
fffc,
fff9,
fffb,
0000,
0007,
0001,
fffe,
fff5,
0005,
0001,
000c,
fff5,
fffb,
fff0,
fffd,
0008,
fffb,
0006,
0134,
0eb1,
1840,
065b,
d79a,
bbb5,
eb47,
3a46,
60b8,
4808,
0920,
db19,
dc8c,
fff7,
085f,
e53c,
ccc9,
d2ab,
e446,
f535,
047a,
0472,
0547,
1107,
185c,
1a1e,
1664,
0f76,
0731,
0410,
fc6a,
f2c0,
eed2,
efa4,
f581,
fb9a,
fec0,
fbf0,
fc82,
ff6a,
0016,
0244,
05ea,
04a9,
0036,
024d,
0724,
09d2,
06a2,
ff12,
f9e6,
f995,
f983,
f72b,
f6c0,
f7a7,
f991,
fc5d,
ff93,
03af,
07cc,
0938,
0760,
0594,
042f,
023d,
fff4,
fe43,
fcdd,
fb45,
fa76,
faf6,
fc84,
fdf2,
feb9,
ff05,
ff8f,
0089,
0156,
0241,
031e,
0348,
024c,
00ce,
ffe3,
ffd5,
002d,
fff9,
ff38,
fe5b,
0001,
fffe,
ffff,
0002,
0004,
0004,
fffe,
fffb,
fffb,
ffff,
0001,
0002,
0000,
fffe,
0000,
0003,
0005,
0005,
0000,
fffc,
fff9,
fffb,
0000,
0008,
0004,
0000,
fff6,
0003,
0003,
000a,
fffc,
fff3,
fff7,
ffee,
0018,
ffe9,
002c,
005d,
0cb8,
1b02,
0dc6,
daf3,
b22a,
de28,
38aa,
68b5,
5442,
121d,
da59,
d4d2,
f929,
09d0,
e826,
c9c6,
cdb7,
e2e1,
f55c,
03d3,
0552,
05ae,
1139,
1917,
1b94,
17c9,
10f7,
086f,
0429,
fc6f,
f224,
eea0,
ee96,
f3e1,
faa4,
fec4,
fc1a,
fb9b,
ffab,
01fa,
02e3,
0478,
04fb,
012f,
011e,
05b1,
099e,
07e3,
007a,
f98f,
f93b,
fb1c,
f746,
f574,
f825,
fa30,
fb42,
fe4f,
0306,
075c,
0a31,
088c,
0588,
0428,
0300,
00d9,
fe77,
fcb5,
fb1f,
fa37,
fa58,
fbd7,
fdcb,
fee2,
fef4,
ff45,
00b0,
01d7,
0276,
031f,
037c,
028f,
00c5,
ffb3,
ffa7,
0019,
0001,
ff3c,
fe54,
fdcd,
fffe,
ffff,
0002,
0004,
0004,
ffff,
fffb,
fffa,
fffe,
0001,
0002,
0000,
fffd,
ffff,
0002,
0006,
0005,
0001,
fffb,
fff8,
fff9,
ffff,
0005,
0006,
0000,
fffa,
fffc,
0008,
0004,
0009,
ffea,
0002,
ffdc,
0023,
ffda,
0047,
ffa5,
077c,
1999,
18ee,
ecb0,
b107,
c31f,
22ab,
6870,
658d,
27fa,
e568,
d02b,
eb9d,
083f,
f20e,
cc12,
c67a,
db90,
f1c0,
02a8,
075e,
0410,
0ed2,
199a,
1c80,
194d,
1322,
0b0a,
0579,
feec,
f2e7,
ee73,
ee2f,
f189,
f859,
fe42,
fd06,
faa2,
fe72,
0261,
045f,
0396,
0462,
0354,
00e1,
034c,
0831,
089b,
025f,
fb07,
f889,
fb11,
f8e4,
f5ac,
f7f8,
fa90,
fb21,
fd28,
0196,
0598,
09d0,
09f0,
0619,
03fa,
0362,
01d6,
ff4a,
fd56,
fb54,
f9fe,
f9e3,
fb38,
fd5f,
feb6,
feea,
fee7,
004c,
01e7,
02b4,
033d,
03a0,
0308,
013a,
ffd5,
ff76,
ffd1,
fff8,
ff6c,
fe81,
fdc5,
fd9a,
fffe,
0000,
0003,
0004,
0000,
fffc,
fffa,
fffd,
0000,
0000,
0000,
ffff,
ffff,
0001,
0004,
0004,
0002,
fffd,
fff8,
fff6,
fffc,
0003,
0009,
0001,
fffa,
fff7,
000a,
0001,
000d,
ffe8,
0002,
ffdd,
001a,
ffe5,
0035,
ffac,
041e,
164c,
1f20,
fc8f,
b641,
afc1,
0d49,
6380,
7030,
3a49,
f0cf,
d108,
e583,
0366,
f5cb,
cf50,
c106,
d354,
ed65,
007c,
09c2,
0687,
0c7b,
18ce,
1eed,
1b3c,
1380,
0cd1,
06d8,
00a1,
f3ef,
ed8c,
edca,
f0a0,
f66a,
fcd7,
fdb5,
fa8c,
fd7e,
023b,
0533,
03d4,
03f8,
049c,
0189,
0206,
06de,
0859,
0223,
fbcb,
f933,
f962,
f910,
f837,
f905,
fa3a,
fb8e,
fd91,
00fc,
0487,
0873,
0983,
06b8,
042e,
02f8,
0219,
0048,
fe0d,
fb90,
f9ee,
f9bf,
fae4,
fd0c,
fe78,
fec5,
fee7,
0003,
0182,
02ba,
03a6,
03ed,
0345,
01a5,
0021,
ff6c,
ff81,
ffc4,
ff8f,
feb8,
fd9b,
fd41,
fdec,
fffe,
0000,
0003,
0004,
0000,
fffc,
fffa,
fffd,
0000,
0000,
0000,
ffff,
ffff,
0001,
0004,
0004,
0002,
fffd,
fff8,
fff6,
fffc,
0003,
0009,
0001,
fffa,
fff7,
000a,
0001,
000d,
ffe8,
0002,
ffdd,
001a,
ffe5,
0035,
ffac,
041e,
164c,
1f20,
fc8f,
b641,
afc1,
0d49,
6380,
7030,
3a49,
f0cf,
d108,
e583,
0366,
f5cb,
cf50,
c106,
d354,
ed65,
007c,
09c2,
0687,
0c7b,
18ce,
1eed,
1b3c,
1380,
0cd1,
06d8,
00a1,
f3ef,
ed8c,
edca,
f0a0,
f66a,
fcd7,
fdb5,
fa8c,
fd7e,
023b,
0533,
03d4,
03f8,
049c,
0189,
0206,
06de,
0859,
0223,
fbcb,
f933,
f962,
f910,
f837,
f905,
fa3a,
fb8e,
fd91,
00fc,
0487,
0873,
0983,
06b8,
042e,
02f8,
0219,
0048,
fe0d,
fb90,
f9ee,
f9bf,
fae4,
fd0c,
fe78,
fec5,
fee7,
0003,
0182,
02ba,
03a6,
03ed,
0345,
01a5,
0021,
ff6c,
ff81,
ffc4,
ff8f,
feb8,
fd9b,
fd41,
fdec,
0002,
0005,
0005,
0002,
fffe,
fffc,
fffd,
0001,
0001,
0001,
ffff,
0000,
0002,
0006,
0007,
0005,
ffff,
fffa,
fff7,
fffb,
0002,
0009,
0004,
ffff,
fff6,
0008,
0005,
000d,
fff8,
fff6,
fff1,
fff7,
000e,
fff5,
0019,
00a9,
0e70,
204e,
1274,
cf58,
a085,
e382,
4c04,
74b5,
5535,
0b63,
d7f3,
dc8a,
fc76,
fd4f,
d9b2,
c04f,
c72b,
e215,
f910,
07ae,
0961,
0c0b,
1686,
1e11,
1ee1,
16be,
0eef,
08ed,
03cb,
f7b3,
ed94,
ecf8,
eee6,
f42d,
fa65,
fd9a,
fb14,
fc4d,
013c,
04c3,
04b4,
0422,
0548,
026d,
0127,
0500,
0852,
03ae,
fc98,
f9aa,
f84a,
f86e,
f99f,
fac7,
fab6,
fb25,
fd36,
00a1,
0424,
06a6,
0804,
0708,
04db,
030f,
0248,
010e,
fee2,
fc9f,
fab0,
f9db,
fa5a,
fc3f,
fdf8,
feb1,
fefd,
ff9d,
00bd,
021b,
0396,
0447,
03c6,
0248,
00a1,
ffa3,
ff67,
ff9a,
ff9b,
fef7,
fdce,
fd2a,
fda2,
fecb,
0002,
0004,
0003,
ffff,
fffc,
fffb,
fffe,
0002,
0002,
ffff,
fffe,
ffff,
0003,
0007,
0006,
0001,
fffb,
fff8,
fff7,
fffe,
0005,
0007,
0000,
fff9,
fffd,
000b,
0005,
000a,
ffea,
0000,
ffde,
001d,
ffde,
003d,
ffa1,
063c,
1a78,
2051,
f172,
a792,
b9c8,
254d,
6b54,
67fd,
2c53,
e9ee,
d947,
f338,
00d6,
e670,
c6eb,
bf95,
d3f8,
ede3,
ffab,
084f,
0b6b,
1570,
1e5e,
2116,
1a7d,
120a,
0c45,
06c1,
fd16,
ef68,
eb8b,
ed49,
f199,
f79b,
fc38,
fbb7,
faf1,
ffdd,
03df,
0544,
0548,
05d7,
034c,
00dd,
034e,
06fc,
0596,
feb7,
f9ed,
f766,
f794,
f9d9,
fbc9,
fbfd,
fb74,
fcd2,
ffbe,
03c9,
061b,
06a5,
061f,
04c4,
0392,
02a4,
017c,
ff62,
fda7,
fc12,
faa5,
fa4d,
fb64,
fd1c,
fe53,
ff1a,
ff72,
000d,
0139,
02e4,
0442,
0452,
0311,
012e,
ffe8,
ff83,
ffa1,
ff9f,
ff13,
fe1d,
fd4f,
fd72,
fe76,
ffa6,
0003,
0003,
0000,
fffd,
fffb,
fffc,
0000,
0001,
0000,
ffff,
ffff,
0001,
0006,
0006,
0004,
ffff,
fff9,
fff5,
fffa,
0001,
0008,
0002,
fffb,
fff6,
000b,
0006,
000d,
fff2,
fffa,
ffec,
0001,
0001,
0003,
fff4,
0161,
1176,
2377,
0ce2,
c050,
a291,
faf0,
5793,
6ba8,
4573,
020e,
de9a,
eed4,
025d,
eeee,
ce45,
bf54,
ca0f,
e3a6,
f57a,
0010,
075c,
12b8,
1eb5,
2534,
207c,
1468,
0eb8,
0b11,
02da,
f3a3,
ea9b,
eac3,
eeb6,
f53a,
f9c7,
fb2b,
fa43,
fdf2,
0264,
054f,
0747,
06ff,
0454,
0124,
0239,
050a,
05ce,
011c,
fafa,
f6e0,
f6a5,
f9f8,
fc0c,
fc85,
fc58,
fd77,
ff50,
02ca,
05e2,
0636,
0537,
03cc,
0335,
02b5,
01e6,
ffff,
fe39,
fd1c,
fbef,
fb34,
fb48,
fc67,
fda7,
fed8,
ff5c,
ffa0,
0087,
0200,
039e,
044f,
03c2,
01f9,
0038,
ff8e,
ffad,
ffc4,
ff4c,
fe6b,
fd87,
fd72,
fe4b,
ff84,
0040,
0004,
0002,
fffe,
fffb,
fffb,
fffe,
0000,
0000,
ffff,
ffff,
0001,
0005,
0007,
0005,
0000,
fffa,
fff6,
fff7,
fffd,
0004,
0005,
fffe,
fff8,
ffff,
000d,
0005,
0009,
ffeb,
0001,
ffe3,
001c,
ffdc,
0036,
ff9a,
0621,
1b8d,
21c0,
edc1,
a48e,
c2ac,
2e07,
653b,
5abd,
24a6,
ed6e,
e81e,
0199,
fe13,
dbc7,
c2e6,
c042,
d6dd,
ee3d,
f709,
fd47,
0922,
189d,
2467,
284b,
1cfd,
11a5,
0e63,
09c6,
fd6c,
eead,
e91c,
ea51,
f102,
f6f9,
f990,
f994,
faf0,
ffa0,
03a9,
07d5,
08be,
065b,
028d,
01c2,
0382,
04e9,
0386,
fd9a,
f811,
f61a,
f8fd,
fbd8,
fc8e,
fc65,
fd54,
ff84,
0170,
0444,
05fa,
0590,
03a5,
0293,
024c,
01d5,
0113,
ff6a,
fdea,
fcc8,
fc42,
fbeb,
fc31,
fd20,
fe2e,
fef6,
ff2f,
ffcc,
0106,
02a5,
03bf,
03de,
02e5,
012c,
ffd8,
ff75,
ffc8,
ffc6,
ff09,
fe05,
fd8d,
fe08,
ff21,
0029,
0055,
0004,
0002,
fffe,
fffb,
fffb,
fffe,
0000,
0000,
ffff,
ffff,
0001,
0005,
0007,
0005,
0000,
fffa,
fff6,
fff7,
fffd,
0004,
0005,
fffe,
fff8,
ffff,
000d,
0005,
0009,
ffeb,
0001,
ffe3,
001c,
ffdc,
0036,
ff9a,
0621,
1b8d,
21c0,
edc1,
a48e,
c2ac,
2e07,
653b,
5abd,
24a6,
ed6e,
e81e,
0199,
fe13,
dbc7,
c2e6,
c042,
d6dd,
ee3d,
f709,
fd47,
0922,
189d,
2467,
284b,
1cfd,
11a5,
0e63,
09c6,
fd6c,
eead,
e91c,
ea51,
f102,
f6f9,
f990,
f994,
faf0,
ffa0,
03a9,
07d5,
08be,
065b,
028d,
01c2,
0382,
04e9,
0386,
fd9a,
f811,
f61a,
f8fd,
fbd8,
fc8e,
fc65,
fd54,
ff84,
0170,
0444,
05fa,
0590,
03a5,
0293,
024c,
01d5,
0113,
ff6a,
fdea,
fcc8,
fc42,
fbeb,
fc31,
fd20,
fe2e,
fef6,
ff2f,
ffcc,
0106,
02a5,
03bf,
03de,
02e5,
012c,
ffd8,
ff75,
ffc8,
ffc6,
ff09,
fe05,
fd8d,
fe08,
ff21,
0029,
0055,
0003,
0000,
fffc,
fffb,
fffd,
ffff,
0000,
ffff,
ffff,
0000,
0002,
0006,
0006,
0004,
fffe,
fff9,
fff6,
fff9,
0000,
0007,
0001,
fffa,
fff7,
000a,
0008,
000a,
fff9,
fff5,
fff6,
fff6,
000f,
ffea,
001a,
0052,
0e10,
2355,
1335,
c879,
a3a1,
f551,
4e91,
606e,
4136,
0716,
e87b,
fb55,
0a6b,
ef4e,
cd6d,
bda6,
c625,
e3d5,
f4b8,
f60d,
fbf5,
0c36,
1cb6,
28cb,
2735,
18c8,
11e5,
0f9c,
0754,
f7f2,
ec6c,
e84b,
eb43,
f2f6,
f6e2,
f837,
f888,
fb87,
005c,
0661,
0a2b,
0892,
04b0,
0238,
033e,
045b,
044f,
fff4,
f9ee,
f6f0,
f821,
fb4e,
fcae,
fcc7,
fc81,
feb6,
018e,
0341,
0455,
0511,
0492,
0277,
0172,
0124,
0121,
0094,
ff4c,
fdd5,
fce0,
fcc3,
fcc2,
fd4a,
fdf2,
fe88,
feb8,
ff07,
0000,
0175,
02fd,
0384,
030d,
01d7,
007a,
ff9a,
ff9b,
fffd,
ffb6,
fed4,
fe02,
fe0b,
fee6,
fffa,
0068,
fff3,
0002,
fffe,
fffc,
fffb,
fffd,
0000,
ffff,
ffff,
ffff,
0000,
0004,
0007,
0006,
0001,
fffc,
fff8,
fff7,
fffc,
0001,
0006,
fffd,
fff9,
fffa,
000d,
0004,
000b,
fff0,
fffd,
ffea,
000a,
fff6,
000d,
ffd7,
0200,
1485,
24ec,
0189,
b440,
b4db,
1697,
56bb,
560a,
2dff,
f901,
ee5e,
0858,
082b,
e481,
c804,
bd23,
cca5,
eaaf,
f59c,
f4cf,
fd3b,
0e3a,
1e92,
2a03,
23a8,
1663,
1377,
10e6,
05ac,
f61a,
ebca,
e80c,
ed1d,
f379,
f5be,
f6f8,
f7c4,
fb47,
0138,
0841,
0aa2,
07b0,
039b,
02b2,
0469,
0534,
0333,
fd1f,
f8a3,
f7e0,
f9e2,
fc31,
fd45,
fcd4,
fcb1,
ffc2,
0293,
03d1,
03da,
040d,
039f,
01dc,
00ac,
006f,
00d4,
006e,
ff80,
fe0f,
fd24,
fd35,
fd8c,
fe07,
fe6a,
feb5,
fe8c,
fee8,
ffff,
0190,
02ec,
0322,
0259,
010a,
0005,
ff9a,
ffe6,
0025,
ffb2,
fedc,
fe47,
fe98,
ff8f,
005c,
0044,
ff99,
0001,
fffe,
fffc,
fffd,
ffff,
0000,
fffe,
fffe,
ffff,
0001,
0005,
0007,
0005,
0001,
fffc,
fff9,
fff8,
fffd,
0003,
0005,
fffb,
fff8,
ffff,
000f,
0003,
0008,
ffec,
0003,
ffe7,
0018,
ffe1,
002b,
ff9c,
048a,
1a4f,
2213,
edc3,
ab4c,
ce5b,
2d6a,
54b6,
494a,
1d3c,
f2a7,
f916,
105a,
0131,
dd3d,
c61b,
bf54,
d430,
ee95,
f3b9,
f368,
fec4,
1018,
209f,
2894,
1e76,
1497,
14c0,
1208,
05a9,
f68e,
ebed,
e925,
ef13,
f357,
f4bc,
f54f,
f686,
fac4,
01a7,
090d,
0a26,
05fb,
02c5,
03cd,
05b0,
05cf,
01e9,
fb8e,
f90d,
f993,
fb39,
fcf1,
fdcc,
fc95,
fd1f,
006c,
02c2,
03d8,
0337,
02a0,
0269,
018d,
000c,
ffe0,
00be,
008d,
ffcc,
fe84,
fdb8,
fdd6,
fe6a,
fe97,
feba,
fee5,
fe88,
feba,
ffc9,
016c,
0281,
027f,
0183,
0052,
ffc7,
ffcb,
0034,
0054,
ffea,
ff1d,
feb3,
ff32,
000f,
007c,
0015,
ff5f,
0001,
fffe,
fffc,
fffd,
ffff,
0000,
fffe,
fffe,
ffff,
0001,
0005,
0007,
0005,
0001,
fffc,
fff9,
fff8,
fffd,
0003,
0005,
fffb,
fff8,
ffff,
000f,
0003,
0008,
ffec,
0003,
ffe7,
0018,
ffe1,
002b,
ff9c,
048a,
1a4f,
2213,
edc3,
ab4c,
ce5b,
2d6a,
54b6,
494a,
1d3c,
f2a7,
f916,
105a,
0131,
dd3d,
c61b,
bf54,
d430,
ee95,
f3b9,
f368,
fec4,
1018,
209f,
2894,
1e76,
1497,
14c0,
1208,
05a9,
f68e,
ebed,
e925,
ef13,
f357,
f4bc,
f54f,
f686,
fac4,
01a7,
090d,
0a26,
05fb,
02c5,
03cd,
05b0,
05cf,
01e9,
fb8e,
f90d,
f993,
fb39,
fcf1,
fdcc,
fc95,
fd1f,
006c,
02c2,
03d8,
0337,
02a0,
0269,
018d,
000c,
ffe0,
00be,
008d,
ffcc,
fe84,
fdb8,
fdd6,
fe6a,
fe97,
feba,
fee5,
fe88,
feba,
ffc9,
016c,
0281,
027f,
0183,
0052,
ffc7,
ffcb,
0034,
0054,
ffea,
ff1d,
feb3,
ff32,
000f,
007c,
0015,
ff5f,
0000,
fffd,
fffc,
fffd,
ffff,
0000,
fffe,
fffe,
fffe,
0001,
0005,
0006,
0003,
0000,
fffa,
fff8,
fff9,
fffe,
0003,
0002,
fff9,
fff8,
0002,
000d,
0002,
0006,
ffec,
0003,
ffe8,
001a,
ffdc,
0032,
ff8e,
05eb,
1c84,
1ec8,
e456,
ac63,
dd13,
33c1,
4f54,
4170,
161d,
f323,
007f,
126d,
fca0,
db5f,
c697,
c1d1,
d867,
ef78,
f1b2,
f21d,
fe71,
1043,
2224,
2743,
1aee,
135c,
14cf,
124c,
0717,
f874,
ecdb,
eaec,
f032,
f2df,
f466,
f487,
f555,
f9b1,
015b,
08c0,
08fa,
0497,
0267,
048e,
0675,
0601,
0194,
fbc5,
fa26,
faf0,
fc12,
fd6c,
fdea,
fc76,
fd55,
0058,
0277,
0396,
02ad,
0185,
0190,
0167,
ffc1,
ff8b,
00c4,
00d0,
000b,
fef0,
fe51,
fe6d,
fef7,
feec,
fedb,
feee,
fe95,
fea5,
ff8e,
0116,
01ff,
01dd,
00e5,
0000,
ffc8,
0000,
0069,
0077,
0020,
ff6e,
ff0c,
ff78,
0041,
0087,
0006,
ff53,
0001,
fffe,
fffd,
fffe,
0000,
0000,
ffff,
ffff,
ffff,
0002,
0005,
0007,
0004,
0000,
fffb,
fffa,
fffa,
ffff,
0003,
0002,
fffa,
fffa,
0003,
000d,
0003,
0006,
ffed,
0004,
ffe9,
001a,
ffdc,
0033,
ff8e,
0629,
1ca7,
1cd8,
e1dd,
b01b,
e3a0,
3321,
49ac,
3ca7,
13fa,
f59b,
0545,
1326,
fab3,
dbce,
c801,
c3c3,
da97,
efc7,
f06b,
f087,
fc9a,
0ed4,
224d,
26ee,
1967,
1203,
140a,
124f,
0890,
faae,
eec6,
ecfb,
f11a,
f2cc,
f468,
f467,
f471,
f816,
0080,
07ce,
072e,
0356,
024e,
04c6,
06c4,
0664,
01db,
fca9,
fba9,
fc38,
fcd7,
fde1,
fdee,
fc5d,
fd4f,
0004,
01f0,
030d,
021c,
00c8,
00e6,
0127,
ffb2,
ff61,
00bc,
0117,
005e,
ff5a,
fee1,
fef7,
ff63,
ff39,
fef6,
feda,
fe8b,
fea3,
ff67,
00b6,
016c,
013b,
0074,
ffd9,
ffda,
003a,
00a1,
0096,
0043,
ffb2,
ff57,
ffa2,
0054,
008e,
0006,
ff60,
0001,
fffe,
fffd,
fffe,
0000,
0000,
ffff,
fffe,
fffe,
0002,
0004,
0005,
0003,
0000,
fffb,
fffa,
fffa,
fffe,
0001,
0002,
fffa,
fffa,
0001,
000c,
0001,
0007,
ffee,
0004,
ffeb,
0016,
ffe1,
0029,
ff9b,
04d8,
1a57,
1d49,
e75b,
b54c,
e113,
2c18,
43c8,
3aae,
1678,
f8f0,
0759,
1458,
fc68,
debb,
caba,
c496,
da1b,
efe1,
f098,
eed3,
f8be,
0aca,
200f,
26d8,
1a29,
1185,
1279,
1226,
0a58,
fcf6,
f19f,
ef9b,
f204,
f333,
f52e,
f4d0,
f3bd,
f677,
febb,
05b2,
04e9,
0206,
01db,
0485,
06bb,
06b7,
02c5,
fe4a,
fd99,
fd9c,
fdc3,
fe72,
fe0e,
fc65,
fd01,
ff65,
011a,
022b,
017a,
0043,
0046,
00c3,
ffc5,
ff62,
00b1,
0150,
00c7,
ffd3,
ff74,
ff6e,
ffb2,
ff91,
ff22,
fec6,
fe68,
fe8c,
ff3e,
0054,
00d1,
009e,
001d,
ffc7,
fff0,
006c,
00d6,
00bb,
0062,
ffde,
ff8e,
ffc7,
0053,
008c,
001b,
ff7a,
0002,
0000,
fffe,
fffe,
0000,
0000,
ffff,
ffff,
ffff,
0001,
0003,
0006,
0004,
0001,
fffd,
fffb,
fffa,
fffd,
0001,
0003,
fffb,
fffb,
ffff,
000c,
0001,
0007,
fff0,
0001,
fff0,
000e,
fff0,
0012,
ffc6,
02c9,
1619,
1ef0,
f264,
bbdf,
d810,
2091,
3e6c,
3b24,
1c61,
fc55,
0643,
15a0,
012f,
e380,
cea4,
c4b3,
d69d,
eec7,
f222,
ee63,
f4d4,
0544,
1ba2,
2661,
1c15,
122b,
11a1,
11d6,
0be3,
ff41,
f414,
f17f,
f2e2,
f3ba,
f604,
f5eb,
f3b8,
f55b,
fce2,
034b,
02f5,
0115,
0123,
03c0,
0672,
06d0,
03af,
0000,
ff4e,
feb2,
fe87,
feef,
fe5c,
fcc9,
fcb9,
fe96,
0043,
0165,
00e1,
fffb,
fff9,
005d,
ffd3,
ff8d,
00b8,
016c,
0117,
002c,
ffc9,
ffbe,
ffda,
ffc2,
ff4f,
fed4,
fe54,
fe6e,
ff0f,
0000,
0078,
0052,
fff5,
ffc4,
0000,
0072,
00e2,
00d9,
007f,
fffb,
ffa1,
ffca,
0046,
008d,
0035,
ff9a,
0002,
0000,
fffe,
fffe,
0000,
0000,
ffff,
ffff,
ffff,
0001,
0003,
0006,
0004,
0001,
fffd,
fffb,
fffa,
fffd,
0001,
0003,
fffb,
fffb,
ffff,
000c,
0001,
0007,
fff0,
0001,
fff0,
000e,
fff0,
0012,
ffc6,
02c9,
1619,
1ef0,
f264,
bbdf,
d810,
2091,
3e6c,
3b24,
1c61,
fc55,
0643,
15a0,
012f,
e380,
cea4,
c4b3,
d69d,
eec7,
f222,
ee63,
f4d4,
0544,
1ba2,
2661,
1c15,
122b,
11a1,
11d6,
0be3,
ff41,
f414,
f17f,
f2e2,
f3ba,
f604,
f5eb,
f3b8,
f55b,
fce2,
034b,
02f5,
0115,
0123,
03c0,
0672,
06d0,
03af,
0000,
ff4e,
feb2,
fe87,
feef,
fe5c,
fcc9,
fcb9,
fe96,
0043,
0165,
00e1,
fffb,
fff9,
005d,
ffd3,
ff8d,
00b8,
016c,
0117,
002c,
ffc9,
ffbe,
ffda,
ffc2,
ff4f,
fed4,
fe54,
fe6e,
ff0f,
0000,
0078,
0052,
fff5,
ffc4,
0000,
0072,
00e2,
00d9,
007f,
fffb,
ffa1,
ffca,
0046,
008d,
0035,
ff9a,
0002,
0000,
fffe,
fffe,
0000,
0001,
ffff,
ffff,
ffff,
0000,
0003,
0006,
0005,
0002,
fffe,
fffc,
fffa,
fffd,
0000,
0003,
fffd,
fffb,
fffd,
000a,
0005,
0005,
fffb,
fff6,
fffd,
fff9,
000c,
ffeb,
0012,
0085,
0e9d,
1f34,
0417,
ca13,
ca6b,
0b35,
3570,
3c41,
272e,
02fc,
0219,
153b,
09bd,
ec44,
d5c5,
c670,
cfad,
e9ce,
f43a,
f008,
f125,
fd72,
1327,
23d8,
1f4e,
13f5,
110e,
11e2,
0db6,
0274,
f785,
f33e,
f36d,
f462,
f6a9,
f77b,
f506,
f4b3,
fa5e,
0053,
00d4,
fff9,
0049,
0255,
0561,
06b1,
04e0,
01f0,
012d,
001b,
ff3f,
ff5a,
feec,
fdb0,
fcaf,
fd88,
ff16,
0065,
0038,
ffa5,
ffd0,
0011,
ffda,
ffbd,
00d2,
01a1,
0165,
0077,
ffec,
ffe7,
fff9,
ffea,
ff75,
fefe,
fe67,
fe4e,
fece,
ff97,
002c,
0031,
fffd,
ffda,
0007,
0057,
00bd,
00e5,
00aa,
002c,
ffaf,
ffab,
0018,
0085,
005e,
ffd6,
0002,
0000,
ffff,
fffe,
ffff,
0000,
ffff,
fffe,
fffe,
fffe,
0001,
0004,
0004,
0002,
ffff,
fffc,
fffa,
fffb,
fffe,
0002,
0000,
fffa,
fffc,
0003,
000a,
0000,
0003,
ffef,
0004,
ffed,
0015,
ffe0,
0029,
ffb8,
0774,
1b16,
12af,
de2d,
c3f6,
f2cd,
27ca,
3aa8,
31a6,
0dbd,
feac,
10f4,
110a,
f6a1,
de5d,
cb73,
ca43,
e157,
f386,
f300,
f01f,
f74b,
09c9,
1e48,
2154,
16f3,
10f5,
119b,
0f7d,
05ab,
fb15,
f54b,
f3b8,
f471,
f6c9,
f879,
f6d0,
f54c,
f883,
fd78,
ff17,
ff1d,
ff93,
0110,
03d9,
05f2,
05ba,
03a9,
0293,
0163,
ffef,
ff8c,
ff56,
fea9,
fd35,
fce5,
fdee,
ff46,
ffa3,
ff57,
ffaa,
000f,
fff9,
ffc6,
00cd,
01e8,
01ba,
00ab,
ffe2,
ffd0,
fff5,
0006,
ff9a,
ff19,
fe86,
fe46,
fea9,
ff4a,
ffe9,
0022,
001c,
0000,
000f,
003b,
007b,
00c6,
00c3,
0063,
ffcd,
ff8c,
ffda,
0062,
007f,
0016,
0003,
0002,
0000,
ffff,
ffff,
0000,
0000,
ffff,
ffff,
ffff,
0000,
0003,
0005,
0003,
0001,
fffe,
fffb,
fffb,
fffe,
0001,
0003,
fffd,
fffc,
fffe,
0009,
0004,
0005,
fff7,
fffa,
fffa,
ffff,
0002,
fff8,
fff7,
017d,
10d9,
1ba5,
fb0b,
cc2b,
d72a,
0d7f,
31a5,
39f0,
2065,
0133,
0761,
1473,
0478,
eb21,
d60d,
c980,
d566,
ec88,
f569,
f1f5,
f2ef,
ff02,
137f,
1fcd,
1b18,
12b8,
10d7,
10b0,
09c6,
0009,
f8cc,
f4ee,
f466,
f633,
f8b3,
f894,
f700,
f7d6,
fa66,
fc67,
fe09,
ff17,
ffd8,
01d9,
045a,
05c4,
0573,
0460,
02e3,
00f6,
ffd5,
ff93,
ff8e,
fe67,
fce8,
fcb6,
fda4,
feac,
fefa,
ff72,
0024,
0039,
ffe5,
009b,
020a,
0235,
0118,
ffe6,
ff8c,
ffcc,
0016,
ffd5,
ff32,
fea2,
fe5a,
fe9f,
ff08,
ff8e,
fffe,
002d,
002f,
002d,
0035,
003b,
007f,
00b4,
009c,
001b,
ff93,
ff94,
0019,
007f,
004f,
0003,
0002,
0000,
ffff,
ffff,
0000,
0000,
ffff,
ffff,
ffff,
0000,
0003,
0005,
0003,
0001,
fffe,
fffb,
fffb,
fffe,
0001,
0003,
fffd,
fffc,
fffe,
0009,
0004,
0005,
fff7,
fffa,
fffa,
ffff,
0002,
fff8,
fff7,
017d,
10d9,
1ba5,
fb0b,
cc2b,
d72a,
0d7f,
31a5,
39f0,
2065,
0133,
0761,
1473,
0478,
eb21,
d60d,
c980,
d566,
ec88,
f569,
f1f5,
f2ef,
ff02,
137f,
1fcd,
1b18,
12b8,
10d7,
10b0,
09c6,
0009,
f8cc,
f4ee,
f466,
f633,
f8b3,
f894,
f700,
f7d6,
fa66,
fc67,
fe09,
ff17,
ffd8,
01d9,
045a,
05c4,
0573,
0460,
02e3,
00f6,
ffd5,
ff93,
ff8e,
fe67,
fce8,
fcb6,
fda4,
feac,
fefa,
ff72,
0024,
0039,
ffe5,
009b,
020a,
0235,
0118,
ffe6,
ff8c,
ffcc,
0016,
ffd5,
ff32,
fea2,
fe5a,
fe9f,
ff08,
ff8e,
fffe,
002d,
002f,
002d,
0035,
003b,
007f,
00b4,
009c,
001b,
ff93,
ff94,
0019,
007f,
004f,
0002,
0003,
0001,
ffff,
ffff,
ffff,
0000,
0000,
ffff,
ffff,
ffff,
0001,
0003,
0004,
0002,
ffff,
fffc,
fffb,
fffc,
ffff,
0002,
0000,
fffb,
fffd,
0002,
0009,
0001,
0005,
fff1,
0003,
ffef,
0011,
ffe4,
0021,
ffcd,
06dd,
1898,
10b0,
e2df,
cb81,
ef55,
1f77,
38ff,
3161,
0e1b,
0056,
0f77,
0e79,
f85c,
e265,
cfd6,
ce29,
e14e,
f2dc,
f4c5,
f23c,
f810,
0833,
1979,
1ce6,
1606,
1120,
1093,
0cbd,
04be,
fcfe,
f71c,
f4f7,
f59a,
f7f3,
f932,
f87e,
f882,
f90c,
f9de,
fc34,
feba,
ff7c,
004b,
0291,
04e4,
0621,
05db,
046f,
0239,
003f,
ff93,
ffe6,
ff84,
fda6,
fc34,
fc3d,
fd73,
fe89,
ff35,
0013,
0072,
002a,
0073,
01d1,
0275,
01a0,
0049,
ff6e,
ff8b,
0001,
fff8,
ff46,
feb3,
fe7e,
fe9f,
fee4,
ff3c,
ffbc,
0020,
0054,
004e,
003e,
002c,
0042,
0084,
00a7,
006a,
ffd5,
ff81,
ffc4,
0048,
006d,
0002,
0003,
0002,
0000,
ffff,
ffff,
ffff,
0000,
0000,
ffff,
fffe,
ffff,
0002,
0004,
0002,
0002,
fffe,
fffc,
fffb,
fffd,
0000,
0003,
fffd,
fffc,
fffe,
0007,
0005,
0004,
fffa,
fff8,
fffb,
fffa,
0005,
fff3,
0002,
00f7,
0ddf,
1986,
ffba,
d4fd,
d62e,
0264,
2c1b,
3a90,
22e4,
03b2,
056a,
10e5,
0597,
f043,
dbd9,
cebc,
d61a,
e9fa,
f542,
f3da,
f478,
fe73,
0f12,
1a3b,
1903,
134e,
1052,
0e4e,
08f4,
01e0,
fada,
f677,
f59f,
f70d,
f8d5,
f927,
f98a,
f936,
f836,
f998,
fd4f,
ff99,
ff98,
00c9,
0366,
05b6,
06a1,
05f4,
040a,
0151,
ffa0,
ffb7,
002e,
fee6,
fc8c,
fb54,
fc01,
fda8,
fec7,
ffbd,
0081,
0081,
006d,
015e,
026d,
0228,
0106,
ffcd,
ff69,
ffc8,
fff5,
ff69,
fec6,
fe98,
fe9d,
fec5,
feeb,
ff50,
ffe6,
0058,
006f,
0053,
003c,
0028,
004f,
0090,
00a0,
003b,
ffb1,
ff96,
fff6,
0059,
0002,
0003,
0003,
0001,
0000,
ffff,
ffff,
0000,
0000,
0000,
ffff,
ffff,
0000,
0002,
0003,
0003,
0000,
fffe,
fffc,
fffb,
fffe,
0001,
0003,
fffd,
fffd,
ffff,
0007,
0003,
0005,
fff5,
fffd,
fff5,
0004,
fff6,
000a,
ffda,
02bf,
1198,
15d7,
f4e6,
d2db,
decf,
0bf1,
3295,
36fa,
18d9,
0140,
0826,
0e30,
0090,
ecee,
da12,
d19b,
dc15,
ee32,
f573,
f3dd,
f78c,
029e,
109c,
182c,
1699,
11d0,
0eb7,
0c63,
073f,
0091,
fa3a,
f6c5,
f6c4,
f80d,
f8d3,
f9d3,
fa5d,
f844,
f73e,
fa27,
fe75,
ffdd,
ffca,
016e,
0406,
063d,
06e0,
063b,
03be,
009a,
ff47,
ffd3,
0014,
fe32,
fbb7,
faa9,
fbde,
fdc3,
ff07,
001d,
00ac,
0091,
00c8,
01fc,
02b0,
0211,
00d1,
ffca,
ffa2,
ffd3,
ffa8,
fef6,
fe85,
fe84,
fe96,
fea7,
fecc,
ff59,
0002,
0075,
0083,
0071,
004e,
0021,
004e,
00ab,
00c0,
004a,
ffc7,
ffaa,
ffeb,
0000,
0001,
0003,
0003,
0002,
0000,
ffff,
ffff,
0000,
0000,
ffff,
ffff,
ffff,
0000,
0002,
0003,
0002,
0000,
fffd,
fffc,
fffc,
ffff,
0003,
0001,
fffd,
fffd,
0001,
0007,
0003,
0002,
fff5,
fffd,
fff6,
0006,
fff4,
000f,
ffeb,
05d6,
14d0,
0ecd,
e9bc,
d31c,
e98d,
186b,
3755,
2ef3,
0ef1,
0103,
0a4d,
0a93,
fb8f,
e8f4,
d898,
d546,
e2a0,
f1ae,
f4d5,
f4ee,
fb46,
060a,
119f,
16c9,
1475,
0fab,
0d7f,
0b08,
056d,
ff17,
f97d,
f76f,
f7c3,
f84b,
f934,
fab6,
f99b,
f6b3,
f781,
fbea,
ff64,
fff1,
007e,
0223,
04a6,
06c8,
0753,
05f9,
02c1,
ffcd,
ff00,
000c,
ffd3,
fd56,
fadc,
fa57,
fbda,
fde9,
ff8e,
004f,
0063,
008a,
0180,
02c0,
02ed,
01f6,
00a0,
ffe7,
ffea,
ffe1,
ff3a,
fe63,
fe2e,
fe5f,
fe87,
fe7b,
feae,
ff63,
0027,
009a,
00b2,
008e,
0029,
0019,
0095,
010b,
00e4,
0034,
ffa9,
ff99,
0000,
0001,
0003,
0003,
0002,
0000,
ffff,
ffff,
0000,
0000,
ffff,
ffff,
ffff,
0000,
0002,
0003,
0002,
0000,
fffd,
fffc,
fffc,
ffff,
0003,
0001,
fffd,
fffd,
0001,
0007,
0003,
0002,
fff5,
fffd,
fff6,
0006,
fff4,
000f,
ffeb,
05d6,
14d0,
0ecd,
e9bc,
d31c,
e98d,
186b,
3755,
2ef3,
0ef1,
0103,
0a4d,
0a93,
fb8f,
e8f4,
d898,
d546,
e2a0,
f1ae,
f4d5,
f4ee,
fb46,
060a,
119f,
16c9,
1475,
0fab,
0d7f,
0b08,
056d,
ff17,
f97d,
f76f,
f7c3,
f84b,
f934,
fab6,
f99b,
f6b3,
f781,
fbea,
ff64,
fff1,
007e,
0223,
04a6,
06c8,
0753,
05f9,
02c1,
ffcd,
ff00,
000c,
ffd3,
fd56,
fadc,
fa57,
fbda,
fde9,
ff8e,
004f,
0063,
008a,
0180,
02c0,
02ed,
01f6,
00a0,
ffe7,
ffea,
ffe1,
ff3a,
fe63,
fe2e,
fe5f,
fe87,
fe7b,
feae,
ff63,
0027,
009a,
00b2,
008e,
0029,
0019,
0095,
010b,
00e4,
0034,
ffa9,
ff99,
0000,
0000,
0002,
0003,
0002,
0001,
ffff,
ffff,
0000,
0000,
ffff,
fffe,
ffff,
0000,
0000,
0002,
0003,
0002,
0000,
fffd,
fffc,
fffc,
0000,
0003,
0001,
fffd,
fffe,
0002,
0007,
0003,
ffff,
fff7,
fffd,
fff9,
0002,
fff9,
0003,
002b,
0705,
147a,
0ac5,
e7a4,
d576,
edc8,
1c50,
3655,
29da,
0c30,
01a3,
097c,
0851,
fa67,
e936,
daa6,
d8f5,
e5c3,
f20e,
f471,
f67e,
fd06,
0606,
1057,
1535,
129c,
0e53,
0d11,
0a57,
04f3,
ff13,
fa1e,
f848,
f7fc,
f883,
f9de,
fab5,
f842,
f5d7,
f85b,
fd20,
ffb4,
0038,
00dd,
023e,
04fc,
079e,
07a9,
0542,
0217,
ff95,
ff32,
0056,
ffa7,
fc9f,
fa27,
f9e0,
fb68,
fdc9,
ffa0,
fff7,
fffc,
0112,
029c,
0368,
031a,
0214,
00f4,
0075,
0044,
ff8e,
fe78,
fdc4,
fddd,
fe3c,
fe48,
fe14,
fe6c,
ff5f,
0047,
00cf,
00e4,
0099,
0040,
0070,
00f5,
013d,
00ec,
0033,
ffa6,
0002,
0000,
0000,
0002,
0003,
0002,
0001,
ffff,
ffff,
ffff,
ffff,
ffff,
ffff,
ffff,
fffe,
0000,
0002,
0002,
0002,
ffff,
fffd,
fffc,
fffd,
0000,
0002,
0000,
fffd,
ffff,
0002,
0007,
0001,
0001,
fff5,
ffff,
fff5,
0006,
fff6,
0000,
00ba,
0956,
13e9,
046a,
e373,
d880,
f697,
22ca,
340c,
22b8,
087c,
0272,
091e,
05bc,
f814,
e82d,
dbea,
dd00,
e96e,
f2ab,
f4b0,
f861,
fe6f,
06a9,
105d,
13bd,
106a,
0d62,
0c97,
0959,
0449,
fecb,
fa45,
f85b,
f844,
f934,
fa3e,
f9ec,
f6f4,
f603,
f9cb,
fe52,
0026,
0040,
00ff,
02ed,
0614,
081f,
0706,
0404,
015f,
0015,
fff7,
0033,
fea5,
fb80,
f96f,
f9b0,
fb74,
fd9f,
ff65,
ffef,
0069,
01fb,
0386,
03d0,
031d,
0241,
0172,
00d1,
fff7,
fec2,
fdc8,
fd75,
fdae,
fded,
fde5,
fddb,
fe74,
ff90,
0085,
0107,
0105,
00ac,
0074,
00c8,
0143,
0150,
00d0,
001d,
0002,
0001,
0000,
0000,
0001,
0003,
0002,
0002,
ffff,
fffe,
ffff,
ffff,
ffff,
fffe,
fffe,
ffff,
ffff,
0001,
0002,
0001,
0000,
fffd,
fffd,
fffd,
0001,
0003,
0001,
fffd,
fffe,
0000,
0006,
ffff,
0000,
fff2,
0002,
fff1,
000b,
ffef,
000c,
00eb,
0912,
1216,
0362,
e55e,
db10,
f7ea,
2115,
3050,
20b7,
08e2,
0264,
07d8,
04f7,
f8f1,
ea92,
df19,
dfc8,
ea5c,
f264,
f50f,
f923,
fe02,
0573,
0ee9,
11e8,
0f0b,
0cd1,
0c43,
0963,
0502,
ffa5,
fa82,
f870,
f8c4,
f9a5,
fa39,
f95a,
f690,
f655,
fa48,
febd,
0075,
004b,
010c,
0377,
0698,
07c9,
065f,
03c2,
01a6,
00df,
008f,
ff7c,
fd3e,
fae1,
f93a,
f927,
faec,
fd67,
ff32,
001e,
013e,
02c6,
03f6,
0425,
0392,
02bb,
01c2,
00b4,
ff7e,
fe40,
fd54,
fd0e,
fd49,
fd8d,
fda6,
fddb,
fe81,
ff86,
009b,
013e,
0132,
00d5,
00ba,
0116,
0175,
016b,
00e9,
0002,
0001,
0000,
0000,
0001,
0003,
0002,
0002,
ffff,
fffe,
ffff,
ffff,
ffff,
fffe,
fffe,
ffff,
ffff,
0001,
0002,
0001,
0000,
fffd,
fffd,
fffd,
0001,
0003,
0001,
fffd,
fffe,
0000,
0006,
ffff,
0000,
fff2,
0002,
fff1,
000b,
ffef,
000c,
00eb,
0912,
1216,
0362,
e55e,
db10,
f7ea,
2115,
3050,
20b7,
08e2,
0264,
07d8,
04f7,
f8f1,
ea92,
df19,
dfc8,
ea5c,
f264,
f50f,
f923,
fe02,
0573,
0ee9,
11e8,
0f0b,
0cd1,
0c43,
0963,
0502,
ffa5,
fa82,
f870,
f8c4,
f9a5,
fa39,
f95a,
f690,
f655,
fa48,
febd,
0075,
004b,
010c,
0377,
0698,
07c9,
065f,
03c2,
01a6,
00df,
008f,
ff7c,
fd3e,
fae1,
f93a,
f927,
faec,
fd67,
ff32,
001e,
013e,
02c6,
03f6,
0425,
0392,
02bb,
01c2,
00b4,
ff7e,
fe40,
fd54,
fd0e,
fd49,
fd8d,
fda6,
fddb,
fe81,
ff86,
009b,
013e,
0132,
00d5,
00ba,
0116,
0175,
016b,
00e9,
0002,
0002,
0002,
0001,
0001,
0002,
0004,
0003,
0002,
0000,
ffff,
ffff,
0000,
0000,
ffff,
ffff,
ffff,
0000,
0002,
0003,
0002,
0000,
fffe,
fffe,
ffff,
0001,
0003,
0001,
fffe,
ffff,
0002,
0006,
0001,
0001,
fff5,
0002,
fff2,
000f,
ffea,
0022,
016d,
09e9,
103b,
0020,
e4cb,
deae,
fd06,
21c8,
2cb7,
1ce0,
07a3,
02c8,
073b,
0399,
f891,
eb2e,
e110,
e2a7,
ec1b,
f2b2,
f5c2,
f9de,
fdf0,
05a8,
0e5d,
104a,
0daf,
0c4d,
0bf7,
095b,
0546,
ff44,
fa04,
f8ab,
f973,
fa2c,
fa28,
f8a1,
f631,
f6ec,
fb20,
ff38,
00c6,
0098,
0143,
0422,
0709,
075e,
05ca,
0398,
01d3,
00ec,
0061,
feac,
fc05,
f9fb,
f8e4,
f936,
fb31,
fdc0,
ff4b,
0080,
023d,
0396,
0431,
043d,
03b9,
02b0,
0186,
005e,
ff09,
fdba,
fcdf,
fcd3,
fd44,
fd87,
fd90,
fdd3,
fe99,
ffc4,
00e4,
0159,
0132,
0101,
011b,
016a,
01a4,
017c,
ffff,
0001,
0002,
0001,
0000,
0000,
0002,
0002,
0002,
0001,
ffff,
fffe,
fffe,
ffff,
ffff,
fffe,
fffe,
ffff,
0000,
0001,
0002,
0002,
0000,
fffe,
fffd,
fffe,
0001,
0002,
ffff,
fffe,
fffe,
0003,
0002,
0001,
fffc,
fff7,
ffff,
fff6,
000a,
ffeb,
0039,
01e3,
0a29,
0e38,
fdf0,
e533,
e25c,
007b,
20f9,
293c,
19ee,
0707,
0327,
0690,
02bb,
f8aa,
ec09,
e315,
e51d,
ed68,
f30d,
f667,
fa0e,
fddc,
05ce,
0d83,
0ea9,
0c83,
0c10,
0bf1,
098d,
0524,
fe89,
f9e0,
f94d,
fa3c,
fa84,
f9cd,
f7e7,
f614,
f79a,
fbfd,
ffa3,
00ce,
00d5,
01e7,
04c4,
0711,
06e9,
0531,
034d,
01b8,
0090,
ffce,
fe0f,
fb3b,
f932,
f8d9,
f9d8,
fbc6,
fde7,
ff96,
0142,
0308,
041a,
042d,
03d6,
0356,
0291,
015e,
ffe1,
fe75,
fd67,
fce0,
fce4,
fd42,
fd71,
fd84,
fdee,
fed9,
0005,
00f9,
0161,
0160,
0158,
0169,
0190,
01a1,
ffff,
0000,
0001,
0002,
0002,
0001,
0001,
0002,
0003,
0003,
0002,
0000,
ffff,
ffff,
0000,
0000,
0000,
0000,
ffff,
0000,
0002,
0003,
0002,
0001,
ffff,
fffe,
0000,
0001,
0003,
0001,
0000,
ffff,
0004,
0003,
0002,
fffe,
fffa,
ffff,
fff8,
0009,
ffef,
0044,
01a2,
0889,
0cdd,
0000,
e947,
e3f1,
fd40,
1bc2,
2631,
1a75,
08c6,
032d,
05c6,
0357,
fac4,
ef07,
e610,
e6c2,
ed82,
f2e4,
f65b,
f991,
fd0b,
0455,
0b81,
0cfc,
0bcc,
0bee,
0c08,
0a09,
05ae,
ff18,
fa8a,
fa26,
fafd,
fa96,
f957,
f790,
f64c,
f838,
fc37,
ff55,
009e,
014b,
02c4,
04d9,
065b,
0618,
0486,
02f0,
01ac,
0079,
ff34,
fdb6,
fb8a,
f96d,
f904,
fa3b,
fc23,
fe0c,
ffe8,
01d7,
0347,
03c6,
038c,
033b,
02fd,
0274,
0154,
ffc4,
fe55,
fd73,
fd19,
fd18,
fd3e,
fd5d,
fd94,
fe12,
fefa,
0018,
00fc,
0170,
0189,
018c,
018a,
018d,
fffd,
fffe,
0000,
0001,
0002,
0002,
0001,
0001,
0002,
0003,
0003,
0001,
0000,
ffff,
ffff,
0000,
0000,
0000,
ffff,
ffff,
0000,
0001,
0001,
0001,
ffff,
fffe,
fffe,
ffff,
0000,
0002,
0000,
ffff,
fffe,
0002,
0001,
0002,
fffc,
fffc,
fffc,
fffc,
0002,
fff8,
0053,
01e3,
0848,
0b52,
fee9,
ea54,
e6f7,
fee9,
1a2a,
2317,
184f,
0895,
039a,
0590,
02fa,
fad9,
efe8,
e81f,
e8d8,
ee8c,
f34e,
f69e,
f98a,
fd24,
0420,
0a34,
0b9a,
0b47,
0bc6,
0bea,
0a0d,
055c,
fee4,
fb2e,
fb18,
fb4d,
fa23,
f89c,
f748,
f70a,
f92f,
fcac,
ff76,
00ba,
01b6,
036d,
0507,
0567,
04af,
03af,
02ac,
0196,
004d,
feda,
fd5f,
fbcf,
fa2e,
f986,
fa95,
fc86,
fe99,
0094,
0211,
02b2,
02e3,
0301,
02f2,
02c7,
023b,
010f,
ffa5,
fe78,
fdb5,
fd4b,
fd30,
fd4f,
fd83,
fdd2,
fe57,
ff2b,
002a,
0101,
0178,
019d,
0195,
017e,
fffd,
fffe,
0000,
0001,
0002,
0002,
0001,
0001,
0002,
0003,
0003,
0001,
0000,
ffff,
ffff,
0000,
0000,
0000,
ffff,
ffff,
0000,
0001,
0001,
0001,
ffff,
fffe,
fffe,
ffff,
0000,
0002,
0000,
ffff,
fffe,
0002,
0001,
0002,
fffc,
fffc,
fffc,
fffc,
0002,
fff8,
0053,
01e3,
0848,
0b52,
fee9,
ea54,
e6f7,
fee9,
1a2a,
2317,
184f,
0895,
039a,
0590,
02fa,
fad9,
efe8,
e81f,
e8d8,
ee8c,
f34e,
f69e,
f98a,
fd24,
0420,
0a34,
0b9a,
0b47,
0bc6,
0bea,
0a0d,
055c,
fee4,
fb2e,
fb18,
fb4d,
fa23,
f89c,
f748,
f70a,
f92f,
fcac,
ff76,
00ba,
01b6,
036d,
0507,
0567,
04af,
03af,
02ac,
0196,
004d,
feda,
fd5f,
fbcf,
fa2e,
f986,
fa95,
fc86,
fe99,
0094,
0211,
02b2,
02e3,
0301,
02f2,
02c7,
023b,
010f,
ffa5,
fe78,
fdb5,
fd4b,
fd30,
fd4f,
fd83,
fdd2,
fe57,
ff2b,
002a,
0101,
0178,
019d,
0195,
017e,
fffd,
fffd,
fffe,
0000,
0001,
0002,
0001,
0000,
0001,
0001,
0002,
0002,
0001,
ffff,
ffff,
0000,
ffff,
0000,
0000,
ffff,
0000,
0000,
0001,
0002,
0001,
0000,
fffe,
fffe,
fffe,
0000,
0001,
ffff,
ffff,
fffe,
0002,
0002,
0002,
fffe,
fffd,
fffd,
fffc,
0002,
fffa,
0050,
017e,
06b3,
0a59,
012d,
ee7d,
e835,
fb34,
14ce,
1ff9,
18d7,
0a88,
0432,
0541,
037f,
fc99,
f2c3,
eb11,
ea65,
eeb9,
f315,
f651,
f923,
fc6a,
0254,
07f4,
0a3b,
0ac9,
0bab,
0c1e,
0a74,
0616,
ffff,
fc44,
fbd3,
fb31,
f96a,
f848,
f7d9,
f7e9,
f9b4,
fcb0,
ff19,
009d,
01c0,
0302,
0456,
047b,
0387,
0313,
02e8,
01d7,
0061,
ff30,
fdc4,
fc52,
fb5e,
faa7,
faa4,
fc33,
fe8c,
005b,
0150,
01ca,
021b,
0272,
02d1,
02d3,
024f,
0142,
fff1,
fedc,
fe16,
fd8b,
fd5c,
fd82,
fda8,
fdd0,
fe53,
ff34,
001f,
00de,
015c,
0190,
0181,
fffe,
fffd,
fffe,
ffff,
0000,
0001,
0002,
0002,
0001,
0001,
0002,
0002,
0003,
0001,
0000,
ffff,
ffff,
ffff,
ffff,
ffff,
ffff,
0000,
0001,
0001,
0002,
0002,
0000,
ffff,
fffe,
ffff,
0000,
0001,
0000,
ffff,
fffe,
0002,
0001,
0003,
fffd,
fffe,
fffc,
fffe,
ffff,
0002,
0055,
0193,
0662,
095d,
00ad,
ef7d,
ea41,
fbfa,
1347,
1d91,
1749,
0a7f,
04ab,
052c,
032f,
fcac,
f3c0,
ece2,
ec11,
ef96,
f369,
f68c,
f933,
fc40,
0172,
06a5,
098d,
0ae0,
0be4,
0c27,
0a62,
05c9,
0024,
fd06,
fbdd,
fa55,
f8d0,
f86f,
f8a6,
f8f1,
fa48,
fca5,
fee6,
007d,
0179,
028d,
03bf,
03ec,
0331,
02f0,
02ea,
01f9,
0093,
ff5b,
fe19,
fcb9,
fbce,
fb6a,
fb14,
fbb6,
fdd9,
0001,
00fe,
0153,
01b7,
0233,
02e5,
034a,
029c,
0120,
ffc7,
fef2,
fe6d,
fde7,
fd6b,
fd4a,
fd8d,
fdff,
fe94,
ff60,
0025,
00bf,
0142,
018c,
fffd,
fffe,
fffe,
fffe,
fffe,
ffff,
0000,
0002,
0002,
0001,
0001,
0001,
0002,
0002,
0001,
0000,
ffff,
fffe,
ffff,
ffff,
ffff,
ffff,
ffff,
0000,
0001,
0001,
0002,
0001,
0000,
ffff,
ffff,
0000,
0002,
0000,
ffff,
fffe,
0001,
0001,
0002,
fffd,
fffe,
fffc,
fffd,
0001,
0001,
0048,
013b,
0533,
0892,
025f,
f2e7,
eb75,
f919,
0ece,
1a96,
1740,
0c26,
058a,
0510,
0385,
fe1b,
f63d,
ef88,
ed9f,
eff3,
f357,
f63a,
f888,
fafd,
ff6b,
0515,
0948,
0b3c,
0c16,
0bf8,
0a49,
0664,
0128,
fd89,
fb97,
f9ce,
f8cf,
f93a,
f9b5,
f97e,
f9fc,
fbbd,
fe2e,
0030,
0106,
01e4,
0327,
03c5,
0385,
0345,
030f,
0230,
010b,
ffd3,
fe7f,
fd45,
fc49,
fb84,
fad3,
fb06,
fcd9,
ff3d,
00a2,
0126,
01b7,
028c,
0351,
0389,
02ba,
012e,
ffe1,
ff20,
fe91,
fdf1,
fd5c,
fd34,
fd91,
fe36,
fed1,
ff5d,
fffd,
00aa,
013c,
fffd,
fffe,
fffe,
fffe,
fffe,
ffff,
0000,
0002,
0002,
0001,
0001,
0001,
0002,
0002,
0001,
0000,
ffff,
fffe,
ffff,
ffff,
ffff,
ffff,
ffff,
0000,
0001,
0001,
0002,
0001,
0000,
ffff,
ffff,
0000,
0002,
0000,
ffff,
fffe,
0001,
0001,
0002,
fffd,
fffe,
fffc,
fffd,
0001,
0001,
0048,
013b,
0533,
0892,
025f,
f2e7,
eb75,
f919,
0ece,
1a96,
1740,
0c26,
058a,
0510,
0385,
fe1b,
f63d,
ef88,
ed9f,
eff3,
f357,
f63a,
f888,
fafd,
ff6b,
0515,
0948,
0b3c,
0c16,
0bf8,
0a49,
0664,
0128,
fd89,
fb97,
f9ce,
f8cf,
f93a,
f9b5,
f97e,
f9fc,
fbbd,
fe2e,
0030,
0106,
01e4,
0327,
03c5,
0385,
0345,
030f,
0230,
010b,
ffd3,
fe7f,
fd45,
fc49,
fb84,
fad3,
fb06,
fcd9,
ff3d,
00a2,
0126,
01b7,
028c,
0351,
0389,
02ba,
012e,
ffe1,
ff20,
fe91,
fdf1,
fd5c,
fd34,
fd91,
fe36,
fed1,
ff5d,
fffd,
00aa,
013c,
ffff,
ffff,
fffe,
fffe,
fffe,
fffe,
ffff,
0001,
0002,
0002,
0001,
0000,
0001,
0002,
0002,
0001,
0000,
ffff,
ffff,
ffff,
0000,
0000,
0000,
0000,
0001,
0001,
0001,
0002,
0000,
0000,
ffff,
0000,
0001,
0001,
0000,
ffff,
fffe,
0001,
0001,
0003,
fffe,
ffff,
fffb,
ffff,
0001,
0006,
0049,
014b,
0511,
07f4,
01d7,
f33f,
ecd6,
fa0b,
0e20,
18d7,
15d6,
0be5,
05c2,
0503,
0360,
fe49,
f714,
f0eb,
eef0,
f0b6,
f38d,
f5ed,
f7f7,
fa80,
ff33,
05a0,
0a37,
0b78,
0b8a,
0b61,
09c4,
05e0,
010e,
fd6f,
fb0c,
f981,
f926,
fa02,
fa44,
f930,
f95e,
fba5,
fe71,
0021,
00d6,
01e6,
0328,
03e8,
0409,
03a6,
02fa,
0228,
0107,
ffaf,
fe88,
fd51,
fbdc,
fac3,
fa82,
fb3d,
fcf2,
ff04,
0095,
01ab,
027a,
0306,
035c,
0341,
0261,
0102,
ffc1,
fedc,
fe45,
fdd1,
fd81,
fd7a,
fdd1,
fe61,
fef2,
ff82,
0023,
00cb,
ffff,
ffff,
ffff,
fffe,
fffe,
fffe,
fffe,
0000,
0002,
0001,
0002,
0002,
0001,
0002,
0002,
0002,
0001,
0000,
ffff,
fffe,
0000,
0000,
0000,
0000,
ffff,
0001,
0001,
0002,
0001,
0001,
0000,
ffff,
0000,
0000,
0001,
0000,
0000,
ffff,
0001,
0001,
0003,
fffe,
fffe,
fffa,
0001,
0001,
000d,
0049,
015c,
0500,
0779,
0148,
f35e,
edf5,
fafc,
0db8,
1769,
14a0,
0b92,
05f0,
051d,
036c,
fe8b,
f7bf,
f1f2,
efc5,
f0f7,
f339,
f575,
f7f1,
fae8,
003c,
06d8,
0a63,
0ad2,
0ac0,
0a98,
0928,
0581,
00dc,
fd22,
fa86,
f94f,
f9bc,
fa75,
f9cc,
f8bb,
f97e,
fc03,
fec4,
0047,
0106,
023b,
0389,
041c,
0422,
03f5,
0310,
01bc,
0097,
ff6c,
fdfc,
fc80,
fb59,
fa95,
fa97,
fbba,
fd8b,
ff75,
0126,
024d,
02c6,
0301,
0330,
02d4,
01ca,
0085,
ff75,
feae,
fe36,
fde9,
fdbc,
fdc8,
fe0e,
fe8f,
ff2a,
ffc6,
004a,
0000,
ffff,
ffff,
ffff,
fffe,
fffe,
fffe,
fffe,
0000,
0001,
0002,
0002,
0000,
0000,
0000,
0001,
0000,
0001,
0000,
ffff,
ffff,
ffff,
ffff,
ffff,
0000,
0000,
0000,
0001,
0001,
0001,
0001,
0000,
ffff,
fffe,
0000,
0000,
ffff,
ffff,
fffe,
0002,
0001,
0002,
fffe,
fffe,
fffc,
0002,
0003,
0009,
0036,
0122,
0472,
072b,
0236,
f4f6,
ee54,
f985,
0b70,
15a0,
1449,
0c5b,
06b0,
05b8,
044e,
ffa3,
f8ee,
f2bf,
efc6,
f08d,
f2ff,
f5e3,
f8c4,
fb4f,
0046,
0696,
0978,
098f,
09cc,
0a16,
08fd,
05bb,
012b,
fcf7,
fa47,
f949,
f9c8,
fa91,
f9c3,
f8bc,
f9a9,
fc4d,
ff1a,
00b5,
0185,
024e,
0356,
0440,
0488,
0401,
02c0,
0142,
ffbd,
fe54,
fd39,
fc67,
fb95,
fada,
fb01,
fc97,
fecc,
004e,
0124,
01e6,
029a,
02ee,
02be,
0213,
010a,
001c,
ff8b,
ff11,
fe79,
fdfa,
fdd9,
fe19,
fe83,
feef,
ff4f,
ffa8,
0001,
0001,
0000,
ffff,
ffff,
fffe,
fffe,
fffe,
fffe,
ffff,
0000,
0001,
0001,
0000,
0000,
0000,
0001,
0001,
0001,
0000,
ffff,
ffff,
ffff,
ffff,
ffff,
ffff,
0000,
0000,
0001,
0001,
0002,
0001,
ffff,
ffff,
ffff,
ffff,
0000,
0000,
ffff,
ffff,
0001,
0000,
0002,
fffe,
ffff,
fffc,
0004,
0002,
000c,
0031,
0160,
04d5,
06f2,
00f3,
f3ad,
ef0d,
fba3,
0c73,
14eb,
130e,
0be1,
0748,
068c,
045c,
fe8d,
f766,
f1da,
f029,
f206,
f48a,
f705,
f91e,
fb73,
00f2,
06ba,
08a4,
08a6,
0948,
09be,
0890,
053e,
0082,
fc07,
f995,
f975,
fa64,
faa4,
f992,
f8fd,
fa71,
fd7a,
0015,
0114,
015b,
0252,
03e9,
0498,
0420,
0339,
01e2,
fff4,
fe71,
fdd2,
fd44,
fc6d,
fbb6,
fb9c,
fc71,
fe19,
ff9a,
0056,
00de,
01ae,
0262,
0272,
01ff,
0148,
0095,
001b,
ffbf,
ff3d,
fe87,
fe00,
fe12,
fe9d,
ff04,
ff13,
ff27,
0001,
0001,
0000,
ffff,
ffff,
fffe,
fffe,
fffe,
fffe,
ffff,
0000,
0001,
0001,
0000,
0000,
0000,
0001,
0001,
0001,
0000,
ffff,
ffff,
ffff,
ffff,
ffff,
ffff,
0000,
0000,
0001,
0001,
0002,
0001,
ffff,
ffff,
ffff,
ffff,
0000,
0000,
ffff,
ffff,
0001,
0000,
0002,
fffe,
ffff,
fffc,
0004,
0002,
000c,
0031,
0160,
04d5,
06f2,
00f3,
f3ad,
ef0d,
fba3,
0c73,
14eb,
130e,
0be1,
0748,
068c,
045c,
fe8d,
f766,
f1da,
f029,
f206,
f48a,
f705,
f91e,
fb73,
00f2,
06ba,
08a4,
08a6,
0948,
09be,
0890,
053e,
0082,
fc07,
f995,
f975,
fa64,
faa4,
f992,
f8fd,
fa71,
fd7a,
0015,
0114,
015b,
0252,
03e9,
0498,
0420,
0339,
01e2,
fff4,
fe71,
fdd2,
fd44,
fc6d,
fbb6,
fb9c,
fc71,
fe19,
ff9a,
0056,
00de,
01ae,
0262,
0272,
01ff,
0148,
0095,
001b,
ffbf,
ff3d,
fe87,
fe00,
fe12,
fe9d,
ff04,
ff13,
ff27,
0002,
0002,
0000,
0000,
ffff,
ffff,
ffff,
fffe,
fffe,
ffff,
0000,
0001,
0001,
0002,
0001,
0000,
0000,
0001,
0001,
0001,
ffff,
ffff,
fffe,
ffff,
0000,
0000,
0001,
0001,
0001,
0001,
0002,
0002,
0001,
0000,
ffff,
ffff,
0000,
0000,
0000,
ffff,
ffff,
0001,
0001,
0002,
fffd,
fffe,
fffb,
0005,
0007,
000b,
0028,
0186,
0502,
06c8,
0050,
f2fc,
ef69,
fc85,
0c6c,
144e,
12f0,
0cb6,
0868,
06b2,
02f6,
fcb7,
f6f3,
f335,
f253,
f396,
f4fa,
f670,
f817,
fb65,
016a,
064a,
0779,
07c2,
0920,
09dd,
0874,
04bb,
ffc7,
fb8a,
f9a3,
f9f2,
fad8,
faa1,
f9a5,
f9c5,
fbad,
fe66,
0015,
00bc,
01b9,
0316,
03d4,
03cb,
0323,
01d3,
0078,
ff5e,
fe7d,
fdd8,
fd4e,
fcdf,
fce4,
fd4a,
fdb3,
fe5f,
ff61,
003f,
00b0,
0111,
0191,
01c4,
0180,
010c,
00a3,
003b,
ffd6,
ff5b,
febf,
fe60,
fe86,
fee0,
ff08,
ff0a,
0002,
0002,
0001,
0001,
ffff,
ffff,
fffe,
fffe,
ffff,
fffe,
ffff,
0000,
0000,
0001,
0001,
0001,
0001,
0000,
0001,
0001,
0000,
ffff,
ffff,
fffe,
ffff,
0000,
0000,
0001,
0000,
0000,
0001,
0001,
0001,
0001,
0000,
ffff,
ffff,
ffff,
0000,
0000,
ffff,
0000,
0001,
0002,
0000,
fffd,
fffa,
0000,
000d,
000b,
0004,
0050,
0279,
05fe,
05dc,
fc30,
eff1,
f243,
01ab,
0f76,
14eb,
11da,
0b50,
0767,
052e,
00f7,
fbc3,
f71c,
f3d8,
f356,
f390,
f412,
f630,
f8aa,
fccd,
02a8,
0623,
06f5,
0843,
09ad,
0967,
075e,
0368,
fe5b,
face,
fa05,
fa8e,
fadd,
fa76,
fa2b,
faef,
fcc7,
febb,
005b,
01b9,
0241,
02a0,
0311,
02b2,
0185,
00bf,
004e,
ff5b,
fe6a,
fdde,
fdc7,
fdef,
fe02,
fdda,
fde9,
fe9f,
ff85,
0009,
0030,
009a,
0136,
017e,
0150,
00f1,
009a,
0031,
ffc5,
ff67,
ff0e,
feb4,
fe9d,
fee4,
ff31,
0003,
0003,
0002,
0002,
0000,
0000,
0000,
0000,
ffff,
ffff,
ffff,
0000,
0001,
0001,
0002,
0002,
0001,
0000,
0001,
0002,
0002,
0000,
ffff,
ffff,
ffff,
0000,
0001,
0002,
0001,
0001,
0001,
0002,
0002,
0001,
0000,
0000,
ffff,
ffff,
0000,
0000,
0000,
0000,
0001,
0003,
0002,
fffe,
fffd,
fffe,
000e,
0011,
0010,
fff3,
00e4,
03d9,
06cf,
031d,
f614,
eeb5,
f850,
084b,
1291,
13c6,
0e4b,
0934,
0791,
050c,
ffe9,
faee,
f633,
f2e7,
f2a6,
f336,
f433,
f65d,
f966,
fe6f,
042e,
06b9,
0709,
0888,
09ee,
08e6,
05d0,
01ad,
fd82,
faf3,
fa3c,
fa86,
fadd,
fade,
fb17,
fbae,
fd77,
fff6,
0151,
0150,
0174,
01fa,
01c1,
014c,
0107,
00ce,
0051,
ff69,
fe96,
fe76,
feb9,
fe88,
fe3d,
fe32,
fe65,
fead,
ff03,
ff88,
000b,
007c,
00e8,
0147,
0144,
00e7,
007b,
0019,
ffdc,
ffa8,
ff3b,
fecd,
fedc,
ff45,
0003,
0003,
0002,
0002,
0000,
0000,
0000,
0000,
ffff,
ffff,
ffff,
0000,
0001,
0001,
0002,
0002,
0001,
0000,
0001,
0002,
0002,
0000,
ffff,
ffff,
ffff,
0000,
0001,
0002,
0001,
0001,
0001,
0002,
0002,
0001,
0000,
0000,
ffff,
ffff,
0000,
0000,
0000,
0000,
0001,
0003,
0002,
fffe,
fffd,
fffe,
000e,
0011,
0010,
fff3,
00e4,
03d9,
06cf,
031d,
f614,
eeb5,
f850,
084b,
1291,
13c6,
0e4b,
0934,
0791,
050c,
ffe9,
faee,
f633,
f2e7,
f2a6,
f336,
f433,
f65d,
f966,
fe6f,
042e,
06b9,
0709,
0888,
09ee,
08e6,
05d0,
01ad,
fd82,
faf3,
fa3c,
fa86,
fadd,
fade,
fb17,
fbae,
fd77,
fff6,
0151,
0150,
0174,
01fa,
01c1,
014c,
0107,
00ce,
0051,
ff69,
fe96,
fe76,
feb9,
fe88,
fe3d,
fe32,
fe65,
fead,
ff03,
ff88,
000b,
007c,
00e8,
0147,
0144,
00e7,
007b,
0019,
ffdc,
ffa8,
ff3b,
fecd,
fedc,
ff45,
0002,
0002,
0002,
0001,
0001,
0000,
ffff,
ffff,
fffe,
fffe,
ffff,
fffe,
0000,
0001,
0002,
0002,
0001,
0000,
0000,
0001,
0001,
0000,
0000,
ffff,
ffff,
0000,
0001,
0001,
0001,
0000,
0001,
0001,
0002,
0001,
0001,
ffff,
ffff,
ffff,
0000,
0000,
0000,
ffff,
0000,
0001,
0003,
ffff,
fffe,
fff9,
000f,
0014,
0012,
ffec,
006f,
02d8,
0634,
0536,
f95b,
ef23,
f5e9,
04c7,
0f6b,
12c0,
0f50,
0ac7,
092b,
0703,
0215,
fcbe,
f74b,
f30a,
f275,
f31e,
f369,
f506,
f83e,
fce4,
027e,
05e4,
0683,
07be,
09ba,
093b,
0625,
0316,
0005,
fc71,
fa39,
fa23,
fad4,
fb52,
fb95,
fbb5,
fd17,
ff7a,
0083,
009b,
00ea,
0118,
00ee,
010e,
0128,
00f3,
00ca,
0017,
ff22,
fed8,
ff02,
fed9,
fea6,
fead,
fe8c,
fe4e,
fe69,
ff1b,
ffc7,
0010,
0054,
00da,
013d,
0111,
009c,
003c,
0014,
ffe8,
ffa3,
ff56,
ff2e,
ff4a,
0002,
0002,
0002,
0001,
0001,
ffff,
ffff,
ffff,
ffff,
ffff,
fffe,
fffe,
0000,
0001,
0001,
0001,
0001,
0000,
0000,
0001,
0001,
0000,
0000,
ffff,
0000,
0000,
0000,
0001,
0001,
0001,
0001,
0001,
0001,
0001,
0000,
ffff,
ffff,
ffff,
0000,
0000,
0000,
ffff,
ffff,
0001,
0004,
0002,
fffe,
fff9,
000f,
0015,
0014,
ffe9,
0079,
02cb,
0600,
0522,
f962,
ef3f,
f64c,
0519,
0f34,
125e,
0f02,
09fb,
0893,
079d,
02fa,
fd32,
f7e7,
f381,
f1fe,
f2d1,
f3ea,
f588,
f8d6,
fce1,
014c,
04d8,
0663,
077c,
08cc,
088f,
05ad,
0309,
0115,
fde3,
fae5,
fa0b,
faee,
fbdf,
fc00,
fc1e,
fd67,
ff0c,
ffca,
002d,
007e,
0067,
0070,
00ca,
00fa,
0101,
00de,
0037,
ff6a,
ff29,
ff39,
ff29,
ff15,
ff0f,
fecf,
fe67,
fe60,
fee2,
ff80,
ffcc,
ffe6,
0044,
00d9,
0105,
00a9,
004c,
002a,
0018,
fffd,
ffd8,
ffa6,
ff7a,
0001,
0001,
0002,
0000,
0000,
0000,
ffff,
ffff,
ffff,
fffe,
fffe,
fffe,
0000,
0001,
0001,
0000,
ffff,
ffff,
0000,
0000,
0000,
ffff,
ffff,
0000,
0000,
0000,
0000,
0000,
0000,
0000,
0000,
0000,
0001,
0000,
0000,
fffe,
fffe,
ffff,
0000,
0001,
ffff,
fffe,
ffff,
0002,
0006,
0002,
ffff,
fff9,
0009,
0015,
0014,
fff0,
0119,
03d4,
0684,
0299,
f4de,
ee99,
fa11,
0a41,
13ed,
1399,
0bcf,
05bf,
0586,
059c,
0242,
fd4f,
f726,
f2b9,
f216,
f372,
f62b,
f8ac,
faf5,
fe3c,
01aa,
0410,
05fd,
0759,
0747,
0649,
043c,
01ab,
ffec,
fe95,
fc62,
fb04,
fbcb,
fc69,
fc1b,
fcc4,
fe71,
ff1a,
ff5f,
ffec,
000b,
fffe,
0038,
0082,
0085,
0098,
0054,
ffc0,
ff73,
ff73,
ff7c,
ff78,
ff82,
ff70,
ff46,
fefc,
fecf,
ff07,
ff61,
ff78,
ff66,
ffa7,
0028,
0087,
008d,
005b,
003e,
0043,
004d,
0042,
0022,
ffd1,
0002,
0002,
0002,
0001,
0000,
0000,
0000,
0000,
0000,
ffff,
ffff,
0000,
0002,
0002,
0001,
0000,
0000,
0000,
0001,
0002,
0001,
0000,
ffff,
0000,
0001,
0001,
0001,
0001,
0001,
0001,
0001,
0002,
0001,
0000,
ffff,
ffff,
ffff,
0000,
0001,
0000,
fffe,
ffff,
0001,
0006,
0003,
0004,
fffc,
fffc,
0005,
001b,
0006,
0054,
0272,
059a,
062d,
fbf8,
ee64,
f199,
02f5,
124f,
178d,
11b3,
072c,
01a9,
026a,
02d6,
0025,
fac7,
f4bc,
f240,
f3a9,
f684,
f90d,
fb62,
fe02,
00ec,
031f,
042a,
0560,
0652,
05c9,
03a4,
018c,
ffcf,
fe4d,
fe05,
fdc5,
fd21,
fcc3,
fc45,
fc50,
fdf8,
ff8b,
ff7c,
ff6e,
ffd4,
ffc8,
ffee,
0051,
002d,
ffd7,
ffba,
ff70,
ff38,
ff6b,
ff97,
ff8d,
ffa5,
ffdf,
ffec,
ffcf,
ffa1,
ff7d,
ff71,
ff55,
ff21,
ff06,
ff33,
ff87,
ffe8,
0048,
0067,
0051,
005b,
007d,
0088,
0065,
000b,
0002,
0002,
0002,
0001,
0000,
0000,
0000,
0000,
0000,
ffff,
ffff,
0000,
0002,
0002,
0001,
0000,
0000,
0000,
0001,
0002,
0001,
0000,
ffff,
0000,
0001,
0001,
0001,
0001,
0001,
0001,
0001,
0002,
0001,
0000,
ffff,
ffff,
ffff,
0000,
0001,
0000,
fffe,
ffff,
0001,
0006,
0003,
0004,
fffc,
fffc,
0005,
001b,
0006,
0054,
0272,
059a,
062d,
fbf8,
ee64,
f199,
02f5,
124f,
178d,
11b3,
072c,
01a9,
026a,
02d6,
0025,
fac7,
f4bc,
f240,
f3a9,
f684,
f90d,
fb62,
fe02,
00ec,
031f,
042a,
0560,
0652,
05c9,
03a4,
018c,
ffcf,
fe4d,
fe05,
fdc5,
fd21,
fcc3,
fc45,
fc50,
fdf8,
ff8b,
ff7c,
ff6e,
ffd4,
ffc8,
ffee,
0051,
002d,
ffd7,
ffba,
ff70,
ff38,
ff6b,
ff97,
ff8d,
ffa5,
ffdf,
ffec,
ffcf,
ffa1,
ff7d,
ff71,
ff55,
ff21,
ff06,
ff33,
ff87,
ffe8,
0048,
0067,
0051,
005b,
007d,
0088,
0065,
000b,
0001,
0000,
ffff,
ffff,
ffff,
0000,
0000,
0000,
0000,
0000,
0000,
0002,
0002,
0000,
0000,
ffff,
ffff,
0000,
0000,
0001,
0000,
ffff,
ffff,
0000,
0001,
0001,
0001,
0001,
0001,
0001,
0002,
0001,
0000,
fffe,
fffe,
fffe,
ffff,
0000,
0000,
fffe,
fffe,
0000,
0006,
0004,
0005,
0001,
fffb,
fffb,
000b,
0013,
003a,
0213,
0566,
06e3,
fe6e,
ef4d,
ee1b,
ff52,
121a,
19bd,
1487,
0926,
0150,
002a,
00f6,
fea4,
f965,
f42a,
f25a,
f488,
f846,
faf8,
fc97,
ff28,
025c,
04c8,
058b,
04dc,
0432,
042e,
02be,
ffcf,
fdf6,
fd16,
fcc3,
fd9d,
ff0d,
ff1c,
fd5d,
fc37,
fdb1,
0006,
006a,
0029,
0020,
ff9e,
ffaa,
006e,
004c,
ff3d,
feab,
fe61,
fe62,
fee5,
ff43,
ff4f,
ff75,
ffe8,
005f,
00a3,
009b,
0083,
0056,
ffd4,
ff3a,
fedb,
feb8,
feae,
fed8,
ff4c,
ffe1,
003b,
0056,
0083,
00b2,
00b1,
007f,
003b,
0000,
fffe,
fffd,
fffd,
ffff,
ffff,
ffff,
fffe,
ffff,
0000,
0001,
0001,
0001,
ffff,
fffe,
ffff,
0000,
0000,
0000,
ffff,
fffe,
fffe,
ffff,
0000,
0000,
0000,
0000,
0000,
0001,
0001,
0000,
ffff,
fffe,
fffd,
fffe,
fffe,
ffff,
ffff,
fffd,
fffc,
fffe,
0003,
0005,
0003,
0003,
fffb,
fff9,
fffd,
000e,
0025,
01bd,
0535,
0751,
0079,
f11a,
ebf7,
fb37,
1061,
1b45,
1794,
0b11,
00c4,
ff24,
01c8,
ff46,
f7e6,
f1a4,
efe3,
f325,
f8b0,
fc63,
fdf3,
006b,
0385,
0618,
0787,
0726,
0531,
0343,
014d,
feaa,
fcaf,
fb60,
fb1a,
fc61,
fe0b,
ff1d,
ff12,
fdca,
fd8d,
ffa4,
0135,
013a,
0112,
006f,
ffa3,
003c,
00ac,
ff78,
fe2d,
fd88,
fd69,
fdf6,
feae,
fec7,
fee0,
ff82,
0036,
00da,
0150,
0171,
012f,
00af,
fff8,
ff3a,
febf,
fe79,
fe57,
fe7b,
fef3,
ff73,
ffec,
0061,
00ad,
00c7,
00b4,
008b,
0055,
ffff,
fffe,
fffe,
ffff,
ffff,
fffe,
ffff,
0000,
0001,
0002,
0003,
0002,
0001,
0000,
0000,
0001,
0001,
0001,
0000,
fffe,
ffff,
0000,
0001,
0002,
0001,
0001,
0001,
0002,
0002,
0002,
0001,
ffff,
fffe,
fffe,
ffff,
0001,
0000,
fffe,
fffe,
fffe,
0003,
0006,
0006,
0004,
fffc,
fffb,
fffb,
0006,
0030,
022e,
060f,
0769,
ff1d,
ef8e,
ebaa,
fc77,
12be,
1db2,
188e,
0a3d,
ff12,
fddc,
0151,
fef3,
f71a,
efbc,
ed2e,
f0da,
f79e,
fc87,
ff37,
026c,
05da,
08a6,
09e8,
094b,
0716,
04bd,
0157,
fcd5,
fa57,
f99c,
f98b,
faba,
fcda,
fdc3,
fdf9,
fe6d,
feea,
0030,
01a8,
0255,
024d,
01a4,
009d,
00b2,
00ed,
ff9c,
fdcf,
fcd9,
fcc2,
fd29,
fdce,
fe03,
fe21,
fecc,
ffcc,
00bd,
0187,
0218,
0206,
0170,
00c7,
0014,
ff3a,
fe91,
fe4c,
fe46,
fe69,
fe9a,
fefd,
ffbc,
0071,
00b7,
00b7,
00ae,
0099,
008c,
ffff,
fffe,
fffe,
ffff,
ffff,
fffe,
ffff,
0000,
0001,
0002,
0003,
0002,
0001,
0000,
0000,
0001,
0001,
0001,
0000,
fffe,
ffff,
0000,
0001,
0002,
0001,
0001,
0001,
0002,
0002,
0002,
0001,
ffff,
fffe,
fffe,
ffff,
0001,
0000,
fffe,
fffe,
fffe,
0003,
0006,
0006,
0004,
fffc,
fffb,
fffb,
0006,
0030,
022e,
060f,
0769,
ff1d,
ef8e,
ebaa,
fc77,
12be,
1db2,
188e,
0a3d,
ff12,
fddc,
0151,
fef3,
f71a,
efbc,
ed2e,
f0da,
f79e,
fc87,
ff37,
026c,
05da,
08a6,
09e8,
094b,
0716,
04bd,
0157,
fcd5,
fa57,
f99c,
f98b,
faba,
fcda,
fdc3,
fdf9,
fe6d,
feea,
0030,
01a8,
0255,
024d,
01a4,
009d,
00b2,
00ed,
ff9c,
fdcf,
fcd9,
fcc2,
fd29,
fdce,
fe03,
fe21,
fecc,
ffcc,
00bd,
0187,
0218,
0206,
0170,
00c7,
0014,
ff3a,
fe91,
fe4c,
fe46,
fe69,
fe9a,
fefd,
ffbc,
0071,
00b7,
00b7,
00ae,
0099,
008c,
ffff,
fffe,
fffd,
fffe,
ffff,
ffff,
0000,
0000,
0002,
0002,
0003,
0001,
ffff,
0000,
0000,
0001,
0001,
ffff,
fffe,
ffff,
0000,
0000,
0001,
0000,
0001,
0001,
0001,
0002,
0002,
0001,
ffff,
fffe,
fffe,
0000,
0001,
0001,
ffff,
ffff,
fffe,
0001,
0004,
0004,
0005,
fffe,
fffd,
fff8,
0002,
001f,
0244,
0680,
07bf,
ff42,
ef58,
eaa8,
fb74,
1331,
1f9b,
1a93,
0b0e,
fe51,
fcae,
00dc,
fe6e,
f5cc,
eec7,
ed08,
f039,
f62c,
fb0e,
fe23,
0247,
06c7,
0a44,
0bc9,
0b7a,
092c,
0601,
0285,
fe05,
fa0d,
f7fe,
f82f,
f99c,
fba6,
fc70,
fc89,
fd9c,
fe96,
fffb,
0212,
0356,
0318,
0297,
01d9,
016c,
019d,
0060,
fdf3,
fc56,
fc33,
fcbb,
fd61,
fd7f,
fd59,
fe02,
ff2a,
0054,
015e,
0225,
023d,
01d3,
0159,
00c9,
0003,
ff1a,
fe7f,
fe57,
fe69,
fe67,
fe72,
fef1,
ffb6,
0054,
0097,
009f,
00a3,
00c6,
00f6,
fffd,
fffd,
fffe,
fffe,
fffe,
ffff,
0001,
0002,
0002,
0002,
0001,
ffff,
0000,
0001,
0001,
0001,
ffff,
fffe,
ffff,
0000,
0000,
0000,
0000,
0000,
0001,
0001,
0002,
0001,
0000,
fffe,
fffd,
fffd,
0000,
0001,
0000,
fffe,
fffe,
ffff,
0000,
0002,
0001,
0005,
fffe,
0000,
fff4,
0001,
0014,
026f,
071b,
0823,
ff01,
ee79,
e99b,
fb3b,
1489,
21e2,
1c50,
0b5b,
fd6e,
fbc9,
0083,
fda0,
f42a,
ecee,
eb7e,
efea,
f70d,
fb61,
fd4a,
016b,
0666,
0aa8,
0d01,
0ce5,
0ad8,
07c3,
03a3,
fe8a,
fab8,
f876,
f7b1,
f884,
fabb,
fbb4,
fb16,
fc57,
fe4a,
ff16,
00e0,
03b6,
0457,
0359,
02ad,
0257,
0247,
0142,
febc,
fc57,
fbb3,
fc24,
fce4,
fd52,
fd1e,
fd63,
fe73,
ffe2,
0130,
020f,
0233,
01c4,
0160,
0119,
0092,
ffac,
fef9,
feac,
fe7c,
fe5f,
fe72,
febf,
ff2a,
ffa9,
0019,
005f,
008f,
00d3,
0129,
0140,
fffe,
fffe,
fffe,
ffff,
0000,
0001,
0002,
0003,
0002,
ffff,
ffff,
0000,
0001,
0001,
0000,
ffff,
fffe,
ffff,
ffff,
0000,
0000,
0000,
0000,
0001,
0002,
0002,
0001,
0000,
fffe,
fffe,
fffe,
0000,
0000,
0000,
fffe,
ffff,
0000,
0001,
0001,
0000,
0003,
0000,
0004,
fff7,
fffd,
0031,
038c,
089d,
07dd,
fbb3,
ea9e,
e9c6,
0007,
1ab3,
257a,
1ba3,
080a,
fa9f,
fbb4,
00be,
fb08,
f001,
e9ce,
ea58,
f032,
f833,
fcb2,
fee6,
0305,
0759,
0b34,
0d48,
0ce7,
0af8,
0851,
03b1,
fe78,
fac8,
f868,
f863,
f98f,
fac2,
faf7,
fa38,
fb43,
fdf1,
ff14,
fff3,
0299,
0450,
042d,
03a2,
0325,
02a9,
01b1,
ff23,
fc72,
fbcc,
fc12,
fc65,
fcb1,
fce2,
fd69,
fe70,
ffd2,
013f,
0230,
0219,
0179,
0111,
00df,
0076,
ffcd,
ff49,
ff06,
fecc,
fe7e,
fe7c,
fed6,
ff41,
ff8a,
ffa2,
ffd6,
0056,
00ee,
0151,
0161,
0127,
fffe,
fffe,
ffff,
0000,
0002,
0003,
0003,
0001,
0000,
0000,
0001,
0002,
0002,
0000,
ffff,
fffe,
ffff,
0000,
0001,
0000,
0000,
0000,
0002,
0002,
0002,
0002,
ffff,
fffd,
fffd,
fffe,
0001,
0001,
0000,
fffe,
0000,
0002,
0002,
0001,
fffd,
0001,
ffff,
0007,
fff7,
0002,
0024,
03dd,
097c,
0868,
fb1b,
e8e8,
e840,
006c,
1d89,
28d3,
1d46,
0783,
f8e6,
fac7,
00ed,
fa22,
ed79,
e759,
e8d3,
ef79,
f886,
fd4b,
ff17,
03f1,
0915,
0c93,
0ddd,
0ccf,
0a37,
0808,
03bf,
fdff,
fab8,
f8f0,
f8c4,
fa01,
fbc0,
fbc1,
fa20,
fa39,
fd60,
ff65,
ff73,
0186,
03a8,
03c6,
03c0,
0403,
0334,
01c3,
ff89,
fcbf,
fbc0,
fc38,
fc8e,
fc61,
fc5c,
fd0d,
fe6d,
001b,
018b,
0267,
0241,
017a,
00d5,
008c,
0040,
ffab,
ff1f,
feee,
fee8,
feb9,
fe9d,
fed3,
ff41,
ffa3,
ffaa,
ffab,
0022,
00d7,
014c,
0177,
015b,
00d5,
fffe,
fffe,
ffff,
0000,
0002,
0003,
0003,
0001,
0000,
0000,
0001,
0002,
0002,
0000,
ffff,
fffe,
ffff,
0000,
0001,
0000,
0000,
0000,
0002,
0002,
0002,
0002,
ffff,
fffd,
fffd,
fffe,
0001,
0001,
0000,
fffe,
0000,
0002,
0002,
0001,
fffd,
0001,
ffff,
0007,
fff7,
0002,
0024,
03dd,
097c,
0868,
fb1b,
e8e8,
e840,
006c,
1d89,
28d3,
1d46,
0783,
f8e6,
fac7,
00ed,
fa22,
ed79,
e759,
e8d3,
ef79,
f886,
fd4b,
ff17,
03f1,
0915,
0c93,
0ddd,
0ccf,
0a37,
0808,
03bf,
fdff,
fab8,
f8f0,
f8c4,
fa01,
fbc0,
fbc1,
fa20,
fa39,
fd60,
ff65,
ff73,
0186,
03a8,
03c6,
03c0,
0403,
0334,
01c3,
ff89,
fcbf,
fbc0,
fc38,
fc8e,
fc61,
fc5c,
fd0d,
fe6d,
001b,
018b,
0267,
0241,
017a,
00d5,
008c,
0040,
ffab,
ff1f,
feee,
fee8,
feb9,
fe9d,
fed3,
ff41,
ffa3,
ffaa,
ffab,
0022,
00d7,
014c,
0177,
015b,
00d5,
fffe,
ffff,
0000,
0002,
0003,
0003,
0001,
ffff,
0000,
0001,
0002,
0002,
ffff,
fffe,
fffe,
ffff,
0000,
0000,
0000,
0000,
0001,
0002,
0002,
0003,
0001,
fffe,
fffd,
fffd,
ffff,
0001,
0001,
0000,
fffd,
0001,
0001,
0003,
ffff,
fffd,
fffd,
ffff,
0009,
fff9,
0003,
0052,
0545,
0b2d,
07f5,
f728,
e482,
e8b3,
0634,
24fa,
2cca,
1bc8,
032a,
f5c7,
fb1d,
016e,
f6e3,
e846,
e402,
e80a,
f010,
fa08,
fe91,
004b,
05b2,
0aff,
0ebf,
0fdb,
0d98,
0951,
06bf,
0214,
fbad,
f8f4,
f852,
f932,
fb21,
fcd1,
fc86,
fb39,
fa9a,
fd1b,
fff0,
fff4,
00f1,
0311,
03cd,
0367,
03af,
0364,
01bd,
ff1e,
fc59,
fb72,
fc0f,
fca5,
fc87,
fc5b,
fcbe,
fe40,
00a8,
0293,
0335,
029e,
01ae,
00c8,
002b,
fff7,
ff7e,
fea7,
fe2f,
fe67,
fea2,
feb6,
fef1,
ff42,
ff88,
ffb8,
0004,
0072,
00f2,
0153,
0192,
018c,
00f4,
002b,
ffff,
0000,
0002,
0003,
0003,
0001,
0000,
ffff,
0000,
0002,
0002,
0000,
fffe,
fffd,
fffe,
0000,
0000,
0000,
0000,
0000,
0001,
0002,
0003,
0002,
ffff,
fffd,
fffc,
fffe,
0001,
0001,
0000,
fffd,
0000,
0002,
0004,
0001,
fffa,
fffc,
fff7,
000f,
fff6,
000f,
0029,
0570,
0c56,
0932,
f6f4,
e1cb,
e622,
0660,
2877,
3175,
1de3,
0226,
f361,
f9f5,
0270,
f6c1,
e4f8,
e06d,
e68b,
ef6f,
fa0c,
ff6d,
00ca,
0690,
0c73,
1008,
10d3,
0ec4,
09f4,
06bb,
0220,
fa73,
f6e1,
f6ce,
f87a,
fb0b,
fd82,
fd75,
fc41,
fb4e,
fd10,
0091,
00ae,
0099,
0276,
03d3,
03a7,
03dd,
0347,
012c,
feeb,
fc5d,
fb04,
fb65,
fc37,
fc59,
fc70,
fcda,
fe26,
00b7,
02fa,
03f2,
037d,
0262,
0113,
002c,
fff3,
ff73,
fe72,
fda6,
fdae,
fe05,
fe63,
fedc,
ff28,
ff5f,
ffad,
001f,
00a6,
0138,
01a7,
01d5,
01ac,
0113,
0056,
ffd4,
0001,
0004,
0005,
0004,
0001,
0000,
0000,
0002,
0002,
0002,
0000,
fffe,
fffe,
fffe,
0000,
0000,
0000,
0000,
0001,
0003,
0004,
0004,
0001,
fffe,
fffc,
fffc,
ffff,
0003,
0002,
0000,
fffc,
0001,
0002,
0006,
0002,
fffa,
fffc,
fff3,
0011,
fff2,
0019,
0031,
06b7,
0e6b,
096e,
f365,
dbea,
e575,
0d02,
30d1,
3645,
1c53,
fca7,
ef78,
fa92,
03e0,
f44a,
df74,
dbbf,
e583,
f0a7,
fb8d,
0094,
01fb,
0888,
0eff,
1283,
1227,
0f09,
0948,
05f9,
01d8,
f954,
f4b6,
f4d0,
f74f,
fa7a,
fdb2,
fdd0,
fd0d,
fc90,
fd91,
0178,
0250,
00ff,
01cc,
03ee,
0421,
047f,
0419,
0093,
fd47,
fb58,
fa8b,
fab4,
fb6e,
fb9d,
fbc3,
fcad,
fedb,
01ef,
03f6,
048c,
040e,
031c,
01e6,
00cb,
ffe6,
ff05,
fe26,
fd44,
fd07,
fd53,
fdc7,
fe49,
fed2,
ff5e,
ffb9,
000d,
0098,
0183,
0249,
026b,
01fc,
0118,
004a,
ffed,
ffdc,
0001,
0004,
0005,
0004,
0001,
0000,
0000,
0002,
0002,
0002,
0000,
fffe,
fffe,
fffe,
0000,
0000,
0000,
0000,
0001,
0003,
0004,
0004,
0001,
fffe,
fffc,
fffc,
ffff,
0003,
0002,
0000,
fffc,
0001,
0002,
0006,
0002,
fffa,
fffc,
fff3,
0011,
fff2,
0019,
0031,
06b7,
0e6b,
096e,
f365,
dbea,
e575,
0d02,
30d1,
3645,
1c53,
fca7,
ef78,
fa92,
03e0,
f44a,
df74,
dbbf,
e583,
f0a7,
fb8d,
0094,
01fb,
0888,
0eff,
1283,
1227,
0f09,
0948,
05f9,
01d8,
f954,
f4b6,
f4d0,
f74f,
fa7a,
fdb2,
fdd0,
fd0d,
fc90,
fd91,
0178,
0250,
00ff,
01cc,
03ee,
0421,
047f,
0419,
0093,
fd47,
fb58,
fa8b,
fab4,
fb6e,
fb9d,
fbc3,
fcad,
fedb,
01ef,
03f6,
048c,
040e,
031c,
01e6,
00cb,
ffe6,
ff05,
fe26,
fd44,
fd07,
fd53,
fdc7,
fe49,
fed2,
ff5e,
ffb9,
000d,
0098,
0183,
0249,
026b,
01fc,
0118,
004a,
ffed,
ffdc,
0003,
0004,
0003,
0001,
ffff,
0000,
0002,
0003,
0002,
ffff,
fffd,
fffd,
fffe,
0000,
0001,
ffff,
ffff,
0001,
0002,
0004,
0004,
0001,
fffd,
fffb,
fffb,
ffff,
0002,
0001,
ffff,
fffb,
fffe,
0004,
0003,
0006,
fff4,
0001,
ffe9,
0017,
ffe8,
002c,
ffe8,
0612,
0fd6,
0c2d,
f52d,
d852,
ded3,
0c2a,
3589,
3cb0,
2069,
fb79,
eb29,
f825,
05f4,
f61e,
dd8a,
d711,
e1d3,
efef,
fbe1,
012b,
023a,
0946,
103b,
1476,
1401,
100d,
09c0,
0555,
01ba,
f99a,
f423,
f370,
f623,
f966,
fcdd,
fdbc,
fd39,
fd6e,
fdba,
0176,
03b5,
0210,
0145,
0349,
048c,
0551,
055c,
0173,
fcf2,
faa1,
f9b4,
f99a,
fab1,
fb0a,
fa90,
fbaa,
feb6,
0284,
04fb,
058c,
04a9,
039c,
02e7,
01bb,
0033,
fefe,
fe00,
fcea,
fc88,
fcec,
fd3d,
fda1,
fe74,
ff38,
ff8e,
ffd3,
006b,
017b,
0287,
02dc,
025c,
015f,
0075,
0002,
fff7,
ffe2,
0002,
0003,
0002,
fffe,
fffd,
ffff,
0001,
0002,
0001,
0000,
0000,
0001,
0003,
0005,
0004,
0000,
fffd,
fffa,
fffa,
fffd,
0002,
0003,
0000,
fffa,
0000,
0006,
0008,
0006,
fff6,
0000,
ffeb,
0012,
ffe6,
002c,
ffe1,
05d8,
1028,
10f3,
f6ee,
cdb9,
d699,
14cf,
4339,
4070,
1a56,
f477,
ea3b,
fa46,
0725,
f45f,
db30,
d7a7,
e275,
eeb8,
fb72,
0184,
00de,
0890,
119e,
15c5,
14d2,
10be,
0a19,
0579,
0091,
f7d7,
f57e,
f66e,
f653,
f6d8,
f94c,
fa71,
fc1f,
ff99,
018a,
0320,
0364,
03a8,
0372,
018b,
0044,
01f5,
03a6,
0367,
0268,
ff6d,
fccb,
fc7c,
fcaa,
faa4,
f7b7,
f6c9,
f8b7,
fd1e,
019d,
045d,
04dc,
0486,
04a4,
04e5,
0466,
02cb,
00a2,
feab,
fd58,
fc51,
fbc9,
fc07,
fc9a,
fd55,
fe36,
fef8,
ff9c,
0083,
016a,
01e0,
01d9,
0172,
0118,
0121,
016a,
0189,
013b,
0079,
ff91,
ff02,
fee4,
feea,
0003,
0005,
0003,
fffe,
fffc,
fffc,
0001,
0003,
0002,
0001,
0000,
0000,
0002,
0004,
0004,
ffff,
fffd,
fff9,
fffc,
ffff,
0005,
0002,
0000,
fff8,
0007,
0001,
000f,
fff4,
0004,
ffe9,
000a,
fff0,
0017,
ffdf,
01a9,
0c95,
157d,
0933,
d89d,
b9d5,
ec3c,
3a4c,
5b12,
42b6,
09eb,
e140,
e324,
fedd,
04c4,
ea37,
d5b2,
d675,
e3d1,
f34f,
006b,
01e9,
0418,
0db2,
14fb,
1769,
144f,
0f57,
09fe,
065b,
fccd,
f425,
f30c,
f3be,
f4f1,
f713,
f9fa,
faef,
fdd5,
00a7,
02ad,
0426,
0496,
0552,
03fc,
0127,
ff9a,
01fa,
04b3,
04d4,
01bb,
fd43,
fabd,
facf,
fbdf,
f9da,
f640,
f55b,
f9ad,
fffe,
03fb,
055b,
04f8,
0527,
05df,
05de,
046e,
024e,
003a,
fe18,
fc58,
faef,
fa5a,
faee,
fc85,
fe1e,
ff0b,
ff8e,
0013,
010f,
01fc,
027e,
023a,
0163,
00bb,
00af,
0120,
0168,
011e,
001c,
fef1,
fe5f,
fea1,
ff26,
0003,
0005,
0003,
fffe,
fffc,
fffc,
0001,
0003,
0002,
0001,
0000,
0000,
0002,
0004,
0004,
ffff,
fffd,
fff9,
fffc,
ffff,
0005,
0002,
0000,
fff8,
0007,
0001,
000f,
fff4,
0004,
ffe9,
000a,
fff0,
0017,
ffdf,
01a9,
0c95,
157d,
0933,
d89d,
b9d5,
ec3c,
3a4c,
5b12,
42b6,
09eb,
e140,
e324,
fedd,
04c4,
ea37,
d5b2,
d675,
e3d1,
f34f,
006b,
01e9,
0418,
0db2,
14fb,
1769,
144f,
0f57,
09fe,
065b,
fccd,
f425,
f30c,
f3be,
f4f1,
f713,
f9fa,
faef,
fdd5,
00a7,
02ad,
0426,
0496,
0552,
03fc,
0127,
ff9a,
01fa,
04b3,
04d4,
01bb,
fd43,
fabd,
facf,
fbdf,
f9da,
f640,
f55b,
f9ad,
fffe,
03fb,
055b,
04f8,
0527,
05df,
05de,
046e,
024e,
003a,
fe18,
fc58,
faef,
fa5a,
faee,
fc85,
fe1e,
ff0b,
ff8e,
0013,
010f,
01fc,
027e,
023a,
0163,
00bb,
00af,
0120,
0168,
011e,
001c,
fef1,
fe5f,
fea1,
ff26,
0004,
0002,
ffff,
fffb,
fffb,
fffe,
0002,
0003,
0001,
ffff,
ffff,
0002,
0003,
0004,
0000,
fffb,
fff8,
fffa,
fffe,
0005,
0002,
0000,
fff7,
0006,
0002,
000f,
fff8,
ffff,
ffee,
fffe,
0002,
fffe,
0008,
00c4,
0b8e,
1780,
0fbd,
dc6e,
af64,
dfd5,
3b47,
642d,
4ce9,
1022,
dfa5,
dd04,
faa5,
05a4,
ea80,
d26b,
d25e,
e231,
f3ce,
00fb,
0244,
03d1,
0e91,
161f,
1902,
15c1,
1046,
0ae6,
073f,
fcf8,
f24d,
f1a2,
f352,
f4f1,
f69d,
f94d,
fa35,
fd00,
0059,
02e2,
0549,
0529,
058c,
0538,
0239,
fec2,
00eb,
04cd,
04f2,
020d,
fdc1,
fae0,
f9e5,
fbdf,
fb66,
f5ec,
f341,
f8aa,
0039,
03fc,
0544,
04f0,
050d,
065d,
06d6,
054f,
031d,
00d2,
fe3f,
fc4c,
fa8f,
f9a4,
fa56,
fc0a,
fda7,
fecc,
ffb0,
0054,
014c,
0258,
02d6,
0266,
0166,
00b1,
008b,
00dc,
012d,
0106,
0015,
fee6,
fe4b,
fe9b,
ff4f,
ff68,
0004,
0002,
ffff,
fffb,
fffb,
fffe,
0002,
0003,
0001,
ffff,
ffff,
0002,
0003,
0004,
0000,
fffb,
fff8,
fffa,
fffe,
0005,
0002,
0000,
fff7,
0006,
0002,
000f,
fff8,
ffff,
ffee,
fffe,
0002,
fffe,
0008,
00c4,
0b8e,
1780,
0fbd,
dc6e,
af64,
dfd5,
3b47,
642d,
4ce9,
1022,
dfa5,
dd04,
faa5,
05a4,
ea80,
d26b,
d25e,
e231,
f3ce,
00fb,
0244,
03d1,
0e91,
161f,
1902,
15c1,
1046,
0ae6,
073f,
fcf8,
f24d,
f1a2,
f352,
f4f1,
f69d,
f94d,
fa35,
fd00,
0059,
02e2,
0549,
0529,
058c,
0538,
0239,
fec2,
00eb,
04cd,
04f2,
020d,
fdc1,
fae0,
f9e5,
fbdf,
fb66,
f5ec,
f341,
f8aa,
0039,
03fc,
0544,
04f0,
050d,
065d,
06d6,
054f,
031d,
00d2,
fe3f,
fc4c,
fa8f,
f9a4,
fa56,
fc0a,
fda7,
fecc,
ffb0,
0054,
014c,
0258,
02d6,
0266,
0166,
00b1,
008b,
00dc,
012d,
0106,
0015,
fee6,
fe4b,
fe9b,
ff4f,
ff68,
0004,
ffff,
fffc,
fffa,
fffd,
0001,
0003,
0002,
0000,
ffff,
0001,
0004,
0005,
0001,
fffd,
fff8,
fff8,
fffc,
0003,
0004,
0001,
fff6,
0001,
0004,
000b,
0000,
fff3,
fffa,
ffe8,
001b,
ffdf,
003b,
ffed,
0917,
17b9,
1753,
e7dd,
a921,
cb44,
330f,
6acf,
59cb,
1b93,
e2a8,
d8da,
f4da,
0537,
ecb7,
d059,
ccc7,
de04,
f294,
01aa,
048e,
0334,
0db4,
175b,
1aa7,
1712,
1155,
0bee,
083b,
feb5,
f153,
ef90,
f2d7,
f50e,
f5da,
f866,
fa03,
fc0f,
ff9f,
028b,
0632,
0639,
057e,
060e,
0360,
fe68,
0029,
04ec,
04a0,
01c0,
fe0f,
fb65,
f9c2,
fb59,
fc4d,
f6ae,
f299,
f7ab,
ffe0,
0366,
04c5,
0571,
0526,
0660,
0745,
05b6,
038a,
01b3,
ff05,
fc68,
fa72,
f941,
f9cd,
fb76,
fd26,
fe6c,
ff8a,
005a,
0169,
02bc,
0349,
02c3,
018a,
00a9,
007e,
00c9,
0117,
00e1,
ffec,
feb9,
fe31,
fe95,
ff5b,
ff95,
fef3,
ffff,
fffb,
fffb,
fffe,
0001,
0001,
0000,
0000,
ffff,
0002,
0005,
0005,
0003,
fffd,
fff9,
fff7,
fffc,
0002,
0006,
0000,
fff7,
fffb,
000c,
0004,
000b,
ffe9,
0008,
ffd7,
0028,
ffce,
0051,
ff8b,
05b3,
158a,
1cff,
f999,
ad55,
b29d,
1e77,
6ae4,
668b,
2ce2,
eb73,
d686,
ef6e,
044d,
f068,
d134,
c73a,
d618,
ee66,
ffcf,
06a9,
0589,
0c83,
1698,
1c5a,
1969,
122e,
0d3a,
094f,
0119,
f24c,
ed85,
f148,
f531,
f5c6,
f6d1,
f98b,
fb9e,
fec1,
0183,
0641,
07a9,
05de,
05f9,
048a,
ff77,
ff32,
0443,
04ea,
01d8,
fda4,
fac3,
fa5a,
fbd8,
fbc4,
f766,
f44a,
f708,
fe3f,
0347,
04cd,
0505,
0505,
0653,
0728,
0625,
03f6,
01f4,
ffa5,
fd27,
fafe,
f937,
f92f,
facf,
fceb,
fe48,
ff18,
fff2,
0145,
02e1,
03a5,
034f,
01f7,
00b1,
004d,
00b3,
0125,
00f2,
fff7,
fe96,
fded,
fe5d,
ff5e,
ffc8,
ff1e,
fe27,
ffff,
fffb,
fffb,
fffe,
0001,
0001,
0000,
0000,
ffff,
0002,
0005,
0005,
0003,
fffd,
fff9,
fff7,
fffc,
0002,
0006,
0000,
fff7,
fffb,
000c,
0004,
000b,
ffe9,
0008,
ffd7,
0028,
ffce,
0051,
ff8b,
05b3,
158a,
1cff,
f999,
ad55,
b29d,
1e77,
6ae4,
668b,
2ce2,
eb73,
d686,
ef6e,
044d,
f068,
d134,
c73a,
d618,
ee66,
ffcf,
06a9,
0589,
0c83,
1698,
1c5a,
1969,
122e,
0d3a,
094f,
0119,
f24c,
ed85,
f148,
f531,
f5c6,
f6d1,
f98b,
fb9e,
fec1,
0183,
0641,
07a9,
05de,
05f9,
048a,
ff77,
ff32,
0443,
04ea,
01d8,
fda4,
fac3,
fa5a,
fbd8,
fbc4,
f766,
f44a,
f708,
fe3f,
0347,
04cd,
0505,
0505,
0653,
0728,
0625,
03f6,
01f4,
ffa5,
fd27,
fafe,
f937,
f92f,
facf,
fceb,
fe48,
ff18,
fff2,
0145,
02e1,
03a5,
034f,
01f7,
00b1,
004d,
00b3,
0125,
00f2,
fff7,
fe96,
fded,
fe5d,
ff5e,
ffc8,
ff1e,
fe27,
fffc,
fffb,
fffc,
0000,
0001,
0000,
0000,
0000,
0000,
0004,
0005,
0004,
ffff,
fffa,
fff5,
fff9,
ffff,
0007,
0001,
fffb,
fff3,
000c,
0001,
0011,
ffea,
0006,
ffdd,
0012,
ffea,
0020,
ffd1,
0213,
10c8,
1eb3,
0d70,
c131,
9dac,
fad6,
5f7e,
6ff3,
4247,
fd8a,
d891,
e873,
0292,
f627,
d5e2,
c566,
cc50,
e524,
fa29,
04e6,
0780,
0dba,
169c,
1c65,
1c5d,
144c,
0eb3,
0b0b,
041e,
f4e1,
ec29,
ef1d,
f3f8,
f600,
f594,
f832,
faf7,
fe24,
009d,
0522,
08a5,
0730,
0598,
04b8,
0204,
ff35,
0257,
04da,
029a,
fe22,
f9eb,
f96c,
fc20,
fc2a,
f796,
f5f8,
f803,
fc93,
0212,
0507,
054a,
04e5,
05b0,
061c,
063e,
04f7,
0255,
ffed,
fdd8,
fbc4,
f9b1,
f90e,
fa27,
fc72,
fe2b,
fec0,
ff5c,
00d2,
02c6,
03ba,
03a1,
02a1,
012e,
0038,
0061,
010a,
0107,
002e,
febd,
fdde,
fe22,
ff0e,
ff9a,
ff58,
fea4,
fe16,
fffa,
fffb,
fffe,
0001,
0002,
0000,
ffff,
ffff,
0003,
0005,
0005,
0001,
fffc,
fff7,
fff8,
fffc,
0004,
0004,
ffff,
fff3,
0002,
0007,
000a,
ffff,
fff0,
fffb,
ffe4,
001f,
ffd5,
0047,
ffce,
09cc,
1b8a,
1c5b,
e2e6,
9a9d,
cc8c,
42d9,
7181,
565a,
177b,
e359,
e329,
fecd,
fca8,
dd4b,
c7f2,
c654,
d9a4,
f0d9,
fdad,
0480,
0caa,
17a0,
1e26,
1f91,
17a1,
1051,
0d9b,
0847,
fa50,
ec4f,
ebe2,
f1a2,
f5c2,
f4cd,
f61e,
f9d1,
fcdc,
ffc8,
03c5,
08a0,
08b7,
064c,
0457,
03b1,
0109,
00c3,
03f5,
0351,
ff1c,
fa54,
f8ae,
fa79,
fc55,
f92c,
f644,
f8ba,
fcaf,
00b0,
0410,
05ac,
055f,
055d,
0530,
050e,
0517,
037c,
00e8,
fe66,
fc54,
fa5d,
f976,
fa01,
fbc5,
fdbd,
fe7c,
feec,
0029,
0239,
039e,
03c3,
0319,
01dd,
00ab,
0033,
00b1,
00fd,
0065,
ff16,
fe00,
fdfc,
feb6,
ff65,
ff70,
ff03,
fe78,
fe8c,
fffa,
fffb,
fffe,
0001,
0002,
0000,
ffff,
ffff,
0003,
0005,
0005,
0001,
fffc,
fff7,
fff8,
fffc,
0004,
0004,
ffff,
fff3,
0002,
0007,
000a,
ffff,
fff0,
fffb,
ffe4,
001f,
ffd5,
0047,
ffce,
09cc,
1b8a,
1c5b,
e2e6,
9a9d,
cc8c,
42d9,
7181,
565a,
177b,
e359,
e329,
fecd,
fca8,
dd4b,
c7f2,
c654,
d9a4,
f0d9,
fdad,
0480,
0caa,
17a0,
1e26,
1f91,
17a1,
1051,
0d9b,
0847,
fa50,
ec4f,
ebe2,
f1a2,
f5c2,
f4cd,
f61e,
f9d1,
fcdc,
ffc8,
03c5,
08a0,
08b7,
064c,
0457,
03b1,
0109,
00c3,
03f5,
0351,
ff1c,
fa54,
f8ae,
fa79,
fc55,
f92c,
f644,
f8ba,
fcaf,
00b0,
0410,
05ac,
055f,
055d,
0530,
050e,
0517,
037c,
00e8,
fe66,
fc54,
fa5d,
f976,
fa01,
fbc5,
fdbd,
fe7c,
feec,
0029,
0239,
039e,
03c3,
0319,
01dd,
00ab,
0033,
00b1,
00fd,
0065,
ff16,
fe00,
fdfc,
feb6,
ff65,
ff70,
ff03,
fe78,
fe8c,
fffb,
fffd,
0000,
0001,
0001,
0000,
ffff,
0001,
0006,
0006,
0004,
ffff,
fffa,
fff7,
fffb,
0000,
0005,
0000,
fffa,
fff7,
000e,
0001,
0011,
ffe9,
0007,
ffdb,
001b,
ffe0,
002e,
ffb2,
02e4,
1362,
2161,
0707,
b4a7,
a446,
0f8c,
65a2,
64cc,
33c7,
f876,
e27a,
f956,
0486,
e87a,
cc7c,
c3fe,
cf36,
e7a5,
f5c7,
fb78,
0525,
13c0,
1e7b,
23e5,
1ec5,
1309,
0f79,
0d30,
0260,
f16d,
e9e4,
ed21,
f367,
f50d,
f3e8,
f75e,
fb17,
fe1c,
01ce,
0792,
09ee,
07bf,
0543,
0452,
02c3,
00d9,
02c3,
0371,
0080,
fbac,
f8a7,
f911,
faf2,
faa6,
f77b,
f7fb,
fc2a,
0076,
0338,
04f6,
05d1,
0574,
04e8,
0439,
042d,
03c8,
023a,
ffa1,
fd0d,
fb42,
fa14,
fa0f,
fb3d,
fd27,
fe23,
fe79,
ff7a,
014e,
0310,
03ae,
036a,
0273,
0150,
0087,
0079,
00c9,
008d,
ff8e,
fe4f,
fdcd,
fe41,
ff31,
ffac,
ff5c,
fec4,
fe99,
ff45,
fffb,
ffff,
0001,
0001,
ffff,
ffff,
0000,
0003,
0007,
0005,
0002,
fffc,
fff8,
fff8,
fffc,
0003,
0002,
fffd,
fff5,
0001,
0009,
0007,
0002,
ffed,
ffff,
ffe2,
0022,
ffd2,
0046,
ff9e,
0841,
1b6f,
1e4d,
e68c,
9e83,
cc29,
3e61,
69f2,
4e80,
1653,
eb1c,
f042,
08b5,
fb9a,
d7bd,
c4c2,
c534,
da77,
f099,
f5e9,
f992,
0788,
180e,
230a,
2629,
1ba5,
1201,
10bd,
0b93,
fc06,
ed0b,
ea29,
eea3,
f344,
f2e4,
f459,
f868,
fb72,
ff03,
04a0,
09cf,
0957,
06f6,
058f,
0433,
01d2,
021c,
038c,
0174,
fdaa,
f9ff,
f873,
f94f,
faaa,
f918,
f7e2,
fa64,
fed7,
0313,
048d,
0521,
05bc,
0552,
03d6,
034f,
03b1,
02d5,
00fe,
fe6a,
fc34,
fafe,
fa97,
faf2,
fc52,
fdbc,
fe25,
fec2,
002e,
020f,
0346,
0372,
02d8,
01e4,
011d,
00a9,
00b4,
00a2,
000b,
fee3,
fdd3,
fdc2,
feb2,
ffad,
ffcb,
ff4c,
fec7,
fef0,
ffde,
fffb,
ffff,
0001,
0001,
ffff,
ffff,
0000,
0003,
0007,
0005,
0002,
fffc,
fff8,
fff8,
fffc,
0003,
0002,
fffd,
fff5,
0001,
0009,
0007,
0002,
ffed,
ffff,
ffe2,
0022,
ffd2,
0046,
ff9e,
0841,
1b6f,
1e4d,
e68c,
9e83,
cc29,
3e61,
69f2,
4e80,
1653,
eb1c,
f042,
08b5,
fb9a,
d7bd,
c4c2,
c534,
da77,
f099,
f5e9,
f992,
0788,
180e,
230a,
2629,
1ba5,
1201,
10bd,
0b93,
fc06,
ed0b,
ea29,
eea3,
f344,
f2e4,
f459,
f868,
fb72,
ff03,
04a0,
09cf,
0957,
06f6,
058f,
0433,
01d2,
021c,
038c,
0174,
fdaa,
f9ff,
f873,
f94f,
faaa,
f918,
f7e2,
fa64,
fed7,
0313,
048d,
0521,
05bc,
0552,
03d6,
034f,
03b1,
02d5,
00fe,
fe6a,
fc34,
fafe,
fa97,
faf2,
fc52,
fdbc,
fe25,
fec2,
002e,
020f,
0346,
0372,
02d8,
01e4,
011d,
00a9,
00b4,
00a2,
000b,
fee3,
fdd3,
fdc2,
feb2,
ffad,
ffcb,
ff4c,
fec7,
fef0,
ffde,
fffc,
ffff,
0000,
ffff,
fffe,
ffff,
0001,
0005,
0006,
0005,
ffff,
fffb,
fff7,
fff9,
fffe,
0004,
0000,
fff9,
fff3,
0009,
0004,
000b,
fff3,
fffa,
ffef,
fffe,
0004,
fff7,
0009,
008c,
0d93,
202b,
1395,
cb46,
a191,
f33b,
530e,
61bc,
3a1c,
0356,
eacb,
ff61,
0d13,
f050,
cf27,
c218,
c92e,
e320,
f3f8,
f487,
f9ea,
09c6,
19a9,
2552,
24be,
1873,
134a,
12e4,
09a4,
f854,
ec5d,
eae4,
ef75,
f202,
f17e,
f4de,
f874,
fb30,
fffa,
06da,
09eb,
086e,
072e,
05c1,
03b0,
024e,
0386,
0301,
ff83,
fbe5,
f960,
f8b8,
f9a2,
f9ec,
f865,
f920,
fc59,
00c6,
0467,
0505,
04e0,
057a,
04e4,
02dc,
02c9,
0346,
021e,
001e,
fdba,
fbc1,
fb12,
fb70,
fbeb,
fcfd,
fdd9,
fe25,
ff0e,
00b0,
024e,
0320,
031a,
024e,
0181,
0114,
00ed,
00d9,
0073,
ff96,
fe58,
fda0,
fe02,
ff2c,
fff3,
ffd1,
ff40,
fee2,
ff51,
004b,
fffc,
ffff,
0000,
ffff,
fffe,
ffff,
0001,
0005,
0006,
0005,
ffff,
fffb,
fff7,
fff9,
fffe,
0004,
0000,
fff9,
fff3,
0009,
0004,
000b,
fff3,
fffa,
ffef,
fffe,
0004,
fff7,
0009,
008c,
0d93,
202b,
1395,
cb46,
a191,
f33b,
530e,
61bc,
3a1c,
0356,
eacb,
ff61,
0d13,
f050,
cf27,
c218,
c92e,
e320,
f3f8,
f487,
f9ea,
09c6,
19a9,
2552,
24be,
1873,
134a,
12e4,
09a4,
f854,
ec5d,
eae4,
ef75,
f202,
f17e,
f4de,
f874,
fb30,
fffa,
06da,
09eb,
086e,
072e,
05c1,
03b0,
024e,
0386,
0301,
ff83,
fbe5,
f960,
f8b8,
f9a2,
f9ec,
f865,
f920,
fc59,
00c6,
0467,
0505,
04e0,
057a,
04e4,
02dc,
02c9,
0346,
021e,
001e,
fdba,
fbc1,
fb12,
fb70,
fbeb,
fcfd,
fdd9,
fe25,
ff0e,
00b0,
024e,
0320,
031a,
024e,
0181,
0114,
00ed,
00d9,
0073,
ff96,
fe58,
fda0,
fe02,
ff2c,
fff3,
ffd1,
ff40,
fee2,
ff51,
004b,
fffd,
0000,
0001,
ffff,
ffff,
0000,
0003,
0006,
0006,
0005,
0000,
fffb,
fff8,
fffb,
0000,
0005,
ffff,
fff8,
fff7,
000b,
0005,
000b,
ffef,
0000,
ffe9,
000e,
fff0,
0015,
ffd4,
01b1,
112b,
2178,
0852,
bd96,
ae32,
0a4b,
572b,
5876,
2cb5,
fa8c,
efbc,
08f0,
0bbc,
e98f,
cc6b,
c228,
cd84,
e782,
f3c2,
f34e,
fa7c,
0abe,
1ab9,
2579,
2177,
161c,
1459,
149d,
09a1,
f81a,
ed63,
ebe9,
ef2f,
f0a7,
f1a4,
f4d4,
f750,
fab1,
00bc,
0740,
091b,
083f,
072d,
0561,
03c3,
0398,
0460,
0258,
fe80,
fb0c,
f956,
f94e,
f9ce,
f964,
f85f,
fa13,
fdc4,
01e6,
04aa,
04f7,
048f,
04f1,
0466,
0283,
0256,
02cb,
01de,
ffcf,
fd84,
fbb8,
fb4f,
fc0c,
fcbc,
fd77,
fddc,
fe2f,
ff2b,
00cf,
0236,
02da,
02c4,
01f7,
014e,
011a,
012a,
00fd,
0057,
ff3e,
fe15,
fdb7,
fe58,
ff7e,
000d,
ffc8,
ff37,
ff07,
ff93,
0071,
fffd,
0000,
0000,
ffff,
ffff,
0000,
0003,
0006,
0006,
0004,
ffff,
fffb,
fff8,
fffb,
0001,
0004,
fffe,
fff8,
fff9,
000a,
0004,
0009,
ffef,
ffff,
ffeb,
000f,
ffed,
001b,
ffc5,
022a,
1246,
20fe,
0297,
bb70,
b7cf,
1152,
53cb,
523c,
26ea,
f8a2,
f47c,
0d31,
0a2a,
e7d5,
cce6,
c38a,
d0a6,
e908,
f26c,
f1fd,
f9a9,
09ac,
1b27,
2567,
1e84,
13ee,
1427,
1527,
0b31,
fb01,
ef91,
ecb5,
eee8,
f01d,
f232,
f4cc,
f5ff,
f9a9,
0066,
0634,
082f,
083e,
0690,
048e,
0448,
0500,
04f1,
023d,
fe63,
fb09,
f9d5,
f9f4,
f9eb,
f931,
f894,
fa86,
fe54,
024b,
044f,
0483,
0429,
0455,
041a,
0279,
01f6,
026b,
01fd,
fff3,
fd9e,
fc01,
fb99,
fc5f,
fd2e,
fdc0,
fdf1,
fe47,
ff18,
0083,
01e7,
0294,
0277,
01bd,
013e,
0129,
0148,
010c,
0053,
ff38,
fe26,
fde2,
fe93,
ffa5,
000b,
ffb3,
ff30,
ff0f,
ff98,
006b,
fffd,
0000,
0000,
ffff,
ffff,
0000,
0003,
0006,
0006,
0004,
ffff,
fffb,
fff8,
fffb,
0001,
0004,
fffe,
fff8,
fff9,
000a,
0004,
0009,
ffef,
ffff,
ffeb,
000f,
ffed,
001b,
ffc5,
022a,
1246,
20fe,
0297,
bb70,
b7cf,
1152,
53cb,
523c,
26ea,
f8a2,
f47c,
0d31,
0a2a,
e7d5,
cce6,
c38a,
d0a6,
e908,
f26c,
f1fd,
f9a9,
09ac,
1b27,
2567,
1e84,
13ee,
1427,
1527,
0b31,
fb01,
ef91,
ecb5,
eee8,
f01d,
f232,
f4cc,
f5ff,
f9a9,
0066,
0634,
082f,
083e,
0690,
048e,
0448,
0500,
04f1,
023d,
fe63,
fb09,
f9d5,
f9f4,
f9eb,
f931,
f894,
fa86,
fe54,
024b,
044f,
0483,
0429,
0455,
041a,
0279,
01f6,
026b,
01fd,
fff3,
fd9e,
fc01,
fb99,
fc5f,
fd2e,
fdc0,
fdf1,
fe47,
ff18,
0083,
01e7,
0294,
0277,
01bd,
013e,
0129,
0148,
010c,
0053,
ff38,
fe26,
fde2,
fe93,
ffa5,
000b,
ffb3,
ff30,
ff0f,
ff98,
006b,
fffe,
0000,
ffff,
ffff,
fffe,
ffff,
0003,
0006,
0005,
0004,
ffff,
fffb,
fffa,
fffc,
ffff,
0003,
fffd,
fff9,
fff9,
0008,
0004,
0008,
fff3,
fffc,
ffee,
000a,
fff4,
0012,
ffd5,
01af,
10a9,
2008,
0473,
c16c,
ba85,
0b6e,
4c6f,
4f69,
2801,
fb27,
f718,
0e39,
0ace,
ea4b,
cf93,
c53d,
d1bf,
e8f7,
f17f,
f097,
f6e6,
0637,
1986,
2560,
1dfa,
125b,
125e,
14ca,
0d57,
ff45,
f31b,
edb5,
eec9,
f0af,
f2f4,
f4b4,
f560,
f86a,
fe6a,
0449,
0762,
07ca,
0574,
03ad,
049e,
0611,
05b7,
02a4,
fee6,
fbfd,
fad8,
fa9f,
fa39,
f931,
f89c,
faa2,
fe48,
01da,
038e,
03d1,
039e,
03ee,
0406,
028f,
01b8,
022e,
0245,
0080,
fe0f,
fc5c,
fbe7,
fc9a,
fd59,
fdc2,
fdf2,
fe5c,
fef9,
0018,
0177,
023e,
0231,
019e,
0142,
0138,
0155,
0114,
0065,
ff76,
fe7e,
fe1b,
fea3,
ff99,
fffb,
ffab,
ff20,
fef5,
ff79,
0049,
fffe,
0000,
ffff,
ffff,
fffe,
ffff,
0003,
0006,
0005,
0004,
ffff,
fffb,
fffa,
fffc,
ffff,
0003,
fffd,
fff9,
fff9,
0008,
0004,
0008,
fff3,
fffc,
ffee,
000a,
fff4,
0012,
ffd5,
01af,
10a9,
2008,
0473,
c16c,
ba85,
0b6e,
4c6f,
4f69,
2801,
fb27,
f718,
0e39,
0ace,
ea4b,
cf93,
c53d,
d1bf,
e8f7,
f17f,
f097,
f6e6,
0637,
1986,
2560,
1dfa,
125b,
125e,
14ca,
0d57,
ff45,
f31b,
edb5,
eec9,
f0af,
f2f4,
f4b4,
f560,
f86a,
fe6a,
0449,
0762,
07ca,
0574,
03ad,
049e,
0611,
05b7,
02a4,
fee6,
fbfd,
fad8,
fa9f,
fa39,
f931,
f89c,
faa2,
fe48,
01da,
038e,
03d1,
039e,
03ee,
0406,
028f,
01b8,
022e,
0245,
0080,
fe0f,
fc5c,
fbe7,
fc9a,
fd59,
fdc2,
fdf2,
fe5c,
fef9,
0018,
0177,
023e,
0231,
019e,
0142,
0138,
0155,
0114,
0065,
ff76,
fe7e,
fe1b,
fea3,
ff99,
fffb,
ffab,
ff20,
fef5,
ff79,
0049,
fffe,
ffff,
ffff,
fffe,
fffe,
ffff,
0002,
0005,
0006,
0004,
0000,
fffc,
fffa,
fffb,
ffff,
0003,
ffff,
fffa,
fff9,
0006,
0006,
0006,
fff8,
fff9,
fff4,
0000,
0000,
ffff,
fff9,
009d,
0c68,
1e16,
0ced,
cf0c,
b882,
fa31,
405e,
4ed7,
2f37,
01a8,
f755,
0cb1,
0e08,
f0d6,
d4bb,
c725,
d032,
e71b,
f189,
f00c,
f308,
0033,
149e,
2446,
1fa6,
12ce,
101c,
1344,
0fb1,
0406,
f738,
ef66,
ef39,
f187,
f3f9,
f543,
f541,
f72d,
fb9c,
018d,
0634,
0701,
0428,
02ad,
0486,
0689,
0690,
0399,
ffe0,
fd70,
fc62,
fb98,
fac9,
f97e,
f887,
fa56,
fdbf,
00e9,
0277,
02d9,
02f1,
0397,
0420,
02d1,
0199,
01f6,
0296,
014f,
fecd,
fce1,
fc36,
fcbe,
fd6a,
fdb4,
fdc6,
fe37,
feda,
ffc4,
0102,
01cc,
01e3,
0188,
0148,
013b,
0153,
0128,
0092,
ffd2,
fefc,
fe73,
fea3,
ff6d,
ffdf,
ffa3,
ff1a,
fecd,
ff35,
000a,
fffe,
0000,
0000,
ffff,
ffff,
ffff,
0001,
0005,
0006,
0004,
0002,
fffe,
fffc,
fffb,
fffe,
0003,
0001,
fffb,
fff9,
0002,
0008,
0005,
ffff,
fff5,
fffb,
fff8,
0008,
fff3,
0013,
ffe4,
06b5,
191a,
1716,
e498,
b9ee,
e116,
2bde,
4c8e,
3a75,
0d78,
f76e,
07e4,
11ad,
fb2c,
dd5a,
cae7,
ccc9,
e208,
f148,
f16a,
f030,
f8ec,
0c0c,
200f,
2204,
157a,
0ef9,
1113,
1126,
0902,
fc20,
f18a,
efcc,
f28d,
f4e9,
f66e,
f620,
f645,
f8bc,
fe66,
0444,
05dd,
0323,
0183,
03b0,
066b,
073f,
04d4,
0130,
fefe,
fe27,
fd11,
fb9c,
fa20,
f8d4,
f9d6,
fcaf,
ff97,
0148,
01ba,
020b,
0315,
0434,
0345,
01a6,
01c6,
02cd,
022d,
ffc5,
fda1,
fcab,
fcdc,
fd63,
fda1,
fd9b,
fde4,
fe9d,
ff80,
0090,
0156,
0195,
016d,
0142,
0138,
0143,
0136,
00d5,
0045,
ff8a,
fee0,
feb6,
ff3a,
ffb8,
ff96,
ff1a,
feb1,
fee6,
ffad,
fffe,
0000,
0000,
ffff,
ffff,
ffff,
0001,
0005,
0006,
0004,
0002,
fffe,
fffc,
fffb,
fffe,
0003,
0001,
fffb,
fff9,
0002,
0008,
0005,
ffff,
fff5,
fffb,
fff8,
0008,
fff3,
0013,
ffe4,
06b5,
191a,
1716,
e498,
b9ee,
e116,
2bde,
4c8e,
3a75,
0d78,
f76e,
07e4,
11ad,
fb2c,
dd5a,
cae7,
ccc9,
e208,
f148,
f16a,
f030,
f8ec,
0c0c,
200f,
2204,
157a,
0ef9,
1113,
1126,
0902,
fc20,
f18a,
efcc,
f28d,
f4e9,
f66e,
f620,
f645,
f8bc,
fe66,
0444,
05dd,
0323,
0183,
03b0,
066b,
073f,
04d4,
0130,
fefe,
fe27,
fd11,
fb9c,
fa20,
f8d4,
f9d6,
fcaf,
ff97,
0148,
01ba,
020b,
0315,
0434,
0345,
01a6,
01c6,
02cd,
022d,
ffc5,
fda1,
fcab,
fcdc,
fd63,
fda1,
fd9b,
fde4,
fe9d,
ff80,
0090,
0156,
0195,
016d,
0142,
0138,
0143,
0136,
00d5,
0045,
ff8a,
fee0,
feb6,
ff3a,
ffb8,
ff96,
ff1a,
feb1,
fee6,
ffad,
fffe,
ffff,
0000,
ffff,
fffe,
fffe,
0000,
0003,
0005,
0005,
0003,
0000,
fffd,
fffb,
fffd,
0001,
0003,
fffd,
fff9,
fffc,
0006,
0005,
0003,
fff8,
fff8,
fff9,
0000,
0000,
0002,
ffea,
01ef,
1051,
1c32,
fe81,
c7fb,
c921,
0bfa,
4211,
4523,
1f84,
fc0e,
0033,
1185,
0753,
ea45,
d2b7,
caf8,
d995,
edb2,
f3d0,
f062,
f2c9,
0156,
1708,
220a,
19f0,
0fd1,
0edb,
1143,
0d67,
0211,
f536,
f036,
f2ec,
f5ec,
f7ac,
f7a3,
f697,
f6a7,
fadb,
017c,
0462,
0279,
0076,
0215,
0579,
078c,
061d,
0297,
0084,
ffe0,
fec1,
fcdb,
fb19,
f9b4,
f9ae,
fb66,
fdda,
ffe3,
009e,
0101,
0249,
03e9,
03ae,
01f8,
01a0,
02bb,
02e2,
00f9,
fea5,
fd54,
fd21,
fd60,
fd7b,
fd7e,
fdaa,
fe43,
ff0f,
0003,
00d7,
0144,
014a,
012a,
0126,
0124,
012a,
0111,
00c7,
0029,
ff61,
fee8,
ff14,
ff88,
ff87,
ff1c,
fead,
feae,
ff43,
fffe,
fffe,
0000,
ffff,
ffff,
ffff,
ffff,
0001,
0003,
0005,
0004,
0001,
fffe,
fffc,
fffb,
fffe,
0002,
0000,
fffa,
fffa,
0000,
0008,
0003,
0001,
fff2,
ffff,
fff4,
000b,
fff1,
0011,
fffa,
067d,
179f,
13be,
e569,
c13e,
e45a,
27ae,
475e,
3503,
0b0c,
fa77,
0a24,
1028,
fb0a,
dfff,
ced5,
d160,
e461,
f353,
f3a4,
f060,
f763,
09ff,
1c50,
1db9,
139e,
0dbc,
0f98,
1072,
08a0,
fb33,
f211,
f23c,
f612,
f8db,
f944,
f7d2,
f644,
f7cb,
fd87,
023c,
022f,
ffeb,
001e,
03ac,
071e,
071f,
0417,
01e8,
015d,
005f,
fe80,
fc75,
faf3,
fa3f,
faa1,
fc17,
fe1d,
ff6a,
ffe8,
0108,
02ef,
03c3,
028c,
01a6,
0274,
0345,
024c,
0011,
fe44,
fd92,
fd96,
fd6f,
fd52,
fd8a,
fdf8,
fe7b,
ff3c,
0028,
00d2,
0123,
0117,
0105,
0107,
0113,
012e,
0137,
00db,
000b,
ff45,
ff03,
ff46,
ff7d,
ff41,
fed2,
fe9d,
fed5,
fffe,
fffe,
0000,
ffff,
ffff,
ffff,
ffff,
0001,
0003,
0005,
0004,
0001,
fffe,
fffc,
fffb,
fffe,
0002,
0000,
fffa,
fffa,
0000,
0008,
0003,
0001,
fff2,
ffff,
fff4,
000b,
fff1,
0011,
fffa,
067d,
179f,
13be,
e569,
c13e,
e45a,
27ae,
475e,
3503,
0b0c,
fa77,
0a24,
1028,
fb0a,
dfff,
ced5,
d160,
e461,
f353,
f3a4,
f060,
f763,
09ff,
1c50,
1db9,
139e,
0dbc,
0f98,
1072,
08a0,
fb33,
f211,
f23c,
f612,
f8db,
f944,
f7d2,
f644,
f7cb,
fd87,
023c,
022f,
ffeb,
001e,
03ac,
071e,
071f,
0417,
01e8,
015d,
005f,
fe80,
fc75,
faf3,
fa3f,
faa1,
fc17,
fe1d,
ff6a,
ffe8,
0108,
02ef,
03c3,
028c,
01a6,
0274,
0345,
024c,
0011,
fe44,
fd92,
fd96,
fd6f,
fd52,
fd8a,
fdf8,
fe7b,
ff3c,
0028,
00d2,
0123,
0117,
0105,
0107,
0113,
012e,
0137,
00db,
000b,
ff45,
ff03,
ff46,
ff7d,
ff41,
fed2,
fe9d,
fed5,
fffe,
fffd,
fffe,
ffff,
ffff,
0000,
ffff,
0000,
0002,
0004,
0004,
0002,
0000,
fffd,
fffb,
fffc,
ffff,
0002,
ffff,
fffb,
fffb,
0003,
0006,
0004,
fffc,
fff6,
fffd,
fff8,
000b,
fff1,
000b,
00be,
0bcd,
19a1,
066a,
d525,
c800,
fc3a,
3679,
4382,
2470,
00c9,
fef3,
0ebd,
0a63,
f252,
da81,
cfe8,
d8c1,
eb9b,
f5cc,
f2b8,
f1ad,
fcd8,
102b,
1c1f,
18a3,
0fe3,
0d3b,
1073,
0e67,
030e,
f6d6,
f24e,
f4ee,
f926,
fabd,
f961,
f744,
f696,
f991,
fea5,
014f,
0031,
fed8,
013d,
05a5,
0765,
057f,
0333,
028a,
01e4,
0034,
fdfd,
fc69,
fb88,
faec,
fb14,
fc34,
fdb1,
feb4,
ffa0,
0159,
032b,
0305,
01c0,
020e,
035e,
036f,
01ba,
ffa7,
fe5b,
fe03,
fdc5,
fd4f,
fd53,
fda7,
fdf9,
fe6f,
ff3b,
0017,
00bc,
0101,
00f5,
00f2,
0107,
012d,
0167,
0175,
00de,
ffd8,
ff1e,
ff1b,
ff72,
ff7a,
ff12,
fea1,
fe86,
0000,
fffe,
fffe,
ffff,
0000,
0000,
0000,
0000,
0000,
0002,
0004,
0004,
0002,
ffff,
fffd,
fffc,
fffd,
0000,
0002,
fffd,
fffb,
fffd,
0008,
0004,
0005,
fff6,
fffd,
fff7,
0005,
fffa,
0007,
ffe9,
027f,
1070,
1724,
f893,
cd79,
d542,
0ff5,
3cd2,
393a,
15ae,
fd0c,
049e,
0f9f,
0405,
ebbd,
d869,
d408,
dffe,
f0fe,
f5e2,
f19b,
f480,
0288,
12fa,
1952,
1434,
0d6e,
0df3,
1094,
0a80,
fe46,
f562,
f46a,
f88f,
fb81,
fabd,
f899,
f717,
f773,
fa93,
fe9c,
0008,
feb3,
ff3b,
0340,
0689,
0654,
046f,
0376,
0326,
01ff,
ff96,
fdc8,
fd72,
fc70,
fb0a,
faf2,
fbe0,
fcf9,
fe28,
ff96,
0162,
029a,
021f,
01c5,
02fe,
040e,
0343,
0160,
ffcd,
feec,
fe73,
fdc8,
fd3f,
fd41,
fd84,
fdbf,
fe2d,
ff06,
ffed,
008f,
00cd,
00ee,
010f,
0130,
0170,
01ac,
0189,
00c4,
ffc2,
ff36,
ff56,
ff90,
ff55,
fecf,
fe73,
0000,
fffe,
fffe,
ffff,
0000,
0000,
0000,
0000,
0000,
0002,
0004,
0004,
0002,
ffff,
fffd,
fffc,
fffd,
0000,
0002,
fffd,
fffb,
fffd,
0008,
0004,
0005,
fff6,
fffd,
fff7,
0005,
fffa,
0007,
ffe9,
027f,
1070,
1724,
f893,
cd79,
d542,
0ff5,
3cd2,
393a,
15ae,
fd0c,
049e,
0f9f,
0405,
ebbd,
d869,
d408,
dffe,
f0fe,
f5e2,
f19b,
f480,
0288,
12fa,
1952,
1434,
0d6e,
0df3,
1094,
0a80,
fe46,
f562,
f46a,
f88f,
fb81,
fabd,
f899,
f717,
f773,
fa93,
fe9c,
0008,
feb3,
ff3b,
0340,
0689,
0654,
046f,
0376,
0326,
01ff,
ff96,
fdc8,
fd72,
fc70,
fb0a,
faf2,
fbe0,
fcf9,
fe28,
ff96,
0162,
029a,
021f,
01c5,
02fe,
040e,
0343,
0160,
ffcd,
feec,
fe73,
fdc8,
fd3f,
fd41,
fd84,
fdbf,
fe2d,
ff06,
ffed,
008f,
00cd,
00ee,
010f,
0130,
0170,
01ac,
0189,
00c4,
ffc2,
ff36,
ff56,
ff90,
ff55,
fecf,
fe73,
0001,
ffff,
fffe,
fffd,
ffff,
0000,
0000,
ffff,
ffff,
0000,
0002,
0002,
0002,
0001,
fffe,
fffb,
fffb,
fffd,
0000,
0001,
fffc,
fffb,
fffe,
0007,
0003,
0002,
fff5,
fffd,
fff5,
0008,
fff3,
0010,
ffe1,
0420,
1251,
12f6,
f057,
cd26,
df9e,
1978,
3c2e,
30dc,
0eed,
fda6,
0750,
0ddc,
000c,
e9a9,
d9f6,
d80a,
e49a,
f33a,
f4fa,
f1d3,
f764,
0504,
1231,
1669,
115a,
0cae,
0ec6,
0f4c,
0755,
fc48,
f5f9,
f733,
fb13,
fbe4,
fa0a,
f854,
f766,
f7d8,
faba,
fe37,
feeb,
fe54,
00c1,
0493,
05f4,
0537,
046e,
03f9,
0346,
0192,
ff35,
fe84,
fea8,
fcef,
fac0,
fa61,
fb35,
fc48,
fdad,
ff64,
0110,
01e8,
0209,
0292,
03a7,
042e,
0355,
01a5,
0040,
ff6f,
fe88,
fd82,
fd14,
fd19,
fd32,
fd5c,
fdcd,
feb8,
ffc2,
0074,
00d5,
0126,
0144,
014c,
0194,
01e3,
01ab,
00c7,
ffbf,
ff40,
ff6f,
ff98,
ff3e,
fea0,
0001,
ffff,
fffe,
fffd,
ffff,
0000,
0000,
ffff,
ffff,
0000,
0002,
0002,
0002,
0001,
fffe,
fffb,
fffb,
fffd,
0000,
0001,
fffc,
fffb,
fffe,
0007,
0003,
0002,
fff5,
fffd,
fff5,
0008,
fff3,
0010,
ffe1,
0420,
1251,
12f6,
f057,
cd26,
df9e,
1978,
3c2e,
30dc,
0eed,
fda6,
0750,
0ddc,
000c,
e9a9,
d9f6,
d80a,
e49a,
f33a,
f4fa,
f1d3,
f764,
0504,
1231,
1669,
115a,
0cae,
0ec6,
0f4c,
0755,
fc48,
f5f9,
f733,
fb13,
fbe4,
fa0a,
f854,
f766,
f7d8,
faba,
fe37,
feeb,
fe54,
00c1,
0493,
05f4,
0537,
046e,
03f9,
0346,
0192,
ff35,
fe84,
fea8,
fcef,
fac0,
fa61,
fb35,
fc48,
fdad,
ff64,
0110,
01e8,
0209,
0292,
03a7,
042e,
0355,
01a5,
0040,
ff6f,
fe88,
fd82,
fd14,
fd19,
fd32,
fd5c,
fdcd,
feb8,
ffc2,
0074,
00d5,
0126,
0144,
014c,
0194,
01e3,
01ab,
00c7,
ffbf,
ff40,
ff6f,
ff98,
ff3e,
fea0,
0003,
0002,
0000,
fffe,
fffe,
0000,
0000,
0000,
ffff,
ffff,
0000,
0002,
0003,
0003,
0002,
ffff,
fffc,
fffc,
fffe,
0001,
0001,
fffd,
fffb,
0000,
0006,
0004,
0001,
fff7,
fffd,
fff9,
0006,
fff6,
000c,
ffff,
0550,
128b,
0ef0,
ec26,
cfa4,
e74b,
1da7,
38ab,
2a6d,
0be7,
ff2a,
0826,
0bc5,
fdde,
e9ec,
dca7,
dbb2,
e7e2,
f3e7,
f430,
f2cb,
f981,
0576,
1092,
13dd,
0f6a,
0ca4,
0ebd,
0d96,
054b,
fbc9,
f7e6,
f9eb,
fc2b,
fb69,
f982,
f862,
f790,
f7f2,
fab9,
fd95,
fe22,
ff1b,
0258,
04ad,
04f1,
04d3,
04d3,
0442,
0320,
013a,
ff93,
ff76,
ff2c,
fd12,
fa74,
f96b,
fa4d,
fbd7,
fd4c,
ff18,
00d3,
01a9,
0248,
0372,
044c,
0431,
0369,
0231,
00cc,
ff7b,
fe4d,
fd59,
fced,
fcd5,
fcbc,
fcd3,
fd78,
fe95,
ffb6,
0083,
00fb,
014e,
0179,
0193,
01c5,
01f1,
01a6,
00c8,
ffe9,
ff79,
ff6c,
ff65,
ff1f,
0002,
0003,
0001,
ffff,
fffe,
fffe,
ffff,
0000,
0000,
0000,
ffff,
0000,
0001,
0003,
0002,
0000,
fffe,
fffc,
fffc,
fffe,
0001,
0000,
fffd,
fffc,
0000,
0006,
0003,
0000,
fff7,
fffd,
fff9,
0003,
fff9,
0004,
002a,
05df,
1199,
0bd7,
eb3e,
d388,
ec34,
1d9b,
33cc,
25f6,
0b43,
00af,
07ef,
0a1d,
fd42,
ebaa,
dfca,
defe,
ea06,
f3c6,
f3be,
f3da,
fa79,
04c6,
0e95,
118e,
0e44,
0c8b,
0e17,
0c11,
0432,
fcd4,
fa7d,
fb96,
fc3e,
faf9,
f95e,
f858,
f796,
f80b,
fa52,
fcc9,
fe5d,
006e,
02c8,
03e0,
046d,
0528,
0543,
045f,
02e4,
0113,
000d,
0028,
ff4a,
fcb7,
fa0e,
f8ac,
f961,
fb83,
fd75,
fef5,
006b,
01c4,
02f6,
042e,
04a5,
0414,
035e,
0287,
011c,
ff71,
fe20,
fd3c,
fcaf,
fc69,
fc4a,
fc85,
fd55,
fe85,
ffab,
00a1,
0146,
0188,
0195,
01ac,
01dd,
01f5,
01b2,
00f4,
0011,
ff85,
ff60,
ff4d,
0002,
0003,
0001,
ffff,
fffe,
fffe,
ffff,
0000,
0000,
0000,
ffff,
0000,
0001,
0003,
0002,
0000,
fffe,
fffc,
fffc,
fffe,
0001,
0000,
fffd,
fffc,
0000,
0006,
0003,
0000,
fff7,
fffd,
fff9,
0003,
fff9,
0004,
002a,
05df,
1199,
0bd7,
eb3e,
d388,
ec34,
1d9b,
33cc,
25f6,
0b43,
00af,
07ef,
0a1d,
fd42,
ebaa,
dfca,
defe,
ea06,
f3c6,
f3be,
f3da,
fa79,
04c6,
0e95,
118e,
0e44,
0c8b,
0e17,
0c11,
0432,
fcd4,
fa7d,
fb96,
fc3e,
faf9,
f95e,
f858,
f796,
f80b,
fa52,
fcc9,
fe5d,
006e,
02c8,
03e0,
046d,
0528,
0543,
045f,
02e4,
0113,
000d,
0028,
ff4a,
fcb7,
fa0e,
f8ac,
f961,
fb83,
fd75,
fef5,
006b,
01c4,
02f6,
042e,
04a5,
0414,
035e,
0287,
011c,
ff71,
fe20,
fd3c,
fcaf,
fc69,
fc4a,
fc85,
fd55,
fe85,
ffab,
00a1,
0146,
0188,
0195,
01ac,
01dd,
01f5,
01b2,
00f4,
0011,
ff85,
ff60,
ff4d,
0000,
0002,
0002,
0001,
0000,
ffff,
ffff,
0000,
0000,
0000,
ffff,
ffff,
0000,
0001,
0003,
0002,
0000,
fffe,
fffd,
fffc,
fffe,
0001,
0001,
fffd,
fffd,
0001,
0005,
0002,
0001,
fff8,
fffe,
fff8,
0003,
fff9,
0003,
004d,
05db,
1014,
09f8,
ec7d,
d795,
ee98,
1b16,
2ede,
231b,
0bc9,
01d0,
075c,
090b,
fda4,
ee04,
e30b,
e1f9,
eb64,
f365,
f3af,
f4aa,
fa99,
037e,
0c74,
0fc6,
0d7e,
0c16,
0d0b,
0abb,
0460,
ff06,
fc7d,
fc4c,
fc55,
fad1,
f908,
f840,
f7c6,
f7d0,
f9ae,
fcb0,
ff3b,
0107,
0233,
0329,
04c5,
05fd,
057c,
0400,
026f,
0111,
0087,
0073,
fef2,
fc0e,
f9b1,
f8a4,
f925,
fb46,
fd94,
fef8,
004f,
023d,
03bc,
0437,
0444,
040a,
0362,
027a,
013f,
ff9b,
fe02,
fcef,
fc64,
fc2c,
fc29,
fc71,
fd41,
fe87,
ffd4,
00d8,
0174,
019c,
0196,
01bd,
0201,
020e,
01b8,
0104,
0026,
ff87,
ff4d,
0000,
0002,
0002,
0001,
0000,
ffff,
ffff,
0000,
0000,
0000,
ffff,
ffff,
0000,
0001,
0003,
0002,
0000,
fffe,
fffd,
fffc,
fffe,
0001,
0001,
fffd,
fffd,
0001,
0005,
0002,
0001,
fff8,
fffe,
fff8,
0003,
fff9,
0003,
004d,
05db,
1014,
09f8,
ec7d,
d795,
ee98,
1b16,
2ede,
231b,
0bc9,
01d0,
075c,
090b,
fda4,
ee04,
e30b,
e1f9,
eb64,
f365,
f3af,
f4aa,
fa99,
037e,
0c74,
0fc6,
0d7e,
0c16,
0d0b,
0abb,
0460,
ff06,
fc7d,
fc4c,
fc55,
fad1,
f908,
f840,
f7c6,
f7d0,
f9ae,
fcb0,
ff3b,
0107,
0233,
0329,
04c5,
05fd,
057c,
0400,
026f,
0111,
0087,
0073,
fef2,
fc0e,
f9b1,
f8a4,
f925,
fb46,
fd94,
fef8,
004f,
023d,
03bc,
0437,
0444,
040a,
0362,
027a,
013f,
ff9b,
fe02,
fcef,
fc64,
fc2c,
fc29,
fc71,
fd41,
fe87,
ffd4,
00d8,
0174,
019c,
0196,
01bd,
0201,
020e,
01b8,
0104,
0026,
ff87,
ff4d,
0000,
0001,
0002,
0003,
0002,
0001,
0000,
0000,
0000,
0000,
0000,
0000,
0000,
0001,
0001,
0002,
0003,
0001,
ffff,
fffd,
fffc,
ffff,
0002,
0001,
fffe,
fffe,
0000,
0006,
0002,
0001,
fff9,
ffff,
fff9,
0004,
fffa,
0004,
0062,
056f,
0e51,
08fd,
ef03,
db96,
ef31,
1707,
2a0a,
2140,
0cfd,
0301,
06d6,
0849,
fe7a,
f09f,
e64e,
e49c,
ec45,
f31c,
f3d0,
f50f,
fa28,
01f1,
0a92,
0e66,
0cac,
0b39,
0bb0,
0a0f,
05d9,
013d,
fdc6,
fcdd,
fc51,
fa4a,
f8a9,
f878,
f7f3,
f764,
f954,
fd24,
ffda,
00f2,
01c5,
0332,
0538,
0660,
0565,
0356,
01f7,
012a,
0095,
0019,
fe95,
fbd4,
f97f,
f8ee,
f9d0,
fb6f,
fd59,
ff20,
00cf,
027c,
03a2,
03e0,
03ba,
03c9,
038a,
027c,
0108,
ff83,
fe00,
fcc6,
fc3b,
fc30,
fc38,
fc7d,
fd58,
feb9,
001c,
0108,
016d,
0191,
01b3,
01e4,
0211,
0203,
018f,
00d7,
001e,
ff81,
0000,
ffff,
0001,
0002,
0002,
0002,
0000,
ffff,
ffff,
ffff,
0000,
0000,
0000,
0000,
0000,
0001,
0003,
0001,
0001,
fffe,
fffd,
fffd,
ffff,
0001,
0001,
ffff,
fffe,
0001,
0005,
0002,
0001,
fffa,
ffff,
fff9,
0004,
fff9,
0005,
0069,
04dd,
0c9d,
086e,
f1c9,
df5d,
ef47,
12b9,
254f,
1f7f,
0e3c,
045c,
0687,
07aa,
ff5c,
f31e,
e97b,
e734,
ed31,
f2f5,
f3cd,
f515,
f97d,
0094,
0906,
0cf6,
0b8e,
0a18,
0a78,
0a76,
07ec,
02f5,
fea2,
fd1a,
fbdf,
f99e,
f8d1,
f909,
f7b1,
f6d4,
f996,
fdd9,
0026,
00d5,
019c,
034b,
0551,
0611,
0517,
0323,
016f,
00b2,
0080,
fff2,
fe4b,
fbe9,
f9d9,
f963,
fadb,
fc70,
fd2f,
fe83,
00d2,
029b,
032f,
0343,
035b,
0384,
036f,
0281,
00de,
ff40,
fdea,
fcef,
fc70,
fc48,
fc58,
fcc9,
fdc6,
ff0a,
003a,
010a,
0166,
019b,
01c8,
01dc,
01d0,
01b0,
0152,
00ab,
ffef,
0000,
ffff,
0001,
0002,
0002,
0002,
0000,
ffff,
ffff,
ffff,
0000,
0000,
0000,
0000,
0000,
0001,
0003,
0001,
0001,
fffe,
fffd,
fffd,
ffff,
0001,
0001,
ffff,
fffe,
0001,
0005,
0002,
0001,
fffa,
ffff,
fff9,
0004,
fff9,
0005,
0069,
04dd,
0c9d,
086e,
f1c9,
df5d,
ef47,
12b9,
254f,
1f7f,
0e3c,
045c,
0687,
07aa,
ff5c,
f31e,
e97b,
e734,
ed31,
f2f5,
f3cd,
f515,
f97d,
0094,
0906,
0cf6,
0b8e,
0a18,
0a78,
0a76,
07ec,
02f5,
fea2,
fd1a,
fbdf,
f99e,
f8d1,
f909,
f7b1,
f6d4,
f996,
fdd9,
0026,
00d5,
019c,
034b,
0551,
0611,
0517,
0323,
016f,
00b2,
0080,
fff2,
fe4b,
fbe9,
f9d9,
f963,
fadb,
fc70,
fd2f,
fe83,
00d2,
029b,
032f,
0343,
035b,
0384,
036f,
0281,
00de,
ff40,
fdea,
fcef,
fc70,
fc48,
fc58,
fcc9,
fdc6,
ff0a,
003a,
010a,
0166,
019b,
01c8,
01dc,
01d0,
01b0,
0152,
00ab,
ffef,
0000,
0000,
ffff,
ffff,
0001,
0002,
0001,
0001,
ffff,
ffff,
0000,
0000,
0000,
ffff,
ffff,
0000,
0000,
0001,
0001,
0000,
ffff,
fffd,
fffd,
fffe,
0000,
0001,
ffff,
fffd,
0000,
0004,
0001,
0001,
fffb,
fffe,
fff9,
0002,
fffa,
0006,
0063,
0437,
0b11,
082f,
f4a0,
e2da,
eee8,
0e55,
20da,
1df7,
0f92,
05c1,
064a,
072b,
0045,
f578,
ec88,
e99e,
ee07,
f2ce,
f3ab,
f4e1,
f8bf,
ff7b,
0787,
0b79,
0a7b,
08e3,
0a13,
0bf1,
09a5,
03c8,
fee8,
fccb,
fb40,
f9b0,
f965,
f8f3,
f72e,
f6f5,
fa79,
fe99,
0009,
0068,
0196,
0340,
04f2,
0595,
04a9,
02c9,
0127,
007d,
004d,
ffbd,
fe37,
fc47,
fac4,
fa80,
fbaa,
fcdf,
fd04,
fdbf,
0038,
0265,
02f1,
02d5,
030f,
0345,
0317,
025e,
00de,
ff13,
fdc3,
fd24,
fce9,
fcc0,
fcb9,
fd34,
fe2d,
ff4b,
0048,
00fd,
014e,
016d,
0195,
01a6,
0183,
014a,
00f4,
0069,
0001,
0001,
0001,
0000,
0001,
0001,
0003,
0003,
0001,
0000,
0000,
0000,
0000,
0000,
0000,
ffff,
0000,
0000,
0002,
0002,
0001,
0000,
fffe,
fffe,
fffe,
0001,
0001,
fffe,
fffe,
0000,
0003,
0002,
0001,
fffc,
ffff,
fff9,
0001,
fffd,
0006,
0059,
03ac,
09cd,
07ee,
f6ee,
e5dc,
eecc,
0ab8,
1ce3,
1c52,
107f,
06f4,
063e,
06e4,
0118,
f781,
ef36,
ebdd,
eee8,
f2b6,
f365,
f477,
f827,
fea0,
0646,
0a52,
0980,
084d,
0ac5,
0d19,
0a19,
03ad,
fea6,
fcae,
fb38,
f9ca,
f9ab,
f8e3,
f721,
f7d7,
fb93,
fe9f,
ff75,
0024,
0179,
0327,
0487,
04cb,
0411,
029e,
015b,
008e,
0002,
ff76,
fe94,
fd44,
fbd0,
fb37,
fbc7,
fc98,
fcd0,
fd85,
ff9f,
01dc,
02d3,
02d1,
02d6,
02e1,
02a4,
01eb,
00c6,
ff4f,
fdf2,
fd59,
fd61,
fd7b,
fd6a,
fd9e,
fe59,
ff51,
002e,
00c3,
0113,
0138,
0149,
013e,
011f,
00f4,
00ae,
0001,
0001,
0001,
0000,
0001,
0001,
0003,
0003,
0001,
0000,
0000,
0000,
0000,
0000,
0000,
ffff,
0000,
0000,
0002,
0002,
0001,
0000,
fffe,
fffe,
fffe,
0001,
0001,
fffe,
fffe,
0000,
0003,
0002,
0001,
fffc,
ffff,
fff9,
0001,
fffd,
0006,
0059,
03ac,
09cd,
07ee,
f6ee,
e5dc,
eecc,
0ab8,
1ce3,
1c52,
107f,
06f4,
063e,
06e4,
0118,
f781,
ef36,
ebdd,
eee8,
f2b6,
f365,
f477,
f827,
fea0,
0646,
0a52,
0980,
084d,
0ac5,
0d19,
0a19,
03ad,
fea6,
fcae,
fb38,
f9ca,
f9ab,
f8e3,
f721,
f7d7,
fb93,
fe9f,
ff75,
0024,
0179,
0327,
0487,
04cb,
0411,
029e,
015b,
008e,
0002,
ff76,
fe94,
fd44,
fbd0,
fb37,
fbc7,
fc98,
fcd0,
fd85,
ff9f,
01dc,
02d3,
02d1,
02d6,
02e1,
02a4,
01eb,
00c6,
ff4f,
fdf2,
fd59,
fd61,
fd7b,
fd6a,
fd9e,
fe59,
ff51,
002e,
00c3,
0113,
0138,
0149,
013e,
011f,
00f4,
00ae,
0000,
0000,
0002,
0002,
0001,
0001,
0002,
0003,
0003,
0002,
0001,
0000,
0000,
0001,
0001,
0000,
0000,
0000,
0000,
0001,
0002,
0001,
0000,
ffff,
fffe,
ffff,
0000,
0001,
ffff,
ffff,
0001,
0004,
0002,
0002,
fffd,
fffe,
fffb,
0002,
ffff,
0006,
0051,
034e,
08d4,
078f,
f877,
e84e,
ef36,
0823,
197e,
1a91,
10de,
07e6,
067f,
06e4,
01bd,
f910,
f167,
edc4,
efb3,
f285,
f2ec,
f3fc,
f7d5,
fe5f,
05be,
09d4,
08e5,
0807,
0b36,
0d1b,
096b,
034c,
febf,
fc6c,
fb0d,
fa6e,
fa35,
f8ed,
f789,
f8ab,
fc14,
fe60,
fee8,
ffec,
0173,
02df,
03ec,
0447,
03ae,
0280,
01a9,
00da,
0003,
ffad,
ff31,
fd91,
fbe3,
fb7d,
fbdd,
fc23,
fc7e,
fdcb,
ffc5,
0186,
0283,
02ba,
0280,
023e,
022c,
01c2,
00bb,
ff80,
fe6f,
fddd,
fde8,
fe1c,
fe01,
fde0,
fe42,
ff24,
0004,
008c,
00c4,
00dc,
00e3,
00e1,
00e0,
00d2,
fffe,
ffff,
0001,
0001,
0001,
0000,
0000,
0001,
0002,
0002,
0001,
0000,
0000,
0000,
0000,
0000,
0000,
0000,
0000,
0000,
0001,
0001,
0001,
0000,
ffff,
fffe,
ffff,
0000,
0000,
ffff,
ffff,
0001,
0003,
0003,
0001,
ffff,
fffe,
fffc,
0001,
0001,
0004,
0051,
0330,
0836,
06fd,
f8df,
e9df,
f058,
071b,
171b,
18b3,
107b,
087d,
0713,
072c,
0212,
f9ea,
f2d4,
ef1b,
f030,
f227,
f27a,
f3ff,
f882,
ff54,
0626,
0929,
0794,
0781,
0b1e,
0c7f,
0891,
0296,
fe61,
fc7d,
fbb3,
fb79,
faaa,
f888,
f7b3,
f996,
fc70,
fdfe,
fe9f,
ffb8,
013d,
02c4,
03a1,
03db,
0374,
02a1,
01ed,
016b,
00aa,
ff7d,
fe5a,
fd39,
fc0c,
fb87,
fbdd,
fc30,
fcad,
fe58,
0060,
016f,
01c6,
0200,
020a,
0207,
0208,
019b,
00ae,
ffb3,
ff11,
fead,
fe64,
fe33,
fe13,
fe11,
fe56,
ff01,
ffb6,
0025,
005e,
008a,
00b1,
00c3,
00d6,
fffe,
ffff,
0001,
0001,
0001,
0000,
0000,
0001,
0002,
0002,
0001,
0000,
0000,
0000,
0000,
0000,
0000,
0000,
0000,
0000,
0001,
0001,
0001,
0000,
ffff,
fffe,
ffff,
0000,
0000,
ffff,
ffff,
0001,
0003,
0003,
0001,
ffff,
fffe,
fffc,
0001,
0001,
0004,
0051,
0330,
0836,
06fd,
f8df,
e9df,
f058,
071b,
171b,
18b3,
107b,
087d,
0713,
072c,
0212,
f9ea,
f2d4,
ef1b,
f030,
f227,
f27a,
f3ff,
f882,
ff54,
0626,
0929,
0794,
0781,
0b1e,
0c7f,
0891,
0296,
fe61,
fc7d,
fbb3,
fb79,
faaa,
f888,
f7b3,
f996,
fc70,
fdfe,
fe9f,
ffb8,
013d,
02c4,
03a1,
03db,
0374,
02a1,
01ed,
016b,
00aa,
ff7d,
fe5a,
fd39,
fc0c,
fb87,
fbdd,
fc30,
fcad,
fe58,
0060,
016f,
01c6,
0200,
020a,
0207,
0208,
019b,
00ae,
ffb3,
ff11,
fead,
fe64,
fe33,
fe13,
fe11,
fe56,
ff01,
ffb6,
0025,
005e,
008a,
00b1,
00c3,
00d6,
fffe,
fffe,
0000,
0001,
0001,
0002,
0001,
0001,
0001,
0002,
0002,
0002,
0001,
0000,
0000,
0000,
0000,
0000,
0000,
0000,
0000,
0001,
0001,
0001,
0000,
ffff,
fffe,
ffff,
0001,
0001,
ffff,
ffff,
0002,
0002,
0003,
0000,
ffff,
fffc,
fffd,
ffff,
0005,
0002,
0062,
0360,
07fb,
0628,
f7f8,
ea9c,
f264,
07a0,
159e,
16dd,
0fa3,
08f4,
0800,
077b,
01c3,
f9c7,
f31b,
ef85,
f07e,
f256,
f30f,
f562,
fa32,
003a,
05e1,
07b9,
061b,
0753,
0b00,
0b35,
0716,
0219,
fe8d,
fd2a,
fcd7,
fbf7,
fa14,
f836,
f857,
fa61,
fc98,
fdb7,
fe75,
ff94,
0137,
02d6,
03b3,
03d0,
035c,
02df,
0288,
0194,
ffdd,
fe9b,
fdc7,
fcbc,
fbfb,
fbf6,
fc5b,
fcbd,
fd75,
fedd,
0068,
0114,
010d,
0155,
01ce,
01fc,
01e7,
0192,
00d8,
000f,
ff93,
ff1d,
fe88,
fe23,
fe11,
fe30,
fe6e,
fed0,
ff49,
ffc2,
002b,
007d,
00b9,
00da,
fffe,
fffe,
0000,
0001,
0001,
0002,
0001,
0001,
0001,
0002,
0002,
0002,
0001,
0000,
0000,
0000,
0000,
0000,
0000,
0000,
0000,
0001,
0001,
0001,
0000,
ffff,
fffe,
ffff,
0001,
0001,
ffff,
ffff,
0002,
0002,
0003,
0000,
ffff,
fffc,
fffd,
ffff,
0005,
0002,
0062,
0360,
07fb,
0628,
f7f8,
ea9c,
f264,
07a0,
159e,
16dd,
0fa3,
08f4,
0800,
077b,
01c3,
f9c7,
f31b,
ef85,
f07e,
f256,
f30f,
f562,
fa32,
003a,
05e1,
07b9,
061b,
0753,
0b00,
0b35,
0716,
0219,
fe8d,
fd2a,
fcd7,
fbf7,
fa14,
f836,
f857,
fa61,
fc98,
fdb7,
fe75,
ff94,
0137,
02d6,
03b3,
03d0,
035c,
02df,
0288,
0194,
ffdd,
fe9b,
fdc7,
fcbc,
fbfb,
fbf6,
fc5b,
fcbd,
fd75,
fedd,
0068,
0114,
010d,
0155,
01ce,
01fc,
01e7,
0192,
00d8,
000f,
ff93,
ff1d,
fe88,
fe23,
fe11,
fe30,
fe6e,
fed0,
ff49,
ffc2,
002b,
007d,
00b9,
00da,
fffe,
fffe,
ffff,
0000,
0001,
0002,
0000,
0000,
0001,
0001,
0002,
0002,
0001,
0000,
0000,
0000,
ffff,
ffff,
0000,
0000,
ffff,
0000,
0001,
0001,
0000,
0000,
fffe,
ffff,
ffff,
0000,
0000,
ffff,
ffff,
0002,
0002,
0003,
0000,
0000,
fffa,
ffff,
fffd,
000e,
fffb,
00a9,
040d,
0802,
046b,
f531,
eb07,
f621,
09d1,
1518,
1541,
0e8d,
0962,
08e4,
06e0,
ffcd,
f821,
f28f,
f03f,
f202,
f3f7,
f483,
f678,
fb0e,
00be,
05a2,
0687,
050b,
06e2,
0a51,
09ff,
0625,
021c,
ff03,
fd98,
fd19,
fbc7,
f98e,
f848,
f903,
fae4,
fcd4,
fdba,
fe40,
ffa1,
01d6,
0391,
0402,
039e,
0350,
02f3,
01e8,
0082,
ff22,
fde7,
fd06,
fcb4,
fc97,
fcbb,
fd2d,
fd7d,
fde9,
feed,
001f,
00bf,
00ce,
00f0,
017f,
020d,
0214,
01a7,
0103,
0038,
ff8e,
ff24,
fea9,
fe27,
fdfd,
fe20,
fe5a,
feb2,
ff2f,
ffba,
0035,
0097,
00d2,
0000,
ffff,
ffff,
ffff,
0000,
0002,
0001,
0001,
0001,
0001,
0001,
0003,
0002,
0001,
0000,
0000,
0000,
ffff,
0000,
0000,
0000,
0000,
0000,
0001,
0001,
0001,
0000,
ffff,
ffff,
ffff,
0001,
0001,
ffff,
0001,
0002,
0002,
0003,
0000,
fffe,
fff7,
0000,
0005,
0014,
0002,
0177,
054b,
07ea,
006f,
f028,
ecd9,
fcb6,
0df1,
15a6,
1398,
0cda,
092f,
0842,
03dc,
fc98,
f6e0,
f317,
f25a,
f3f5,
f497,
f4cc,
f762,
fcaa,
023a,
0558,
0484,
041f,
0744,
0a53,
094c,
054e,
0181,
fead,
fd8a,
fcff,
fb6b,
f919,
f862,
f9c8,
fb8b,
fcea,
fdd2,
fed7,
00e5,
032c,
03dd,
0384,
0333,
02c0,
01fb,
0103,
ff87,
fe14,
fd7f,
fd46,
fd33,
fd61,
fd8f,
fd97,
fdc1,
fe30,
ff01,
000e,
008c,
0089,
00e9,
01b6,
0233,
021e,
0197,
00c1,
fffa,
ff73,
ff0a,
fe95,
fe21,
fde2,
fe0b,
fe7f,
fef3,
ff65,
ffe2,
0053,
00a9,
0000,
ffff,
ffff,
ffff,
0000,
0002,
0001,
0001,
0001,
0001,
0001,
0003,
0002,
0001,
0000,
0000,
0000,
ffff,
0000,
0000,
0000,
0000,
0000,
0001,
0001,
0001,
0000,
ffff,
ffff,
ffff,
0001,
0001,
ffff,
0001,
0002,
0002,
0003,
0000,
fffe,
fff7,
0000,
0005,
0014,
0002,
0177,
054b,
07ea,
006f,
f028,
ecd9,
fcb6,
0df1,
15a6,
1398,
0cda,
092f,
0842,
03dc,
fc98,
f6e0,
f317,
f25a,
f3f5,
f497,
f4cc,
f762,
fcaa,
023a,
0558,
0484,
041f,
0744,
0a53,
094c,
054e,
0181,
fead,
fd8a,
fcff,
fb6b,
f919,
f862,
f9c8,
fb8b,
fcea,
fdd2,
fed7,
00e5,
032c,
03dd,
0384,
0333,
02c0,
01fb,
0103,
ff87,
fe14,
fd7f,
fd46,
fd33,
fd61,
fd8f,
fd97,
fdc1,
fe30,
ff01,
000e,
008c,
0089,
00e9,
01b6,
0233,
021e,
0197,
00c1,
fffa,
ff73,
ff0a,
fe95,
fe21,
fde2,
fe0b,
fe7f,
fef3,
ff65,
ffe2,
0053,
00a9,
ffff,
fffe,
fffe,
fffe,
ffff,
0001,
0002,
0001,
0001,
0001,
0001,
0002,
0002,
0001,
0000,
0000,
ffff,
0000,
0000,
0000,
0000,
0000,
0001,
0000,
0001,
0001,
0001,
ffff,
ffff,
ffff,
0000,
0000,
0000,
ffff,
0002,
0002,
0004,
0000,
0000,
fff6,
fffe,
0007,
0018,
0000,
0081,
033f,
070b,
05a5,
f786,
eb77,
f443,
06e4,
1377,
15fa,
0ff4,
092b,
0759,
05bf,
0073,
fb22,
f69e,
f330,
f314,
f42a,
f4dc,
f682,
fa1f,
feab,
02da,
046c,
0399,
052a,
08d9,
0a27,
0765,
0374,
0024,
fdfb,
fd3c,
fc73,
fab9,
f8f5,
f8f4,
fa51,
fc41,
fde3,
ff4b,
00d2,
020f,
02c7,
0333,
033a,
0259,
019d,
010d,
ffee,
fe78,
fdc5,
fdc7,
fdb8,
fdcf,
fdd2,
fdd8,
fdee,
fe0c,
fe83,
ff5f,
0014,
0068,
00d7,
0158,
01d0,
0214,
01c3,
00f5,
0042,
ffbd,
ff2d,
fec7,
fe7e,
fe2e,
fe15,
fe60,
fee0,
ff53,
ffb6,
0012,
006a,
ffff,
fffe,
fffe,
fffe,
ffff,
0001,
0002,
0001,
0001,
0001,
0001,
0002,
0002,
0001,
0000,
0000,
ffff,
0000,
0000,
0000,
0000,
0000,
0001,
0000,
0001,
0001,
0001,
ffff,
ffff,
ffff,
0000,
0000,
0000,
ffff,
0002,
0002,
0004,
0000,
0000,
fff6,
fffe,
0007,
0018,
0000,
0081,
033f,
070b,
05a5,
f786,
eb77,
f443,
06e4,
1377,
15fa,
0ff4,
092b,
0759,
05bf,
0073,
fb22,
f69e,
f330,
f314,
f42a,
f4dc,
f682,
fa1f,
feab,
02da,
046c,
0399,
052a,
08d9,
0a27,
0765,
0374,
0024,
fdfb,
fd3c,
fc73,
fab9,
f8f5,
f8f4,
fa51,
fc41,
fde3,
ff4b,
00d2,
020f,
02c7,
0333,
033a,
0259,
019d,
010d,
ffee,
fe78,
fdc5,
fdc7,
fdb8,
fdcf,
fdd2,
fdd8,
fdee,
fe0c,
fe83,
ff5f,
0014,
0068,
00d7,
0158,
01d0,
0214,
01c3,
00f5,
0042,
ffbd,
ff2d,
fec7,
fe7e,
fe2e,
fe15,
fe60,
fee0,
ff53,
ffb6,
0012,
006a,
ffff,
ffff,
fffe,
ffff,
0000,
0000,
0001,
0001,
0000,
0000,
0001,
0002,
0001,
0001,
0001,
0001,
0000,
0000,
0001,
0000,
0001,
0000,
0000,
0001,
0001,
0001,
0000,
ffff,
ffff,
ffff,
0000,
0001,
0001,
0000,
0002,
0001,
0003,
ffff,
0001,
fffa,
fffc,
0006,
0019,
0008,
0049,
028b,
062a,
06cd,
fb0f,
ec17,
f102,
03fe,
126f,
16c0,
1110,
0881,
05b5,
060a,
02fc,
fdd5,
f884,
f390,
f253,
f3f0,
f5d0,
f74b,
f8ef,
fc80,
0126,
0414,
0472,
04d9,
0728,
0942,
07de,
03f6,
00e9,
fea6,
fcde,
fc65,
fc0a,
fa56,
f90d,
f9cf,
fbf4,
fe81,
006a,
00eb,
0089,
017d,
0313,
02fc,
01ce,
013e,
00fc,
fffd,
fed3,
fe01,
fdd5,
fdfe,
fe0b,
fe16,
fe43,
fe3f,
fe0f,
fe89,
ff64,
ffef,
003e,
00aa,
0125,
017c,
019f,
015c,
00d3,
0050,
ffda,
ff55,
fee9,
fec5,
feb2,
fe89,
fe8a,
feeb,
ff61,
ffae,
ffec,
0036,
fffe,
fffe,
fffe,
ffff,
ffff,
0000,
0001,
0000,
ffff,
ffff,
0001,
0002,
0001,
0001,
ffff,
ffff,
ffff,
ffff,
0000,
ffff,
0000,
0000,
0000,
0000,
0000,
0000,
ffff,
fffe,
ffff,
fffe,
ffff,
0000,
0000,
ffff,
0001,
ffff,
0002,
ffff,
0003,
fff9,
fffc,
0002,
001b,
0005,
006d,
02dc,
065d,
0660,
f973,
eb37,
f252,
0609,
13d0,
16ff,
1072,
0749,
0468,
0530,
02a3,
fdef,
f83d,
f329,
f289,
f498,
f69d,
f817,
f9b9,
fcbe,
014f,
0455,
04e6,
059e,
06d6,
0783,
0634,
0343,
0046,
fe50,
fcdb,
fbcc,
fc04,
fbdf,
fa99,
fa6f,
fc98,
ff8b,
00d9,
003a,
0000,
0172,
026b,
01e5,
0192,
015a,
0089,
ffb2,
fedd,
fddb,
fd8f,
fe01,
fe3a,
fe72,
fea7,
fe70,
fe62,
ff1f,
fff9,
0038,
0030,
005e,
00d7,
012a,
00fa,
008f,
0047,
001c,
ffcb,
ff6f,
ff39,
ff1b,
ff05,
ff06,
ff22,
ff48,
ff7c,
ffb0,
ffe1,
0018,
fffe,
fffe,
fffe,
ffff,
ffff,
0000,
0001,
0000,
ffff,
ffff,
0001,
0002,
0001,
0001,
ffff,
ffff,
ffff,
ffff,
0000,
ffff,
0000,
0000,
0000,
0000,
0000,
0000,
ffff,
fffe,
ffff,
fffe,
ffff,
0000,
0000,
ffff,
0001,
ffff,
0002,
ffff,
0003,
fff9,
fffc,
0002,
001b,
0005,
006d,
02dc,
065d,
0660,
f973,
eb37,
f252,
0609,
13d0,
16ff,
1072,
0749,
0468,
0530,
02a3,
fdef,
f83d,
f329,
f289,
f498,
f69d,
f817,
f9b9,
fcbe,
014f,
0455,
04e6,
059e,
06d6,
0783,
0634,
0343,
0046,
fe50,
fcdb,
fbcc,
fc04,
fbdf,
fa99,
fa6f,
fc98,
ff8b,
00d9,
003a,
0000,
0172,
026b,
01e5,
0192,
015a,
0089,
ffb2,
fedd,
fddb,
fd8f,
fe01,
fe3a,
fe72,
fea7,
fe70,
fe62,
ff1f,
fff9,
0038,
0030,
005e,
00d7,
012a,
00fa,
008f,
0047,
001c,
ffcb,
ff6f,
ff39,
ff1b,
ff05,
ff06,
ff22,
ff48,
ff7c,
ffb0,
ffe1,
0018,
ffff,
ffff,
fffe,
0000,
0001,
0001,
0002,
0001,
0000,
0000,
0001,
0002,
0002,
0000,
0000,
ffff,
ffff,
ffff,
0000,
0000,
0000,
0000,
0000,
0000,
0001,
0000,
0000,
ffff,
fffe,
ffff,
0001,
0001,
0000,
0000,
0001,
0000,
0001,
0000,
0005,
fff9,
0000,
fffe,
001e,
0002,
012a,
0436,
0768,
035f,
f2ae,
ea52,
f8d5,
0cbf,
175d,
16d3,
0d75,
04f1,
034e,
0363,
000d,
fb08,
f5cb,
f285,
f35b,
f59b,
f7c7,
f9b7,
fc0e,
ff80,
0341,
0512,
058e,
06af,
0703,
05a8,
0335,
00b2,
fe7b,
fd14,
fc33,
fb9f,
fbfe,
fc88,
fcac,
fcdf,
fe4f,
fffd,
0044,
fffe,
00c3,
01a3,
014a,
0139,
0181,
00f9,
0002,
ff37,
fe20,
fd4c,
fd7a,
fdea,
fe5d,
fec0,
fece,
fecb,
ff5b,
002f,
009c,
00a9,
0064,
002a,
0054,
008b,
0046,
ffbd,
ff8a,
ff96,
ffa0,
ff9f,
ff94,
ff6d,
ff55,
ff8a,
ffd1,
ffe0,
ffc2,
ffc3,
ffe9,
0003,
fffd,
fffd,
fffd,
ffff,
0000,
0001,
0000,
0000,
ffff,
ffff,
0000,
0001,
0000,
ffff,
fffe,
fffe,
fffe,
ffff,
0000,
ffff,
ffff,
0000,
0000,
0000,
0000,
ffff,
fffe,
fffd,
fffe,
ffff,
0001,
0000,
fffe,
0001,
ffff,
0000,
fffe,
0005,
fffe,
fffe,
fff7,
0007,
000a,
0077,
0306,
0696,
06d6,
fa3e,
ea1c,
ef93,
055d,
162e,
1a92,
1310,
0764,
01b9,
028e,
0148,
fbcf,
f636,
f201,
f1b1,
f480,
f7ae,
fa00,
fc7b,
ffdc,
034d,
05cf,
0691,
06e0,
0724,
067c,
036f,
ff6b,
fd1b,
fbef,
fb4c,
fb6d,
fc14,
fc4a,
fcec,
fe8e,
ffcc,
002a,
0023,
0040,
0089,
0128,
017c,
0136,
0117,
00ca,
0022,
ff52,
fe2c,
fd1a,
fcee,
fd6e,
fddb,
fe51,
fec5,
ff28,
ffd7,
00b6,
012f,
012d,
00f7,
0089,
000a,
ffc8,
ffb1,
ff6f,
ff0e,
fee1,
ff08,
ff6f,
ffc0,
ffce,
ffc1,
ffd6,
0016,
0058,
0067,
0038,
0007,
ffef,
ffdb,
fffd,
fffd,
fffd,
ffff,
0000,
0001,
0000,
0000,
ffff,
ffff,
0000,
0001,
0000,
ffff,
fffe,
fffe,
fffe,
ffff,
0000,
ffff,
ffff,
0000,
0000,
0000,
0000,
ffff,
fffe,
fffd,
fffe,
ffff,
0001,
0000,
fffe,
0001,
ffff,
0000,
fffe,
0005,
fffe,
fffe,
fff7,
0007,
000a,
0077,
0306,
0696,
06d6,
fa3e,
ea1c,
ef93,
055d,
162e,
1a92,
1310,
0764,
01b9,
028e,
0148,
fbcf,
f636,
f201,
f1b1,
f480,
f7ae,
fa00,
fc7b,
ffdc,
034d,
05cf,
0691,
06e0,
0724,
067c,
036f,
ff6b,
fd1b,
fbef,
fb4c,
fb6d,
fc14,
fc4a,
fcec,
fe8e,
ffcc,
002a,
0023,
0040,
0089,
0128,
017c,
0136,
0117,
00ca,
0022,
ff52,
fe2c,
fd1a,
fcee,
fd6e,
fddb,
fe51,
fec5,
ff28,
ffd7,
00b6,
012f,
012d,
00f7,
0089,
000a,
ffc8,
ffb1,
ff6f,
ff0e,
fee1,
ff08,
ff6f,
ffc0,
ffce,
ffc1,
ffd6,
0016,
0058,
0067,
0038,
0007,
ffef,
ffdb,
fffe,
ffff,
0000,
0001,
0002,
0002,
0001,
0000,
0001,
0001,
0002,
0001,
0000,
ffff,
ffff,
0000,
0000,
0000,
ffff,
0000,
0000,
0000,
0002,
0001,
0000,
fffe,
fffe,
fffe,
ffff,
0001,
0001,
fffe,
0001,
0001,
0000,
ffff,
0003,
0002,
0000,
fffd,
fff7,
0007,
003e,
0290,
064d,
07e3,
fdf5,
eb7b,
eaf0,
0073,
15b3,
1d71,
16ba,
0925,
008f,
00f1,
01b1,
fcc1,
f5ff,
f090,
ef42,
f27f,
f718,
fa75,
fd26,
009a,
0447,
075f,
084e,
081c,
07f4,
06f3,
041b,
ffd5,
fbf1,
f98f,
f966,
fa62,
fb64,
fc2c,
fce3,
fe1d,
ffcd,
0159,
01f7,
0181,
008f,
009d,
0199,
01d9,
0167,
00be,
ffd9,
fedc,
fdf9,
fd14,
fc91,
fccc,
fd37,
fda9,
fe45,
ff1c,
002e,
0143,
01db,
01db,
0189,
00f2,
0053,
ffd7,
ff5f,
fee2,
fe88,
fe6e,
fe88,
fecc,
ff37,
ffb1,
0005,
002f,
0060,
0099,
00bd,
00c9,
00ad,
0053,
ffe7,
ffac,
fffe,
0000,
0001,
0002,
0001,
0000,
0000,
0000,
0001,
0002,
0001,
0000,
ffff,
fffe,
ffff,
ffff,
ffff,
0000,
0000,
0000,
0001,
0002,
0001,
0000,
fffe,
fffe,
fffe,
ffff,
0001,
0001,
ffff,
0000,
0001,
0001,
ffff,
0000,
0002,
0001,
0003,
fff4,
0001,
0021,
0275,
0683,
0886,
ff57,
ebd0,
e85f,
fdd7,
164f,
2060,
196e,
0a0a,
ff86,
ff6c,
0199,
fd09,
f4e1,
eef3,
edb9,
f0df,
f60d,
fa29,
fd14,
010f,
056c,
08ec,
0a45,
09ff,
091c,
07d2,
04dc,
002b,
fbf8,
f8d8,
f7ae,
f86f,
fa21,
fb6e,
fc4f,
fdc6,
ff4f,
0073,
0254,
03d5,
0265,
00d8,
019f,
027a,
01ee,
011c,
000b,
fe72,
fd69,
fcb3,
fc45,
fc58,
fc81,
fcc8,
fda5,
feec,
0037,
018c,
026d,
028c,
0230,
018a,
00a7,
ffe6,
ff7a,
feea,
fe33,
fdd7,
fe09,
fe65,
feb0,
ff22,
ffb5,
003e,
009b,
00db,
010d,
012b,
011f,
00d8,
0068,
fff0,
ffaf,
fffe,
0000,
0001,
0002,
0001,
0000,
0000,
0000,
0001,
0002,
0001,
0000,
ffff,
fffe,
ffff,
ffff,
ffff,
0000,
0000,
0000,
0001,
0002,
0001,
0000,
fffe,
fffe,
fffe,
ffff,
0001,
0001,
ffff,
0000,
0001,
0001,
ffff,
0000,
0002,
0001,
0003,
fff4,
0001,
0021,
0275,
0683,
0886,
ff57,
ebd0,
e85f,
fdd7,
164f,
2060,
196e,
0a0a,
ff86,
ff6c,
0199,
fd09,
f4e1,
eef3,
edb9,
f0df,
f60d,
fa29,
fd14,
010f,
056c,
08ec,
0a45,
09ff,
091c,
07d2,
04dc,
002b,
fbf8,
f8d8,
f7ae,
f86f,
fa21,
fb6e,
fc4f,
fdc6,
ff4f,
0073,
0254,
03d5,
0265,
00d8,
019f,
027a,
01ee,
011c,
000b,
fe72,
fd69,
fcb3,
fc45,
fc58,
fc81,
fcc8,
fda5,
feec,
0037,
018c,
026d,
028c,
0230,
018a,
00a7,
ffe6,
ff7a,
feea,
fe33,
fdd7,
fe09,
fe65,
feb0,
ff22,
ffb5,
003e,
009b,
00db,
010d,
012b,
011f,
00d8,
0068,
fff0,
ffaf,
0000,
0002,
0003,
0003,
0002,
0000,
0000,
0002,
0003,
0002,
0000,
ffff,
ffff,
0000,
0000,
0000,
0000,
0000,
0001,
0001,
0002,
0002,
0000,
ffff,
fffe,
fffe,
ffff,
0001,
0002,
0000,
0000,
0001,
0003,
0000,
ffff,
0000,
0000,
0006,
fff9,
0001,
0015,
02a2,
0728,
0926,
ff36,
ea9f,
e6ae,
fd93,
18a2,
23ab,
1b3f,
09b3,
fe08,
fe38,
0187,
fcb3,
f2e9,
ec62,
ebd1,
f000,
f657,
fab3,
fcf5,
00f5,
05fd,
0a28,
0be7,
0b98,
0a48,
08b5,
056b,
007d,
fc15,
f888,
f76d,
f802,
f902,
fa11,
fb83,
fd3c,
fe93,
ffaf,
01b9,
03ee,
035d,
0237,
02c9,
0366,
02a4,
0180,
0029,
fe62,
fd4b,
fc65,
fbc0,
fbc7,
fbe4,
fc01,
fcee,
fea1,
0039,
01b2,
02b9,
0303,
02be,
021d,
0125,
0022,
ff7c,
fee5,
fe3c,
fdb4,
fd9b,
fdde,
fe44,
fec9,
ff52,
ffe9,
0076,
00ef,
0152,
018b,
0183,
0129,
00b6,
0059,
0023,
fff4,
0000,
0002,
0003,
0003,
0002,
0000,
0000,
0002,
0003,
0002,
0000,
ffff,
ffff,
0000,
0000,
0000,
0000,
0000,
0001,
0001,
0002,
0002,
0000,
ffff,
fffe,
fffe,
ffff,
0001,
0002,
0000,
0000,
0001,
0003,
0000,
ffff,
0000,
0000,
0006,
fff9,
0001,
0015,
02a2,
0728,
0926,
ff36,
ea9f,
e6ae,
fd93,
18a2,
23ab,
1b3f,
09b3,
fe08,
fe38,
0187,
fcb3,
f2e9,
ec62,
ebd1,
f000,
f657,
fab3,
fcf5,
00f5,
05fd,
0a28,
0be7,
0b98,
0a48,
08b5,
056b,
007d,
fc15,
f888,
f76d,
f802,
f902,
fa11,
fb83,
fd3c,
fe93,
ffaf,
01b9,
03ee,
035d,
0237,
02c9,
0366,
02a4,
0180,
0029,
fe62,
fd4b,
fc65,
fbc0,
fbc7,
fbe4,
fc01,
fcee,
fea1,
0039,
01b2,
02b9,
0303,
02be,
021d,
0125,
0022,
ff7c,
fee5,
fe3c,
fdb4,
fd9b,
fdde,
fe44,
fec9,
ff52,
ffe9,
0076,
00ef,
0152,
018b,
0183,
0129,
00b6,
0059,
0023,
fff4,
0002,
0002,
0002,
0001,
0000,
0001,
0002,
0003,
0002,
0000,
fffe,
ffff,
0000,
0000,
0000,
ffff,
0000,
0000,
0001,
0002,
0001,
0000,
fffe,
fffe,
fffe,
0000,
0001,
0001,
ffff,
0001,
0002,
0004,
0000,
fffd,
fffe,
fffe,
0007,
fffb,
0004,
0018,
0310,
082b,
09cc,
fdf5,
e7e8,
e566,
ff8e,
1cd4,
273a,
1bfa,
0804,
fbf5,
fd76,
01d9,
fbc9,
f003,
e943,
ea02,
ef65,
f69a,
fb97,
fe06,
0205,
06e2,
0ae9,
0cb7,
0c79,
0ad2,
0900,
058b,
0055,
fc17,
f899,
f765,
f834,
f959,
f9e0,
fab2,
fc75,
fe33,
ff1f,
00ae,
037d,
0373,
01f5,
0318,
0502,
0467,
0250,
0035,
fe27,
fd2b,
fc86,
fba6,
fb2b,
fb0f,
fb36,
fc5f,
fe6d,
004d,
01d3,
02dc,
033a,
0315,
0293,
01ab,
0081,
ff90,
fee6,
fe32,
fd8f,
fd66,
fd94,
fdd8,
fe64,
ff19,
ffb4,
0030,
00ba,
0155,
01d5,
01e8,
016a,
00e0,
009d,
0084,
005c,
000c,
0002,
0001,
ffff,
ffff,
0001,
0002,
0002,
0001,
ffff,
ffff,
ffff,
0000,
0001,
0000,
ffff,
ffff,
0000,
0001,
0002,
0001,
ffff,
fffd,
fffc,
fffe,
0000,
0002,
0000,
fffd,
0001,
0002,
0004,
0000,
fffd,
fffb,
fffc,
0008,
fffb,
0006,
0024,
03ba,
097c,
0a75,
fbf3,
e3fb,
e433,
034a,
22a4,
2b13,
1bd2,
0535,
f960,
fd07,
026b,
fa53,
ec73,
e5c7,
e825,
ef2c,
f76b,
fc54,
fe9f,
0391,
0925,
0cdc,
0dac,
0ca7,
0a7a,
087f,
04e1,
ff58,
fb7b,
f8ac,
f7a4,
f889,
f9dd,
fa45,
fb13,
fca4,
fdee,
feed,
004f,
0286,
02ce,
01cd,
0294,
04b9,
057d,
041c,
0127,
fe08,
fce1,
fc85,
fbab,
fad6,
fa5b,
fa65,
fbcd,
fe48,
0069,
0224,
0336,
0356,
0322,
02da,
0223,
00ea,
ffc8,
fef6,
fe30,
fd6e,
fd0b,
fd38,
fda8,
fe2b,
feba,
ff60,
0009,
00b0,
0157,
01e0,
01ff,
019e,
0129,
00e8,
00c9,
00a2,
004b,
ffbf,
0002,
0001,
ffff,
ffff,
0001,
0002,
0002,
0001,
ffff,
ffff,
ffff,
0000,
0001,
0000,
ffff,
ffff,
0000,
0001,
0002,
0001,
ffff,
fffd,
fffc,
fffe,
0000,
0002,
0000,
fffd,
0001,
0002,
0004,
0000,
fffd,
fffb,
fffc,
0008,
fffb,
0006,
0024,
03ba,
097c,
0a75,
fbf3,
e3fb,
e433,
034a,
22a4,
2b13,
1bd2,
0535,
f960,
fd07,
026b,
fa53,
ec73,
e5c7,
e825,
ef2c,
f76b,
fc54,
fe9f,
0391,
0925,
0cdc,
0dac,
0ca7,
0a7a,
087f,
04e1,
ff58,
fb7b,
f8ac,
f7a4,
f889,
f9dd,
fa45,
fb13,
fca4,
fdee,
feed,
004f,
0286,
02ce,
01cd,
0294,
04b9,
057d,
041c,
0127,
fe08,
fce1,
fc85,
fbab,
fad6,
fa5b,
fa65,
fbcd,
fe48,
0069,
0224,
0336,
0356,
0322,
02da,
0223,
00ea,
ffc8,
fef6,
fe30,
fd6e,
fd0b,
fd38,
fda8,
fe2b,
feba,
ff60,
0009,
00b0,
0157,
01e0,
01ff,
019e,
0129,
00e8,
00c9,
00a2,
004b,
ffbf,
0001,
0000,
ffff,
0000,
0002,
0002,
0000,
ffff,
fffe,
ffff,
0000,
0001,
0000,
0000,
ffff,
0000,
0001,
0002,
0000,
fffe,
fffc,
fffc,
fffd,
0001,
0001,
0000,
fffd,
0001,
0002,
0006,
0000,
fffd,
fffa,
fff7,
0007,
fffc,
0009,
002e,
0489,
0b0e,
0b3d,
f998,
df2e,
e2ce,
084b,
29d6,
2f13,
1acb,
0158,
f65f,
fcf7,
035f,
f86c,
e849,
e22d,
e672,
ef50,
f891,
fd2f,
ff4c,
051e,
0b34,
0f24,
0fa3,
0d79,
09f4,
076f,
0373,
fd97,
fa3b,
f825,
f7a2,
f8e5,
fa7f,
facc,
fb94,
fd62,
febd,
ff81,
0063,
0211,
0212,
0117,
01e8,
0457,
0565,
0449,
020f,
ff11,
fd10,
fc65,
fbc2,
fa73,
f972,
f9b5,
fb8b,
fe34,
0076,
0273,
03a6,
03ad,
0350,
030b,
025e,
011e,
0015,
ff36,
fe2e,
fd3f,
fccf,
fcea,
fd55,
fdf3,
fe82,
ff0c,
ffbb,
009b,
0177,
01fa,
01f4,
0195,
0157,
013b,
011b,
00ec,
0088,
ffe2,
ff40,
0001,
0000,
ffff,
0000,
0002,
0002,
0000,
ffff,
fffe,
ffff,
0000,
0001,
0000,
0000,
ffff,
0000,
0001,
0002,
0000,
fffe,
fffc,
fffc,
fffd,
0001,
0001,
0000,
fffd,
0001,
0002,
0006,
0000,
fffd,
fffa,
fff7,
0007,
fffc,
0009,
002e,
0489,
0b0e,
0b3d,
f998,
df2e,
e2ce,
084b,
29d6,
2f13,
1acb,
0158,
f65f,
fcf7,
035f,
f86c,
e849,
e22d,
e672,
ef50,
f891,
fd2f,
ff4c,
051e,
0b34,
0f24,
0fa3,
0d79,
09f4,
076f,
0373,
fd97,
fa3b,
f825,
f7a2,
f8e5,
fa7f,
facc,
fb94,
fd62,
febd,
ff81,
0063,
0211,
0212,
0117,
01e8,
0457,
0565,
0449,
020f,
ff11,
fd10,
fc65,
fbc2,
fa73,
f972,
f9b5,
fb8b,
fe34,
0076,
0273,
03a6,
03ad,
0350,
030b,
025e,
011e,
0015,
ff36,
fe2e,
fd3f,
fccf,
fcea,
fd55,
fdf3,
fe82,
ff0c,
ffbb,
009b,
0177,
01fa,
01f4,
0195,
0157,
013b,
011b,
00ec,
0088,
ffe2,
ff40,
ffff,
ffff,
0002,
0002,
0001,
ffff,
ffff,
ffff,
ffff,
0001,
0002,
0001,
ffff,
ffff,
0001,
0002,
0003,
0000,
fffe,
fffb,
fffc,
fffe,
0002,
0002,
0000,
fffc,
0001,
0003,
0008,
0001,
fffc,
fffb,
fff5,
0008,
fff9,
0010,
002c,
0550,
0cd2,
0c6d,
f75f,
d98c,
e07a,
0daf,
3241,
33b5,
199d,
fcde,
f2c5,
fccc,
04b1,
f68b,
e3ce,
de91,
e4bc,
ef72,
fa14,
fe33,
ffb4,
06af,
0d85,
1174,
1159,
0e53,
09fd,
06df,
0202,
fb6f,
f8a6,
f73a,
f71a,
f8a8,
faa7,
fb45,
fc52,
fe3c,
ffa3,
0095,
0145,
0278,
01d7,
0070,
011a,
039c,
0503,
043b,
021c,
ff33,
fd74,
fceb,
fc1b,
fa2e,
f872,
f899,
fb11,
fe49,
00cd,
02f9,
0407,
03ec,
03b7,
0386,
02af,
0162,
0048,
ff27,
fe07,
fd19,
fca3,
fcb9,
fd20,
fdab,
fe2c,
fed2,
ffa5,
0093,
0164,
01d7,
01e6,
01b1,
017f,
0153,
013f,
0135,
00e2,
0022,
ff50,
fed4,
ffff,
0002,
0003,
0001,
ffff,
fffe,
fffe,
0000,
0001,
0001,
0000,
ffff,
0000,
0002,
0004,
0003,
ffff,
fffc,
fffa,
fffb,
fffe,
0002,
0001,
0000,
fffb,
0001,
0005,
0007,
0002,
fffa,
fffc,
fff2,
000b,
fff1,
001c,
0015,
05e7,
0ea3,
0e3b,
f5f2,
d35f,
dcd6,
127a,
3b46,
3964,
18cb,
f82b,
eeaf,
fc29,
061d,
f4fd,
df44,
db30,
e34b,
ef18,
fb64,
ffc8,
0010,
07ee,
0fc9,
13b6,
1350,
0f63,
099b,
063c,
013f,
f973,
f712,
f69e,
f660,
f7d8,
fa46,
fb08,
fc9d,
ff43,
00ba,
01d0,
0229,
0316,
029d,
0098,
0055,
02c5,
0452,
03cd,
0263,
ff5d,
fd0a,
fccc,
fcb9,
fa7f,
f7c6,
f789,
fa09,
fdb5,
013c,
03e9,
047e,
0420,
0430,
0422,
0353,
020b,
0083,
fedc,
fda5,
fcbb,
fc4e,
fc87,
fd00,
fd74,
fe04,
fec8,
ff9e,
0094,
0156,
01ba,
01cc,
01a5,
0175,
0150,
015a,
0165,
011f,
005d,
ff7a,
fee7,
feb5,
ffff,
0002,
0003,
0001,
ffff,
fffe,
fffe,
0000,
0001,
0001,
0000,
ffff,
0000,
0002,
0004,
0003,
ffff,
fffc,
fffa,
fffb,
fffe,
0002,
0001,
0000,
fffb,
0001,
0005,
0007,
0002,
fffa,
fffc,
fff2,
000b,
fff1,
001c,
0015,
05e7,
0ea3,
0e3b,
f5f2,
d35f,
dcd6,
127a,
3b46,
3964,
18cb,
f82b,
eeaf,
fc29,
061d,
f4fd,
df44,
db30,
e34b,
ef18,
fb64,
ffc8,
0010,
07ee,
0fc9,
13b6,
1350,
0f63,
099b,
063c,
013f,
f973,
f712,
f69e,
f660,
f7d8,
fa46,
fb08,
fc9d,
ff43,
00ba,
01d0,
0229,
0316,
029d,
0098,
0055,
02c5,
0452,
03cd,
0263,
ff5d,
fd0a,
fccc,
fcb9,
fa7f,
f7c6,
f789,
fa09,
fdb5,
013c,
03e9,
047e,
0420,
0430,
0422,
0353,
020b,
0083,
fedc,
fda5,
fcbb,
fc4e,
fc87,
fd00,
fd74,
fe04,
fec8,
ff9e,
0094,
0156,
01ba,
01cc,
01a5,
0175,
0150,
015a,
0165,
011f,
005d,
ff7a,
fee7,
feb5,
fffe,
fffe,
ffff,
0000,
0000,
ffff,
fffe,
fffe,
0000,
0004,
0006,
0004,
0000,
fffc,
fffa,
fffa,
ffff,
0002,
0003,
fffe,
fffc,
fffb,
000a,
0002,
000c,
fff2,
0008,
ffea,
0015,
ffe7,
0022,
ffcc,
021e,
0acf,
1308,
0ce4,
e49f,
d12f,
00ac,
2ce7,
2b02,
17f0,
05d3,
fbe4,
fecd,
011b,
f07d,
de2f,
ddf1,
e686,
f07c,
f826,
fe0f,
019d,
07f2,
0f2b,
12d8,
1272,
0dec,
0944,
05b6,
0240,
fa86,
f66d,
f89a,
fa5c,
f9ba,
f8aa,
f8d0,
f90a,
fbac,
ff6c,
02e4,
0483,
038a,
01e7,
0245,
04c8,
053b,
034d,
0010,
fd5c,
fd02,
fe50,
ff3d,
ff61,
feab,
fc1d,
fa9d,
fbe3,
fd91,
fd0b,
fbcd,
fd15,
0052,
0352,
04cb,
04f8,
0456,
032c,
01c3,
004c,
ff3e,
fe95,
fdf5,
fd3e,
fca4,
fc5c,
fcb9,
fe09,
ffcf,
010a,
00f7,
0021,
ffd1,
005f,
0142,
01ca,
01ac,
0115,
006e,
000f,
0048,
00d7,
00e5,
0019,
ff02,
fe57,
fffe,
fffe,
ffff,
0000,
0000,
ffff,
fffe,
fffe,
0000,
0004,
0006,
0004,
0000,
fffc,
fffa,
fffa,
ffff,
0002,
0003,
fffe,
fffc,
fffb,
000a,
0002,
000c,
fff2,
0008,
ffea,
0015,
ffe7,
0022,
ffcc,
021e,
0acf,
1308,
0ce4,
e49f,
d12f,
00ac,
2ce7,
2b02,
17f0,
05d3,
fbe4,
fecd,
011b,
f07d,
de2f,
ddf1,
e686,
f07c,
f826,
fe0f,
019d,
07f2,
0f2b,
12d8,
1272,
0dec,
0944,
05b6,
0240,
fa86,
f66d,
f89a,
fa5c,
f9ba,
f8aa,
f8d0,
f90a,
fbac,
ff6c,
02e4,
0483,
038a,
01e7,
0245,
04c8,
053b,
034d,
0010,
fd5c,
fd02,
fe50,
ff3d,
ff61,
feab,
fc1d,
fa9d,
fbe3,
fd91,
fd0b,
fbcd,
fd15,
0052,
0352,
04cb,
04f8,
0456,
032c,
01c3,
004c,
ff3e,
fe95,
fdf5,
fd3e,
fca4,
fc5c,
fcb9,
fe09,
ffcf,
010a,
00f7,
0021,
ffd1,
005f,
0142,
01ca,
01ac,
0115,
006e,
000f,
0048,
00d7,
00e5,
0019,
ff02,
fe57,
ffff,
ffff,
0000,
ffff,
ffff,
fffd,
fffd,
0000,
0003,
0006,
0004,
0001,
fffb,
fff9,
fff9,
fffd,
0001,
0003,
fffe,
fffc,
fff7,
000a,
0002,
000d,
fff2,
0005,
ffec,
000b,
fff6,
000b,
ffec,
0126,
0a25,
1416,
130c,
ea87,
c922,
f688,
2e02,
2fa0,
1b27,
0848,
fc8b,
fe0b,
019b,
f162,
dbc3,
da43,
e31e,
eea0,
f801,
feb8,
0259,
0853,
1091,
141c,
13a1,
0e8c,
093c,
0571,
02d4,
fb3e,
f593,
f7f8,
fa4b,
f9b2,
f847,
f882,
f868,
fabc,
fef2,
02d4,
0512,
043e,
0256,
022e,
0533,
0670,
0462,
003d,
fc77,
fc25,
fdc8,
feb8,
feec,
ff0f,
fcd4,
fa5b,
fbb7,
fe88,
fd60,
fac4,
fc65,
001a,
030d,
04af,
04f2,
045c,
03b9,
02a4,
00c9,
ffb1,
ff0d,
fe1a,
fd33,
fc60,
fbd3,
fc3f,
fdbe,
ff95,
011a,
0147,
003e,
ffb2,
005b,
0160,
01c6,
0177,
00c1,
0019,
fff6,
0076,
0128,
012f,
0038,
fefa,
fe5c,
fe9d,
ffff,
ffff,
0000,
fffe,
fffd,
fffc,
ffff,
0003,
0007,
0006,
0002,
fffc,
fff9,
fff8,
fffc,
0000,
0003,
ffff,
fffd,
fff7,
0008,
0005,
000a,
fffb,
fffa,
fffd,
fff2,
0016,
ffe0,
002e,
000b,
081a,
137b,
18c5,
f79b,
c582,
e4de,
2952,
34a2,
1fb0,
0cdc,
fe6c,
fd70,
0290,
f44a,
db5d,
d6c5,
deb2,
ea69,
f64d,
fe67,
037a,
08bb,
111e,
1586,
159a,
0fd2,
0988,
058d,
030a,
fc51,
f501,
f6d6,
fa0b,
fa33,
f83e,
f7de,
f7d9,
f9c0,
fe20,
0217,
0527,
04ee,
0327,
0251,
0516,
076b,
0614,
0152,
fc00,
fb83,
fd1d,
fdba,
fe00,
feda,
fdb5,
faac,
fac8,
fe89,
feed,
fb14,
fb66,
ffa1,
02ec,
0473,
04e5,
0454,
03ca,
0351,
015e,
ffdc,
ff67,
fe94,
fd64,
fc49,
fb8b,
fbcf,
fd48,
ff11,
00d0,
0188,
00ac,
ffd0,
0059,
0183,
01ed,
017b,
008d,
ffcd,
ffc8,
005a,
0119,
014a,
0068,
ff08,
fe55,
feb2,
ff6b,
ffff,
ffff,
0000,
fffe,
fffd,
fffc,
ffff,
0003,
0007,
0006,
0002,
fffc,
fff9,
fff8,
fffc,
0000,
0003,
ffff,
fffd,
fff7,
0008,
0005,
000a,
fffb,
fffa,
fffd,
fff2,
0016,
ffe0,
002e,
000b,
081a,
137b,
18c5,
f79b,
c582,
e4de,
2952,
34a2,
1fb0,
0cdc,
fe6c,
fd70,
0290,
f44a,
db5d,
d6c5,
deb2,
ea69,
f64d,
fe67,
037a,
08bb,
111e,
1586,
159a,
0fd2,
0988,
058d,
030a,
fc51,
f501,
f6d6,
fa0b,
fa33,
f83e,
f7de,
f7d9,
f9c0,
fe20,
0217,
0527,
04ee,
0327,
0251,
0516,
076b,
0614,
0152,
fc00,
fb83,
fd1d,
fdba,
fe00,
feda,
fdb5,
faac,
fac8,
fe89,
feed,
fb14,
fb66,
ffa1,
02ec,
0473,
04e5,
0454,
03ca,
0351,
015e,
ffdc,
ff67,
fe94,
fd64,
fc49,
fb8b,
fbcf,
fd48,
ff11,
00d0,
0188,
00ac,
ffd0,
0059,
0183,
01ed,
017b,
008d,
ffcd,
ffc8,
005a,
0119,
014a,
0068,
ff08,
fe55,
feb2,
ff6b,
ffff,
ffff,
0000,
fffe,
fffd,
fffc,
ffff,
0003,
0007,
0006,
0002,
fffc,
fff9,
fff8,
fffc,
0000,
0003,
ffff,
fffd,
fff7,
0008,
0005,
000a,
fffb,
fffa,
fffd,
fff2,
0016,
ffe0,
002e,
000b,
081a,
137b,
18c5,
f79b,
c582,
e4de,
2952,
34a2,
1fb0,
0cdc,
fe6c,
fd70,
0290,
f44a,
db5d,
d6c5,
deb2,
ea69,
f64d,
fe67,
037a,
08bb,
111e,
1586,
159a,
0fd2,
0988,
058d,
030a,
fc51,
f501,
f6d6,
fa0b,
fa33,
f83e,
f7de,
f7d9,
f9c0,
fe20,
0217,
0527,
04ee,
0327,
0251,
0516,
076b,
0614,
0152,
fc00,
fb83,
fd1d,
fdba,
fe00,
feda,
fdb5,
faac,
fac8,
fe89,
feed,
fb14,
fb66,
ffa1,
02ec,
0473,
04e5,
0454,
03ca,
0351,
015e,
ffdc,
ff67,
fe94,
fd64,
fc49,
fb8b,
fbcf,
fd48,
ff11,
00d0,
0188,
00ac,
ffd0,
0059,
0183,
01ed,
017b,
008d,
ffcd,
ffc8,
005a,
0119,
014a,
0068,
ff08,
fe55,
feb2,
ff6b,
0000,
0000,
0000,
fffe,
fffd,
ffff,
0003,
0007,
0007,
0003,
fffe,
fff9,
fff8,
fffa,
0000,
0002,
0001,
fffd,
fffa,
ffff,
000f,
0002,
000b,
ffea,
0011,
ffda,
002e,
ffc7,
0053,
ff86,
04d2,
112f,
1b5d,
0936,
ccaf,
ce9a,
1a9d,
38e7,
2577,
12ac,
02ff,
fca9,
0310,
fa0f,
ddae,
d41a,
dadb,
e434,
f216,
fc0a,
02d4,
094c,
11d6,
162b,
179b,
1313,
0a73,
05f4,
03a9,
fdde,
f4b3,
f505,
f94e,
fa8b,
f916,
f797,
f740,
f881,
fd1f,
0115,
048e,
0550,
03c2,
029c,
04b1,
07da,
077e,
0354,
fcb4,
fafc,
fcb3,
fd0d,
fcf8,
fdd8,
fe03,
fbb6,
fa8c,
fcf8,
ff78,
fd34,
fb58,
fe60,
024d,
0451,
0501,
04a4,
038e,
033f,
0227,
0040,
ff68,
feec,
fdd7,
fc85,
fba8,
fb8e,
fcb6,
fe77,
0030,
0164,
0123,
0030,
004a,
0177,
021a,
01b9,
00ac,
ffb9,
ffa4,
001f,
00c7,
0115,
008a,
ff59,
fe77,
fe95,
ff50,
ffe2,
0000,
0000,
ffff,
fffd,
fffe,
0002,
0006,
0009,
0004,
ffff,
fff9,
fff8,
fff8,
fffe,
0001,
0003,
fffc,
fffc,
fff7,
0011,
0001,
0010,
ffec,
000b,
ffe6,
000f,
fff2,
000e,
ffee,
0134,
0cbb,
1997,
18e0,
e402,
bde1,
fcc2,
3728,
2d32,
1893,
0a3d,
fe9c,
01f3,
00df,
e5aa,
d285,
d7c2,
deb9,
eaf2,
f793,
ff35,
06e7,
1180,
17e1,
1889,
16dc,
0e32,
0723,
0495,
009c,
f626,
f254,
f778,
fa20,
fa03,
f811,
f6ea,
f73d,
fb9a,
ffea,
0357,
057d,
042e,
02d3,
0409,
07ae,
0870,
0550,
ff06,
fb29,
fc2d,
fcdc,
fc73,
fc9a,
fd6a,
fc56,
fb23,
fbef,
fe18,
feae,
fd18,
fdaf,
00e1,
03d1,
04f3,
0506,
040b,
02ea,
023a,
00dd,
ff9c,
ff07,
fe53,
fcf8,
fbf8,
fbb2,
fc29,
fdb5,
ff9a,
00f8,
012f,
0095,
0067,
013f,
0219,
01fd,
010b,
0001,
ffaf,
ffea,
0063,
00af,
0073,
ffac,
fed2,
fe9b,
ff0d,
ffb6,
fff5,
0000,
0000,
ffff,
fffd,
fffe,
0002,
0006,
0009,
0004,
ffff,
fff9,
fff8,
fff8,
fffe,
0001,
0003,
fffc,
fffc,
fff7,
0011,
0001,
0010,
ffec,
000b,
ffe6,
000f,
fff2,
000e,
ffee,
0134,
0cbb,
1997,
18e0,
e402,
bde1,
fcc2,
3728,
2d32,
1893,
0a3d,
fe9c,
01f3,
00df,
e5aa,
d285,
d7c2,
deb9,
eaf2,
f793,
ff35,
06e7,
1180,
17e1,
1889,
16dc,
0e32,
0723,
0495,
009c,
f626,
f254,
f778,
fa20,
fa03,
f811,
f6ea,
f73d,
fb9a,
ffea,
0357,
057d,
042e,
02d3,
0409,
07ae,
0870,
0550,
ff06,
fb29,
fc2d,
fcdc,
fc73,
fc9a,
fd6a,
fc56,
fb23,
fbef,
fe18,
feae,
fd18,
fdaf,
00e1,
03d1,
04f3,
0506,
040b,
02ea,
023a,
00dd,
ff9c,
ff07,
fe53,
fcf8,
fbf8,
fbb2,
fc29,
fdb5,
ff9a,
00f8,
012f,
0095,
0067,
013f,
0219,
01fd,
010b,
0001,
ffaf,
ffea,
0063,
00af,
0073,
ffac,
fed2,
fe9b,
ff0d,
ffb6,
fff5,
0000,
0000,
ffff,
fffd,
fffe,
0002,
0006,
0009,
0004,
ffff,
fff9,
fff8,
fff8,
fffe,
0001,
0003,
fffc,
fffc,
fff7,
0011,
0001,
0010,
ffec,
000b,
ffe6,
000f,
fff2,
000e,
ffee,
0134,
0cbb,
1997,
18e0,
e402,
bde1,
fcc2,
3728,
2d32,
1893,
0a3d,
fe9c,
01f3,
00df,
e5aa,
d285,
d7c2,
deb9,
eaf2,
f793,
ff35,
06e7,
1180,
17e1,
1889,
16dc,
0e32,
0723,
0495,
009c,
f626,
f254,
f778,
fa20,
fa03,
f811,
f6ea,
f73d,
fb9a,
ffea,
0357,
057d,
042e,
02d3,
0409,
07ae,
0870,
0550,
ff06,
fb29,
fc2d,
fcdc,
fc73,
fc9a,
fd6a,
fc56,
fb23,
fbef,
fe18,
feae,
fd18,
fdaf,
00e1,
03d1,
04f3,
0506,
040b,
02ea,
023a,
00dd,
ff9c,
ff07,
fe53,
fcf8,
fbf8,
fbb2,
fc29,
fdb5,
ff9a,
00f8,
012f,
0095,
0067,
013f,
0219,
01fd,
010b,
0001,
ffaf,
ffea,
0063,
00af,
0073,
ffac,
fed2,
fe9b,
ff0d,
ffb6,
fff5,
0000,
0000,
fffd,
fffc,
ffff,
0004,
0008,
0007,
0002,
fffc,
fff8,
fff8,
fffb,
0001,
0002,
0001,
fffc,
fff8,
0002,
000e,
0004,
0009,
ffea,
0011,
ffd7,
0032,
ffbb,
0061,
ff75,
0625,
1441,
1ed3,
0522,
c496,
d465,
2442,
3656,
1f65,
116a,
0466,
00a1,
0619,
f36c,
d5b4,
d3de,
db1c,
e2fc,
f157,
f9f8,
011f,
0ca5,
17aa,
1a7d,
1a3d,
1375,
0a4a,
06c4,
03b3,
fab6,
f15c,
f3ac,
f860,
fa18,
f8f6,
f6e0,
f651,
f964,
feae,
01ca,
04e6,
04fd,
031a,
032b,
069e,
0915,
06ce,
01b2,
fcd8,
fc27,
fcb0,
fc69,
fc0f,
fc74,
fc3c,
fb4c,
fbd5,
fce4,
fe23,
fe77,
fe7f,
ffea,
02a4,
049d,
04f4,
04a5,
0378,
023b,
0110,
ffe3,
ff19,
fea6,
fdbb,
fc62,
fbd9,
fbfa,
fce7,
fec4,
0090,
0127,
00b2,
007f,
010d,
01dd,
0222,
0188,
0083,
ffe9,
ffd6,
0010,
0057,
0044,
ffd0,
ff20,
febb,
fee7,
ff68,
ffcd,
ffbe,
0000,
fffe,
fffd,
fffd,
0001,
0005,
0008,
0004,
ffff,
fff9,
fff8,
fff8,
fffd,
0000,
0001,
fffc,
fffc,
fff7,
000e,
0003,
000d,
fff2,
0002,
fff2,
fffe,
0006,
ffec,
001a,
0074,
0bb8,
1a64,
1c71,
ea94,
bcc8,
f5e1,
3477,
2bc3,
1765,
0c59,
0227,
05f0,
038a,
e43c,
d09e,
d787,
dd00,
e811,
f50d,
faab,
036e,
11b9,
1a3b,
1bf0,
1a46,
100c,
08d9,
07a6,
01f1,
f53c,
f05c,
f523,
f830,
f969,
f77d,
f57a,
f6e0,
fc5a,
006a,
0349,
059d,
03ff,
02c0,
04c5,
089c,
0861,
0415,
ff25,
fce4,
fd2b,
fca4,
fc03,
fbe2,
fc0d,
fb31,
fb37,
fc5c,
fd58,
fe44,
fedd,
fff0,
01ba,
03da,
04a1,
04ab,
044e,
02fe,
0177,
001a,
ff43,
fec3,
fe49,
fd2d,
fc23,
fbe9,
fc4e,
fdb6,
ffbb,
0106,
00eb,
0081,
00cf,
0188,
020e,
01e4,
0120,
006a,
0001,
ffd5,
0004,
002d,
ffe8,
ff5a,
fedb,
fec2,
ff0d,
ff83,
ffd1,
ffb2,
0000,
fffe,
fffd,
fffd,
0001,
0005,
0008,
0004,
ffff,
fff9,
fff8,
fff8,
fffd,
0000,
0001,
fffc,
fffc,
fff7,
000e,
0003,
000d,
fff2,
0002,
fff2,
fffe,
0006,
ffec,
001a,
0074,
0bb8,
1a64,
1c71,
ea94,
bcc8,
f5e1,
3477,
2bc3,
1765,
0c59,
0227,
05f0,
038a,
e43c,
d09e,
d787,
dd00,
e811,
f50d,
faab,
036e,
11b9,
1a3b,
1bf0,
1a46,
100c,
08d9,
07a6,
01f1,
f53c,
f05c,
f523,
f830,
f969,
f77d,
f57a,
f6e0,
fc5a,
006a,
0349,
059d,
03ff,
02c0,
04c5,
089c,
0861,
0415,
ff25,
fce4,
fd2b,
fca4,
fc03,
fbe2,
fc0d,
fb31,
fb37,
fc5c,
fd58,
fe44,
fedd,
fff0,
01ba,
03da,
04a1,
04ab,
044e,
02fe,
0177,
001a,
ff43,
fec3,
fe49,
fd2d,
fc23,
fbe9,
fc4e,
fdb6,
ffbb,
0106,
00eb,
0081,
00cf,
0188,
020e,
01e4,
0120,
006a,
0001,
ffd5,
0004,
002d,
ffe8,
ff5a,
fedb,
fec2,
ff0d,
ff83,
ffd1,
ffb2,
0000,
fffe,
fffd,
fffd,
0001,
0005,
0008,
0004,
ffff,
fff9,
fff8,
fff8,
fffd,
0000,
0001,
fffc,
fffc,
fff7,
000e,
0003,
000d,
fff2,
0002,
fff2,
fffe,
0006,
ffec,
001a,
0074,
0bb8,
1a64,
1c71,
ea94,
bcc8,
f5e1,
3477,
2bc3,
1765,
0c59,
0227,
05f0,
038a,
e43c,
d09e,
d787,
dd00,
e811,
f50d,
faab,
036e,
11b9,
1a3b,
1bf0,
1a46,
100c,
08d9,
07a6,
01f1,
f53c,
f05c,
f523,
f830,
f969,
f77d,
f57a,
f6e0,
fc5a,
006a,
0349,
059d,
03ff,
02c0,
04c5,
089c,
0861,
0415,
ff25,
fce4,
fd2b,
fca4,
fc03,
fbe2,
fc0d,
fb31,
fb37,
fc5c,
fd58,
fe44,
fedd,
fff0,
01ba,
03da,
04a1,
04ab,
044e,
02fe,
0177,
001a,
ff43,
fec3,
fe49,
fd2d,
fc23,
fbe9,
fc4e,
fdb6,
ffbb,
0106,
00eb,
0081,
00cf,
0188,
020e,
01e4,
0120,
006a,
0001,
ffd5,
0004,
002d,
ffe8,
ff5a,
fedb,
fec2,
ff0d,
ff83,
ffd1,
ffb2,
0001,
fffe,
fffc,
fffe,
0002,
0007,
0008,
0003,
fffe,
fff9,
fff9,
fffa,
0000,
0000,
0001,
fffc,
fffc,
fffb,
0011,
0000,
0010,
ffea,
0010,
ffe0,
001e,
ffdd,
0028,
ffb8,
0254,
100a,
1e1b,
142c,
d7b3,
c4ce,
0d6b,
360c,
2371,
131e,
0865,
031e,
0a14,
fd63,
db25,
d19f,
d940,
deaa,
ec42,
f621,
faf3,
05f4,
13eb,
1ace,
1ccf,
1897,
0e32,
09d6,
0843,
ffd1,
f31b,
f0d4,
f58f,
f82d,
f80e,
f56b,
f4be,
f845,
fe1b,
0151,
046a,
0592,
034e,
0314,
0686,
095c,
06a7,
01e6,
fe6d,
fd8e,
fd6b,
fc9e,
fc0e,
fbaf,
fb73,
faee,
fb5e,
fc6b,
fdc2,
fe9d,
ff36,
00e3,
031f,
0474,
0448,
045a,
0417,
02b6,
00d5,
ff6c,
fef5,
fea3,
fdf8,
fcc3,
fc02,
fc06,
fcb9,
fe6c,
004a,
010a,
00ac,
0098,
0125,
01c7,
0210,
01a5,
00f1,
0071,
000b,
ffcf,
ffee,
0006,
ffaf,
ff19,
fea7,
fea3,
ff06,
ff9d,
fff6,
ffcd,
ffff,
fffd,
fffc,
ffff,
0004,
0007,
0007,
0002,
fffe,
fffa,
fffa,
fffb,
ffff,
0000,
0000,
fffb,
fffb,
ffff,
0010,
0001,
000b,
ffeb,
0010,
ffe0,
0023,
ffd4,
0038,
ff9b,
0394,
124a,
1f2a,
0d11,
d0a3,
cdeb,
1704,
337c,
1f75,
10b3,
062c,
050b,
0c0a,
f93b,
d86e,
d3aa,
d9f4,
dfe0,
ee03,
f5fb,
fac0,
06ee,
1406,
1a71,
1cbf,
16d9,
0d60,
0b93,
0965,
fed7,
f351,
f202,
f595,
f803,
f6cd,
f361,
f458,
f95f,
fe5e,
017f,
050a,
053c,
02e1,
03b2,
07a3,
092f,
054a,
011d,
fec3,
fdf5,
fd5d,
fcc2,
fc53,
fba2,
fb15,
facc,
fb73,
fc84,
fdf4,
feca,
ff63,
0148,
03d0,
04c7,
0408,
03f3,
03e7,
02ab,
009b,
ff1a,
fec4,
fe96,
fde1,
fca0,
fbea,
fc11,
fd10,
fed5,
0072,
00e5,
0082,
00ab,
0153,
01e3,
0204,
018f,
00ef,
0073,
0010,
ffdc,
ffed,
ffed,
ff93,
feee,
fe68,
fe6b,
fefc,
ffbf,
0016,
ffe6,
ffff,
fffd,
fffc,
ffff,
0004,
0007,
0007,
0002,
fffe,
fffa,
fffa,
fffb,
ffff,
0000,
0000,
fffb,
fffb,
ffff,
0010,
0001,
000b,
ffeb,
0010,
ffe0,
0023,
ffd4,
0038,
ff9b,
0394,
124a,
1f2a,
0d11,
d0a3,
cdeb,
1704,
337c,
1f75,
10b3,
062c,
050b,
0c0a,
f93b,
d86e,
d3aa,
d9f4,
dfe0,
ee03,
f5fb,
fac0,
06ee,
1406,
1a71,
1cbf,
16d9,
0d60,
0b93,
0965,
fed7,
f351,
f202,
f595,
f803,
f6cd,
f361,
f458,
f95f,
fe5e,
017f,
050a,
053c,
02e1,
03b2,
07a3,
092f,
054a,
011d,
fec3,
fdf5,
fd5d,
fcc2,
fc53,
fba2,
fb15,
facc,
fb73,
fc84,
fdf4,
feca,
ff63,
0148,
03d0,
04c7,
0408,
03f3,
03e7,
02ab,
009b,
ff1a,
fec4,
fe96,
fde1,
fca0,
fbea,
fc11,
fd10,
fed5,
0072,
00e5,
0082,
00ab,
0153,
01e3,
0204,
018f,
00ef,
0073,
0010,
ffdc,
ffed,
ffed,
ff93,
feee,
fe68,
fe6b,
fefc,
ffbf,
0016,
ffe6,
ffff,
fffd,
fffc,
ffff,
0004,
0007,
0007,
0002,
fffe,
fffa,
fffa,
fffb,
ffff,
0000,
0000,
fffb,
fffb,
ffff,
0010,
0001,
000b,
ffeb,
0010,
ffe0,
0023,
ffd4,
0038,
ff9b,
0394,
124a,
1f2a,
0d11,
d0a3,
cdeb,
1704,
337c,
1f75,
10b3,
062c,
050b,
0c0a,
f93b,
d86e,
d3aa,
d9f4,
dfe0,
ee03,
f5fb,
fac0,
06ee,
1406,
1a71,
1cbf,
16d9,
0d60,
0b93,
0965,
fed7,
f351,
f202,
f595,
f803,
f6cd,
f361,
f458,
f95f,
fe5e,
017f,
050a,
053c,
02e1,
03b2,
07a3,
092f,
054a,
011d,
fec3,
fdf5,
fd5d,
fcc2,
fc53,
fba2,
fb15,
facc,
fb73,
fc84,
fdf4,
feca,
ff63,
0148,
03d0,
04c7,
0408,
03f3,
03e7,
02ab,
009b,
ff1a,
fec4,
fe96,
fde1,
fca0,
fbea,
fc11,
fd10,
fed5,
0072,
00e5,
0082,
00ab,
0153,
01e3,
0204,
018f,
00ef,
0073,
0010,
ffdc,
ffed,
ffed,
ff93,
feee,
fe68,
fe6b,
fefc,
ffbf,
0016,
ffe6,
fffe,
fffd,
fffc,
0000,
0004,
0007,
0006,
0002,
fffe,
fffa,
fff9,
fffa,
ffff,
0000,
0000,
fffb,
fffa,
0000,
000e,
0002,
0009,
ffef,
000c,
ffe5,
001b,
ffda,
002f,
ffa7,
037f,
122e,
1ebb,
0b5d,
d210,
d135,
166c,
3153,
1ec9,
0fc6,
056d,
062d,
0d05,
f964,
d9bf,
d520,
da96,
e076,
ed93,
f509,
fa03,
05ae,
12ac,
19ee,
1bf5,
15b7,
0d2a,
0c6f,
0b00,
0068,
f48b,
f2f6,
f654,
f7c8,
f5a3,
f26c,
f40c,
f937,
fdd1,
0120,
04d9,
04ee,
02a4,
03ea,
07e1,
08ac,
04d1,
019c,
ff93,
fe23,
fd4f,
fcf7,
fca0,
fbde,
fb2d,
faa5,
fb5b,
fcb3,
fdfa,
fea5,
ff46,
0129,
03c5,
04f0,
040a,
0397,
03b2,
02c9,
00ce,
ff3b,
feb6,
fe7e,
fdf8,
fcd1,
fbf3,
fc06,
fd14,
fed9,
0061,
00c8,
006a,
009d,
0151,
01de,
0202,
019e,
0106,
0080,
001d,
fff0,
fffb,
ffee,
ff87,
fec9,
fe36,
fe43,
fee8,
ffc2,
0023,
fff6,
ffff,
fffd,
fffd,
ffff,
0003,
0006,
0006,
0002,
fffe,
fffa,
fff9,
fffa,
ffff,
0000,
0000,
fffc,
fffa,
fffd,
000d,
0003,
0009,
fff2,
0007,
ffee,
0010,
ffeb,
0016,
ffcc,
0229,
0f7e,
1d63,
0f85,
da53,
ce8d,
0d1b,
2f8e,
20dc,
10a2,
05d3,
0611,
0dbc,
fe00,
de60,
d61a,
db0e,
e04a,
ebc6,
f36c,
f833,
029f,
0f94,
18b1,
1b8a,
1586,
0d2d,
0c72,
0c5a,
03ce,
f790,
f39e,
f6ce,
f84f,
f531,
f20c,
f40e,
f837,
fc48,
003c,
0401,
0478,
0298,
039b,
0715,
082b,
0541,
02ce,
00c9,
fe87,
fd50,
fd1f,
fd0b,
fc45,
fb7b,
faba,
fb30,
fc99,
fddc,
fe74,
fee2,
0087,
0324,
04d9,
0435,
0365,
037c,
02f5,
014a,
ffb4,
feea,
fe75,
fe1c,
fd40,
fc3f,
fbf9,
fcc3,
fe73,
0011,
00ab,
0066,
007d,
011a,
01af,
0202,
01cb,
0139,
00a8,
0041,
000a,
000a,
fffb,
ff8e,
fec8,
fe20,
fe22,
febf,
ff9a,
0012,
ffff,
ffff,
fffd,
fffd,
ffff,
0003,
0006,
0006,
0002,
fffe,
fffa,
fff9,
fffa,
ffff,
0000,
0000,
fffc,
fffa,
fffd,
000d,
0003,
0009,
fff2,
0007,
ffee,
0010,
ffeb,
0016,
ffcc,
0229,
0f7e,
1d63,
0f85,
da53,
ce8d,
0d1b,
2f8e,
20dc,
10a2,
05d3,
0611,
0dbc,
fe00,
de60,
d61a,
db0e,
e04a,
ebc6,
f36c,
f833,
029f,
0f94,
18b1,
1b8a,
1586,
0d2d,
0c72,
0c5a,
03ce,
f790,
f39e,
f6ce,
f84f,
f531,
f20c,
f40e,
f837,
fc48,
003c,
0401,
0478,
0298,
039b,
0715,
082b,
0541,
02ce,
00c9,
fe87,
fd50,
fd1f,
fd0b,
fc45,
fb7b,
faba,
fb30,
fc99,
fddc,
fe74,
fee2,
0087,
0324,
04d9,
0435,
0365,
037c,
02f5,
014a,
ffb4,
feea,
fe75,
fe1c,
fd40,
fc3f,
fbf9,
fcc3,
fe73,
0011,
00ab,
0066,
007d,
011a,
01af,
0202,
01cb,
0139,
00a8,
0041,
000a,
000a,
fffb,
ff8e,
fec8,
fe20,
fe22,
febf,
ff9a,
0012,
ffff,
ffff,
fffd,
fffd,
ffff,
0003,
0006,
0006,
0002,
fffe,
fffa,
fff9,
fffa,
ffff,
0000,
0000,
fffc,
fffa,
fffd,
000d,
0003,
0009,
fff2,
0007,
ffee,
0010,
ffeb,
0016,
ffcc,
0229,
0f7e,
1d63,
0f85,
da53,
ce8d,
0d1b,
2f8e,
20dc,
10a2,
05d3,
0611,
0dbc,
fe00,
de60,
d61a,
db0e,
e04a,
ebc6,
f36c,
f833,
029f,
0f94,
18b1,
1b8a,
1586,
0d2d,
0c72,
0c5a,
03ce,
f790,
f39e,
f6ce,
f84f,
f531,
f20c,
f40e,
f837,
fc48,
003c,
0401,
0478,
0298,
039b,
0715,
082b,
0541,
02ce,
00c9,
fe87,
fd50,
fd1f,
fd0b,
fc45,
fb7b,
faba,
fb30,
fc99,
fddc,
fe74,
fee2,
0087,
0324,
04d9,
0435,
0365,
037c,
02f5,
014a,
ffb4,
feea,
fe75,
fe1c,
fd40,
fc3f,
fbf9,
fcc3,
fe73,
0011,
00ab,
0066,
007d,
011a,
01af,
0202,
01cb,
0139,
00a8,
0041,
000a,
000a,
fffb,
ff8e,
fec8,
fe20,
fe22,
febf,
ff9a,
0012,
ffff,
0000,
fffe,
fffd,
fffd,
0001,
0005,
0006,
0003,
ffff,
fffc,
fffa,
fffa,
fffd,
ffff,
0000,
fffd,
fffa,
fffb,
0009,
0005,
0006,
fffa,
fffe,
fffb,
fffd,
0004,
fff4,
0004,
008e,
0a83,
1a20,
166c,
e9c0,
cba5,
fb18,
2ae0,
2536,
1394,
0765,
0520,
0d7b,
057c,
e703,
d7aa,
db10,
dfb2,
e93f,
f19a,
f5aa,
fdf8,
0aad,
15c1,
1ae6,
16c3,
0dce,
0b8d,
0d1f,
07b8,
fc1c,
f562,
f6dc,
f8c4,
f61e,
f286,
f3e3,
f755,
fa65,
fe52,
027d,
03e6,
0276,
02e7,
0599,
073d,
0604,
0460,
0269,
ff78,
fda5,
fd44,
fd81,
fce8,
fbf3,
fb07,
fb14,
fc56,
fd8c,
fe33,
fe68,
ff8d,
01ed,
0435,
0462,
0374,
0357,
031c,
01e3,
006b,
ff72,
feaf,
fe4f,
fdd1,
fcc9,
fc10,
fc63,
fdc8,
ff69,
005a,
0064,
0058,
00c3,
015a,
01e5,
01ff,
0185,
00e8,
007d,
003a,
0020,
000d,
ffad,
fef0,
fe31,
fe0c,
fe8b,
ff57,
ffe9,
fff9,
0001,
0000,
fffe,
fffe,
0000,
0004,
0007,
0005,
0001,
fffe,
fffb,
fffa,
fffc,
ffff,
0000,
0000,
fffd,
fffc,
0002,
000a,
0004,
0004,
fff6,
0005,
fff1,
0010,
ffea,
001b,
ffd3,
04c1,
13ac,
1aea,
fe5a,
d198,
e3be,
1d50,
2a04,
191a,
0a96,
045b,
0b14,
0c88,
f450,
dc74,
daa0,
def4,
e628,
ef73,
f39b,
f8b8,
03dc,
1081,
18db,
1865,
1028,
0ab6,
0c53,
0b29,
01cb,
f889,
f744,
f8f9,
f759,
f41b,
f422,
f687,
f8d2,
fc08,
0006,
02d3,
027b,
020f,
03bf,
05b1,
0648,
05e3,
0446,
00f7,
fe7e,
fda1,
fdd1,
fdb1,
fcb3,
fb7b,
fb01,
fc04,
fd47,
fde7,
fde4,
fe81,
005c,
02cc,
042a,
03c0,
0346,
0329,
0283,
0143,
002b,
ff43,
feb2,
fe5b,
fd73,
fc6d,
fc32,
fd09,
fe79,
ffbb,
0038,
0033,
0063,
00ec,
019e,
0213,
01e1,
013a,
00b7,
0075,
004a,
0028,
ffd5,
ff31,
fe70,
fe15,
fe59,
ff00,
ffa9,
ffe8,
0001,
0000,
fffe,
fffe,
0000,
0004,
0007,
0005,
0001,
fffe,
fffb,
fffa,
fffc,
ffff,
0000,
0000,
fffd,
fffc,
0002,
000a,
0004,
0004,
fff6,
0005,
fff1,
0010,
ffea,
001b,
ffd3,
04c1,
13ac,
1aea,
fe5a,
d198,
e3be,
1d50,
2a04,
191a,
0a96,
045b,
0b14,
0c88,
f450,
dc74,
daa0,
def4,
e628,
ef73,
f39b,
f8b8,
03dc,
1081,
18db,
1865,
1028,
0ab6,
0c53,
0b29,
01cb,
f889,
f744,
f8f9,
f759,
f41b,
f422,
f687,
f8d2,
fc08,
0006,
02d3,
027b,
020f,
03bf,
05b1,
0648,
05e3,
0446,
00f7,
fe7e,
fda1,
fdd1,
fdb1,
fcb3,
fb7b,
fb01,
fc04,
fd47,
fde7,
fde4,
fe81,
005c,
02cc,
042a,
03c0,
0346,
0329,
0283,
0143,
002b,
ff43,
feb2,
fe5b,
fd73,
fc6d,
fc32,
fd09,
fe79,
ffbb,
0038,
0033,
0063,
00ec,
019e,
0213,
01e1,
013a,
00b7,
0075,
004a,
0028,
ffd5,
ff31,
fe70,
fe15,
fe59,
ff00,
ffa9,
ffe8,
0001,
0000,
fffe,
fffe,
0000,
0004,
0007,
0005,
0001,
fffe,
fffb,
fffa,
fffc,
ffff,
0000,
0000,
fffd,
fffc,
0002,
000a,
0004,
0004,
fff6,
0005,
fff1,
0010,
ffea,
001b,
ffd3,
04c1,
13ac,
1aea,
fe5a,
d198,
e3be,
1d50,
2a04,
191a,
0a96,
045b,
0b14,
0c88,
f450,
dc74,
daa0,
def4,
e628,
ef73,
f39b,
f8b8,
03dc,
1081,
18db,
1865,
1028,
0ab6,
0c53,
0b29,
01cb,
f889,
f744,
f8f9,
f759,
f41b,
f422,
f687,
f8d2,
fc08,
0006,
02d3,
027b,
020f,
03bf,
05b1,
0648,
05e3,
0446,
00f7,
fe7e,
fda1,
fdd1,
fdb1,
fcb3,
fb7b,
fb01,
fc04,
fd47,
fde7,
fde4,
fe81,
005c,
02cc,
042a,
03c0,
0346,
0329,
0283,
0143,
002b,
ff43,
feb2,
fe5b,
fd73,
fc6d,
fc32,
fd09,
fe79,
ffbb,
0038,
0033,
0063,
00ec,
019e,
0213,
01e1,
013a,
00b7,
0075,
004a,
0028,
ffd5,
ff31,
fe70,
fe15,
fe59,
ff00,
ffa9,
ffe8,
0001,
0001,
ffff,
fffe,
ffff,
0002,
0005,
0006,
0003,
0001,
fffc,
fffa,
fffa,
fffd,
0001,
0001,
fffd,
fffb,
fffd,
000a,
0006,
0005,
fffb,
fffd,
fffd,
fffd,
0004,
fff4,
0002,
00bf,
0a98,
18a9,
111f,
e6a8,
d2e9,
0189,
2877,
218e,
106e,
059b,
06fe,
0ee0,
03c7,
e80d,
db82,
de0e,
e323,
ebf9,
f24d,
f4c2,
fc13,
0889,
1410,
18a3,
13bb,
0bf2,
0a73,
0c44,
07d7,
fdd3,
f862,
f91e,
f899,
f5e8,
f524,
f663,
f7a7,
f9f6,
fd48,
0099,
0232,
01cb,
01fc,
037c,
0578,
06b6,
060e,
02f7,
ffe3,
fe78,
fe33,
fe56,
fda6,
fc3e,
fb2b,
fb9d,
fcf4,
fdc0,
fd8c,
fd82,
febb,
00dc,
030e,
03d3,
0370,
032a,
02fe,
022e,
0107,
0021,
ff65,
fed7,
fe1d,
fd15,
fc54,
fc79,
fd74,
fec2,
ffb6,
0001,
0018,
0077,
012a,
01e2,
0226,
01b8,
0105,
009f,
0071,
0046,
000a,
ff93,
fee4,
fe4f,
fe38,
fea6,
ff4f,
ffc9,
0000,
0001,
0001,
ffff,
fffe,
ffff,
0002,
0005,
0005,
0002,
ffff,
fffc,
fffb,
fffc,
ffff,
0001,
0001,
fffd,
fffc,
0001,
000b,
0003,
0006,
fff7,
0005,
fff4,
000c,
ffef,
0011,
ffd8,
02d8,
0f85,
1840,
02e9,
d9e5,
e16f,
14d4,
27e5,
19b7,
0a80,
047c,
0af7,
0df1,
fa66,
e2e7,
dda9,
e13f,
e770,
efdf,
f34c,
f5d8,
fefe,
0bc6,
154d,
1633,
0f98,
0a10,
0ab3,
0b71,
0508,
fc0f,
f944,
f987,
f7ce,
f67c,
f6f4,
f767,
f869,
fae0,
fdb9,
008e,
01cb,
013c,
0141,
0358,
062e,
0723,
0522,
01d4,
ffcb,
ff16,
fee6,
fe67,
fd3b,
fbf5,
fb75,
fc4b,
fd75,
fda1,
fd02,
fd48,
feeb,
011e,
02e5,
0379,
035d,
0334,
02d7,
0213,
012b,
0043,
ff81,
fecd,
fdd0,
fcd3,
fc66,
fcb4,
fd98,
fec4,
ff9d,
ffe5,
001b,
009c,
015a,
0202,
0226,
0198,
00d9,
0073,
0054,
0048,
0012,
ff7e,
fec1,
fe4c,
fe60,
feed,
ff8a,
0000,
0001,
0001,
ffff,
fffe,
ffff,
0002,
0005,
0005,
0002,
ffff,
fffc,
fffb,
fffc,
ffff,
0001,
0001,
fffd,
fffc,
0001,
000b,
0003,
0006,
fff7,
0005,
fff4,
000c,
ffef,
0011,
ffd8,
02d8,
0f85,
1840,
02e9,
d9e5,
e16f,
14d4,
27e5,
19b7,
0a80,
047c,
0af7,
0df1,
fa66,
e2e7,
dda9,
e13f,
e770,
efdf,
f34c,
f5d8,
fefe,
0bc6,
154d,
1633,
0f98,
0a10,
0ab3,
0b71,
0508,
fc0f,
f944,
f987,
f7ce,
f67c,
f6f4,
f767,
f869,
fae0,
fdb9,
008e,
01cb,
013c,
0141,
0358,
062e,
0723,
0522,
01d4,
ffcb,
ff16,
fee6,
fe67,
fd3b,
fbf5,
fb75,
fc4b,
fd75,
fda1,
fd02,
fd48,
feeb,
011e,
02e5,
0379,
035d,
0334,
02d7,
0213,
012b,
0043,
ff81,
fecd,
fdd0,
fcd3,
fc66,
fcb4,
fd98,
fec4,
ff9d,
ffe5,
001b,
009c,
015a,
0202,
0226,
0198,
00d9,
0073,
0054,
0048,
0012,
ff7e,
fec1,
fe4c,
fe60,
feed,
ff8a,
0000,
0001,
0001,
ffff,
fffe,
ffff,
0002,
0005,
0005,
0002,
ffff,
fffc,
fffb,
fffc,
ffff,
0001,
0001,
fffd,
fffc,
0001,
000b,
0003,
0006,
fff7,
0005,
fff4,
000c,
ffef,
0011,
ffd8,
02d8,
0f85,
1840,
02e9,
d9e5,
e16f,
14d4,
27e5,
19b7,
0a80,
047c,
0af7,
0df1,
fa66,
e2e7,
dda9,
e13f,
e770,
efdf,
f34c,
f5d8,
fefe,
0bc6,
154d,
1633,
0f98,
0a10,
0ab3,
0b71,
0508,
fc0f,
f944,
f987,
f7ce,
f67c,
f6f4,
f767,
f869,
fae0,
fdb9,
008e,
01cb,
013c,
0141,
0358,
062e,
0723,
0522,
01d4,
ffcb,
ff16,
fee6,
fe67,
fd3b,
fbf5,
fb75,
fc4b,
fd75,
fda1,
fd02,
fd48,
feeb,
011e,
02e5,
0379,
035d,
0334,
02d7,
0213,
012b,
0043,
ff81,
fecd,
fdd0,
fcd3,
fc66,
fcb4,
fd98,
fec4,
ff9d,
ffe5,
001b,
009c,
015a,
0202,
0226,
0198,
00d9,
0073,
0054,
0048,
0012,
ff7e,
fec1,
fe4c,
fe60,
feed,
ff8a,
0000,
ffff,
ffff,
0000,
fffe,
fffe,
ffff,
0002,
0004,
0003,
0001,
fffe,
fffc,
fffb,
fffc,
ffff,
0001,
ffff,
fffb,
fffb,
0003,
0008,
0003,
0000,
fff7,
0003,
fff3,
000e,
ffe8,
0019,
ffe8,
0530,
1227,
1458,
f6da,
d785,
f034,
1d98,
240b,
1405,
0743,
058a,
0d69,
0a9d,
f444,
e1f9,
e059,
e41b,
eaf3,
f205,
f379,
f6d9,
0142,
0d8d,
14b4,
1355,
0ce0,
0945,
0af1,
0aa6,
0322,
fb7c,
f9ab,
f93e,
f826,
f7d2,
f7dc,
f801,
f935,
fb37,
fdbd,
00aa,
017e,
0048,
00aa,
03f1,
06d0,
06a0,
0429,
019f,
0066,
ffb9,
feee,
fe02,
fd29,
fc1b,
fbaa,
fca8,
fd88,
fd4d,
fcc7,
fd46,
fee8,
0109,
02a7,
034d,
0374,
0354,
02e6,
0230,
014d,
005a,
ff7e,
fe89,
fd81,
fcc3,
fc77,
fcba,
fd99,
fece,
ffaa,
fff4,
002d,
00b0,
0169,
0203,
0212,
0176,
00b5,
0051,
0049,
005a,
0022,
ff7a,
febb,
fe64,
fe8e,
ff17,
0000,
fffe,
fffe,
fffe,
fffe,
fffd,
fffd,
ffff,
0001,
0002,
0001,
ffff,
fffc,
fffb,
fffa,
fffc,
ffff,
0000,
fffd,
fffa,
fffb,
0005,
0003,
0003,
fffb,
fffb,
fffd,
fff9,
0003,
fff1,
0009,
003e,
070a,
12be,
0f3c,
ef0a,
da86,
fb0e,
204b,
1fc4,
103c,
05e6,
06fc,
0e0d,
0745,
f14e,
e33e,
e31b,
e6a4,
ed9e,
f2e7,
f354,
f7ca,
02b6,
0dc7,
12f5,
10bd,
0b1a,
091a,
0b5d,
09f9,
0206,
fb60,
f9b3,
f98a,
f933,
f898,
f868,
f8b1,
f996,
fb13,
fdda,
00e0,
00b1,
ff2d,
00c6,
04b0,
06b1,
05f3,
03f9,
020f,
00db,
ffc1,
feb6,
fe0f,
fd3d,
fbf7,
fbc7,
fcd4,
fd71,
fd2d,
fcdb,
fd3c,
feb4,
00da,
0260,
0333,
03b8,
0397,
02d6,
0221,
017a,
0060,
ff30,
fe46,
fd78,
fcc3,
fc6d,
fcc7,
fdc7,
fef9,
ffbd,
fff6,
0028,
009d,
013e,
01de,
0207,
0174,
00a8,
0038,
003e,
0066,
003d,
ff8c,
fec4,
fe7e,
feb6,
0000,
fffe,
fffe,
fffe,
fffe,
fffd,
fffd,
ffff,
0001,
0002,
0001,
ffff,
fffc,
fffb,
fffa,
fffc,
ffff,
0000,
fffd,
fffa,
fffb,
0005,
0003,
0003,
fffb,
fffb,
fffd,
fff9,
0003,
fff1,
0009,
003e,
070a,
12be,
0f3c,
ef0a,
da86,
fb0e,
204b,
1fc4,
103c,
05e6,
06fc,
0e0d,
0745,
f14e,
e33e,
e31b,
e6a4,
ed9e,
f2e7,
f354,
f7ca,
02b6,
0dc7,
12f5,
10bd,
0b1a,
091a,
0b5d,
09f9,
0206,
fb60,
f9b3,
f98a,
f933,
f898,
f868,
f8b1,
f996,
fb13,
fdda,
00e0,
00b1,
ff2d,
00c6,
04b0,
06b1,
05f3,
03f9,
020f,
00db,
ffc1,
feb6,
fe0f,
fd3d,
fbf7,
fbc7,
fcd4,
fd71,
fd2d,
fcdb,
fd3c,
feb4,
00da,
0260,
0333,
03b8,
0397,
02d6,
0221,
017a,
0060,
ff30,
fe46,
fd78,
fcc3,
fc6d,
fcc7,
fdc7,
fef9,
ffbd,
fff6,
0028,
009d,
013e,
01de,
0207,
0174,
00a8,
0038,
003e,
0066,
003d,
ff8c,
fec4,
fe7e,
feb6,
0000,
fffe,
fffe,
fffe,
fffe,
fffd,
fffd,
ffff,
0001,
0002,
0001,
ffff,
fffc,
fffb,
fffa,
fffc,
ffff,
0000,
fffd,
fffa,
fffb,
0005,
0003,
0003,
fffb,
fffb,
fffd,
fff9,
0003,
fff1,
0009,
003e,
070a,
12be,
0f3c,
ef0a,
da86,
fb0e,
204b,
1fc4,
103c,
05e6,
06fc,
0e0d,
0745,
f14e,
e33e,
e31b,
e6a4,
ed9e,
f2e7,
f354,
f7ca,
02b6,
0dc7,
12f5,
10bd,
0b1a,
091a,
0b5d,
09f9,
0206,
fb60,
f9b3,
f98a,
f933,
f898,
f868,
f8b1,
f996,
fb13,
fdda,
00e0,
00b1,
ff2d,
00c6,
04b0,
06b1,
05f3,
03f9,
020f,
00db,
ffc1,
feb6,
fe0f,
fd3d,
fbf7,
fbc7,
fcd4,
fd71,
fd2d,
fcdb,
fd3c,
feb4,
00da,
0260,
0333,
03b8,
0397,
02d6,
0221,
017a,
0060,
ff30,
fe46,
fd78,
fcc3,
fc6d,
fcc7,
fdc7,
fef9,
ffbd,
fff6,
0028,
009d,
013e,
01de,
0207,
0174,
00a8,
0038,
003e,
0066,
003d,
ff8c,
fec4,
fe7e,
feb6,
0001,
0001,
0000,
0000,
0000,
0000,
ffff,
ffff,
0000,
0002,
0003,
0003,
0001,
fffe,
fffc,
fffc,
fffe,
0000,
0002,
fffe,
fffe,
fffe,
0007,
0004,
0005,
fffb,
ffff,
fff9,
0003,
fffc,
0000,
fff8,
00af,
0820,
1206,
0aa0,
eb1c,
def0,
01a7,
2027,
1c66,
0e12,
058b,
07fb,
0da2,
04ea,
f091,
e561,
e580,
e8c0,
ef5e,
f31c,
f358,
f899,
0350,
0cfb,
1109,
0ece,
0a15,
0967,
0bc1,
0976,
016c,
fb13,
f9be,
fa5e,
f9f4,
f905,
f902,
f931,
f9a0,
fb17,
fe4e,
00a6,
ff8c,
feb6,
0175,
0524,
0661,
05a2,
0407,
023e,
00e4,
ffa0,
fea3,
fe0c,
fd04,
fbe6,
fc08,
fcfc,
fd78,
fd3b,
fd0e,
fd6c,
fe7c,
0077,
0264,
036f,
03c7,
0393,
02bf,
01e4,
0156,
004f,
fef3,
fe0c,
fd7a,
fcde,
fc97,
fd13,
fe22,
ff2a,
ffb4,
ffe5,
001f,
008d,
0122,
01bd,
01ed,
016a,
00aa,
003b,
003a,
005d,
0037,
ffa4,
fefb,
feae,
0001,
0001,
0000,
0000,
0000,
0000,
ffff,
ffff,
ffff,
0000,
0002,
0003,
0003,
0001,
fffd,
fffc,
fffc,
ffff,
0001,
0002,
fffe,
fffc,
fffe,
0006,
0002,
0004,
fffa,
0000,
fff8,
0005,
fff7,
0007,
ffed,
010f,
0878,
109b,
073a,
e9fc,
e30d,
04de,
1e95,
19f9,
0cfd,
059c,
085d,
0cd1,
03c0,
f158,
e7c1,
e783,
ea7a,
f078,
f31d,
f36c,
f90b,
0324,
0ba2,
0f45,
0d4b,
0988,
09ef,
0c17,
0919,
00ce,
fab0,
fa40,
fb44,
fa5a,
f95e,
f98c,
f987,
f9a2,
fb52,
fe7a,
ffd0,
fe9f,
ff23,
0274,
053e,
05db,
0542,
03ea,
024c,
00cd,
ff53,
fe68,
fdea,
fd09,
fc2e,
fc52,
fd0c,
fd92,
fd7f,
fd3d,
fd90,
fe95,
0048,
0232,
0381,
03b6,
0326,
025a,
019f,
010f,
002e,
feea,
fdec,
fd8d,
fd4d,
fd17,
fd6f,
fe46,
ff23,
ffad,
fff2,
0021,
0074,
00f4,
0181,
01bc,
015f,
00b3,
0037,
002b,
004c,
0036,
ffc7,
ff39,
0001,
0001,
0000,
0000,
0000,
0000,
ffff,
ffff,
ffff,
0000,
0002,
0003,
0003,
0001,
fffd,
fffc,
fffc,
ffff,
0001,
0002,
fffe,
fffc,
fffe,
0006,
0002,
0004,
fffa,
0000,
fff8,
0005,
fff7,
0007,
ffed,
010f,
0878,
109b,
073a,
e9fc,
e30d,
04de,
1e95,
19f9,
0cfd,
059c,
085d,
0cd1,
03c0,
f158,
e7c1,
e783,
ea7a,
f078,
f31d,
f36c,
f90b,
0324,
0ba2,
0f45,
0d4b,
0988,
09ef,
0c17,
0919,
00ce,
fab0,
fa40,
fb44,
fa5a,
f95e,
f98c,
f987,
f9a2,
fb52,
fe7a,
ffd0,
fe9f,
ff23,
0274,
053e,
05db,
0542,
03ea,
024c,
00cd,
ff53,
fe68,
fdea,
fd09,
fc2e,
fc52,
fd0c,
fd92,
fd7f,
fd3d,
fd90,
fe95,
0048,
0232,
0381,
03b6,
0326,
025a,
019f,
010f,
002e,
feea,
fdec,
fd8d,
fd4d,
fd17,
fd6f,
fe46,
ff23,
ffad,
fff2,
0021,
0074,
00f4,
0181,
01bc,
015f,
00b3,
0037,
002b,
004c,
0036,
ffc7,
ff39,
0001,
0001,
0000,
0000,
0000,
0000,
ffff,
ffff,
ffff,
0000,
0002,
0003,
0003,
0001,
fffd,
fffc,
fffc,
ffff,
0001,
0002,
fffe,
fffc,
fffe,
0006,
0002,
0004,
fffa,
0000,
fff8,
0005,
fff7,
0007,
ffed,
010f,
0878,
109b,
073a,
e9fc,
e30d,
04de,
1e95,
19f9,
0cfd,
059c,
085d,
0cd1,
03c0,
f158,
e7c1,
e783,
ea7a,
f078,
f31d,
f36c,
f90b,
0324,
0ba2,
0f45,
0d4b,
0988,
09ef,
0c17,
0919,
00ce,
fab0,
fa40,
fb44,
fa5a,
f95e,
f98c,
f987,
f9a2,
fb52,
fe7a,
ffd0,
fe9f,
ff23,
0274,
053e,
05db,
0542,
03ea,
024c,
00cd,
ff53,
fe68,
fdea,
fd09,
fc2e,
fc52,
fd0c,
fd92,
fd7f,
fd3d,
fd90,
fe95,
0048,
0232,
0381,
03b6,
0326,
025a,
019f,
010f,
002e,
feea,
fdec,
fd8d,
fd4d,
fd17,
fd6f,
fe46,
ff23,
ffad,
fff2,
0021,
0074,
00f4,
0181,
01bc,
015f,
00b3,
0037,
002b,
004c,
0036,
ffc7,
ff39,
0001,
0000,
0000,
0000,
ffff,
0000,
0000,
ffff,
fffe,
ffff,
ffff,
0001,
0002,
0002,
0000,
fffe,
fffd,
fffc,
fffe,
0000,
0001,
ffff,
fffd,
fffe,
0005,
0002,
0003,
fffa,
0001,
fff8,
0005,
fff5,
000c,
ffea,
0162,
0880,
0f0f,
049a,
e9ce,
e68b,
06ad,
1cc4,
1825,
0c69,
05ca,
0869,
0c01,
032a,
f279,
e9eb,
e95a,
ec0c,
f12e,
f2fe,
f397,
f969,
02b3,
0a53,
0db9,
0c09,
097f,
0aa5,
0c32,
0862,
ffd4,
fa94,
fb22,
fbdf,
fa84,
f9ca,
fa1e,
f9a5,
f9ac,
fbaf,
fe41,
feee,
feb3,
0055,
030a,
04b5,
0529,
04d8,
03a6,
0224,
0067,
fed0,
fe54,
fe35,
fd5b,
fc75,
fc9c,
fd42,
fdaf,
fda0,
fd91,
fe04,
fecb,
000f,
01d8,
0350,
034a,
0264,
01ce,
016f,
00ce,
ffe9,
ff0b,
fe4d,
fdeb,
fdc0,
fd91,
fdb8,
fe6a,
ff40,
ffb8,
ffeb,
0013,
0050,
00b7,
0133,
0171,
0137,
00b6,
0042,
0028,
0049,
0038,
ffde,
0001,
0002,
0001,
0001,
0000,
0000,
0000,
0000,
0000,
ffff,
ffff,
0000,
0002,
0003,
0002,
0001,
ffff,
fffe,
fffe,
ffff,
0001,
0001,
ffff,
fffd,
fffe,
0004,
0003,
0003,
fffb,
0001,
fff8,
0005,
fff6,
000f,
ffec,
01be,
087f,
0d92,
0224,
e9a6,
e9d7,
085b,
1b29,
1684,
0bcc,
05de,
0879,
0b69,
02a0,
f364,
ebe2,
eb11,
ed54,
f19b,
f2f3,
f3f9,
f9ba,
0259,
0964,
0c7a,
0b44,
09c2,
0b10,
0bd3,
070d,
feb2,
fb12,
fc1b,
fc14,
faab,
fa51,
fa57,
f998,
fa08,
fc16,
fe0e,
fed1,
ff79,
012b,
02e9,
03ea,
047c,
044a,
0322,
01af,
fffa,
feb7,
fea4,
fea1,
fdab,
fcd5,
fced,
fd46,
fdb3,
fe14,
fe31,
fe3c,
fed0,
0012,
016b,
026f,
028b,
01d9,
0146,
0119,
00ae,
ffee,
ff66,
fef9,
fe68,
fe04,
fe04,
fe39,
fe9c,
ff33,
ffad,
ffde,
ffeb,
0005,
005d,
00e8,
0137,
010d,
00a6,
0052,
003b,
0055,
0054,
0001,
0002,
0001,
0001,
0000,
0000,
0000,
0000,
0000,
ffff,
ffff,
0000,
0002,
0003,
0002,
0001,
ffff,
fffe,
fffe,
ffff,
0001,
0001,
ffff,
fffd,
fffe,
0004,
0003,
0003,
fffb,
0001,
fff8,
0005,
fff6,
000f,
ffec,
01be,
087f,
0d92,
0224,
e9a6,
e9d7,
085b,
1b29,
1684,
0bcc,
05de,
0879,
0b69,
02a0,
f364,
ebe2,
eb11,
ed54,
f19b,
f2f3,
f3f9,
f9ba,
0259,
0964,
0c7a,
0b44,
09c2,
0b10,
0bd3,
070d,
feb2,
fb12,
fc1b,
fc14,
faab,
fa51,
fa57,
f998,
fa08,
fc16,
fe0e,
fed1,
ff79,
012b,
02e9,
03ea,
047c,
044a,
0322,
01af,
fffa,
feb7,
fea4,
fea1,
fdab,
fcd5,
fced,
fd46,
fdb3,
fe14,
fe31,
fe3c,
fed0,
0012,
016b,
026f,
028b,
01d9,
0146,
0119,
00ae,
ffee,
ff66,
fef9,
fe68,
fe04,
fe04,
fe39,
fe9c,
ff33,
ffad,
ffde,
ffeb,
0005,
005d,
00e8,
0137,
010d,
00a6,
0052,
003b,
0055,
0054,
0001,
0002,
0001,
0001,
0000,
0000,
0000,
0000,
0000,
ffff,
ffff,
0000,
0002,
0003,
0002,
0001,
ffff,
fffe,
fffe,
ffff,
0001,
0001,
ffff,
fffd,
fffe,
0004,
0003,
0003,
fffb,
0001,
fff8,
0005,
fff6,
000f,
ffec,
01be,
087f,
0d92,
0224,
e9a6,
e9d7,
085b,
1b29,
1684,
0bcc,
05de,
0879,
0b69,
02a0,
f364,
ebe2,
eb11,
ed54,
f19b,
f2f3,
f3f9,
f9ba,
0259,
0964,
0c7a,
0b44,
09c2,
0b10,
0bd3,
070d,
feb2,
fb12,
fc1b,
fc14,
faab,
fa51,
fa57,
f998,
fa08,
fc16,
fe0e,
fed1,
ff79,
012b,
02e9,
03ea,
047c,
044a,
0322,
01af,
fffa,
feb7,
fea4,
fea1,
fdab,
fcd5,
fced,
fd46,
fdb3,
fe14,
fe31,
fe3c,
fed0,
0012,
016b,
026f,
028b,
01d9,
0146,
0119,
00ae,
ffee,
ff66,
fef9,
fe68,
fe04,
fe04,
fe39,
fe9c,
ff33,
ffad,
ffde,
ffeb,
0005,
005d,
00e8,
0137,
010d,
00a6,
0052,
003b,
0055,
0054,
0002,
0001,
0001,
0000,
0000,
0000,
0000,
0000,
0000,
0000,
ffff,
0000,
0001,
0002,
0003,
0002,
0000,
ffff,
fffe,
fffe,
ffff,
0000,
ffff,
ffff,
fffd,
ffff,
0003,
0003,
0001,
fffc,
0000,
fff9,
0005,
fff8,
0011,
fff5,
022e,
0891,
0c28,
ff84,
e946,
ed39,
0a46,
19cb,
14e6,
0b1b,
05f6,
08af,
0ae4,
01e2,
f3fa,
ed6a,
ec5b,
ee56,
f209,
f30c,
f45d,
fa4f,
0290,
08f9,
0bba,
0abb,
09b7,
0af7,
0aca,
053a,
fe32,
fc03,
fc7f,
fc10,
faf2,
fa81,
fa52,
f9ee,
fac1,
fcb0,
fe44,
ff08,
0005,
0160,
0256,
031f,
03c7,
038c,
0293,
0172,
0003,
fee5,
feed,
ff11,
fe00,
fcdf,
fcf3,
fda1,
fe14,
fe59,
fea7,
fe9d,
feb4,
ffa3,
00cc,
0179,
01b4,
0174,
00ee,
00cb,
00d1,
0061,
ffd2,
ff84,
ff0e,
fe79,
fe4e,
fe83,
fed0,
ff24,
ff66,
ff7e,
ff92,
ffc9,
0029,
00ab,
0105,
00f3,
00a0,
0067,
006e,
008c,
ffff,
0000,
0000,
0000,
ffff,
0000,
ffff,
ffff,
ffff,
ffff,
ffff,
ffff,
ffff,
0000,
0001,
0002,
0002,
0001,
ffff,
fffd,
fffd,
fffe,
0000,
ffff,
fffe,
fffb,
0000,
0002,
0004,
0000,
fffe,
fffe,
fffb,
0004,
fffb,
000e,
0011,
02d8,
08dc,
0aa8,
fc0e,
e888,
f170,
0d02,
18ac,
132f,
0a33,
0609,
0932,
0a62,
0076,
f3bc,
ee51,
ed5c,
ef57,
f25f,
f34b,
f567,
fba1,
0377,
0911,
0aec,
09d4,
0937,
0a41,
0987,
03e5,
fdd7,
fc66,
fcbd,
fc06,
faf9,
fac1,
fa99,
fab0,
fbf2,
fd60,
fe53,
ff24,
0020,
0100,
01b3,
0277,
0312,
0313,
027b,
0168,
0014,
ff3f,
ff35,
feee,
fdd4,
fd2a,
fd6f,
fde3,
fe5a,
fede,
ff16,
fe93,
fe23,
fee1,
003e,
00ee,
00f9,
0104,
00f1,
00ef,
0125,
00f8,
005c,
fff1,
ff8d,
fee1,
fe7d,
fe9b,
fec1,
fec6,
fee1,
ff22,
ff64,
ffa4,
000a,
0097,
00f5,
00ec,
00b5,
009c,
00a7,
ffff,
0000,
0000,
0000,
ffff,
0000,
ffff,
ffff,
ffff,
ffff,
ffff,
ffff,
ffff,
0000,
0001,
0002,
0002,
0001,
ffff,
fffd,
fffd,
fffe,
0000,
ffff,
fffe,
fffb,
0000,
0002,
0004,
0000,
fffe,
fffe,
fffb,
0004,
fffb,
000e,
0011,
02d8,
08dc,
0aa8,
fc0e,
e888,
f170,
0d02,
18ac,
132f,
0a33,
0609,
0932,
0a62,
0076,
f3bc,
ee51,
ed5c,
ef57,
f25f,
f34b,
f567,
fba1,
0377,
0911,
0aec,
09d4,
0937,
0a41,
0987,
03e5,
fdd7,
fc66,
fcbd,
fc06,
faf9,
fac1,
fa99,
fab0,
fbf2,
fd60,
fe53,
ff24,
0020,
0100,
01b3,
0277,
0312,
0313,
027b,
0168,
0014,
ff3f,
ff35,
feee,
fdd4,
fd2a,
fd6f,
fde3,
fe5a,
fede,
ff16,
fe93,
fe23,
fee1,
003e,
00ee,
00f9,
0104,
00f1,
00ef,
0125,
00f8,
005c,
fff1,
ff8d,
fee1,
fe7d,
fe9b,
fec1,
fec6,
fee1,
ff22,
ff64,
ffa4,
000a,
0097,
00f5,
00ec,
00b5,
009c,
00a7,
ffff,
0000,
0000,
0000,
ffff,
0000,
ffff,
ffff,
ffff,
ffff,
ffff,
ffff,
ffff,
0000,
0001,
0002,
0002,
0001,
ffff,
fffd,
fffd,
fffe,
0000,
ffff,
fffe,
fffb,
0000,
0002,
0004,
0000,
fffe,
fffe,
fffb,
0004,
fffb,
000e,
0011,
02d8,
08dc,
0aa8,
fc0e,
e888,
f170,
0d02,
18ac,
132f,
0a33,
0609,
0932,
0a62,
0076,
f3bc,
ee51,
ed5c,
ef57,
f25f,
f34b,
f567,
fba1,
0377,
0911,
0aec,
09d4,
0937,
0a41,
0987,
03e5,
fdd7,
fc66,
fcbd,
fc06,
faf9,
fac1,
fa99,
fab0,
fbf2,
fd60,
fe53,
ff24,
0020,
0100,
01b3,
0277,
0312,
0313,
027b,
0168,
0014,
ff3f,
ff35,
feee,
fdd4,
fd2a,
fd6f,
fde3,
fe5a,
fede,
ff16,
fe93,
fe23,
fee1,
003e,
00ee,
00f9,
0104,
00f1,
00ef,
0125,
00f8,
005c,
fff1,
ff8d,
fee1,
fe7d,
fe9b,
fec1,
fec6,
fee1,
ff22,
ff64,
ffa4,
000a,
0097,
00f5,
00ec,
00b5,
009c,
00a7,
0001,
0000,
0001,
0001,
0001,
0000,
0000,
ffff,
0000,
0000,
0000,
0000,
0000,
ffff,
0000,
0002,
0002,
0002,
0000,
ffff,
fffe,
fffe,
ffff,
0000,
ffff,
ffff,
fffd,
0003,
0002,
0004,
fffe,
0000,
fffb,
0001,
fffe,
0005,
0003,
0069,
040b,
0982,
0842,
f670,
e816,
f833,
1104,
1784,
10fc,
08ec,
067d,
0a1c,
08d1,
fd40,
f298,
eed2,
ee16,
f073,
f33f,
f456,
f766,
fdf0,
04ae,
08f4,
09d5,
0861,
08a4,
0a13,
0804,
01d2,
fd56,
fcab,
fcb4,
fc17,
fb2f,
fb14,
fb6d,
fbf9,
fcd6,
fda8,
fe52,
fef3,
ffcd,
00a0,
0159,
023c,
02eb,
02ee,
024b,
0163,
004a,
ff1a,
fe9d,
feb9,
fe37,
fd74,
fdba,
fea0,
feff,
fef4,
fec3,
fe09,
fd98,
fe73,
ffd0,
0088,
00b3,
00fd,
0141,
016b,
0193,
016b,
00d4,
0027,
ffad,
ff1b,
fe77,
fe34,
fe50,
fe71,
fe9d,
fef8,
ff5a,
ffaf,
0023,
00ab,
0102,
010c,
00de,
00b3,
0000,
0000,
0000,
0000,
0000,
0000,
0000,
ffff,
ffff,
ffff,
ffff,
0000,
ffff,
ffff,
0000,
0001,
0002,
0002,
0000,
ffff,
fffe,
fffd,
fffe,
ffff,
0000,
ffff,
fffd,
ffff,
0003,
0002,
0003,
fffd,
0001,
fff8,
0004,
fff8,
0014,
fff8,
0178,
05fd,
09fe,
02c8,
ee4e,
eb51,
02e5,
1513,
1576,
0e2d,
07a2,
078b,
0a47,
049e,
f893,
f13d,
eeed,
ef68,
f272,
f49f,
f62a,
fa17,
006d,
05e4,
0883,
084f,
07c0,
08c5,
092f,
058b,
ff6f,
fcc2,
fd06,
fcdf,
fc00,
fbb5,
fbf3,
fc32,
fcc2,
fd54,
fdbc,
fe10,
fead,
ffb8,
00ed,
01be,
0259,
02c7,
02ae,
0229,
010a,
ff78,
fe81,
feae,
fea4,
fe28,
fe55,
fecf,
fef3,
fec5,
fe71,
fe19,
fdbb,
fd71,
fdfc,
ff9e,
00ee,
0128,
0141,
0196,
01cf,
01ec,
01ad,
00e5,
0006,
ff61,
fec0,
fe16,
fdd6,
fe07,
fe58,
feb1,
ff1c,
ff8c,
ffe8,
0055,
00dc,
012e,
011e,
00d5,
0000,
0000,
0000,
0000,
0000,
0000,
0000,
ffff,
ffff,
ffff,
ffff,
0000,
ffff,
ffff,
0000,
0001,
0002,
0002,
0000,
ffff,
fffe,
fffd,
fffe,
ffff,
0000,
ffff,
fffd,
ffff,
0003,
0002,
0003,
fffd,
0001,
fff8,
0004,
fff8,
0014,
fff8,
0178,
05fd,
09fe,
02c8,
ee4e,
eb51,
02e5,
1513,
1576,
0e2d,
07a2,
078b,
0a47,
049e,
f893,
f13d,
eeed,
ef68,
f272,
f49f,
f62a,
fa17,
006d,
05e4,
0883,
084f,
07c0,
08c5,
092f,
058b,
ff6f,
fcc2,
fd06,
fcdf,
fc00,
fbb5,
fbf3,
fc32,
fcc2,
fd54,
fdbc,
fe10,
fead,
ffb8,
00ed,
01be,
0259,
02c7,
02ae,
0229,
010a,
ff78,
fe81,
feae,
fea4,
fe28,
fe55,
fecf,
fef3,
fec5,
fe71,
fe19,
fdbb,
fd71,
fdfc,
ff9e,
00ee,
0128,
0141,
0196,
01cf,
01ec,
01ad,
00e5,
0006,
ff61,
fec0,
fe16,
fdd6,
fe07,
fe58,
feb1,
ff1c,
ff8c,
ffe8,
0055,
00dc,
012e,
011e,
00d5,
0000,
0000,
0000,
0000,
0000,
0000,
0000,
ffff,
ffff,
ffff,
ffff,
0000,
ffff,
ffff,
0000,
0001,
0002,
0002,
0000,
ffff,
fffe,
fffd,
fffe,
ffff,
0000,
ffff,
fffd,
ffff,
0003,
0002,
0003,
fffd,
0001,
fff8,
0004,
fff8,
0014,
fff8,
0178,
05fd,
09fe,
02c8,
ee4e,
eb51,
02e5,
1513,
1576,
0e2d,
07a2,
078b,
0a47,
049e,
f893,
f13d,
eeed,
ef68,
f272,
f49f,
f62a,
fa17,
006d,
05e4,
0883,
084f,
07c0,
08c5,
092f,
058b,
ff6f,
fcc2,
fd06,
fcdf,
fc00,
fbb5,
fbf3,
fc32,
fcc2,
fd54,
fdbc,
fe10,
fead,
ffb8,
00ed,
01be,
0259,
02c7,
02ae,
0229,
010a,
ff78,
fe81,
feae,
fea4,
fe28,
fe55,
fecf,
fef3,
fec5,
fe71,
fe19,
fdbb,
fd71,
fdfc,
ff9e,
00ee,
0128,
0141,
0196,
01cf,
01ec,
01ad,
00e5,
0006,
ff61,
fec0,
fe16,
fdd6,
fe07,
fe58,
feb1,
ff1c,
ff8c,
ffe8,
0055,
00dc,
012e,
011e,
00d5,
0001,
0001,
0000,
0001,
0001,
0000,
0000,
0000,
0000,
ffff,
0000,
0000,
ffff,
ffff,
0000,
0001,
0002,
0002,
0002,
0000,
ffff,
fffe,
fffe,
ffff,
0000,
0000,
fffe,
fffd,
0002,
0002,
0004,
fffd,
0001,
fffa,
0000,
fffa,
000c,
0006,
007f,
03c1,
086a,
07ea,
f74d,
e86e,
f701,
0f0b,
16f9,
1290,
0ad4,
0674,
0854,
0771,
fd84,
f445,
f09c,
ef9a,
f1d8,
f48b,
f5e3,
f8a3,
fda7,
02e3,
06e5,
0832,
073d,
07cd,
08cf,
06fb,
01de,
fd7d,
fca4,
fd4b,
fd1e,
fc51,
fc2e,
fc4f,
fcbc,
fd29,
fd84,
fdc5,
fe29,
ff39,
009e,
01a0,
01fa,
0257,
0284,
0224,
0130,
000e,
fef2,
fe32,
fe7d,
ff10,
ff2b,
fefc,
fee0,
fe9c,
fe12,
fde9,
fe08,
fd75,
fcfe,
fe6b,
00bc,
01ca,
018f,
0163,
01aa,
0208,
0212,
016d,
005f,
ff60,
feb7,
fe4b,
fde3,
fdc5,
fe27,
feac,
ff09,
ff6d,
ffd8,
0030,
009c,
0110,
0137,
00f9,
0002,
0001,
0001,
0000,
0001,
0001,
0001,
0000,
0000,
ffff,
ffff,
0000,
0000,
0000,
0000,
0000,
0002,
0002,
0002,
0001,
0000,
fffe,
fffe,
ffff,
0000,
0001,
0000,
fffd,
0001,
0002,
0005,
0000,
0000,
fffc,
fffc,
ffff,
0006,
0012,
003e,
02e8,
0747,
090b,
fc10,
e932,
f131,
0aaf,
1731,
1514,
0d47,
0673,
0628,
0709,
ffec,
f6a7,
f22d,
f053,
f154,
f40c,
f622,
f87a,
fca4,
0199,
058a,
07b9,
079b,
0779,
07eb,
070d,
0310,
fe12,
fc67,
fd50,
fdb3,
fcc6,
fc39,
fc3f,
fc85,
fcdc,
fd73,
fe67,
fed2,
ff3f,
0037,
017f,
01fe,
01f7,
01ee,
0195,
00fc,
002e,
ff3f,
fe55,
fe91,
ff5c,
ff6e,
ff18,
fee3,
fe83,
fddd,
fdca,
fe05,
fdac,
fd36,
fe21,
004d,
01f2,
020e,
0159,
0136,
01b0,
01e8,
016e,
0085,
ff7d,
fea7,
fe4d,
fe25,
fe0f,
fe4d,
feba,
ff14,
ff6f,
ffd3,
0023,
0078,
00db,
010f,
00f2,
0002,
0001,
0001,
0000,
0001,
0001,
0001,
0000,
0000,
ffff,
ffff,
0000,
0000,
0000,
0000,
0000,
0002,
0002,
0002,
0001,
0000,
fffe,
fffe,
ffff,
0000,
0001,
0000,
fffd,
0001,
0002,
0005,
0000,
0000,
fffc,
fffc,
ffff,
0006,
0012,
003e,
02e8,
0747,
090b,
fc10,
e932,
f131,
0aaf,
1731,
1514,
0d47,
0673,
0628,
0709,
ffec,
f6a7,
f22d,
f053,
f154,
f40c,
f622,
f87a,
fca4,
0199,
058a,
07b9,
079b,
0779,
07eb,
070d,
0310,
fe12,
fc67,
fd50,
fdb3,
fcc6,
fc39,
fc3f,
fc85,
fcdc,
fd73,
fe67,
fed2,
ff3f,
0037,
017f,
01fe,
01f7,
01ee,
0195,
00fc,
002e,
ff3f,
fe55,
fe91,
ff5c,
ff6e,
ff18,
fee3,
fe83,
fddd,
fdca,
fe05,
fdac,
fd36,
fe21,
004d,
01f2,
020e,
0159,
0136,
01b0,
01e8,
016e,
0085,
ff7d,
fea7,
fe4d,
fe25,
fe0f,
fe4d,
feba,
ff14,
ff6f,
ffd3,
0023,
0078,
00db,
010f,
00f2,
0002,
0001,
0001,
0000,
0001,
0001,
0001,
0000,
0000,
ffff,
ffff,
0000,
0000,
0000,
0000,
0000,
0002,
0002,
0002,
0001,
0000,
fffe,
fffe,
ffff,
0000,
0001,
0000,
fffd,
0001,
0002,
0005,
0000,
0000,
fffc,
fffc,
ffff,
0006,
0012,
003e,
02e8,
0747,
090b,
fc10,
e932,
f131,
0aaf,
1731,
1514,
0d47,
0673,
0628,
0709,
ffec,
f6a7,
f22d,
f053,
f154,
f40c,
f622,
f87a,
fca4,
0199,
058a,
07b9,
079b,
0779,
07eb,
070d,
0310,
fe12,
fc67,
fd50,
fdb3,
fcc6,
fc39,
fc3f,
fc85,
fcdc,
fd73,
fe67,
fed2,
ff3f,
0037,
017f,
01fe,
01f7,
01ee,
0195,
00fc,
002e,
ff3f,
fe55,
fe91,
ff5c,
ff6e,
ff18,
fee3,
fe83,
fddd,
fdca,
fe05,
fdac,
fd36,
fe21,
004d,
01f2,
020e,
0159,
0136,
01b0,
01e8,
016e,
0085,
ff7d,
fea7,
fe4d,
fe25,
fe0f,
fe4d,
feba,
ff14,
ff6f,
ffd3,
0023,
0078,
00db,
010f,
00f2,
0001,
0001,
0000,
0000,
0001,
0001,
0000,
0000,
ffff,
ffff,
0000,
0000,
0000,
ffff,
0000,
0000,
0001,
0002,
0002,
0000,
ffff,
fffe,
fffe,
fffe,
0000,
0000,
ffff,
fffd,
0002,
0001,
0005,
ffff,
0000,
fffa,
fffe,
0000,
0006,
0011,
004b,
0314,
075b,
0915,
fb99,
e840,
f0f3,
0b93,
1874,
15fa,
0d7d,
0593,
0481,
05f3,
ffe4,
f734,
f2c5,
f000,
f0e2,
f45c,
f68d,
f91d,
fd77,
01a3,
0533,
0846,
082a,
074e,
07ac,
0655,
0224,
fe2c,
fc89,
fcd8,
fd7d,
fcc8,
fc21,
fc0f,
fc05,
fc81,
fe16,
ffb5,
0017,
ffe7,
002b,
0121,
01e0,
01e4,
016a,
00bb,
003d,
ffee,
ff73,
feec,
fee1,
ff0f,
ff15,
fefc,
fed4,
fe70,
fdef,
fde8,
fe04,
fddf,
fe00,
feea,
006a,
01ae,
01f8,
015b,
00dd,
0100,
0129,
00f5,
0069,
ff91,
fec1,
fe61,
fe6a,
fe9e,
fecf,
fefb,
ff35,
ff83,
ffd2,
001b,
006e,
00ae,
00c8,
00bd,
0001,
0000,
0000,
0001,
0001,
0001,
0001,
0000,
ffff,
ffff,
0000,
0000,
0000,
0000,
0000,
0001,
0002,
0002,
0002,
0001,
ffff,
fffe,
fffe,
ffff,
0001,
0000,
ffff,
fffd,
0003,
0002,
0006,
fffc,
0001,
fff8,
0006,
fff9,
0012,
0001,
00c7,
0445,
0898,
07cd,
f588,
e610,
f728,
11ce,
1a43,
14ec,
0aed,
036b,
03e5,
04cd,
fde9,
f5d0,
f113,
ef03,
f189,
f4fc,
f78b,
faea,
fef2,
02d0,
06ef,
094d,
0880,
07f3,
0742,
04ae,
0063,
fd40,
fc7b,
fcac,
fca5,
fc0e,
fbce,
fb76,
fb9f,
fd07,
ff5d,
010d,
014e,
00e9,
009a,
00ea,
019e,
01ee,
00db,
ffa2,
ff93,
ffcc,
ff70,
ff1c,
ff11,
feb0,
fe70,
fe8c,
fe8f,
fe5b,
fe4e,
fe59,
fe3e,
fe50,
ff01,
0032,
0119,
016b,
014d,
00e5,
0070,
003a,
0041,
0039,
fff9,
ff7a,
fef8,
febb,
fedf,
ff36,
ff67,
ff6d,
ff77,
ff9f,
ffd8,
001a,
005d,
0086,
008d,
0077,
0001,
0000,
0000,
0001,
0001,
0001,
0001,
0000,
ffff,
ffff,
0000,
0000,
0000,
0000,
0000,
0001,
0002,
0002,
0002,
0001,
ffff,
fffe,
fffe,
ffff,
0001,
0000,
ffff,
fffd,
0003,
0002,
0006,
fffc,
0001,
fff8,
0006,
fff9,
0012,
0001,
00c7,
0445,
0898,
07cd,
f588,
e610,
f728,
11ce,
1a43,
14ec,
0aed,
036b,
03e5,
04cd,
fde9,
f5d0,
f113,
ef03,
f189,
f4fc,
f78b,
faea,
fef2,
02d0,
06ef,
094d,
0880,
07f3,
0742,
04ae,
0063,
fd40,
fc7b,
fcac,
fca5,
fc0e,
fbce,
fb76,
fb9f,
fd07,
ff5d,
010d,
014e,
00e9,
009a,
00ea,
019e,
01ee,
00db,
ffa2,
ff93,
ffcc,
ff70,
ff1c,
ff11,
feb0,
fe70,
fe8c,
fe8f,
fe5b,
fe4e,
fe59,
fe3e,
fe50,
ff01,
0032,
0119,
016b,
014d,
00e5,
0070,
003a,
0041,
0039,
fff9,
ff7a,
fef8,
febb,
fedf,
ff36,
ff67,
ff6d,
ff77,
ff9f,
ffd8,
001a,
005d,
0086,
008d,
0077,
0001,
0000,
0000,
0001,
0001,
0001,
0001,
0000,
ffff,
ffff,
0000,
0000,
0000,
0000,
0000,
0001,
0002,
0002,
0002,
0001,
ffff,
fffe,
fffe,
ffff,
0001,
0000,
ffff,
fffd,
0003,
0002,
0006,
fffc,
0001,
fff8,
0006,
fff9,
0012,
0001,
00c7,
0445,
0898,
07cd,
f588,
e610,
f728,
11ce,
1a43,
14ec,
0aed,
036b,
03e5,
04cd,
fde9,
f5d0,
f113,
ef03,
f189,
f4fc,
f78b,
faea,
fef2,
02d0,
06ef,
094d,
0880,
07f3,
0742,
04ae,
0063,
fd40,
fc7b,
fcac,
fca5,
fc0e,
fbce,
fb76,
fb9f,
fd07,
ff5d,
010d,
014e,
00e9,
009a,
00ea,
019e,
01ee,
00db,
ffa2,
ff93,
ffcc,
ff70,
ff1c,
ff11,
feb0,
fe70,
fe8c,
fe8f,
fe5b,
fe4e,
fe59,
fe3e,
fe50,
ff01,
0032,
0119,
016b,
014d,
00e5,
0070,
003a,
0041,
0039,
fff9,
ff7a,
fef8,
febb,
fedf,
ff36,
ff67,
ff6d,
ff77,
ff9f,
ffd8,
001a,
005d,
0086,
008d,
0077,
0001,
0001,
0001,
0001,
0002,
0001,
0000,
ffff,
ffff,
0000,
0000,
0000,
0000,
0000,
0000,
0001,
0002,
0002,
0001,
ffff,
fffe,
fffe,
fffe,
0000,
0000,
0000,
fffd,
0000,
0003,
0004,
0002,
fffc,
0000,
fff9,
000a,
fff7,
001a,
0008,
0243,
069a,
0a2a,
01b5,
ea98,
e8f4,
04fd,
19df,
1a54,
10dd,
05fb,
019b,
0437,
02c9,
f998,
f1cd,
ee5a,
eef6,
f2e2,
f67e,
f9a0,
fd11,
0161,
05be,
0966,
0a3d,
0932,
081c,
0627,
0276,
fdef,
fbf1,
fc36,
fc85,
fbcd,
fafd,
fa9b,
faf9,
fc4e,
fe4f,
00d7,
0248,
0222,
017c,
014d,
018d,
01b4,
0118,
ffe3,
ff43,
ff69,
ff6e,
ff06,
feeb,
fed5,
fe49,
fdd6,
fde2,
fe37,
fe8f,
fedc,
fee1,
fec9,
ff35,
0048,
0163,
01bc,
0135,
0070,
ffec,
ffae,
ff9a,
ff8c,
ff73,
ff59,
ff41,
ff33,
ff4a,
ff95,
ffdb,
ffed,
ffd8,
ffc5,
ffd1,
ffef,
0017,
0043,
0062,
0058,
003a,
0001,
0000,
0000,
0001,
0001,
0000,
ffff,
ffff,
fffe,
ffff,
0000,
0000,
0000,
ffff,
0000,
0002,
0002,
0001,
ffff,
fffe,
fffd,
fffe,
ffff,
0001,
0000,
fffe,
fffd,
0002,
0002,
0006,
fffa,
0001,
fff5,
0007,
fff9,
0012,
fff4,
0119,
0546,
09e6,
07b7,
f2a5,
e3ab,
f8d4,
1624,
1df3,
15d8,
0963,
012e,
0200,
046a,
fd4c,
f28a,
ed61,
ecea,
f089,
f550,
f90b,
fc00,
0039,
052c,
095e,
0b9e,
0adc,
092b,
0740,
0438,
ff2b,
fba2,
fb51,
fbde,
fbdd,
fb08,
f9e3,
f995,
fb46,
fd9a,
0020,
024f,
02e0,
0243,
01d9,
0254,
02a3,
019e,
ffce,
ff19,
ff6f,
ff5e,
fec8,
fe7e,
fe76,
fe14,
fda1,
fd56,
fd84,
fe3f,
ff06,
ff58,
ff65,
ffc1,
00a1,
01ad,
0227,
01bf,
00b3,
ff90,
fee9,
fee3,
ff14,
fefb,
fec4,
fec4,
ff00,
ff72,
0002,
006a,
0079,
004d,
001e,
000c,
0010,
001a,
0023,
002c,
0030,
0021,
0013,
0001,
0000,
0000,
0001,
0001,
0000,
ffff,
ffff,
fffe,
ffff,
0000,
0000,
0000,
ffff,
0000,
0002,
0002,
0001,
ffff,
fffe,
fffd,
fffe,
ffff,
0001,
0000,
fffe,
fffd,
0002,
0002,
0006,
fffa,
0001,
fff5,
0007,
fff9,
0012,
fff4,
0119,
0546,
09e6,
07b7,
f2a5,
e3ab,
f8d4,
1624,
1df3,
15d8,
0963,
012e,
0200,
046a,
fd4c,
f28a,
ed61,
ecea,
f089,
f550,
f90b,
fc00,
0039,
052c,
095e,
0b9e,
0adc,
092b,
0740,
0438,
ff2b,
fba2,
fb51,
fbde,
fbdd,
fb08,
f9e3,
f995,
fb46,
fd9a,
0020,
024f,
02e0,
0243,
01d9,
0254,
02a3,
019e,
ffce,
ff19,
ff6f,
ff5e,
fec8,
fe7e,
fe76,
fe14,
fda1,
fd56,
fd84,
fe3f,
ff06,
ff58,
ff65,
ffc1,
00a1,
01ad,
0227,
01bf,
00b3,
ff90,
fee9,
fee3,
ff14,
fefb,
fec4,
fec4,
ff00,
ff72,
0002,
006a,
0079,
004d,
001e,
000c,
0010,
001a,
0023,
002c,
0030,
0021,
0013,
0001,
0000,
0000,
0001,
0001,
0000,
ffff,
ffff,
fffe,
ffff,
0000,
0000,
0000,
ffff,
0000,
0002,
0002,
0001,
ffff,
fffe,
fffd,
fffe,
ffff,
0001,
0000,
fffe,
fffd,
0002,
0002,
0006,
fffa,
0001,
fff5,
0007,
fff9,
0012,
fff4,
0119,
0546,
09e6,
07b7,
f2a5,
e3ab,
f8d4,
1624,
1df3,
15d8,
0963,
012e,
0200,
046a,
fd4c,
f28a,
ed61,
ecea,
f089,
f550,
f90b,
fc00,
0039,
052c,
095e,
0b9e,
0adc,
092b,
0740,
0438,
ff2b,
fba2,
fb51,
fbde,
fbdd,
fb08,
f9e3,
f995,
fb46,
fd9a,
0020,
024f,
02e0,
0243,
01d9,
0254,
02a3,
019e,
ffce,
ff19,
ff6f,
ff5e,
fec8,
fe7e,
fe76,
fe14,
fda1,
fd56,
fd84,
fe3f,
ff06,
ff58,
ff65,
ffc1,
00a1,
01ad,
0227,
01bf,
00b3,
ff90,
fee9,
fee3,
ff14,
fefb,
fec4,
fec4,
ff00,
ff72,
0002,
006a,
0079,
004d,
001e,
000c,
0010,
001a,
0023,
002c,
0030,
0021,
0013,
0000,
0001,
0001,
0001,
0001,
ffff,
ffff,
0000,
0000,
0000,
0000,
0000,
0000,
0001,
0002,
0003,
0002,
0000,
fffe,
fffd,
fffe,
ffff,
0001,
0000,
ffff,
fffc,
0003,
0003,
0006,
fffe,
0000,
fff9,
0000,
0001,
0006,
0002,
0082,
0474,
09a7,
0a86,
f8de,
e2a4,
effa,
11d9,
207f,
1a16,
0c66,
0186,
0013,
0416,
ffb0,
f335,
ebe9,
eb02,
ee69,
f3e3,
f8a9,
fbd7,
ffa3,
04fa,
099d,
0cb3,
0c73,
0a59,
07f4,
053b,
0070,
fbce,
fabd,
fb4c,
fb5b,
fa9d,
fa23,
f999,
fa0f,
fc2f,
ff51,
0222,
0307,
028a,
0242,
02d2,
031c,
02d2,
0150,
ff34,
fe9d,
ff3b,
ff2c,
fe62,
fdf0,
fd7a,
fd05,
fce2,
fd1d,
fdd0,
fec2,
ff6b,
ffaf,
003c,
0145,
0250,
02ac,
021e,
0102,
ffcc,
fedd,
fe66,
fe5f,
fe79,
fe67,
fe37,
fe56,
fefc,
ffe3,
00ad,
010c,
00e9,
0090,
0057,
0046,
0052,
0063,
004b,
0015,
ffed,
ffe7,
0005,
0001,
0001,
0001,
0001,
0000,
ffff,
ffff,
0000,
0001,
0000,
ffff,
0000,
0000,
0003,
0003,
0002,
0000,
fffe,
fffd,
fffd,
ffff,
0002,
0001,
0000,
fffc,
0001,
0004,
0006,
0000,
fffd,
fffc,
fffa,
0005,
fffe,
000e,
003b,
0405,
09cc,
0c41,
fcd5,
e276,
e9fd,
0ead,
22b0,
1da0,
0ec0,
01e8,
fead,
0319,
00bd,
f336,
e9e6,
e91a,
ecde,
f2ac,
f845,
fc02,
ff7f,
0552,
0a83,
0dbe,
0dac,
0b4e,
0865,
05a6,
0111,
fbc8,
fa5c,
fb1a,
fb2f,
fa22,
f9bb,
f9bd,
fa4b,
fbec,
fe48,
014c,
02f2,
028f,
0229,
0327,
0391,
0307,
0239,
0095,
ff0a,
fe94,
fecf,
fedb,
fe3d,
fce7,
fc1a,
fc45,
fca1,
fd59,
fe74,
ff47,
ffb0,
0083,
01d7,
0300,
0361,
02a6,
013a,
ffd8,
ff02,
fe90,
fe3d,
fe06,
fddf,
fdbc,
fdc8,
fe65,
ff74,
0073,
0110,
0132,
0110,
00d1,
0092,
0088,
00b1,
00b1,
005d,
fff3,
ffb4,
ffc2,
0001,
0001,
0001,
0001,
0001,
0000,
ffff,
ffff,
0000,
0001,
0000,
ffff,
0000,
0000,
0003,
0003,
0002,
0000,
fffe,
fffd,
fffd,
ffff,
0002,
0001,
0000,
fffc,
0001,
0004,
0006,
0000,
fffd,
fffc,
fffa,
0005,
fffe,
000e,
003b,
0405,
09cc,
0c41,
fcd5,
e276,
e9fd,
0ead,
22b0,
1da0,
0ec0,
01e8,
fead,
0319,
00bd,
f336,
e9e6,
e91a,
ecde,
f2ac,
f845,
fc02,
ff7f,
0552,
0a83,
0dbe,
0dac,
0b4e,
0865,
05a6,
0111,
fbc8,
fa5c,
fb1a,
fb2f,
fa22,
f9bb,
f9bd,
fa4b,
fbec,
fe48,
014c,
02f2,
028f,
0229,
0327,
0391,
0307,
0239,
0095,
ff0a,
fe94,
fecf,
fedb,
fe3d,
fce7,
fc1a,
fc45,
fca1,
fd59,
fe74,
ff47,
ffb0,
0083,
01d7,
0300,
0361,
02a6,
013a,
ffd8,
ff02,
fe90,
fe3d,
fe06,
fddf,
fdbc,
fdc8,
fe65,
ff74,
0073,
0110,
0132,
0110,
00d1,
0092,
0088,
00b1,
00b1,
005d,
fff3,
ffb4,
ffc2,
0001,
0001,
0001,
0001,
0001,
0000,
ffff,
ffff,
0000,
0001,
0000,
ffff,
0000,
0000,
0003,
0003,
0002,
0000,
fffe,
fffd,
fffd,
ffff,
0002,
0001,
0000,
fffc,
0001,
0004,
0006,
0000,
fffd,
fffc,
fffa,
0005,
fffe,
000e,
003b,
0405,
09cc,
0c41,
fcd5,
e276,
e9fd,
0ead,
22b0,
1da0,
0ec0,
01e8,
fead,
0319,
00bd,
f336,
e9e6,
e91a,
ecde,
f2ac,
f845,
fc02,
ff7f,
0552,
0a83,
0dbe,
0dac,
0b4e,
0865,
05a6,
0111,
fbc8,
fa5c,
fb1a,
fb2f,
fa22,
f9bb,
f9bd,
fa4b,
fbec,
fe48,
014c,
02f2,
028f,
0229,
0327,
0391,
0307,
0239,
0095,
ff0a,
fe94,
fecf,
fedb,
fe3d,
fce7,
fc1a,
fc45,
fca1,
fd59,
fe74,
ff47,
ffb0,
0083,
01d7,
0300,
0361,
02a6,
013a,
ffd8,
ff02,
fe90,
fe3d,
fe06,
fddf,
fdbc,
fdc8,
fe65,
ff74,
0073,
0110,
0132,
0110,
00d1,
0092,
0088,
00b1,
00b1,
005d,
fff3,
ffb4,
ffc2,
0001,
0001,
0001,
0000,
0000,
ffff,
ffff,
0000,
0000,
0000,
ffff,
ffff,
0000,
0002,
0003,
0002,
ffff,
fffd,
fffc,
fffc,
ffff,
0001,
0001,
ffff,
fffb,
0000,
0004,
0006,
0002,
fffb,
ffff,
fff7,
0008,
fff5,
0018,
0012,
03d0,
0a46,
0ddc,
ff9a,
e1be,
e536,
0ce3,
2532,
20c7,
1098,
0204,
fd94,
0213,
00fd,
f27b,
e74a,
e6ea,
ebb8,
f1f1,
f80f,
fc84,
ffb6,
05c3,
0bb6,
0f37,
0ef7,
0c0c,
0877,
058e,
0144,
fb66,
f9a6,
fac9,
fb3c,
fa08,
f968,
f9aa,
fa3b,
fc24,
fecc,
0148,
0255,
021a,
01e0,
0319,
0406,
0350,
0258,
00e3,
ff73,
fef8,
fefe,
feda,
fe68,
fd1e,
fb97,
fb79,
fc3d,
fcf2,
fdc8,
febd,
ff8b,
00cb,
0275,
0399,
03e5,
032f,
01a6,
0004,
ff12,
feaf,
fe57,
fe01,
fda7,
fd4e,
fd3f,
fdde,
ff01,
002a,
00e0,
0102,
00f8,
00f9,
00f4,
00f8,
011b,
0114,
00a9,
0021,
ffc8,
ffb5,
ffdf,
0002,
0001,
0000,
ffff,
0000,
0000,
0000,
0001,
0000,
ffff,
ffff,
0001,
0003,
0004,
0003,
0000,
fffd,
fffc,
fffc,
ffff,
0002,
0001,
ffff,
fffb,
0000,
0006,
0005,
0005,
fffa,
0003,
fff2,
000e,
ffeb,
0020,
ffec,
0381,
0ac1,
0fb3,
02f6,
e120,
df7c,
0ab6,
2818,
241a,
12ce,
026a,
fc86,
00f8,
0108,
f19e,
e44a,
e44b,
ea78,
f17e,
f7db,
fd1f,
004f,
0653,
0cdf,
108d,
1034,
0d04,
08d6,
0550,
0134,
fad2,
f8a9,
fa3c,
fb13,
f9f6,
f93b,
f98c,
fa2c,
fc36,
ff14,
0206,
0308,
0200,
0128,
0298,
0463,
03e0,
025b,
00a2,
ff2f,
fe9e,
ff28,
ffae,
fef9,
fd25,
fb57,
fb24,
fbfa,
fcbe,
fd3a,
fdb8,
fece,
00e5,
031f,
0442,
0465,
039d,
020a,
0069,
ff6a,
fed5,
fe4e,
fded,
fd8b,
fd28,
fcfe,
fd67,
fe87,
ffef,
00ce,
00dd,
009d,
0091,
00dc,
014d,
01a6,
018c,
00f2,
0041,
ffdd,
ffdd,
0019,
002f,
ffc7,
0001,
0000,
ffff,
0000,
0000,
0000,
0001,
0000,
ffff,
ffff,
0001,
0003,
0004,
0003,
0000,
fffd,
fffc,
fffc,
ffff,
0002,
0001,
ffff,
fffb,
0000,
0006,
0005,
0005,
fffa,
0003,
fff2,
000e,
ffeb,
0020,
ffec,
0381,
0ac1,
0fb3,
02f6,
e120,
df7c,
0ab6,
2818,
241a,
12ce,
026a,
fc86,
00f8,
0108,
f19e,
e44a,
e44b,
ea78,
f17e,
f7db,
fd1f,
004f,
0653,
0cdf,
108d,
1034,
0d04,
08d6,
0550,
0134,
fad2,
f8a9,
fa3c,
fb13,
f9f6,
f93b,
f98c,
fa2c,
fc36,
ff14,
0206,
0308,
0200,
0128,
0298,
0463,
03e0,
025b,
00a2,
ff2f,
fe9e,
ff28,
ffae,
fef9,
fd25,
fb57,
fb24,
fbfa,
fcbe,
fd3a,
fdb8,
fece,
00e5,
031f,
0442,
0465,
039d,
020a,
0069,
ff6a,
fed5,
fe4e,
fded,
fd8b,
fd28,
fcfe,
fd67,
fe87,
ffef,
00ce,
00dd,
009d,
0091,
00dc,
014d,
01a6,
018c,
00f2,
0041,
ffdd,
ffdd,
0019,
002f,
ffc7,
0001,
0000,
ffff,
0000,
0000,
0000,
0001,
0000,
ffff,
ffff,
0001,
0003,
0004,
0003,
0000,
fffd,
fffc,
fffc,
ffff,
0002,
0001,
ffff,
fffb,
0000,
0006,
0005,
0005,
fffa,
0003,
fff2,
000e,
ffeb,
0020,
ffec,
0381,
0ac1,
0fb3,
02f6,
e120,
df7c,
0ab6,
2818,
241a,
12ce,
026a,
fc86,
00f8,
0108,
f19e,
e44a,
e44b,
ea78,
f17e,
f7db,
fd1f,
004f,
0653,
0cdf,
108d,
1034,
0d04,
08d6,
0550,
0134,
fad2,
f8a9,
fa3c,
fb13,
f9f6,
f93b,
f98c,
fa2c,
fc36,
ff14,
0206,
0308,
0200,
0128,
0298,
0463,
03e0,
025b,
00a2,
ff2f,
fe9e,
ff28,
ffae,
fef9,
fd25,
fb57,
fb24,
fbfa,
fcbe,
fd3a,
fdb8,
fece,
00e5,
031f,
0442,
0465,
039d,
020a,
0069,
ff6a,
fed5,
fe4e,
fded,
fd8b,
fd28,
fcfe,
fd67,
fe87,
ffef,
00ce,
00dd,
009d,
0091,
00dc,
014d,
01a6,
018c,
00f2,
0041,
ffdd,
ffdd,
0019,
002f,
ffc7,
0000,
fffe,
ffff,
ffff,
0000,
0000,
0000,
ffff,
ffff,
0001,
0004,
0005,
0004,
0000,
fffc,
fffb,
fffb,
fffe,
0002,
0002,
fffe,
fffb,
fffd,
0007,
0004,
0008,
fff5,
0007,
ffec,
0013,
ffe6,
0026,
ffce,
02f4,
0b0a,
1198,
0774,
e19e,
d870,
06dd,
2b00,
27a8,
156f,
039c,
fbb9,
ffd6,
0108,
f0ed,
e136,
e140,
e8ca,
f12e,
f7d9,
fd85,
010b,
070f,
0def,
11d2,
114a,
0d86,
094a,
0595,
0185,
fa5d,
f770,
f975,
fade,
f9e6,
f8eb,
f932,
f9cf,
fc39,
ff57,
0275,
03c5,
02c5,
0154,
0215,
045a,
0484,
02ba,
0033,
fe6e,
fe06,
fed2,
ffbc,
ff9f,
fe0c,
fb82,
faa3,
fbd2,
fd14,
fcf2,
fc8f,
fdda,
00a9,
035d,
04ba,
04e0,
0410,
0297,
00ff,
ffd0,
ff09,
fe6c,
fde5,
fd58,
fce5,
fcbc,
fd26,
fe43,
ffc6,
00da,
00dc,
004e,
0019,
0089,
0149,
01db,
01ca,
0128,
006f,
fffb,
0009,
0076,
0091,
fff0,
ff04,
fffe,
fffe,
ffff,
0000,
0000,
ffff,
fffe,
fffe,
0000,
0004,
0006,
0004,
0000,
fffc,
fffa,
fffa,
ffff,
0002,
0003,
fffe,
fffc,
fffb,
000a,
0002,
000c,
fff2,
0008,
ffea,
0015,
ffe7,
0022,
ffcc,
021e,
0acf,
1308,
0ce4,
e49f,
d12f,
00ac,
2ce7,
2b02,
17f0,
05d3,
fbe4,
fecd,
011b,
f07d,
de2f,
ddf1,
e686,
f07c,
f826,
fe0f,
019d,
07f2,
0f2b,
12d8,
1272,
0dec,
0944,
05b6,
0240,
fa86,
f66d,
f89a,
fa5c,
f9ba,
f8aa,
f8d0,
f90a,
fbac,
ff6c,
02e4,
0483,
038a,
01e7,
0245,
04c8,
053b,
034d,
0010,
fd5c,
fd02,
fe50,
ff3d,
ff61,
feab,
fc1d,
fa9d,
fbe3,
fd91,
fd0b,
fbcd,
fd15,
0052,
0352,
04cb,
04f8,
0456,
032c,
01c3,
004c,
ff3e,
fe95,
fdf5,
fd3e,
fca4,
fc5c,
fcb9,
fe09,
ffcf,
010a,
00f7,
0021,
ffd1,
005f,
0142,
01ca,
01ac,
0115,
006e,
000f,
0048,
00d7,
00e5,
0019,
ff02,
fe57,
0000,
fffe,
0000,
0002,
0003,
0003,
0000,
fffe,
fffd,
ffff,
0000,
0000,
0000,
fffe,
fffd,
ffff,
0004,
0007,
0005,
0001,
fffd,
fffa,
fff8,
ffff,
0000,
0001,
fffe,
fffd,
fffa,
0008,
0002,
000c,
fff7,
0006,
ffef,
000a,
fff5,
000b,
ffec,
0119,
0872,
10e4,
115e,
efae,
d2ed,
f805,
2477,
254b,
17bd,
0c90,
028a,
fff3,
fe34,
ee51,
dec7,
df31,
e4ff,
ee88,
f83b,
ff16,
041a,
0a68,
10fb,
1378,
12c8,
0d43,
0790,
0468,
013d,
f97f,
f42e,
f67e,
f92e,
f9e3,
f9af,
f9fe,
fa11,
fc12,
ff94,
032b,
05b1,
04fc,
0383,
033c,
047c,
04c3,
0303,
0010,
fd3a,
fbfe,
fbec,
fc86,
fcc5,
fd00,
fd86,
fe49,
ff03,
ff70,
0014,
ff5c,
fd0b,
fcb5,
ffab,
0282,
035c,
034b,
02da,
026a,
01e0,
00a8,
ff11,
fe05,
fd54,
fca5,
fc7f,
fcf2,
fdf1,
ff60,
00b0,
014b,
012e,
00b7,
005a,
00a5,
013c,
0137,
0078,
ffab,
0000,
fffe,
0000,
0002,
0003,
0003,
0000,
fffe,
fffd,
ffff,
0000,
0000,
0000,
fffe,
fffd,
ffff,
0004,
0007,
0005,
0001,
fffd,
fffa,
fff8,
ffff,
0000,
0001,
fffe,
fffd,
fffa,
0008,
0002,
000c,
fff7,
0006,
ffef,
000a,
fff5,
000b,
ffec,
0119,
0872,
10e4,
115e,
efae,
d2ed,
f805,
2477,
254b,
17bd,
0c90,
028a,
fff3,
fe34,
ee51,
dec7,
df31,
e4ff,
ee88,
f83b,
ff16,
041a,
0a68,
10fb,
1378,
12c8,
0d43,
0790,
0468,
013d,
f97f,
f42e,
f67e,
f92e,
f9e3,
f9af,
f9fe,
fa11,
fc12,
ff94,
032b,
05b1,
04fc,
0383,
033c,
047c,
04c3,
0303,
0010,
fd3a,
fbfe,
fbec,
fc86,
fcc5,
fd00,
fd86,
fe49,
ff03,
ff70,
0014,
ff5c,
fd0b,
fcb5,
ffab,
0282,
035c,
034b,
02da,
026a,
01e0,
00a8,
ff11,
fe05,
fd54,
fca5,
fc7f,
fcf2,
fdf1,
ff60,
00b0,
014b,
012e,
00b7,
005a,
00a5,
013c,
0137,
0078,
ffab,
ffff,
ffff,
0002,
0004,
0003,
0000,
fffe,
fffe,
ffff,
0000,
0000,
ffff,
fffe,
fffe,
0000,
0003,
0007,
0006,
0002,
fffc,
fff9,
fff8,
fffe,
0001,
0001,
fffd,
fffd,
fff9,
000b,
0003,
000e,
fff4,
0008,
ffee,
000a,
fff8,
0009,
fff1,
0102,
0946,
12f8,
14bd,
ef7c,
cdee,
f727,
270b,
2598,
17ef,
0e06,
0312,
003e,
fda0,
ea8c,
db01,
dd51,
e2dd,
ed0c,
f838,
0006,
0681,
0dac,
138c,
1581,
143a,
0cd5,
0698,
03db,
003e,
f7e6,
f30b,
f632,
f916,
f9f8,
f96f,
f978,
f9c2,
fc1d,
ffd5,
03a0,
0632,
0553,
0408,
03e7,
0543,
0545,
0307,
000c,
fd26,
fb5a,
fb27,
fbce,
fbba,
fc63,
fdd7,
fefc,
ff3d,
ff2b,
008e,
003f,
fce6,
fc23,
ff96,
0288,
0345,
0370,
0307,
029e,
026d,
0119,
ff4b,
fe38,
fd3c,
fc37,
fc08,
fc80,
fdb0,
ff87,
00ea,
0165,
014d,
00d8,
0065,
00bb,
0158,
011d,
002e,
ff6b,
ff6c,
ffff,
ffff,
0002,
0004,
0003,
0000,
fffe,
fffe,
ffff,
0000,
0000,
ffff,
fffe,
fffe,
0000,
0003,
0007,
0006,
0002,
fffc,
fff9,
fff8,
fffe,
0001,
0001,
fffd,
fffd,
fff9,
000b,
0003,
000e,
fff4,
0008,
ffee,
000a,
fff8,
0009,
fff1,
0102,
0946,
12f8,
14bd,
ef7c,
cdee,
f727,
270b,
2598,
17ef,
0e06,
0312,
003e,
fda0,
ea8c,
db01,
dd51,
e2dd,
ed0c,
f838,
0006,
0681,
0dac,
138c,
1581,
143a,
0cd5,
0698,
03db,
003e,
f7e6,
f30b,
f632,
f916,
f9f8,
f96f,
f978,
f9c2,
fc1d,
ffd5,
03a0,
0632,
0553,
0408,
03e7,
0543,
0545,
0307,
000c,
fd26,
fb5a,
fb27,
fbce,
fbba,
fc63,
fdd7,
fefc,
ff3d,
ff2b,
008e,
003f,
fce6,
fc23,
ff96,
0288,
0345,
0370,
0307,
029e,
026d,
0119,
ff4b,
fe38,
fd3c,
fc37,
fc08,
fc80,
fdb0,
ff87,
00ea,
0165,
014d,
00d8,
0065,
00bb,
0158,
011d,
002e,
ff6b,
ff6c,
ffff,
ffff,
0002,
0004,
0003,
0000,
fffe,
fffe,
ffff,
0000,
0000,
ffff,
fffe,
fffe,
0000,
0003,
0007,
0006,
0002,
fffc,
fff9,
fff8,
fffe,
0001,
0001,
fffd,
fffd,
fff9,
000b,
0003,
000e,
fff4,
0008,
ffee,
000a,
fff8,
0009,
fff1,
0102,
0946,
12f8,
14bd,
ef7c,
cdee,
f727,
270b,
2598,
17ef,
0e06,
0312,
003e,
fda0,
ea8c,
db01,
dd51,
e2dd,
ed0c,
f838,
0006,
0681,
0dac,
138c,
1581,
143a,
0cd5,
0698,
03db,
003e,
f7e6,
f30b,
f632,
f916,
f9f8,
f96f,
f978,
f9c2,
fc1d,
ffd5,
03a0,
0632,
0553,
0408,
03e7,
0543,
0545,
0307,
000c,
fd26,
fb5a,
fb27,
fbce,
fbba,
fc63,
fdd7,
fefc,
ff3d,
ff2b,
008e,
003f,
fce6,
fc23,
ff96,
0288,
0345,
0370,
0307,
029e,
026d,
0119,
ff4b,
fe38,
fd3c,
fc37,
fc08,
fc80,
fdb0,
ff87,
00ea,
0165,
014d,
00d8,
0065,
00bb,
0158,
011d,
002e,
ff6b,
ff6c,
0001,
0003,
0004,
0002,
0000,
fffe,
ffff,
0000,
0001,
0001,
fffe,
fffd,
fffe,
0000,
0004,
0008,
0007,
0003,
fffd,
fffa,
fff8,
fffd,
0001,
0002,
fffd,
fffd,
fff8,
000a,
0006,
000c,
fffa,
0000,
fffb,
fff7,
0011,
ffe9,
0027,
0029,
080d,
12f4,
196f,
f988,
cb1a,
eadd,
242b,
2792,
1936,
1176,
05e4,
0076,
feea,
eba8,
d890,
db56,
e08c,
e8dd,
f5e9,
feaa,
066f,
0fe5,
1681,
16fe,
165c,
0ef7,
064b,
0387,
0099,
f783,
f141,
f4ff,
f89f,
fa19,
f9bb,
f8fd,
f935,
fbd1,
ffb3,
0360,
0661,
0595,
044b,
045f,
05bf,
0607,
03bb,
009b,
fd87,
fb62,
faa8,
faef,
fa96,
fb43,
fd6d,
ff33,
ffb8,
ff37,
0013,
00d8,
fe94,
fca5,
fec5,
01f6,
032a,
03ae,
0376,
028d,
0223,
0141,
ffa2,
fe7a,
fd88,
fc3b,
fba9,
fc19,
fd60,
ff64,
00f5,
016c,
015e,
011f,
00b6,
00d8,
015c,
012c,
0039,
ff50,
ff22,
ffbc,
0001,
0003,
0004,
0002,
0000,
fffe,
ffff,
0000,
0001,
0001,
fffe,
fffd,
fffe,
0000,
0004,
0008,
0007,
0003,
fffd,
fffa,
fff8,
fffd,
0001,
0002,
fffd,
fffd,
fff8,
000a,
0006,
000c,
fffa,
0000,
fffb,
fff7,
0011,
ffe9,
0027,
0029,
080d,
12f4,
196f,
f988,
cb1a,
eadd,
242b,
2792,
1936,
1176,
05e4,
0076,
feea,
eba8,
d890,
db56,
e08c,
e8dd,
f5e9,
feaa,
066f,
0fe5,
1681,
16fe,
165c,
0ef7,
064b,
0387,
0099,
f783,
f141,
f4ff,
f89f,
fa19,
f9bb,
f8fd,
f935,
fbd1,
ffb3,
0360,
0661,
0595,
044b,
045f,
05bf,
0607,
03bb,
009b,
fd87,
fb62,
faa8,
faef,
fa96,
fb43,
fd6d,
ff33,
ffb8,
ff37,
0013,
00d8,
fe94,
fca5,
fec5,
01f6,
032a,
03ae,
0376,
028d,
0223,
0141,
ffa2,
fe7a,
fd88,
fc3b,
fba9,
fc19,
fd60,
ff64,
00f5,
016c,
015e,
011f,
00b6,
00d8,
015c,
012c,
0039,
ff50,
ff22,
ffbc,
0001,
0003,
0004,
0002,
0000,
fffe,
ffff,
0000,
0001,
0001,
fffe,
fffd,
fffe,
0000,
0004,
0008,
0007,
0003,
fffd,
fffa,
fff8,
fffd,
0001,
0002,
fffd,
fffd,
fff8,
000a,
0006,
000c,
fffa,
0000,
fffb,
fff7,
0011,
ffe9,
0027,
0029,
080d,
12f4,
196f,
f988,
cb1a,
eadd,
242b,
2792,
1936,
1176,
05e4,
0076,
feea,
eba8,
d890,
db56,
e08c,
e8dd,
f5e9,
feaa,
066f,
0fe5,
1681,
16fe,
165c,
0ef7,
064b,
0387,
0099,
f783,
f141,
f4ff,
f89f,
fa19,
f9bb,
f8fd,
f935,
fbd1,
ffb3,
0360,
0661,
0595,
044b,
045f,
05bf,
0607,
03bb,
009b,
fd87,
fb62,
faa8,
faef,
fa96,
fb43,
fd6d,
ff33,
ffb8,
ff37,
0013,
00d8,
fe94,
fca5,
fec5,
01f6,
032a,
03ae,
0376,
028d,
0223,
0141,
ffa2,
fe7a,
fd88,
fc3b,
fba9,
fc19,
fd60,
ff64,
00f5,
016c,
015e,
011f,
00b6,
00d8,
015c,
012c,
0039,
ff50,
ff22,
ffbc,
0003,
0003,
0001,
ffff,
fffe,
fffe,
fffe,
fffe,
0000,
0000,
fffd,
fffd,
fffe,
0003,
0007,
0007,
0002,
fffd,
fff9,
fff8,
fffa,
ffff,
0000,
ffff,
fffb,
fff8,
0000,
000d,
0003,
000a,
ffed,
0010,
ffdc,
002a,
ffc8,
0051,
ff8c,
04c0,
106d,
1b67,
0b46,
d332,
d631,
16fc,
2ab7,
1b65,
14a0,
0b14,
020d,
018f,
f1e3,
d985,
d874,
dea1,
e3cf,
f11f,
fb26,
02ef,
0dd4,
17d7,
19b0,
18bc,
12ce,
08d4,
0477,
01bd,
f9a6,
f071,
f1fb,
f6f5,
f989,
fa1c,
f8de,
f893,
fac1,
ff32,
02ce,
061a,
0624,
0465,
0438,
05b7,
06d0,
04cc,
0189,
fe49,
fc4c,
fb00,
fa44,
f9e6,
fa29,
fc2f,
fe61,
ff92,
ffaa,
0012,
0075,
ffbf,
fea0,
feaa,
009e,
02bf,
0404,
03ee,
02c7,
01ac,
00db,
0002,
fed8,
fdb1,
fc8b,
fbc9,
fbe8,
fd04,
fee9,
009b,
0166,
0166,
013d,
010d,
0119,
0160,
013b,
0080,
ff8e,
ff0e,
ff50,
0004,
0003,
0003,
0001,
ffff,
fffe,
fffe,
fffe,
fffe,
0000,
0000,
fffd,
fffd,
fffe,
0003,
0007,
0007,
0002,
fffd,
fff9,
fff8,
fffa,
ffff,
0000,
ffff,
fffb,
fff8,
0000,
000d,
0003,
000a,
ffed,
0010,
ffdc,
002a,
ffc8,
0051,
ff8c,
04c0,
106d,
1b67,
0b46,
d332,
d631,
16fc,
2ab7,
1b65,
14a0,
0b14,
020d,
018f,
f1e3,
d985,
d874,
dea1,
e3cf,
f11f,
fb26,
02ef,
0dd4,
17d7,
19b0,
18bc,
12ce,
08d4,
0477,
01bd,
f9a6,
f071,
f1fb,
f6f5,
f989,
fa1c,
f8de,
f893,
fac1,
ff32,
02ce,
061a,
0624,
0465,
0438,
05b7,
06d0,
04cc,
0189,
fe49,
fc4c,
fb00,
fa44,
f9e6,
fa29,
fc2f,
fe61,
ff92,
ffaa,
0012,
0075,
ffbf,
fea0,
feaa,
009e,
02bf,
0404,
03ee,
02c7,
01ac,
00db,
0002,
fed8,
fdb1,
fc8b,
fbc9,
fbe8,
fd04,
fee9,
009b,
0166,
0166,
013d,
010d,
0119,
0160,
013b,
0080,
ff8e,
ff0e,
ff50,
0004,
0003,
0003,
0001,
ffff,
fffe,
fffe,
fffe,
fffe,
0000,
0000,
fffd,
fffd,
fffe,
0003,
0007,
0007,
0002,
fffd,
fff9,
fff8,
fffa,
ffff,
0000,
ffff,
fffb,
fff8,
0000,
000d,
0003,
000a,
ffed,
0010,
ffdc,
002a,
ffc8,
0051,
ff8c,
04c0,
106d,
1b67,
0b46,
d332,
d631,
16fc,
2ab7,
1b65,
14a0,
0b14,
020d,
018f,
f1e3,
d985,
d874,
dea1,
e3cf,
f11f,
fb26,
02ef,
0dd4,
17d7,
19b0,
18bc,
12ce,
08d4,
0477,
01bd,
f9a6,
f071,
f1fb,
f6f5,
f989,
fa1c,
f8de,
f893,
fac1,
ff32,
02ce,
061a,
0624,
0465,
0438,
05b7,
06d0,
04cc,
0189,
fe49,
fc4c,
fb00,
fa44,
f9e6,
fa29,
fc2f,
fe61,
ff92,
ffaa,
0012,
0075,
ffbf,
fea0,
feaa,
009e,
02bf,
0404,
03ee,
02c7,
01ac,
00db,
0002,
fed8,
fdb1,
fc8b,
fbc9,
fbe8,
fd04,
fee9,
009b,
0166,
0166,
013d,
010d,
0119,
0160,
013b,
0080,
ff8e,
ff0e,
ff50,
0004,
0004,
0003,
0001,
ffff,
fffe,
fffe,
fffe,
ffff,
0001,
ffff,
fffd,
fffe,
0001,
0005,
0008,
0004,
0000,
fffb,
fff9,
fff8,
fffe,
ffff,
0001,
fffb,
fffc,
fff7,
000d,
0002,
000e,
fff2,
0006,
fff1,
0004,
fffe,
fffb,
0009,
009e,
0a7b,
1772,
1b4d,
f0b1,
c75b,
f58c,
2869,
220f,
1662,
1118,
0613,
03a0,
fdc2,
e2eb,
d513,
dc6e,
df68,
e8f3,
f667,
fd58,
06bd,
13be,
1a45,
1adf,
18f5,
0e45,
0686,
0520,
fef8,
f323,
ef15,
f3b9,
f72b,
f9b6,
f8ed,
f7aa,
f92e,
fd7b,
01b8,
052e,
06e5,
0519,
0413,
04e9,
06cf,
064b,
0312,
ff5a,
fd10,
fc92,
fafa,
f97a,
f95f,
fae4,
fcec,
fe64,
ff59,
002c,
00af,
fff6,
ffb5,
ffdc,
000b,
017b,
03a3,
0473,
0375,
0213,
0096,
ffb5,
ff48,
fe3a,
fce1,
fbff,
fbf0,
fca4,
fe30,
ffe3,
010d,
017e,
0153,
0126,
0141,
018f,
0178,
00d8,
fffa,
ff45,
ff1b,
ff82,
0012,
0004,
0003,
0001,
ffff,
fffe,
fffe,
fffe,
ffff,
0001,
ffff,
fffd,
fffe,
0001,
0005,
0008,
0004,
0000,
fffb,
fff9,
fff8,
fffe,
ffff,
0001,
fffb,
fffc,
fff7,
000d,
0002,
000e,
fff2,
0006,
fff1,
0004,
fffe,
fffb,
0009,
009e,
0a7b,
1772,
1b4d,
f0b1,
c75b,
f58c,
2869,
220f,
1662,
1118,
0613,
03a0,
fdc2,
e2eb,
d513,
dc6e,
df68,
e8f3,
f667,
fd58,
06bd,
13be,
1a45,
1adf,
18f5,
0e45,
0686,
0520,
fef8,
f323,
ef15,
f3b9,
f72b,
f9b6,
f8ed,
f7aa,
f92e,
fd7b,
01b8,
052e,
06e5,
0519,
0413,
04e9,
06cf,
064b,
0312,
ff5a,
fd10,
fc92,
fafa,
f97a,
f95f,
fae4,
fcec,
fe64,
ff59,
002c,
00af,
fff6,
ffb5,
ffdc,
000b,
017b,
03a3,
0473,
0375,
0213,
0096,
ffb5,
ff48,
fe3a,
fce1,
fbff,
fbf0,
fca4,
fe30,
ffe3,
010d,
017e,
0153,
0126,
0141,
018f,
0178,
00d8,
fffa,
ff45,
ff1b,
ff82,
0012,
0004,
0003,
0001,
ffff,
fffe,
fffe,
fffe,
ffff,
0001,
ffff,
fffd,
fffe,
0001,
0005,
0008,
0004,
0000,
fffb,
fff9,
fff8,
fffe,
ffff,
0001,
fffb,
fffc,
fff7,
000d,
0002,
000e,
fff2,
0006,
fff1,
0004,
fffe,
fffb,
0009,
009e,
0a7b,
1772,
1b4d,
f0b1,
c75b,
f58c,
2869,
220f,
1662,
1118,
0613,
03a0,
fdc2,
e2eb,
d513,
dc6e,
df68,
e8f3,
f667,
fd58,
06bd,
13be,
1a45,
1adf,
18f5,
0e45,
0686,
0520,
fef8,
f323,
ef15,
f3b9,
f72b,
f9b6,
f8ed,
f7aa,
f92e,
fd7b,
01b8,
052e,
06e5,
0519,
0413,
04e9,
06cf,
064b,
0312,
ff5a,
fd10,
fc92,
fafa,
f97a,
f95f,
fae4,
fcec,
fe64,
ff59,
002c,
00af,
fff6,
ffb5,
ffdc,
000b,
017b,
03a3,
0473,
0375,
0213,
0096,
ffb5,
ff48,
fe3a,
fce1,
fbff,
fbf0,
fca4,
fe30,
ffe3,
010d,
017e,
0153,
0126,
0141,
018f,
0178,
00d8,
fffa,
ff45,
ff1b,
ff82,
0012,
0005,
0003,
0000,
fffe,
fffe,
fffe,
fffe,
ffff,
0000,
fffd,
fffc,
ffff,
0003,
0006,
0007,
0003,
ffff,
fffa,
fffa,
fff9,
ffff,
ffff,
0000,
fffc,
fffb,
fffb,
000f,
0001,
000d,
ffec,
000f,
ffe2,
001c,
ffdd,
002b,
ffba,
024d,
0e26,
1b3e,
14df,
e04d,
cd2e,
0874,
2983,
1c70,
1490,
0d6b,
04e9,
05c0,
f87f,
dc3a,
d6fb,
dd94,
e03f,
ecd3,
f7c2,
fe27,
0952,
1551,
1a1d,
1b77,
176d,
0c72,
0788,
057c,
fceb,
f161,
ef89,
f40f,
f766,
f8bb,
f6f1,
f6df,
fa13,
ff46,
034b,
064f,
06c5,
04ad,
0427,
05b8,
073a,
0537,
017f,
fe3c,
fd1f,
fce6,
faf9,
f943,
f979,
fb77,
fd09,
fe21,
ff50,
0068,
00ad,
fff6,
000f,
0096,
00fd,
0221,
03e1,
045b,
0335,
0182,
ffd3,
ff1d,
fec6,
fdcd,
fc77,
fbdb,
fc42,
fd45,
feda,
0053,
0135,
0168,
0140,
0134,
0174,
01c1,
0176,
00a1,
ffc0,
ff3a,
ff2d,
ff89,
fff8,
0005,
0003,
0000,
fffe,
fffe,
fffe,
fffe,
ffff,
0000,
fffd,
fffc,
ffff,
0003,
0006,
0007,
0003,
ffff,
fffa,
fffa,
fff9,
ffff,
ffff,
0000,
fffc,
fffb,
fffb,
000f,
0001,
000d,
ffec,
000f,
ffe2,
001c,
ffdd,
002b,
ffba,
024d,
0e26,
1b3e,
14df,
e04d,
cd2e,
0874,
2983,
1c70,
1490,
0d6b,
04e9,
05c0,
f87f,
dc3a,
d6fb,
dd94,
e03f,
ecd3,
f7c2,
fe27,
0952,
1551,
1a1d,
1b77,
176d,
0c72,
0788,
057c,
fceb,
f161,
ef89,
f40f,
f766,
f8bb,
f6f1,
f6df,
fa13,
ff46,
034b,
064f,
06c5,
04ad,
0427,
05b8,
073a,
0537,
017f,
fe3c,
fd1f,
fce6,
faf9,
f943,
f979,
fb77,
fd09,
fe21,
ff50,
0068,
00ad,
fff6,
000f,
0096,
00fd,
0221,
03e1,
045b,
0335,
0182,
ffd3,
ff1d,
fec6,
fdcd,
fc77,
fbdb,
fc42,
fd45,
feda,
0053,
0135,
0168,
0140,
0134,
0174,
01c1,
0176,
00a1,
ffc0,
ff3a,
ff2d,
ff89,
fff8,
0005,
0003,
0000,
fffe,
fffe,
fffe,
fffe,
ffff,
0000,
fffd,
fffc,
ffff,
0003,
0006,
0007,
0003,
ffff,
fffa,
fffa,
fff9,
ffff,
ffff,
0000,
fffc,
fffb,
fffb,
000f,
0001,
000d,
ffec,
000f,
ffe2,
001c,
ffdd,
002b,
ffba,
024d,
0e26,
1b3e,
14df,
e04d,
cd2e,
0874,
2983,
1c70,
1490,
0d6b,
04e9,
05c0,
f87f,
dc3a,
d6fb,
dd94,
e03f,
ecd3,
f7c2,
fe27,
0952,
1551,
1a1d,
1b77,
176d,
0c72,
0788,
057c,
fceb,
f161,
ef89,
f40f,
f766,
f8bb,
f6f1,
f6df,
fa13,
ff46,
034b,
064f,
06c5,
04ad,
0427,
05b8,
073a,
0537,
017f,
fe3c,
fd1f,
fce6,
faf9,
f943,
f979,
fb77,
fd09,
fe21,
ff50,
0068,
00ad,
fff6,
000f,
0096,
00fd,
0221,
03e1,
045b,
0335,
0182,
ffd3,
ff1d,
fec6,
fdcd,
fc77,
fbdb,
fc42,
fd45,
feda,
0053,
0135,
0168,
0140,
0134,
0174,
01c1,
0176,
00a1,
ffc0,
ff3a,
ff2d,
ff89,
fff8,
0004,
0002,
ffff,
fffe,
ffff,
0000,
0000,
ffff,
0000,
fffe,
fffd,
ffff,
0003,
0006,
0007,
0003,
ffff,
fffa,
fff9,
fffa,
ffff,
0000,
ffff,
fffb,
fffb,
fffd,
000e,
0001,
000b,
ffef,
000c,
ffe6,
0019,
ffe1,
0027,
ffbb,
026a,
0e68,
1b63,
1291,
df7d,
d0cd,
0a33,
27dc,
1b5e,
1392,
0beb,
0569,
0742,
f887,
dcda,
d8c0,
de11,
e062,
ece9,
f726,
fd29,
0871,
140f,
18fc,
1b13,
16aa,
0c70,
0941,
072a,
fd85,
f294,
f0b9,
f401,
f723,
f7cb,
f525,
f5e1,
fa2b,
ff56,
0372,
067e,
06a4,
048b,
043e,
060b,
0747,
04ab,
00f0,
fe6f,
fdb6,
fd21,
fb20,
f9a4,
f9e0,
fb82,
fcb7,
fdf4,
ff3e,
001c,
0084,
0031,
001c,
00b0,
0196,
0264,
0389,
043c,
0357,
016d,
ffb0,
fef1,
fe89,
fdc4,
fc8e,
fbdd,
fc4c,
fd69,
fef0,
005e,
012e,
013e,
0127,
0143,
018b,
01cd,
0188,
00b8,
ffd4,
ff52,
ff3b,
ff78,
ffce,
0004,
0002,
ffff,
fffe,
ffff,
0000,
0000,
ffff,
0000,
fffe,
fffd,
ffff,
0003,
0006,
0007,
0003,
ffff,
fffa,
fff9,
fffa,
ffff,
0000,
ffff,
fffb,
fffb,
fffd,
000e,
0001,
000b,
ffef,
000c,
ffe6,
0019,
ffe1,
0027,
ffbb,
026a,
0e68,
1b63,
1291,
df7d,
d0cd,
0a33,
27dc,
1b5e,
1392,
0beb,
0569,
0742,
f887,
dcda,
d8c0,
de11,
e062,
ece9,
f726,
fd29,
0871,
140f,
18fc,
1b13,
16aa,
0c70,
0941,
072a,
fd85,
f294,
f0b9,
f401,
f723,
f7cb,
f525,
f5e1,
fa2b,
ff56,
0372,
067e,
06a4,
048b,
043e,
060b,
0747,
04ab,
00f0,
fe6f,
fdb6,
fd21,
fb20,
f9a4,
f9e0,
fb82,
fcb7,
fdf4,
ff3e,
001c,
0084,
0031,
001c,
00b0,
0196,
0264,
0389,
043c,
0357,
016d,
ffb0,
fef1,
fe89,
fdc4,
fc8e,
fbdd,
fc4c,
fd69,
fef0,
005e,
012e,
013e,
0127,
0143,
018b,
01cd,
0188,
00b8,
ffd4,
ff52,
ff3b,
ff78,
ffce,
0004,
0002,
ffff,
fffe,
ffff,
0000,
0000,
ffff,
0000,
fffe,
fffd,
ffff,
0003,
0006,
0007,
0003,
ffff,
fffa,
fff9,
fffa,
ffff,
0000,
ffff,
fffb,
fffb,
fffd,
000e,
0001,
000b,
ffef,
000c,
ffe6,
0019,
ffe1,
0027,
ffbb,
026a,
0e68,
1b63,
1291,
df7d,
d0cd,
0a33,
27dc,
1b5e,
1392,
0beb,
0569,
0742,
f887,
dcda,
d8c0,
de11,
e062,
ece9,
f726,
fd29,
0871,
140f,
18fc,
1b13,
16aa,
0c70,
0941,
072a,
fd85,
f294,
f0b9,
f401,
f723,
f7cb,
f525,
f5e1,
fa2b,
ff56,
0372,
067e,
06a4,
048b,
043e,
060b,
0747,
04ab,
00f0,
fe6f,
fdb6,
fd21,
fb20,
f9a4,
f9e0,
fb82,
fcb7,
fdf4,
ff3e,
001c,
0084,
0031,
001c,
00b0,
0196,
0264,
0389,
043c,
0357,
016d,
ffb0,
fef1,
fe89,
fdc4,
fc8e,
fbdd,
fc4c,
fd69,
fef0,
005e,
012e,
013e,
0127,
0143,
018b,
01cd,
0188,
00b8,
ffd4,
ff52,
ff3b,
ff78,
ffce,
0005,
0003,
0001,
0000,
0001,
0000,
ffff,
0000,
0000,
ffff,
fffe,
0000,
0003,
0006,
0007,
0004,
0001,
fffd,
fffb,
fffb,
ffff,
0001,
0002,
fffd,
fffd,
fffb,
000b,
0003,
000a,
fff6,
0005,
fff4,
0007,
fff9,
0005,
fff2,
00fb,
0af6,
188d,
1653,
eb61,
cfd7,
fdfe,
24fd,
1d76,
13ae,
0cb2,
0643,
0878,
feac,
e337,
d9b4,
deb7,
e032,
e9cb,
f4a6,
faa3,
0423,
1007,
1727,
19f8,
1724,
0de0,
09e7,
0972,
01ea,
f5f4,
f19a,
f48b,
f714,
f709,
f481,
f4dc,
f8c2,
fde7,
0248,
0587,
0690,
04a5,
03e9,
05a4,
0712,
04f8,
01ae,
ff83,
fe71,
fdb0,
fbd0,
fa38,
fa28,
fb6b,
fc5e,
fd62,
fee6,
ffe0,
003f,
0018,
0003,
0064,
015e,
0245,
031e,
03ff,
03a2,
01e6,
0020,
ff42,
feb7,
fdff,
fd02,
fc1d,
fc1f,
fd08,
fe7e,
fff7,
00ef,
0121,
0101,
0128,
017f,
01cd,
01b1,
010a,
0024,
ff83,
ff4c,
ff65,
ffb1,
0005,
0003,
0001,
0000,
0001,
0000,
ffff,
0000,
0000,
ffff,
fffe,
0000,
0003,
0006,
0007,
0004,
0001,
fffd,
fffb,
fffb,
ffff,
0001,
0002,
fffd,
fffd,
fffb,
000b,
0003,
000a,
fff6,
0005,
fff4,
0007,
fff9,
0005,
fff2,
00fb,
0af6,
188d,
1653,
eb61,
cfd7,
fdfe,
24fd,
1d76,
13ae,
0cb2,
0643,
0878,
feac,
e337,
d9b4,
deb7,
e032,
e9cb,
f4a6,
faa3,
0423,
1007,
1727,
19f8,
1724,
0de0,
09e7,
0972,
01ea,
f5f4,
f19a,
f48b,
f714,
f709,
f481,
f4dc,
f8c2,
fde7,
0248,
0587,
0690,
04a5,
03e9,
05a4,
0712,
04f8,
01ae,
ff83,
fe71,
fdb0,
fbd0,
fa38,
fa28,
fb6b,
fc5e,
fd62,
fee6,
ffe0,
003f,
0018,
0003,
0064,
015e,
0245,
031e,
03ff,
03a2,
01e6,
0020,
ff42,
feb7,
fdff,
fd02,
fc1d,
fc1f,
fd08,
fe7e,
fff7,
00ef,
0121,
0101,
0128,
017f,
01cd,
01b1,
010a,
0024,
ff83,
ff4c,
ff65,
ffb1,
0005,
0003,
0001,
0000,
0001,
0000,
ffff,
0000,
0000,
ffff,
fffe,
0000,
0003,
0006,
0007,
0004,
0001,
fffd,
fffb,
fffb,
ffff,
0001,
0002,
fffd,
fffd,
fffb,
000b,
0003,
000a,
fff6,
0005,
fff4,
0007,
fff9,
0005,
fff2,
00fb,
0af6,
188d,
1653,
eb61,
cfd7,
fdfe,
24fd,
1d76,
13ae,
0cb2,
0643,
0878,
feac,
e337,
d9b4,
deb7,
e032,
e9cb,
f4a6,
faa3,
0423,
1007,
1727,
19f8,
1724,
0de0,
09e7,
0972,
01ea,
f5f4,
f19a,
f48b,
f714,
f709,
f481,
f4dc,
f8c2,
fde7,
0248,
0587,
0690,
04a5,
03e9,
05a4,
0712,
04f8,
01ae,
ff83,
fe71,
fdb0,
fbd0,
fa38,
fa28,
fb6b,
fc5e,
fd62,
fee6,
ffe0,
003f,
0018,
0003,
0064,
015e,
0245,
031e,
03ff,
03a2,
01e6,
0020,
ff42,
feb7,
fdff,
fd02,
fc1d,
fc1f,
fd08,
fe7e,
fff7,
00ef,
0121,
0101,
0128,
017f,
01cd,
01b1,
010a,
0024,
ff83,
ff4c,
ff65,
ffb1,
0004,
0002,
ffff,
fffe,
ffff,
ffff,
ffff,
fffe,
fffe,
ffff,
fffd,
fffd,
ffff,
0003,
0005,
0005,
0001,
fffd,
fffa,
fff9,
fffb,
ffff,
0000,
fffe,
fffb,
fffa,
0003,
0009,
0005,
0001,
fff5,
0004,
ffef,
0012,
ffe3,
0025,
ffd2,
0517,
120a,
197c,
00c0,
d610,
e6e8,
19b7,
21fc,
15e8,
0ec7,
07e8,
084d,
06dd,
f081,
dcf0,
de6e,
e0c9,
e5b2,
f066,
f6f1,
fdea,
0904,
12c8,
180c,
181e,
10ae,
0a58,
0a64,
0749,
fcd7,
f411,
f435,
f762,
f78c,
f4cc,
f441,
f719,
fb2b,
ffd8,
0391,
05b8,
04dd,
0386,
0475,
0622,
0599,
0331,
0140,
ff90,
fe8e,
fd3b,
fb5e,
fa84,
fb16,
fbfc,
fcb2,
fe1d,
ff7c,
0010,
ffe1,
ffb1,
ffef,
009d,
019b,
027f,
037e,
03c9,
02b4,
011b,
000f,
ff5d,
fe80,
fd9e,
fcb3,
fc2f,
fc84,
fd9d,
ff11,
004d,
00e7,
00e9,
00f4,
0142,
01a8,
01d2,
0173,
00a2,
ffd5,
ff71,
ff61,
ff98,
0004,
0002,
ffff,
fffe,
ffff,
ffff,
ffff,
fffe,
fffe,
ffff,
fffd,
fffd,
ffff,
0003,
0005,
0005,
0001,
fffd,
fffa,
fff9,
fffb,
ffff,
0000,
fffe,
fffb,
fffa,
0003,
0009,
0005,
0001,
fff5,
0004,
ffef,
0012,
ffe3,
0025,
ffd2,
0517,
120a,
197c,
00c0,
d610,
e6e8,
19b7,
21fc,
15e8,
0ec7,
07e8,
084d,
06dd,
f081,
dcf0,
de6e,
e0c9,
e5b2,
f066,
f6f1,
fdea,
0904,
12c8,
180c,
181e,
10ae,
0a58,
0a64,
0749,
fcd7,
f411,
f435,
f762,
f78c,
f4cc,
f441,
f719,
fb2b,
ffd8,
0391,
05b8,
04dd,
0386,
0475,
0622,
0599,
0331,
0140,
ff90,
fe8e,
fd3b,
fb5e,
fa84,
fb16,
fbfc,
fcb2,
fe1d,
ff7c,
0010,
ffe1,
ffb1,
ffef,
009d,
019b,
027f,
037e,
03c9,
02b4,
011b,
000f,
ff5d,
fe80,
fd9e,
fcb3,
fc2f,
fc84,
fd9d,
ff11,
004d,
00e7,
00e9,
00f4,
0142,
01a8,
01d2,
0173,
00a2,
ffd5,
ff71,
ff61,
ff98,
0004,
0002,
ffff,
fffe,
ffff,
ffff,
ffff,
fffe,
fffe,
ffff,
fffd,
fffd,
ffff,
0003,
0005,
0005,
0001,
fffd,
fffa,
fff9,
fffb,
ffff,
0000,
fffe,
fffb,
fffa,
0003,
0009,
0005,
0001,
fff5,
0004,
ffef,
0012,
ffe3,
0025,
ffd2,
0517,
120a,
197c,
00c0,
d610,
e6e8,
19b7,
21fc,
15e8,
0ec7,
07e8,
084d,
06dd,
f081,
dcf0,
de6e,
e0c9,
e5b2,
f066,
f6f1,
fdea,
0904,
12c8,
180c,
181e,
10ae,
0a58,
0a64,
0749,
fcd7,
f411,
f435,
f762,
f78c,
f4cc,
f441,
f719,
fb2b,
ffd8,
0391,
05b8,
04dd,
0386,
0475,
0622,
0599,
0331,
0140,
ff90,
fe8e,
fd3b,
fb5e,
fa84,
fb16,
fbfc,
fcb2,
fe1d,
ff7c,
0010,
ffe1,
ffb1,
ffef,
009d,
019b,
027f,
037e,
03c9,
02b4,
011b,
000f,
ff5d,
fe80,
fd9e,
fcb3,
fc2f,
fc84,
fd9d,
ff11,
004d,
00e7,
00e9,
00f4,
0142,
01a8,
01d2,
0173,
00a2,
ffd5,
ff71,
ff61,
ff98,
0002,
0003,
0002,
0001,
ffff,
ffff,
ffff,
ffff,
ffff,
0000,
fffe,
fffd,
fffe,
0001,
0003,
0005,
0003,
0001,
fffd,
fffa,
fffb,
fffe,
ffff,
0000,
fffd,
fffc,
fffb,
0007,
0004,
0006,
fffa,
0000,
fffa,
fffe,
0002,
fff7,
0003,
0085,
0873,
14c3,
134a,
f001,
d6db,
fbad,
2068,
1c75,
11e3,
0b18,
0789,
0a6d,
01ea,
e98f,
de72,
e159,
e34a,
ea84,
f2e6,
f7ae,
ffab,
0aae,
1359,
1768,
149f,
0cd7,
09da,
0a68,
0525,
fad1,
f51a,
f69a,
f83b,
f688,
f4a1,
f5cf,
f8a2,
fc7d,
0090,
03a3,
04a9,
0385,
0346,
0452,
0537,
04a9,
033e,
0165,
ffa9,
fedf,
fd6e,
fbae,
fafc,
fb53,
fbf5,
fd14,
feab,
ffb8,
ffd8,
ff70,
ff71,
ffe4,
00a9,
0185,
0264,
0343,
0357,
0281,
0149,
0041,
ff5b,
fe6d,
fd87,
fcb5,
fc61,
fcc8,
fddd,
ff34,
0042,
00c5,
00db,
00f5,
0146,
01ac,
01b9,
0132,
005d,
ffb7,
ff75,
ff79,
0002,
0003,
0002,
0001,
ffff,
ffff,
ffff,
ffff,
ffff,
0000,
fffe,
fffd,
fffe,
0001,
0003,
0005,
0003,
0001,
fffd,
fffa,
fffb,
fffe,
ffff,
0000,
fffd,
fffc,
fffb,
0007,
0004,
0006,
fffa,
0000,
fffa,
fffe,
0002,
fff7,
0003,
0085,
0873,
14c3,
134a,
f001,
d6db,
fbad,
2068,
1c75,
11e3,
0b18,
0789,
0a6d,
01ea,
e98f,
de72,
e159,
e34a,
ea84,
f2e6,
f7ae,
ffab,
0aae,
1359,
1768,
149f,
0cd7,
09da,
0a68,
0525,
fad1,
f51a,
f69a,
f83b,
f688,
f4a1,
f5cf,
f8a2,
fc7d,
0090,
03a3,
04a9,
0385,
0346,
0452,
0537,
04a9,
033e,
0165,
ffa9,
fedf,
fd6e,
fbae,
fafc,
fb53,
fbf5,
fd14,
feab,
ffb8,
ffd8,
ff70,
ff71,
ffe4,
00a9,
0185,
0264,
0343,
0357,
0281,
0149,
0041,
ff5b,
fe6d,
fd87,
fcb5,
fc61,
fcc8,
fddd,
ff34,
0042,
00c5,
00db,
00f5,
0146,
01ac,
01b9,
0132,
005d,
ffb7,
ff75,
ff79,
0002,
0003,
0002,
0001,
ffff,
ffff,
ffff,
ffff,
ffff,
0000,
fffe,
fffd,
fffe,
0001,
0003,
0005,
0003,
0001,
fffd,
fffa,
fffb,
fffe,
ffff,
0000,
fffd,
fffc,
fffb,
0007,
0004,
0006,
fffa,
0000,
fffa,
fffe,
0002,
fff7,
0003,
0085,
0873,
14c3,
134a,
f001,
d6db,
fbad,
2068,
1c75,
11e3,
0b18,
0789,
0a6d,
01ea,
e98f,
de72,
e159,
e34a,
ea84,
f2e6,
f7ae,
ffab,
0aae,
1359,
1768,
149f,
0cd7,
09da,
0a68,
0525,
fad1,
f51a,
f69a,
f83b,
f688,
f4a1,
f5cf,
f8a2,
fc7d,
0090,
03a3,
04a9,
0385,
0346,
0452,
0537,
04a9,
033e,
0165,
ffa9,
fedf,
fd6e,
fbae,
fafc,
fb53,
fbf5,
fd14,
feab,
ffb8,
ffd8,
ff70,
ff71,
ffe4,
00a9,
0185,
0264,
0343,
0357,
0281,
0149,
0041,
ff5b,
fe6d,
fd87,
fcb5,
fc61,
fcc8,
fddd,
ff34,
0042,
00c5,
00db,
00f5,
0146,
01ac,
01b9,
0132,
005d,
ffb7,
ff75,
ff79,
0002,
0002,
0002,
0001,
0000,
0000,
ffff,
ffff,
ffff,
ffff,
0000,
ffff,
fffe,
fffe,
0001,
0004,
0005,
0003,
0001,
fffd,
fffb,
fffa,
fffe,
0000,
0000,
fffd,
fffc,
fffd,
0008,
0003,
0006,
fff8,
0003,
fff6,
0006,
fff7,
0007,
ffeb,
012c,
09c6,
1432,
0d0c,
e941,
dd10,
0556,
2056,
192c,
0f57,
0955,
0876,
0b04,
ff09,
e8af,
e112,
e37c,
e5ed,
ed3b,
f388,
f78b,
ffb6,
0a59,
1283,
1596,
11e0,
0b5f,
09f0,
0a2a,
0476,
faf0,
f691,
f7c7,
f7f0,
f65a,
f5d9,
f71d,
f987,
fd2a,
0075,
02cf,
0394,
02e5,
02a2,
0354,
049d,
04d2,
038b,
0186,
002a,
ff6b,
fdd5,
fc15,
fb2e,
fb3c,
fbe9,
fd4d,
fee8,
ffb4,
ff94,
ff35,
ff62,
ffea,
0086,
011a,
01dd,
02ee,
035b,
02b0,
016b,
0049,
ff6d,
fe93,
fd99,
fcc7,
fc94,
fd00,
fdf7,
ff38,
0041,
00b3,
00c1,
00dc,
0125,
0180,
0178,
00ee,
0031,
ffaf,
ff84,
0002,
0002,
0002,
0001,
0000,
0000,
ffff,
ffff,
ffff,
ffff,
0000,
ffff,
fffe,
fffe,
0001,
0004,
0005,
0003,
0001,
fffd,
fffb,
fffa,
fffe,
0000,
0000,
fffd,
fffc,
fffd,
0008,
0003,
0006,
fff8,
0003,
fff6,
0006,
fff7,
0007,
ffeb,
012c,
09c6,
1432,
0d0c,
e941,
dd10,
0556,
2056,
192c,
0f57,
0955,
0876,
0b04,
ff09,
e8af,
e112,
e37c,
e5ed,
ed3b,
f388,
f78b,
ffb6,
0a59,
1283,
1596,
11e0,
0b5f,
09f0,
0a2a,
0476,
faf0,
f691,
f7c7,
f7f0,
f65a,
f5d9,
f71d,
f987,
fd2a,
0075,
02cf,
0394,
02e5,
02a2,
0354,
049d,
04d2,
038b,
0186,
002a,
ff6b,
fdd5,
fc15,
fb2e,
fb3c,
fbe9,
fd4d,
fee8,
ffb4,
ff94,
ff35,
ff62,
ffea,
0086,
011a,
01dd,
02ee,
035b,
02b0,
016b,
0049,
ff6d,
fe93,
fd99,
fcc7,
fc94,
fd00,
fdf7,
ff38,
0041,
00b3,
00c1,
00dc,
0125,
0180,
0178,
00ee,
0031,
ffaf,
ff84,
0002,
0002,
0002,
0001,
0000,
0000,
ffff,
ffff,
ffff,
ffff,
0000,
ffff,
fffe,
fffe,
0001,
0004,
0005,
0003,
0001,
fffd,
fffb,
fffa,
fffe,
0000,
0000,
fffd,
fffc,
fffd,
0008,
0003,
0006,
fff8,
0003,
fff6,
0006,
fff7,
0007,
ffeb,
012c,
09c6,
1432,
0d0c,
e941,
dd10,
0556,
2056,
192c,
0f57,
0955,
0876,
0b04,
ff09,
e8af,
e112,
e37c,
e5ed,
ed3b,
f388,
f78b,
ffb6,
0a59,
1283,
1596,
11e0,
0b5f,
09f0,
0a2a,
0476,
faf0,
f691,
f7c7,
f7f0,
f65a,
f5d9,
f71d,
f987,
fd2a,
0075,
02cf,
0394,
02e5,
02a2,
0354,
049d,
04d2,
038b,
0186,
002a,
ff6b,
fdd5,
fc15,
fb2e,
fb3c,
fbe9,
fd4d,
fee8,
ffb4,
ff94,
ff35,
ff62,
ffea,
0086,
011a,
01dd,
02ee,
035b,
02b0,
016b,
0049,
ff6d,
fe93,
fd99,
fcc7,
fc94,
fd00,
fdf7,
ff38,
0041,
00b3,
00c1,
00dc,
0125,
0180,
0178,
00ee,
0031,
ffaf,
ff84,
0000,
0000,
0001,
0003,
0002,
0000,
0000,
ffff,
ffff,
0000,
0000,
0000,
ffff,
fffe,
fffe,
0000,
0002,
0004,
0002,
0000,
fffc,
fffb,
fffb,
fffe,
0000,
ffff,
fffd,
fffc,
fffd,
0007,
0002,
0005,
fff8,
0003,
fff4,
0007,
fff3,
000b,
ffe5,
015f,
096f,
123b,
0992,
e8bf,
e18b,
078d,
1ec3,
17a9,
0e1c,
08aa,
08e7,
0b12,
ff21,
eada,
e3c5,
e57a,
e7ec,
ee79,
f37c,
f6fe,
fe97,
0893,
109e,
139a,
1040,
0af9,
0a0b,
0a38,
04f1,
fbed,
f796,
f7f0,
f7c2,
f72b,
f732,
f80b,
fa28,
fd57,
ffda,
01bd,
02d2,
024f,
01a1,
0284,
0497,
0549,
03e3,
01bf,
007b,
ffcb,
fe32,
fc42,
fb4c,
fb5b,
fbd9,
fd45,
feff,
ffb2,
ff8e,
ff52,
ff75,
ffce,
0032,
00b3,
019b,
02a0,
02ff,
0285,
0165,
003c,
ff7d,
fed4,
fdd7,
fcfb,
fceb,
fd6d,
fe45,
ff49,
002c,
0093,
008e,
009d,
00d6,
0116,
0113,
00b9,
0031,
ffc9,
0000,
0000,
0001,
0003,
0002,
0000,
0000,
ffff,
ffff,
0000,
0000,
0000,
ffff,
fffe,
fffe,
0000,
0002,
0004,
0002,
0000,
fffc,
fffb,
fffb,
fffe,
0000,
ffff,
fffd,
fffc,
fffd,
0007,
0002,
0005,
fff8,
0003,
fff4,
0007,
fff3,
000b,
ffe5,
015f,
096f,
123b,
0992,
e8bf,
e18b,
078d,
1ec3,
17a9,
0e1c,
08aa,
08e7,
0b12,
ff21,
eada,
e3c5,
e57a,
e7ec,
ee79,
f37c,
f6fe,
fe97,
0893,
109e,
139a,
1040,
0af9,
0a0b,
0a38,
04f1,
fbed,
f796,
f7f0,
f7c2,
f72b,
f732,
f80b,
fa28,
fd57,
ffda,
01bd,
02d2,
024f,
01a1,
0284,
0497,
0549,
03e3,
01bf,
007b,
ffcb,
fe32,
fc42,
fb4c,
fb5b,
fbd9,
fd45,
feff,
ffb2,
ff8e,
ff52,
ff75,
ffce,
0032,
00b3,
019b,
02a0,
02ff,
0285,
0165,
003c,
ff7d,
fed4,
fdd7,
fcfb,
fceb,
fd6d,
fe45,
ff49,
002c,
0093,
008e,
009d,
00d6,
0116,
0113,
00b9,
0031,
ffc9,
0000,
0000,
0001,
0003,
0002,
0000,
0000,
ffff,
ffff,
0000,
0000,
0000,
ffff,
fffe,
fffe,
0000,
0002,
0004,
0002,
0000,
fffc,
fffb,
fffb,
fffe,
0000,
ffff,
fffd,
fffc,
fffd,
0007,
0002,
0005,
fff8,
0003,
fff4,
0007,
fff3,
000b,
ffe5,
015f,
096f,
123b,
0992,
e8bf,
e18b,
078d,
1ec3,
17a9,
0e1c,
08aa,
08e7,
0b12,
ff21,
eada,
e3c5,
e57a,
e7ec,
ee79,
f37c,
f6fe,
fe97,
0893,
109e,
139a,
1040,
0af9,
0a0b,
0a38,
04f1,
fbed,
f796,
f7f0,
f7c2,
f72b,
f732,
f80b,
fa28,
fd57,
ffda,
01bd,
02d2,
024f,
01a1,
0284,
0497,
0549,
03e3,
01bf,
007b,
ffcb,
fe32,
fc42,
fb4c,
fb5b,
fbd9,
fd45,
feff,
ffb2,
ff8e,
ff52,
ff75,
ffce,
0032,
00b3,
019b,
02a0,
02ff,
0285,
0165,
003c,
ff7d,
fed4,
fdd7,
fcfb,
fceb,
fd6d,
fe45,
ff49,
002c,
0093,
008e,
009d,
00d6,
0116,
0113,
00b9,
0031,
ffc9,
0002,
0000,
0000,
0001,
0002,
0002,
0001,
0000,
0000,
0000,
0001,
0000,
ffff,
ffff,
fffe,
ffff,
0000,
0002,
0005,
0003,
0002,
fffe,
fffc,
fffc,
fffe,
0000,
0000,
fffe,
fffd,
fffe,
0007,
0003,
0006,
fffa,
0004,
fff7,
0008,
fff4,
000c,
ffeb,
013b,
0840,
0ffa,
086c,
eb0f,
e3b6,
05ca,
1cc0,
1769,
0dfb,
0867,
08a7,
0b13,
010a,
ee6d,
e685,
e734,
e943,
ef02,
f34e,
f63e,
fce1,
062e,
0e53,
11bc,
0f55,
0b18,
0a40,
0a69,
05af,
fd01,
f819,
f7d7,
f82d,
f84e,
f842,
f8d0,
faa9,
fd41,
fef6,
00aa,
0255,
01d9,
00d5,
0234,
04fb,
058e,
03bb,
01b4,
00ad,
ffe6,
fe1e,
fc4b,
fbba,
fbd3,
fbf6,
fd2a,
ff05,
ffe6,
ffbe,
ff74,
ff84,
ffcb,
0037,
0083,
0104,
0200,
026b,
01c7,
00e1,
0045,
ffa8,
fefa,
fe59,
fdcc,
fda7,
fdff,
fe99,
ff56,
000e,
004c,
0028,
002d,
006b,
00a4,
00b9,
009b,
0043,
0002,
0000,
0000,
0001,
0002,
0002,
0001,
0000,
0000,
0000,
0001,
0000,
ffff,
ffff,
fffe,
ffff,
0000,
0002,
0005,
0003,
0002,
fffe,
fffc,
fffc,
fffe,
0000,
0000,
fffe,
fffd,
fffe,
0007,
0003,
0006,
fffa,
0004,
fff7,
0008,
fff4,
000c,
ffeb,
013b,
0840,
0ffa,
086c,
eb0f,
e3b6,
05ca,
1cc0,
1769,
0dfb,
0867,
08a7,
0b13,
010a,
ee6d,
e685,
e734,
e943,
ef02,
f34e,
f63e,
fce1,
062e,
0e53,
11bc,
0f55,
0b18,
0a40,
0a69,
05af,
fd01,
f819,
f7d7,
f82d,
f84e,
f842,
f8d0,
faa9,
fd41,
fef6,
00aa,
0255,
01d9,
00d5,
0234,
04fb,
058e,
03bb,
01b4,
00ad,
ffe6,
fe1e,
fc4b,
fbba,
fbd3,
fbf6,
fd2a,
ff05,
ffe6,
ffbe,
ff74,
ff84,
ffcb,
0037,
0083,
0104,
0200,
026b,
01c7,
00e1,
0045,
ffa8,
fefa,
fe59,
fdcc,
fda7,
fdff,
fe99,
ff56,
000e,
004c,
0028,
002d,
006b,
00a4,
00b9,
009b,
0043,
0002,
0000,
0000,
0001,
0002,
0002,
0001,
0000,
0000,
0000,
0001,
0000,
ffff,
ffff,
fffe,
ffff,
0000,
0002,
0005,
0003,
0002,
fffe,
fffc,
fffc,
fffe,
0000,
0000,
fffe,
fffd,
fffe,
0007,
0003,
0006,
fffa,
0004,
fff7,
0008,
fff4,
000c,
ffeb,
013b,
0840,
0ffa,
086c,
eb0f,
e3b6,
05ca,
1cc0,
1769,
0dfb,
0867,
08a7,
0b13,
010a,
ee6d,
e685,
e734,
e943,
ef02,
f34e,
f63e,
fce1,
062e,
0e53,
11bc,
0f55,
0b18,
0a40,
0a69,
05af,
fd01,
f819,
f7d7,
f82d,
f84e,
f842,
f8d0,
faa9,
fd41,
fef6,
00aa,
0255,
01d9,
00d5,
0234,
04fb,
058e,
03bb,
01b4,
00ad,
ffe6,
fe1e,
fc4b,
fbba,
fbd3,
fbf6,
fd2a,
ff05,
ffe6,
ffbe,
ff74,
ff84,
ffcb,
0037,
0083,
0104,
0200,
026b,
01c7,
00e1,
0045,
ffa8,
fefa,
fe59,
fdcc,
fda7,
fdff,
fe99,
ff56,
000e,
004c,
0028,
002d,
006b,
00a4,
00b9,
009b,
0043,
0001,
0001,
0001,
0001,
0001,
0001,
0002,
0001,
0000,
ffff,
ffff,
ffff,
0000,
0000,
ffff,
ffff,
ffff,
0000,
0002,
0003,
0003,
0001,
fffe,
fffd,
fffb,
fffe,
0000,
0001,
fffe,
fffd,
fffd,
0005,
0003,
0004,
fffa,
0003,
fff8,
0005,
fff6,
000a,
fff0,
010c,
0705,
0de6,
0804,
edcd,
e4fd,
02fc,
1a81,
178b,
0e63,
0852,
0822,
0b00,
0326,
f20f,
e93f,
e8da,
ea52,
ef46,
f331,
f5a5,
fb5d,
040b,
0c18,
101f,
0ed3,
0b45,
0a4f,
0a23,
05c7,
fde4,
f8bc,
f7ec,
f8d6,
f967,
f92b,
f98c,
fae6,
fcd6,
fe47,
0020,
0211,
01ad,
00ba,
023d,
04d2,
0505,
0348,
019a,
0063,
ff7b,
fe3d,
fcc4,
fc3a,
fc67,
fc73,
fd59,
ff11,
ffdf,
ffb7,
ffd4,
0024,
fffb,
ffe3,
0024,
006b,
00e9,
0159,
00fb,
0039,
fffe,
fff8,
ff9f,
ff43,
fefc,
fea1,
fe78,
fed8,
ff63,
ffbf,
ffd7,
ffbd,
ffc6,
fffd,
0035,
005c,
0077,
0001,
0001,
0001,
0001,
0001,
0001,
0002,
0001,
0000,
ffff,
ffff,
ffff,
0000,
0000,
ffff,
ffff,
ffff,
0000,
0002,
0003,
0003,
0001,
fffe,
fffd,
fffb,
fffe,
0000,
0001,
fffe,
fffd,
fffd,
0005,
0003,
0004,
fffa,
0003,
fff8,
0005,
fff6,
000a,
fff0,
010c,
0705,
0de6,
0804,
edcd,
e4fd,
02fc,
1a81,
178b,
0e63,
0852,
0822,
0b00,
0326,
f20f,
e93f,
e8da,
ea52,
ef46,
f331,
f5a5,
fb5d,
040b,
0c18,
101f,
0ed3,
0b45,
0a4f,
0a23,
05c7,
fde4,
f8bc,
f7ec,
f8d6,
f967,
f92b,
f98c,
fae6,
fcd6,
fe47,
0020,
0211,
01ad,
00ba,
023d,
04d2,
0505,
0348,
019a,
0063,
ff7b,
fe3d,
fcc4,
fc3a,
fc67,
fc73,
fd59,
ff11,
ffdf,
ffb7,
ffd4,
0024,
fffb,
ffe3,
0024,
006b,
00e9,
0159,
00fb,
0039,
fffe,
fff8,
ff9f,
ff43,
fefc,
fea1,
fe78,
fed8,
ff63,
ffbf,
ffd7,
ffbd,
ffc6,
fffd,
0035,
005c,
0077,
0001,
0001,
0001,
0001,
0001,
0001,
0002,
0001,
0000,
ffff,
ffff,
ffff,
0000,
0000,
ffff,
ffff,
ffff,
0000,
0002,
0003,
0003,
0001,
fffe,
fffd,
fffb,
fffe,
0000,
0001,
fffe,
fffd,
fffd,
0005,
0003,
0004,
fffa,
0003,
fff8,
0005,
fff6,
000a,
fff0,
010c,
0705,
0de6,
0804,
edcd,
e4fd,
02fc,
1a81,
178b,
0e63,
0852,
0822,
0b00,
0326,
f20f,
e93f,
e8da,
ea52,
ef46,
f331,
f5a5,
fb5d,
040b,
0c18,
101f,
0ed3,
0b45,
0a4f,
0a23,
05c7,
fde4,
f8bc,
f7ec,
f8d6,
f967,
f92b,
f98c,
fae6,
fcd6,
fe47,
0020,
0211,
01ad,
00ba,
023d,
04d2,
0505,
0348,
019a,
0063,
ff7b,
fe3d,
fcc4,
fc3a,
fc67,
fc73,
fd59,
ff11,
ffdf,
ffb7,
ffd4,
0024,
fffb,
ffe3,
0024,
006b,
00e9,
0159,
00fb,
0039,
fffe,
fff8,
ff9f,
ff43,
fefc,
fea1,
fe78,
fed8,
ff63,
ffbf,
ffd7,
ffbd,
ffc6,
fffd,
0035,
005c,
0077,
0000,
0001,
0002,
0002,
0001,
0001,
0002,
0003,
0002,
0001,
0000,
0000,
0000,
ffff,
0000,
0000,
ffff,
0000,
0001,
0002,
0004,
0004,
0002,
0000,
fffe,
fffd,
fffe,
0000,
0001,
ffff,
fffd,
fffd,
0005,
0003,
0004,
fffb,
0003,
fff8,
0005,
fff6,
000d,
fff4,
010e,
065c,
0c5d,
0708,
eee4,
e666,
01fa,
18c6,
1741,
0ea4,
0853,
07d8,
0ace,
0428,
f46c,
eb7b,
ea2f,
eb43,
efce,
f33d,
f581,
faf0,
0309,
0aca,
0f14,
0e22,
0ac3,
09a3,
092a,
056d,
fe87,
f929,
f830,
f9cd,
fa62,
f9a9,
f9ed,
fb22,
fcc8,
fe46,
0050,
023e,
01c2,
0092,
01cc,
0433,
0439,
026a,
00ed,
000e,
ff93,
feb2,
fd45,
fc97,
fd12,
fd54,
fd7a,
fea4,
0016,
007d,
003b,
0059,
003a,
ff79,
ff09,
ff72,
000b,
0036,
001b,
ffd9,
fffe,
00a1,
00cf,
004b,
ffc4,
ff82,
ff20,
fede,
ff1f,
ff7a,
ff7a,
ff42,
ff45,
ff8d,
ffde,
001a,
0000,
0001,
0002,
0002,
0001,
0001,
0002,
0003,
0002,
0001,
0000,
0000,
0000,
ffff,
0000,
0000,
ffff,
0000,
0001,
0002,
0004,
0004,
0002,
0000,
fffe,
fffd,
fffe,
0000,
0001,
ffff,
fffd,
fffd,
0005,
0003,
0004,
fffb,
0003,
fff8,
0005,
fff6,
000d,
fff4,
010e,
065c,
0c5d,
0708,
eee4,
e666,
01fa,
18c6,
1741,
0ea4,
0853,
07d8,
0ace,
0428,
f46c,
eb7b,
ea2f,
eb43,
efce,
f33d,
f581,
faf0,
0309,
0aca,
0f14,
0e22,
0ac3,
09a3,
092a,
056d,
fe87,
f929,
f830,
f9cd,
fa62,
f9a9,
f9ed,
fb22,
fcc8,
fe46,
0050,
023e,
01c2,
0092,
01cc,
0433,
0439,
026a,
00ed,
000e,
ff93,
feb2,
fd45,
fc97,
fd12,
fd54,
fd7a,
fea4,
0016,
007d,
003b,
0059,
003a,
ff79,
ff09,
ff72,
000b,
0036,
001b,
ffd9,
fffe,
00a1,
00cf,
004b,
ffc4,
ff82,
ff20,
fede,
ff1f,
ff7a,
ff7a,
ff42,
ff45,
ff8d,
ffde,
001a,
0000,
0001,
0002,
0002,
0001,
0001,
0002,
0003,
0002,
0001,
0000,
0000,
0000,
ffff,
0000,
0000,
ffff,
0000,
0001,
0002,
0004,
0004,
0002,
0000,
fffe,
fffd,
fffe,
0000,
0001,
ffff,
fffd,
fffd,
0005,
0003,
0004,
fffb,
0003,
fff8,
0005,
fff6,
000d,
fff4,
010e,
065c,
0c5d,
0708,
eee4,
e666,
01fa,
18c6,
1741,
0ea4,
0853,
07d8,
0ace,
0428,
f46c,
eb7b,
ea2f,
eb43,
efce,
f33d,
f581,
faf0,
0309,
0aca,
0f14,
0e22,
0ac3,
09a3,
092a,
056d,
fe87,
f929,
f830,
f9cd,
fa62,
f9a9,
f9ed,
fb22,
fcc8,
fe46,
0050,
023e,
01c2,
0092,
01cc,
0433,
0439,
026a,
00ed,
000e,
ff93,
feb2,
fd45,
fc97,
fd12,
fd54,
fd7a,
fea4,
0016,
007d,
003b,
0059,
003a,
ff79,
ff09,
ff72,
000b,
0036,
001b,
ffd9,
fffe,
00a1,
00cf,
004b,
ffc4,
ff82,
ff20,
fede,
ff1f,
ff7a,
ff7a,
ff42,
ff45,
ff8d,
ffde,
001a,
ffff,
0000,
0001,
0001,
0001,
0001,
0001,
0002,
0002,
0001,
0000,
ffff,
ffff,
ffff,
ffff,
0000,
0000,
0000,
0000,
0001,
0002,
0003,
0003,
0002,
0000,
fffe,
fffd,
fffe,
ffff,
0000,
ffff,
fffd,
fffe,
0004,
0003,
0004,
fffc,
0003,
fff7,
0007,
fff5,
0013,
fff4,
017b,
06a1,
0b81,
044b,
eccc,
e8f5,
04ee,
1855,
1631,
0e3c,
082c,
07ed,
0a75,
0308,
f43f,
ecad,
eb50,
ec55,
f0aa,
f3e4,
f687,
fc22,
03cf,
0a8d,
0df0,
0c74,
093b,
08b8,
0873,
0477,
fdd8,
f997,
f920,
fa52,
faa5,
fa20,
fa6b,
fba8,
fd7d,
ff1e,
0106,
022c,
0129,
002f,
0171,
034b,
0308,
019c,
009e,
0017,
ffc6,
ff00,
fdc2,
fd0d,
fd20,
fd59,
fe17,
ff7c,
0093,
00d2,
0087,
0033,
ffa9,
feb6,
fdf5,
fe48,
ff44,
ffa3,
ffbc,
0045,
00d6,
0138,
0173,
0131,
0073,
ffd0,
ff59,
fedd,
fec0,
ff09,
ff12,
fed4,
fedc,
ff3b,
ffa8,
ffff,
0000,
0001,
0001,
0001,
0001,
0001,
0002,
0002,
0001,
0000,
ffff,
ffff,
ffff,
ffff,
0000,
0000,
0000,
0000,
0001,
0002,
0003,
0003,
0002,
0000,
fffe,
fffd,
fffe,
ffff,
0000,
ffff,
fffd,
fffe,
0004,
0003,
0004,
fffc,
0003,
fff7,
0007,
fff5,
0013,
fff4,
017b,
06a1,
0b81,
044b,
eccc,
e8f5,
04ee,
1855,
1631,
0e3c,
082c,
07ed,
0a75,
0308,
f43f,
ecad,
eb50,
ec55,
f0aa,
f3e4,
f687,
fc22,
03cf,
0a8d,
0df0,
0c74,
093b,
08b8,
0873,
0477,
fdd8,
f997,
f920,
fa52,
faa5,
fa20,
fa6b,
fba8,
fd7d,
ff1e,
0106,
022c,
0129,
002f,
0171,
034b,
0308,
019c,
009e,
0017,
ffc6,
ff00,
fdc2,
fd0d,
fd20,
fd59,
fe17,
ff7c,
0093,
00d2,
0087,
0033,
ffa9,
feb6,
fdf5,
fe48,
ff44,
ffa3,
ffbc,
0045,
00d6,
0138,
0173,
0131,
0073,
ffd0,
ff59,
fedd,
fec0,
ff09,
ff12,
fed4,
fedc,
ff3b,
ffa8,
ffff,
0000,
0001,
0001,
0001,
0001,
0001,
0002,
0002,
0001,
0000,
ffff,
ffff,
ffff,
ffff,
0000,
0000,
0000,
0000,
0001,
0002,
0003,
0003,
0002,
0000,
fffe,
fffd,
fffe,
ffff,
0000,
ffff,
fffd,
fffe,
0004,
0003,
0004,
fffc,
0003,
fff7,
0007,
fff5,
0013,
fff4,
017b,
06a1,
0b81,
044b,
eccc,
e8f5,
04ee,
1855,
1631,
0e3c,
082c,
07ed,
0a75,
0308,
f43f,
ecad,
eb50,
ec55,
f0aa,
f3e4,
f687,
fc22,
03cf,
0a8d,
0df0,
0c74,
093b,
08b8,
0873,
0477,
fdd8,
f997,
f920,
fa52,
faa5,
fa20,
fa6b,
fba8,
fd7d,
ff1e,
0106,
022c,
0129,
002f,
0171,
034b,
0308,
019c,
009e,
0017,
ffc6,
ff00,
fdc2,
fd0d,
fd20,
fd59,
fe17,
ff7c,
0093,
00d2,
0087,
0033,
ffa9,
feb6,
fdf5,
fe48,
ff44,
ffa3,
ffbc,
0045,
00d6,
0138,
0173,
0131,
0073,
ffd0,
ff59,
fedd,
fec0,
ff09,
ff12,
fed4,
fedc,
ff3b,
ffa8,
ffff,
ffff,
0001,
0003,
0003,
0003,
0002,
0001,
0002,
0002,
0001,
0001,
ffff,
ffff,
0000,
0000,
0001,
0000,
0001,
0001,
0001,
0003,
0003,
0004,
0002,
0000,
fffe,
fffe,
fffe,
0000,
0001,
ffff,
fffd,
0002,
0004,
0005,
0002,
0000,
0000,
fffc,
0004,
fffb,
0013,
001c,
02dd,
080b,
0a96,
fd40,
e7aa,
f012,
0d09,
18cf,
1433,
0cc5,
0797,
085c,
08c2,
fe5a,
f1c7,
ecfe,
ebdd,
ee2c,
f2b6,
f58f,
f92f,
ff1b,
0586,
0a93,
0c4d,
0a1b,
0861,
0854,
06d1,
024d,
fca2,
f997,
f9b0,
fac6,
fab9,
fab6,
fb68,
fcd8,
febc,
fffc,
013f,
01b9,
0096,
ffc5,
0130,
02db,
0278,
0116,
0026,
ffff,
0011,
ff34,
fd50,
fc77,
fd46,
fe6d,
ff7b,
007a,
0107,
00a6,
ffd3,
ff6d,
ff1d,
fdd3,
fcab,
fd85,
ff72,
0075,
007c,
00aa,
0135,
01d4,
020a,
0170,
005e,
ff76,
ff06,
fec6,
fe94,
fea3,
feb8,
fea0,
fec1,
ff57,
ffff,
ffff,
0001,
0003,
0003,
0003,
0002,
0001,
0002,
0002,
0001,
0001,
ffff,
ffff,
0000,
0000,
0001,
0000,
0001,
0001,
0001,
0003,
0003,
0004,
0002,
0000,
fffe,
fffe,
fffe,
0000,
0001,
ffff,
fffd,
0002,
0004,
0005,
0002,
0000,
0000,
fffc,
0004,
fffb,
0013,
001c,
02dd,
080b,
0a96,
fd40,
e7aa,
f012,
0d09,
18cf,
1433,
0cc5,
0797,
085c,
08c2,
fe5a,
f1c7,
ecfe,
ebdd,
ee2c,
f2b6,
f58f,
f92f,
ff1b,
0586,
0a93,
0c4d,
0a1b,
0861,
0854,
06d1,
024d,
fca2,
f997,
f9b0,
fac6,
fab9,
fab6,
fb68,
fcd8,
febc,
fffc,
013f,
01b9,
0096,
ffc5,
0130,
02db,
0278,
0116,
0026,
ffff,
0011,
ff34,
fd50,
fc77,
fd46,
fe6d,
ff7b,
007a,
0107,
00a6,
ffd3,
ff6d,
ff1d,
fdd3,
fcab,
fd85,
ff72,
0075,
007c,
00aa,
0135,
01d4,
020a,
0170,
005e,
ff76,
ff06,
fec6,
fe94,
fea3,
feb8,
fea0,
fec1,
ff57,
ffff,
ffff,
0001,
0003,
0003,
0003,
0002,
0001,
0002,
0002,
0001,
0001,
ffff,
ffff,
0000,
0000,
0001,
0000,
0001,
0001,
0001,
0003,
0003,
0004,
0002,
0000,
fffe,
fffe,
fffe,
0000,
0001,
ffff,
fffd,
0002,
0004,
0005,
0002,
0000,
0000,
fffc,
0004,
fffb,
0013,
001c,
02dd,
080b,
0a96,
fd40,
e7aa,
f012,
0d09,
18cf,
1433,
0cc5,
0797,
085c,
08c2,
fe5a,
f1c7,
ecfe,
ebdd,
ee2c,
f2b6,
f58f,
f92f,
ff1b,
0586,
0a93,
0c4d,
0a1b,
0861,
0854,
06d1,
024d,
fca2,
f997,
f9b0,
fac6,
fab9,
fab6,
fb68,
fcd8,
febc,
fffc,
013f,
01b9,
0096,
ffc5,
0130,
02db,
0278,
0116,
0026,
ffff,
0011,
ff34,
fd50,
fc77,
fd46,
fe6d,
ff7b,
007a,
0107,
00a6,
ffd3,
ff6d,
ff1d,
fdd3,
fcab,
fd85,
ff72,
0075,
007c,
00aa,
0135,
01d4,
020a,
0170,
005e,
ff76,
ff06,
fec6,
fe94,
fea3,
feb8,
fea0,
fec1,
ff57,
fffe,
ffff,
0001,
0001,
0003,
0003,
0002,
0002,
0000,
0001,
0001,
0001,
0000,
ffff,
0000,
0000,
0000,
0000,
0000,
0000,
0000,
0002,
0003,
0004,
0002,
0001,
ffff,
fffd,
fffe,
ffff,
0000,
ffff,
fffe,
fffe,
0003,
0004,
0005,
fffd,
0004,
fff7,
0007,
fff5,
0018,
fff7,
0175,
05d5,
0a41,
04d1,
ee37,
e7c0,
01d5,
170f,
17ac,
10c3,
098f,
0683,
0809,
02e4,
f617,
eecb,
ecc3,
ed45,
f1c6,
f59c,
f883,
fd59,
02f0,
0763,
0af4,
0b04,
0878,
07f3,
0790,
03e0,
fe06,
faad,
fa06,
fa48,
fac0,
fb22,
fbd2,
fca5,
fe04,
ff7b,
00df,
0188,
010f,
0059,
0086,
01c6,
0273,
01ac,
0043,
ffd2,
ffef,
ff51,
fdc4,
fc9c,
fd35,
fe9d,
ffd6,
0098,
00e4,
007f,
ffaa,
ff4d,
fef6,
fdab,
fc67,
fd14,
ff2e,
00c2,
0102,
00b3,
00f8,
01bc,
0210,
0183,
0084,
ff91,
fef9,
fed2,
fec0,
fe9c,
fe9d,
febd,
feee,
ff54,
fffe,
ffff,
0001,
0001,
0003,
0003,
0002,
0002,
0000,
0001,
0001,
0001,
0000,
ffff,
0000,
0000,
0000,
0000,
0000,
0000,
0000,
0002,
0003,
0004,
0002,
0001,
ffff,
fffd,
fffe,
ffff,
0000,
ffff,
fffe,
fffe,
0003,
0004,
0005,
fffd,
0004,
fff7,
0007,
fff5,
0018,
fff7,
0175,
05d5,
0a41,
04d1,
ee37,
e7c0,
01d5,
170f,
17ac,
10c3,
098f,
0683,
0809,
02e4,
f617,
eecb,
ecc3,
ed45,
f1c6,
f59c,
f883,
fd59,
02f0,
0763,
0af4,
0b04,
0878,
07f3,
0790,
03e0,
fe06,
faad,
fa06,
fa48,
fac0,
fb22,
fbd2,
fca5,
fe04,
ff7b,
00df,
0188,
010f,
0059,
0086,
01c6,
0273,
01ac,
0043,
ffd2,
ffef,
ff51,
fdc4,
fc9c,
fd35,
fe9d,
ffd6,
0098,
00e4,
007f,
ffaa,
ff4d,
fef6,
fdab,
fc67,
fd14,
ff2e,
00c2,
0102,
00b3,
00f8,
01bc,
0210,
0183,
0084,
ff91,
fef9,
fed2,
fec0,
fe9c,
fe9d,
febd,
feee,
ff54,
fffe,
ffff,
0001,
0001,
0003,
0003,
0002,
0002,
0000,
0001,
0001,
0001,
0000,
ffff,
0000,
0000,
0000,
0000,
0000,
0000,
0000,
0002,
0003,
0004,
0002,
0001,
ffff,
fffd,
fffe,
ffff,
0000,
ffff,
fffe,
fffe,
0003,
0004,
0005,
fffd,
0004,
fff7,
0007,
fff5,
0018,
fff7,
0175,
05d5,
0a41,
04d1,
ee37,
e7c0,
01d5,
170f,
17ac,
10c3,
098f,
0683,
0809,
02e4,
f617,
eecb,
ecc3,
ed45,
f1c6,
f59c,
f883,
fd59,
02f0,
0763,
0af4,
0b04,
0878,
07f3,
0790,
03e0,
fe06,
faad,
fa06,
fa48,
fac0,
fb22,
fbd2,
fca5,
fe04,
ff7b,
00df,
0188,
010f,
0059,
0086,
01c6,
0273,
01ac,
0043,
ffd2,
ffef,
ff51,
fdc4,
fc9c,
fd35,
fe9d,
ffd6,
0098,
00e4,
007f,
ffaa,
ff4d,
fef6,
fdab,
fc67,
fd14,
ff2e,
00c2,
0102,
00b3,
00f8,
01bc,
0210,
0183,
0084,
ff91,
fef9,
fed2,
fec0,
fe9c,
fe9d,
febd,
feee,
ff54,
fffe,
fffe,
0000,
0002,
0004,
0002,
0001,
0000,
0000,
0001,
0002,
0001,
0000,
ffff,
0000,
0000,
0001,
0001,
0000,
0000,
0000,
0001,
0004,
0004,
0003,
0000,
fffe,
fffe,
fffe,
0000,
0001,
0000,
fffd,
fffe,
0004,
0002,
0006,
fffd,
0004,
fff6,
0008,
fff4,
001a,
fff6,
0174,
05ba,
0a2e,
058b,
ee8b,
e62e,
0072,
17cd,
1947,
1202,
09c5,
0548,
064d,
0251,
f6a7,
ef3b,
ecf8,
ed5d,
f1ec,
f61a,
f959,
fda3,
029d,
070a,
0a92,
0b09,
0924,
086b,
0717,
033d,
fd97,
fa2d,
fa35,
faed,
fa82,
fab2,
fc14,
fcb4,
fd97,
ff45,
00f8,
01be,
01c2,
018e,
014c,
016f,
0199,
0190,
00b5,
ff79,
fee1,
fe58,
fd8d,
fd5e,
fe16,
fec0,
ff75,
0053,
00c8,
0088,
ffc4,
ff2a,
fe69,
fd53,
fd18,
fe4b,
ffc2,
0090,
00e2,
00e4,
00f7,
0140,
013d,
00bd,
0014,
ff75,
ff05,
feed,
fef7,
ff07,
ff1f,
ff39,
ff57,
ff89,
fffe,
fffe,
0000,
0002,
0004,
0002,
0001,
0000,
0000,
0001,
0002,
0001,
0000,
ffff,
0000,
0000,
0001,
0001,
0000,
0000,
0000,
0001,
0004,
0004,
0003,
0000,
fffe,
fffe,
fffe,
0000,
0001,
0000,
fffd,
fffe,
0004,
0002,
0006,
fffd,
0004,
fff6,
0008,
fff4,
001a,
fff6,
0174,
05ba,
0a2e,
058b,
ee8b,
e62e,
0072,
17cd,
1947,
1202,
09c5,
0548,
064d,
0251,
f6a7,
ef3b,
ecf8,
ed5d,
f1ec,
f61a,
f959,
fda3,
029d,
070a,
0a92,
0b09,
0924,
086b,
0717,
033d,
fd97,
fa2d,
fa35,
faed,
fa82,
fab2,
fc14,
fcb4,
fd97,
ff45,
00f8,
01be,
01c2,
018e,
014c,
016f,
0199,
0190,
00b5,
ff79,
fee1,
fe58,
fd8d,
fd5e,
fe16,
fec0,
ff75,
0053,
00c8,
0088,
ffc4,
ff2a,
fe69,
fd53,
fd18,
fe4b,
ffc2,
0090,
00e2,
00e4,
00f7,
0140,
013d,
00bd,
0014,
ff75,
ff05,
feed,
fef7,
ff07,
ff1f,
ff39,
ff57,
ff89,
fffe,
fffe,
0000,
0002,
0004,
0002,
0001,
0000,
0000,
0001,
0002,
0001,
0000,
ffff,
0000,
0000,
0001,
0001,
0000,
0000,
0000,
0001,
0004,
0004,
0003,
0000,
fffe,
fffe,
fffe,
0000,
0001,
0000,
fffd,
fffe,
0004,
0002,
0006,
fffd,
0004,
fff6,
0008,
fff4,
001a,
fff6,
0174,
05ba,
0a2e,
058b,
ee8b,
e62e,
0072,
17cd,
1947,
1202,
09c5,
0548,
064d,
0251,
f6a7,
ef3b,
ecf8,
ed5d,
f1ec,
f61a,
f959,
fda3,
029d,
070a,
0a92,
0b09,
0924,
086b,
0717,
033d,
fd97,
fa2d,
fa35,
faed,
fa82,
fab2,
fc14,
fcb4,
fd97,
ff45,
00f8,
01be,
01c2,
018e,
014c,
016f,
0199,
0190,
00b5,
ff79,
fee1,
fe58,
fd8d,
fd5e,
fe16,
fec0,
ff75,
0053,
00c8,
0088,
ffc4,
ff2a,
fe69,
fd53,
fd18,
fe4b,
ffc2,
0090,
00e2,
00e4,
00f7,
0140,
013d,
00bd,
0014,
ff75,
ff05,
feed,
fef7,
ff07,
ff1f,
ff39,
ff57,
ff89,
ffff,
0000,
0000,
0002,
0002,
0002,
0001,
0001,
0001,
0001,
0001,
0001,
0000,
ffff,
fffe,
ffff,
0000,
0000,
0000,
0001,
0001,
0002,
0003,
0003,
0002,
0000,
fffe,
fffd,
fffe,
0001,
0000,
ffff,
fffc,
0000,
0004,
0005,
0001,
fffe,
0000,
fff7,
0006,
fff6,
0019,
0015,
02cd,
078b,
0b08,
ffd7,
e6e2,
eaa2,
0ad2,
1c22,
18b3,
0fc0,
0719,
03b0,
04c2,
febc,
f313,
ed83,
ebf0,
eddc,
f3b5,
f7da,
faf8,
ffba,
04ea,
089c,
0bb4,
0bb9,
0980,
0822,
0601,
00f3,
fb1a,
f92f,
fa01,
fb27,
faed,
fa4c,
fb24,
fcc2,
fe1d,
ff76,
01ba,
02f9,
0290,
020e,
0251,
023b,
0161,
00a5,
fff1,
ff26,
fde2,
fcf5,
fd4b,
fe58,
febf,
fe8d,
fef0,
ffe2,
00c2,
00a5,
ffbc,
fed9,
fe24,
fdd7,
fe85,
ffd4,
0096,
00a5,
0082,
0082,
009e,
008b,
001f,
ff9d,
ff56,
ff1e,
fefc,
ff22,
ff86,
ffda,
ffe6,
ffd7,
ffca,
ffce,
ffff,
0000,
0000,
0002,
0002,
0002,
0001,
0001,
0001,
0001,
0001,
0001,
0000,
ffff,
fffe,
ffff,
0000,
0000,
0000,
0001,
0001,
0002,
0003,
0003,
0002,
0000,
fffe,
fffd,
fffe,
0001,
0000,
ffff,
fffc,
0000,
0004,
0005,
0001,
fffe,
0000,
fff7,
0006,
fff6,
0019,
0015,
02cd,
078b,
0b08,
ffd7,
e6e2,
eaa2,
0ad2,
1c22,
18b3,
0fc0,
0719,
03b0,
04c2,
febc,
f313,
ed83,
ebf0,
eddc,
f3b5,
f7da,
faf8,
ffba,
04ea,
089c,
0bb4,
0bb9,
0980,
0822,
0601,
00f3,
fb1a,
f92f,
fa01,
fb27,
faed,
fa4c,
fb24,
fcc2,
fe1d,
ff76,
01ba,
02f9,
0290,
020e,
0251,
023b,
0161,
00a5,
fff1,
ff26,
fde2,
fcf5,
fd4b,
fe58,
febf,
fe8d,
fef0,
ffe2,
00c2,
00a5,
ffbc,
fed9,
fe24,
fdd7,
fe85,
ffd4,
0096,
00a5,
0082,
0082,
009e,
008b,
001f,
ff9d,
ff56,
ff1e,
fefc,
ff22,
ff86,
ffda,
ffe6,
ffd7,
ffca,
ffce,
ffff,
0000,
0000,
0002,
0002,
0002,
0001,
0001,
0001,
0001,
0001,
0001,
0000,
ffff,
fffe,
ffff,
0000,
0000,
0000,
0001,
0001,
0002,
0003,
0003,
0002,
0000,
fffe,
fffd,
fffe,
0001,
0000,
ffff,
fffc,
0000,
0004,
0005,
0001,
fffe,
0000,
fff7,
0006,
fff6,
0019,
0015,
02cd,
078b,
0b08,
ffd7,
e6e2,
eaa2,
0ad2,
1c22,
18b3,
0fc0,
0719,
03b0,
04c2,
febc,
f313,
ed83,
ebf0,
eddc,
f3b5,
f7da,
faf8,
ffba,
04ea,
089c,
0bb4,
0bb9,
0980,
0822,
0601,
00f3,
fb1a,
f92f,
fa01,
fb27,
faed,
fa4c,
fb24,
fcc2,
fe1d,
ff76,
01ba,
02f9,
0290,
020e,
0251,
023b,
0161,
00a5,
fff1,
ff26,
fde2,
fcf5,
fd4b,
fe58,
febf,
fe8d,
fef0,
ffe2,
00c2,
00a5,
ffbc,
fed9,
fe24,
fdd7,
fe85,
ffd4,
0096,
00a5,
0082,
0082,
009e,
008b,
001f,
ff9d,
ff56,
ff1e,
fefc,
ff22,
ff86,
ffda,
ffe6,
ffd7,
ffca,
ffce,
fffe,
0000,
0002,
0002,
0001,
0001,
0001,
0001,
0002,
0003,
0002,
0000,
fffe,
fffe,
fffe,
0000,
0001,
0000,
0000,
0000,
0002,
0004,
0004,
0002,
ffff,
fffe,
fffc,
fffe,
0000,
0001,
0000,
fffe,
fffd,
0004,
0003,
0007,
fffb,
0003,
fff1,
0009,
fff3,
0016,
fff1,
0174,
0626,
0b1d,
079c,
eea8,
e21a,
fe62,
1af7,
1d3f,
1403,
09d4,
02ce,
0322,
01c4,
f68f,
ed1b,
ea77,
eb4b,
f138,
f6db,
fa4b,
fea7,
0400,
083d,
0c17,
0dba,
0b2c,
08d3,
06e9,
02e9,
fc9a,
f8ab,
f8b1,
fa17,
faea,
fad2,
fa92,
fab5,
fcab,
ff04,
0160,
0350,
038a,
02ce,
0265,
0319,
0352,
0195,
ff23,
fe58,
fe37,
fd43,
fcd0,
fd8b,
fe5e,
fe5c,
fe3d,
fee0,
0018,
0097,
0013,
ff71,
fedb,
feac,
ff5c,
0062,
00f1,
00fb,
00a5,
001d,
ffd3,
ffc9,
ff99,
ff25,
feb4,
fe8a,
fea2,
fefe,
ffa6,
0063,
00b7,
008c,
004c,
002f,
002a,
fffe,
0000,
0002,
0002,
0001,
0001,
0001,
0001,
0002,
0003,
0002,
0000,
fffe,
fffe,
fffe,
0000,
0001,
0000,
0000,
0000,
0002,
0004,
0004,
0002,
ffff,
fffe,
fffc,
fffe,
0000,
0001,
0000,
fffe,
fffd,
0004,
0003,
0007,
fffb,
0003,
fff1,
0009,
fff3,
0016,
fff1,
0174,
0626,
0b1d,
079c,
eea8,
e21a,
fe62,
1af7,
1d3f,
1403,
09d4,
02ce,
0322,
01c4,
f68f,
ed1b,
ea77,
eb4b,
f138,
f6db,
fa4b,
fea7,
0400,
083d,
0c17,
0dba,
0b2c,
08d3,
06e9,
02e9,
fc9a,
f8ab,
f8b1,
fa17,
faea,
fad2,
fa92,
fab5,
fcab,
ff04,
0160,
0350,
038a,
02ce,
0265,
0319,
0352,
0195,
ff23,
fe58,
fe37,
fd43,
fcd0,
fd8b,
fe5e,
fe5c,
fe3d,
fee0,
0018,
0097,
0013,
ff71,
fedb,
feac,
ff5c,
0062,
00f1,
00fb,
00a5,
001d,
ffd3,
ffc9,
ff99,
ff25,
feb4,
fe8a,
fea2,
fefe,
ffa6,
0063,
00b7,
008c,
004c,
002f,
002a,
fffe,
0000,
0002,
0002,
0001,
0001,
0001,
0001,
0002,
0003,
0002,
0000,
fffe,
fffe,
fffe,
0000,
0001,
0000,
0000,
0000,
0002,
0004,
0004,
0002,
ffff,
fffe,
fffc,
fffe,
0000,
0001,
0000,
fffe,
fffd,
0004,
0003,
0007,
fffb,
0003,
fff1,
0009,
fff3,
0016,
fff1,
0174,
0626,
0b1d,
079c,
eea8,
e21a,
fe62,
1af7,
1d3f,
1403,
09d4,
02ce,
0322,
01c4,
f68f,
ed1b,
ea77,
eb4b,
f138,
f6db,
fa4b,
fea7,
0400,
083d,
0c17,
0dba,
0b2c,
08d3,
06e9,
02e9,
fc9a,
f8ab,
f8b1,
fa17,
faea,
fad2,
fa92,
fab5,
fcab,
ff04,
0160,
0350,
038a,
02ce,
0265,
0319,
0352,
0195,
ff23,
fe58,
fe37,
fd43,
fcd0,
fd8b,
fe5e,
fe5c,
fe3d,
fee0,
0018,
0097,
0013,
ff71,
fedb,
feac,
ff5c,
0062,
00f1,
00fb,
00a5,
001d,
ffd3,
ffc9,
ff99,
ff25,
feb4,
fe8a,
fea2,
fefe,
ffa6,
0063,
00b7,
008c,
004c,
002f,
002a,
0001,
0003,
0003,
0002,
0001,
ffff,
0000,
0002,
0003,
0002,
0000,
fffe,
ffff,
0000,
0000,
0001,
0000,
ffff,
ffff,
0001,
0004,
0003,
0002,
ffff,
fffc,
fffc,
fffe,
0000,
0002,
0000,
fffe,
fffc,
0005,
0003,
0009,
fffc,
0004,
fff4,
0006,
fff6,
000d,
fff6,
0102,
05e6,
0b88,
0abe,
f2a7,
dec7,
f814,
1a9e,
2065,
168f,
0b5e,
029c,
0196,
01d1,
f75f,
eb69,
e80f,
e974,
efae,
f63f,
fa7e,
fef9,
0460,
0937,
0d48,
0f51,
0c94,
094b,
06e9,
0351,
fd02,
f842,
f81a,
f971,
fa4b,
fa51,
fa8f,
fade,
fbef,
fdde,
00f9,
03dc,
0414,
0307,
02a1,
036a,
03f2,
02ed,
004e,
fdf4,
fd2f,
fd07,
fd35,
fd97,
fdcf,
fd93,
fd86,
fe68,
ffb6,
004b,
ffc1,
ff29,
ff15,
ff8f,
0086,
015f,
01a4,
015b,
00d6,
002d,
ff9f,
ff4b,
fef6,
fe90,
fe2c,
fdfc,
fe12,
fe8f,
ff79,
0075,
0108,
010f,
00d9,
00a2,
008b,
0088,
0001,
0003,
0003,
0002,
0001,
ffff,
0000,
0002,
0003,
0002,
0000,
fffe,
ffff,
0000,
0000,
0001,
0000,
ffff,
ffff,
0001,
0004,
0003,
0002,
ffff,
fffc,
fffc,
fffe,
0000,
0002,
0000,
fffe,
fffc,
0005,
0003,
0009,
fffc,
0004,
fff4,
0006,
fff6,
000d,
fff6,
0102,
05e6,
0b88,
0abe,
f2a7,
dec7,
f814,
1a9e,
2065,
168f,
0b5e,
029c,
0196,
01d1,
f75f,
eb69,
e80f,
e974,
efae,
f63f,
fa7e,
fef9,
0460,
0937,
0d48,
0f51,
0c94,
094b,
06e9,
0351,
fd02,
f842,
f81a,
f971,
fa4b,
fa51,
fa8f,
fade,
fbef,
fdde,
00f9,
03dc,
0414,
0307,
02a1,
036a,
03f2,
02ed,
004e,
fdf4,
fd2f,
fd07,
fd35,
fd97,
fdcf,
fd93,
fd86,
fe68,
ffb6,
004b,
ffc1,
ff29,
ff15,
ff8f,
0086,
015f,
01a4,
015b,
00d6,
002d,
ff9f,
ff4b,
fef6,
fe90,
fe2c,
fdfc,
fe12,
fe8f,
ff79,
0075,
0108,
010f,
00d9,
00a2,
008b,
0088,
0001,
0003,
0003,
0002,
0001,
ffff,
0000,
0002,
0003,
0002,
0000,
fffe,
ffff,
0000,
0000,
0001,
0000,
ffff,
ffff,
0001,
0004,
0003,
0002,
ffff,
fffc,
fffc,
fffe,
0000,
0002,
0000,
fffe,
fffc,
0005,
0003,
0009,
fffc,
0004,
fff4,
0006,
fff6,
000d,
fff6,
0102,
05e6,
0b88,
0abe,
f2a7,
dec7,
f814,
1a9e,
2065,
168f,
0b5e,
029c,
0196,
01d1,
f75f,
eb69,
e80f,
e974,
efae,
f63f,
fa7e,
fef9,
0460,
0937,
0d48,
0f51,
0c94,
094b,
06e9,
0351,
fd02,
f842,
f81a,
f971,
fa4b,
fa51,
fa8f,
fade,
fbef,
fdde,
00f9,
03dc,
0414,
0307,
02a1,
036a,
03f2,
02ed,
004e,
fdf4,
fd2f,
fd07,
fd35,
fd97,
fdcf,
fd93,
fd86,
fe68,
ffb6,
004b,
ffc1,
ff29,
ff15,
ff8f,
0086,
015f,
01a4,
015b,
00d6,
002d,
ff9f,
ff4b,
fef6,
fe90,
fe2c,
fdfc,
fe12,
fe8f,
ff79,
0075,
0108,
010f,
00d9,
00a2,
008b,
0088,
0002,
0003,
0001,
0000,
ffff,
0000,
0003,
0003,
0002,
ffff,
ffff,
ffff,
0000,
0002,
0000,
ffff,
fffe,
ffff,
0002,
0005,
0004,
0002,
fffe,
fffc,
fffb,
fffe,
0000,
0002,
ffff,
fffe,
fffb,
0005,
0003,
0009,
fffa,
0004,
fff4,
0005,
fff8,
000a,
fff5,
00f4,
066c,
0ccf,
0cbc,
f300,
dba5,
f65e,
1cbc,
22c8,
17be,
0bf3,
0267,
0095,
00e3,
f5aa,
e803,
e512,
e7e5,
ef0c,
f670,
fb6b,
000c,
05c1,
0b41,
0f2f,
10d6,
0d6f,
0932,
065d,
02dc,
fc4b,
f735,
f781,
f94c,
fa23,
f9f8,
fa39,
fa93,
fc0e,
fe98,
0140,
03ae,
043f,
0356,
02b4,
039b,
0454,
0330,
0080,
fe20,
fd54,
fcda,
fca3,
fd55,
fe03,
fd8c,
fd29,
fe00,
ff41,
0004,
ffa0,
fe9f,
fe53,
ffa9,
01ab,
02ac,
0281,
01cd,
0122,
006d,
ffc4,
ff36,
fe96,
fdfb,
fd8d,
fd7c,
fdb3,
fe4d,
ff45,
004e,
0102,
0122,
00f8,
00cf,
00d5,
00ec,
00d6,
0002,
0003,
0001,
0000,
ffff,
0000,
0003,
0003,
0002,
ffff,
ffff,
ffff,
0000,
0002,
0000,
ffff,
fffe,
ffff,
0002,
0005,
0004,
0002,
fffe,
fffc,
fffb,
fffe,
0000,
0002,
ffff,
fffe,
fffb,
0005,
0003,
0009,
fffa,
0004,
fff4,
0005,
fff8,
000a,
fff5,
00f4,
066c,
0ccf,
0cbc,
f300,
dba5,
f65e,
1cbc,
22c8,
17be,
0bf3,
0267,
0095,
00e3,
f5aa,
e803,
e512,
e7e5,
ef0c,
f670,
fb6b,
000c,
05c1,
0b41,
0f2f,
10d6,
0d6f,
0932,
065d,
02dc,
fc4b,
f735,
f781,
f94c,
fa23,
f9f8,
fa39,
fa93,
fc0e,
fe98,
0140,
03ae,
043f,
0356,
02b4,
039b,
0454,
0330,
0080,
fe20,
fd54,
fcda,
fca3,
fd55,
fe03,
fd8c,
fd29,
fe00,
ff41,
0004,
ffa0,
fe9f,
fe53,
ffa9,
01ab,
02ac,
0281,
01cd,
0122,
006d,
ffc4,
ff36,
fe96,
fdfb,
fd8d,
fd7c,
fdb3,
fe4d,
ff45,
004e,
0102,
0122,
00f8,
00cf,
00d5,
00ec,
00d6,
0002,
0003,
0001,
0000,
ffff,
0000,
0003,
0003,
0002,
ffff,
ffff,
ffff,
0000,
0002,
0000,
ffff,
fffe,
ffff,
0002,
0005,
0004,
0002,
fffe,
fffc,
fffb,
fffe,
0000,
0002,
ffff,
fffe,
fffb,
0005,
0003,
0009,
fffa,
0004,
fff4,
0005,
fff8,
000a,
fff5,
00f4,
066c,
0ccf,
0cbc,
f300,
dba5,
f65e,
1cbc,
22c8,
17be,
0bf3,
0267,
0095,
00e3,
f5aa,
e803,
e512,
e7e5,
ef0c,
f670,
fb6b,
000c,
05c1,
0b41,
0f2f,
10d6,
0d6f,
0932,
065d,
02dc,
fc4b,
f735,
f781,
f94c,
fa23,
f9f8,
fa39,
fa93,
fc0e,
fe98,
0140,
03ae,
043f,
0356,
02b4,
039b,
0454,
0330,
0080,
fe20,
fd54,
fcda,
fca3,
fd55,
fe03,
fd8c,
fd29,
fe00,
ff41,
0004,
ffa0,
fe9f,
fe53,
ffa9,
01ab,
02ac,
0281,
01cd,
0122,
006d,
ffc4,
ff36,
fe96,
fdfb,
fd8d,
fd7c,
fdb3,
fe4d,
ff45,
004e,
0102,
0122,
00f8,
00cf,
00d5,
00ec,
00d6,
0003,
0002,
0000,
0000,
0001,
0003,
0004,
0002,
0000,
fffd,
fffe,
0000,
0002,
0002,
ffff,
fffe,
ffff,
0003,
0007,
0005,
0002,
fffe,
fffb,
fffa,
ffff,
0002,
0004,
0000,
ffff,
fffa,
0007,
0003,
000c,
fffa,
0005,
fff3,
0008,
fff7,
000b,
fff1,
0107,
0763,
0eb9,
0ed2,
f177,
d781,
f6e9,
209a,
2497,
17fb,
0c27,
0257,
fff9,
ff99,
f265,
e366,
e1e5,
e678,
eedc,
f74e,
fd1e,
01c3,
07e2,
0e0e,
114d,
1206,
0db0,
088f,
057b,
0214,
fad2,
f5a7,
f6f7,
f927,
f9fe,
f9ea,
fa27,
fa52,
fc0f,
ff2f,
0269,
04bd,
0466,
0323,
02dc,
0407,
047b,
030e,
0050,
fda8,
fcbd,
fccf,
fce9,
fcf4,
fd5c,
fd9c,
fdc8,
fe77,
ff2d,
ff9d,
ff44,
fe09,
fd86,
ff7f,
0231,
034e,
0332,
028b,
01b8,
00ec,
0029,
ff2c,
fe3c,
fd94,
fd0b,
fcf1,
fd5a,
fe33,
ff48,
005a,
010c,
0124,
00da,
0090,
00be,
0129,
0132,
009d,
0003,
0002,
0000,
0000,
0001,
0003,
0004,
0002,
0000,
fffd,
fffe,
0000,
0002,
0002,
ffff,
fffe,
ffff,
0003,
0007,
0005,
0002,
fffe,
fffb,
fffa,
ffff,
0002,
0004,
0000,
ffff,
fffa,
0007,
0003,
000c,
fffa,
0005,
fff3,
0008,
fff7,
000b,
fff1,
0107,
0763,
0eb9,
0ed2,
f177,
d781,
f6e9,
209a,
2497,
17fb,
0c27,
0257,
fff9,
ff99,
f265,
e366,
e1e5,
e678,
eedc,
f74e,
fd1e,
01c3,
07e2,
0e0e,
114d,
1206,
0db0,
088f,
057b,
0214,
fad2,
f5a7,
f6f7,
f927,
f9fe,
f9ea,
fa27,
fa52,
fc0f,
ff2f,
0269,
04bd,
0466,
0323,
02dc,
0407,
047b,
030e,
0050,
fda8,
fcbd,
fccf,
fce9,
fcf4,
fd5c,
fd9c,
fdc8,
fe77,
ff2d,
ff9d,
ff44,
fe09,
fd86,
ff7f,
0231,
034e,
0332,
028b,
01b8,
00ec,
0029,
ff2c,
fe3c,
fd94,
fd0b,
fcf1,
fd5a,
fe33,
ff48,
005a,
010c,
0124,
00da,
0090,
00be,
0129,
0132,
009d,
0003,
0002,
0000,
0000,
0001,
0003,
0004,
0002,
0000,
fffd,
fffe,
0000,
0002,
0002,
ffff,
fffe,
ffff,
0003,
0007,
0005,
0002,
fffe,
fffb,
fffa,
ffff,
0002,
0004,
0000,
ffff,
fffa,
0007,
0003,
000c,
fffa,
0005,
fff3,
0008,
fff7,
000b,
fff1,
0107,
0763,
0eb9,
0ed2,
f177,
d781,
f6e9,
209a,
2497,
17fb,
0c27,
0257,
fff9,
ff99,
f265,
e366,
e1e5,
e678,
eedc,
f74e,
fd1e,
01c3,
07e2,
0e0e,
114d,
1206,
0db0,
088f,
057b,
0214,
fad2,
f5a7,
f6f7,
f927,
f9fe,
f9ea,
fa27,
fa52,
fc0f,
ff2f,
0269,
04bd,
0466,
0323,
02dc,
0407,
047b,
030e,
0050,
fda8,
fcbd,
fccf,
fce9,
fcf4,
fd5c,
fd9c,
fdc8,
fe77,
ff2d,
ff9d,
ff44,
fe09,
fd86,
ff7f,
0231,
034e,
0332,
028b,
01b8,
00ec,
0029,
ff2c,
fe3c,
fd94,
fd0b,
fcf1,
fd5a,
fe33,
ff48,
005a,
010c,
0124,
00da,
0090,
00be,
0129,
0132,
009d,
0000,
fffe,
0000,
0002,
0003,
0003,
0000,
fffe,
fffd,
ffff,
0000,
0000,
0000,
fffe,
fffd,
ffff,
0004,
0007,
0005,
0001,
fffd,
fffa,
fff8,
ffff,
0000,
0001,
fffe,
fffd,
fffa,
0008,
0002,
000c,
fff7,
0006,
ffef,
000a,
fff5,
000b,
ffec,
0119,
0872,
10e4,
115e,
efae,
d2ed,
f805,
2477,
254b,
17bd,
0c90,
028a,
fff3,
fe34,
ee51,
dec7,
df31,
e4ff,
ee88,
f83b,
ff16,
041a,
0a68,
10fb,
1378,
12c8,
0d43,
0790,
0468,
013d,
f97f,
f42e,
f67e,
f92e,
f9e3,
f9af,
f9fe,
fa11,
fc12,
ff94,
032b,
05b1,
04fc,
0383,
033c,
047c,
04c3,
0303,
0010,
fd3a,
fbfe,
fbec,
fc86,
fcc5,
fd00,
fd86,
fe49,
ff03,
ff70,
0014,
ff5c,
fd0b,
fcb5,
ffab,
0282,
035c,
034b,
02da,
026a,
01e0,
00a8,
ff11,
fe05,
fd54,
fca5,
fc7f,
fcf2,
fdf1,
ff60,
00b0,
014b,
012e,
00b7,
005a,
00a5,
013c,
0137,
0078,
ffab,
0002,
0002,
0001,
fffe,
fffd,
fffd,
0000,
ffff,
fffe,
fffe,
fffe,
fffd,
ffff,
0001,
0004,
0004,
0001,
fffd,
fffc,
fffa,
fffd,
ffff,
ffff,
fffc,
fffd,
fff9,
0005,
0002,
000a,
fffa,
0003,
fff7,
0001,
0002,
fffd,
0007,
007c,
06a3,
0eea,
137a,
fa81,
da2f,
f1ca,
18f5,
1bd1,
1392,
0f60,
084d,
04a1,
00a7,
efe3,
e289,
e42a,
e61f,
eb41,
f4c7,
fbbf,
024f,
0abd,
1092,
1216,
1208,
0cc3,
06f7,
04f6,
0213,
fa8d,
f5b8,
f78f,
f981,
fa20,
f9bf,
f995,
fa36,
fc3a,
fe5b,
00bb,
03a3,
0459,
045c,
0514,
05cb,
04ce,
0264,
ff8d,
fdc2,
fe51,
fe14,
fbe7,
fa9d,
fb38,
fc11,
fd5c,
ff77,
0124,
0175,
00ec,
013d,
0074,
fdf7,
fdbd,
0011,
0179,
0121,
00a1,
0032,
004a,
00df,
0087,
ff86,
feb5,
fe20,
fdee,
fe73,
ff56,
0006,
0045,
0018,
ffe6,
ffe2,
000d,
0036,
0050,
0036,
ffc4,
ff7f,
ffda,
00a7,
0002,
0002,
0001,
fffe,
fffd,
fffd,
0000,
ffff,
fffe,
fffe,
fffe,
fffd,
ffff,
0001,
0004,
0004,
0001,
fffd,
fffc,
fffa,
fffd,
ffff,
ffff,
fffc,
fffd,
fff9,
0005,
0002,
000a,
fffa,
0003,
fff7,
0001,
0002,
fffd,
0007,
007c,
06a3,
0eea,
137a,
fa81,
da2f,
f1ca,
18f5,
1bd1,
1392,
0f60,
084d,
04a1,
00a7,
efe3,
e289,
e42a,
e61f,
eb41,
f4c7,
fbbf,
024f,
0abd,
1092,
1216,
1208,
0cc3,
06f7,
04f6,
0213,
fa8d,
f5b8,
f78f,
f981,
fa20,
f9bf,
f995,
fa36,
fc3a,
fe5b,
00bb,
03a3,
0459,
045c,
0514,
05cb,
04ce,
0264,
ff8d,
fdc2,
fe51,
fe14,
fbe7,
fa9d,
fb38,
fc11,
fd5c,
ff77,
0124,
0175,
00ec,
013d,
0074,
fdf7,
fdbd,
0011,
0179,
0121,
00a1,
0032,
004a,
00df,
0087,
ff86,
feb5,
fe20,
fdee,
fe73,
ff56,
0006,
0045,
0018,
ffe6,
ffe2,
000d,
0036,
0050,
0036,
ffc4,
ff7f,
ffda,
00a7,
0002,
0002,
0001,
fffe,
fffd,
fffd,
0000,
ffff,
fffe,
fffe,
fffe,
fffd,
ffff,
0001,
0004,
0004,
0001,
fffd,
fffc,
fffa,
fffd,
ffff,
ffff,
fffc,
fffd,
fff9,
0005,
0002,
000a,
fffa,
0003,
fff7,
0001,
0002,
fffd,
0007,
007c,
06a3,
0eea,
137a,
fa81,
da2f,
f1ca,
18f5,
1bd1,
1392,
0f60,
084d,
04a1,
00a7,
efe3,
e289,
e42a,
e61f,
eb41,
f4c7,
fbbf,
024f,
0abd,
1092,
1216,
1208,
0cc3,
06f7,
04f6,
0213,
fa8d,
f5b8,
f78f,
f981,
fa20,
f9bf,
f995,
fa36,
fc3a,
fe5b,
00bb,
03a3,
0459,
045c,
0514,
05cb,
04ce,
0264,
ff8d,
fdc2,
fe51,
fe14,
fbe7,
fa9d,
fb38,
fc11,
fd5c,
ff77,
0124,
0175,
00ec,
013d,
0074,
fdf7,
fdbd,
0011,
0179,
0121,
00a1,
0032,
004a,
00df,
0087,
ff86,
feb5,
fe20,
fdee,
fe73,
ff56,
0006,
0045,
0018,
ffe6,
ffe2,
000d,
0036,
0050,
0036,
ffc4,
ff7f,
ffda,
00a7,
0002,
0002,
0001,
fffe,
fffd,
fffd,
0000,
ffff,
fffe,
fffe,
fffe,
fffd,
ffff,
0001,
0004,
0004,
0001,
fffd,
fffc,
fffa,
fffd,
ffff,
ffff,
fffc,
fffd,
fff9,
0005,
0002,
000a,
fffa,
0003,
fff7,
0001,
0002,
fffd,
0007,
007c,
06a3,
0eea,
137a,
fa81,
da2f,
f1ca,
18f5,
1bd1,
1392,
0f60,
084d,
04a1,
00a7,
efe3,
e289,
e42a,
e61f,
eb41,
f4c7,
fbbf,
024f,
0abd,
1092,
1216,
1208,
0cc3,
06f7,
04f6,
0213,
fa8d,
f5b8,
f78f,
f981,
fa20,
f9bf,
f995,
fa36,
fc3a,
fe5b,
00bb,
03a3,
0459,
045c,
0514,
05cb,
04ce,
0264,
ff8d,
fdc2,
fe51,
fe14,
fbe7,
fa9d,
fb38,
fc11,
fd5c,
ff77,
0124,
0175,
00ec,
013d,
0074,
fdf7,
fdbd,
0011,
0179,
0121,
00a1,
0032,
004a,
00df,
0087,
ff86,
feb5,
fe20,
fdee,
fe73,
ff56,
0006,
0045,
0018,
ffe6,
ffe2,
000d,
0036,
0050,
0036,
ffc4,
ff7f,
ffda,
00a7,
0004,
0002,
0000,
ffff,
ffff,
0000,
0001,
0002,
0001,
fffe,
fffe,
0001,
0004,
0007,
0006,
0002,
fffe,
fffc,
fffb,
fffe,
0000,
0001,
fffe,
fffe,
fffa,
0005,
0006,
0008,
0000,
fffd,
0003,
fff5,
0014,
ffe7,
002a,
fffc,
05b5,
0f5c,
17fc,
0528,
db86,
e647,
11d8,
1b1a,
1451,
1238,
0ab8,
0483,
00c4,
f077,
e162,
e339,
e52c,
e8d6,
f32c,
fadc,
0211,
0bd0,
1294,
13ae,
1358,
0de7,
075b,
04f8,
01f6,
fa89,
f4bd,
f62b,
f8ae,
fa54,
fa53,
f9a8,
fa0c,
fba5,
fdb4,
0056,
0414,
0538,
04af,
04d6,
0579,
04f1,
02ea,
0063,
fe6f,
fed6,
feaa,
fbe5,
f9fa,
fa5f,
fafd,
fc4d,
ff0e,
0128,
01a3,
00f7,
0101,
0107,
ff03,
fdef,
ffe3,
01ce,
019c,
00fa,
0064,
0020,
00e4,
00e1,
ff7f,
fe23,
fd87,
fdb4,
fea2,
ff9f,
fff8,
fff0,
ffcc,
ffd7,
0046,
00ad,
0088,
0052,
0038,
ffd6,
ff7e,
ff9f,
002a,
00b6,
0004,
0002,
0000,
ffff,
ffff,
0000,
0001,
0002,
0001,
fffe,
fffe,
0001,
0004,
0007,
0006,
0002,
fffe,
fffc,
fffb,
fffe,
0000,
0001,
fffe,
fffe,
fffa,
0005,
0006,
0008,
0000,
fffd,
0003,
fff5,
0014,
ffe7,
002a,
fffc,
05b5,
0f5c,
17fc,
0528,
db86,
e647,
11d8,
1b1a,
1451,
1238,
0ab8,
0483,
00c4,
f077,
e162,
e339,
e52c,
e8d6,
f32c,
fadc,
0211,
0bd0,
1294,
13ae,
1358,
0de7,
075b,
04f8,
01f6,
fa89,
f4bd,
f62b,
f8ae,
fa54,
fa53,
f9a8,
fa0c,
fba5,
fdb4,
0056,
0414,
0538,
04af,
04d6,
0579,
04f1,
02ea,
0063,
fe6f,
fed6,
feaa,
fbe5,
f9fa,
fa5f,
fafd,
fc4d,
ff0e,
0128,
01a3,
00f7,
0101,
0107,
ff03,
fdef,
ffe3,
01ce,
019c,
00fa,
0064,
0020,
00e4,
00e1,
ff7f,
fe23,
fd87,
fdb4,
fea2,
ff9f,
fff8,
fff0,
ffcc,
ffd7,
0046,
00ad,
0088,
0052,
0038,
ffd6,
ff7e,
ff9f,
002a,
00b6,
0004,
0002,
0000,
ffff,
ffff,
0000,
0001,
0002,
0001,
fffe,
fffe,
0001,
0004,
0007,
0006,
0002,
fffe,
fffc,
fffb,
fffe,
0000,
0001,
fffe,
fffe,
fffa,
0005,
0006,
0008,
0000,
fffd,
0003,
fff5,
0014,
ffe7,
002a,
fffc,
05b5,
0f5c,
17fc,
0528,
db86,
e647,
11d8,
1b1a,
1451,
1238,
0ab8,
0483,
00c4,
f077,
e162,
e339,
e52c,
e8d6,
f32c,
fadc,
0211,
0bd0,
1294,
13ae,
1358,
0de7,
075b,
04f8,
01f6,
fa89,
f4bd,
f62b,
f8ae,
fa54,
fa53,
f9a8,
fa0c,
fba5,
fdb4,
0056,
0414,
0538,
04af,
04d6,
0579,
04f1,
02ea,
0063,
fe6f,
fed6,
feaa,
fbe5,
f9fa,
fa5f,
fafd,
fc4d,
ff0e,
0128,
01a3,
00f7,
0101,
0107,
ff03,
fdef,
ffe3,
01ce,
019c,
00fa,
0064,
0020,
00e4,
00e1,
ff7f,
fe23,
fd87,
fdb4,
fea2,
ff9f,
fff8,
fff0,
ffcc,
ffd7,
0046,
00ad,
0088,
0052,
0038,
ffd6,
ff7e,
ff9f,
002a,
00b6,
0004,
0002,
0000,
ffff,
ffff,
0000,
0001,
0002,
0001,
fffe,
fffe,
0001,
0004,
0007,
0006,
0002,
fffe,
fffc,
fffb,
fffe,
0000,
0001,
fffe,
fffe,
fffa,
0005,
0006,
0008,
0000,
fffd,
0003,
fff5,
0014,
ffe7,
002a,
fffc,
05b5,
0f5c,
17fc,
0528,
db86,
e647,
11d8,
1b1a,
1451,
1238,
0ab8,
0483,
00c4,
f077,
e162,
e339,
e52c,
e8d6,
f32c,
fadc,
0211,
0bd0,
1294,
13ae,
1358,
0de7,
075b,
04f8,
01f6,
fa89,
f4bd,
f62b,
f8ae,
fa54,
fa53,
f9a8,
fa0c,
fba5,
fdb4,
0056,
0414,
0538,
04af,
04d6,
0579,
04f1,
02ea,
0063,
fe6f,
fed6,
feaa,
fbe5,
f9fa,
fa5f,
fafd,
fc4d,
ff0e,
0128,
01a3,
00f7,
0101,
0107,
ff03,
fdef,
ffe3,
01ce,
019c,
00fa,
0064,
0020,
00e4,
00e1,
ff7f,
fe23,
fd87,
fdb4,
fea2,
ff9f,
fff8,
fff0,
ffcc,
ffd7,
0046,
00ad,
0088,
0052,
0038,
ffd6,
ff7e,
ff9f,
002a,
00b6,
0004,
0002,
0000,
ffff,
ffff,
0000,
0001,
0002,
0001,
fffe,
fffe,
0001,
0004,
0007,
0006,
0002,
fffe,
fffc,
fffb,
fffe,
0000,
0001,
fffe,
fffe,
fffa,
0005,
0006,
0008,
0000,
fffd,
0003,
fff5,
0014,
ffe7,
002a,
fffc,
05b5,
0f5c,
17fc,
0528,
db86,
e647,
11d8,
1b1a,
1451,
1238,
0ab8,
0483,
00c4,
f077,
e162,
e339,
e52c,
e8d6,
f32c,
fadc,
0211,
0bd0,
1294,
13ae,
1358,
0de7,
075b,
04f8,
01f6,
fa89,
f4bd,
f62b,
f8ae,
fa54,
fa53,
f9a8,
fa0c,
fba5,
fdb4,
0056,
0414,
0538,
04af,
04d6,
0579,
04f1,
02ea,
0063,
fe6f,
fed6,
feaa,
fbe5,
f9fa,
fa5f,
fafd,
fc4d,
ff0e,
0128,
01a3,
00f7,
0101,
0107,
ff03,
fdef,
ffe3,
01ce,
019c,
00fa,
0064,
0020,
00e4,
00e1,
ff7f,
fe23,
fd87,
fdb4,
fea2,
ff9f,
fff8,
fff0,
ffcc,
ffd7,
0046,
00ad,
0088,
0052,
0038,
ffd6,
ff7e,
ff9f,
002a,
00b6,
0002,
fffe,
ffff,
ffff,
ffff,
0000,
0001,
0000,
fffd,
fffc,
fffe,
0002,
0005,
0005,
0001,
fffe,
fffb,
fffa,
fffc,
0000,
ffff,
ffff,
fffd,
fffc,
fffb,
000a,
0000,
000b,
fff2,
000d,
ffe8,
0018,
ffe3,
0028,
ffc4,
0242,
0bbb,
178d,
1629,
ecd9,
d66b,
fda4,
19b8,
1617,
1412,
0f18,
05f3,
0350,
f8b1,
e4c2,
e152,
e4ea,
e4ef,
ee63,
f805,
fe43,
081e,
111d,
13c6,
151a,
11f8,
097c,
0669,
0488,
fd6d,
f5a5,
f45e,
f689,
f97c,
faf0,
f941,
f928,
fa84,
fc8b,
ffa8,
03ec,
05ac,
04ab,
0433,
0483,
0546,
0478,
0208,
ff66,
fee8,
ff6f,
fd41,
fa3d,
f96a,
f9f4,
fae3,
fd61,
0035,
01a3,
01be,
011f,
00fc,
008d,
ff4e,
ff41,
00da,
01dc,
0186,
00c2,
fffc,
0028,
00b1,
ffe3,
fe89,
fdf9,
fde3,
fe11,
fec2,
ff86,
0019,
0032,
fff4,
001f,
00d5,
0132,
00ba,
0008,
ff72,
ff48,
ff9f,
001e,
007b,
0077,
0002,
fffe,
ffff,
ffff,
ffff,
0000,
0001,
0000,
fffd,
fffc,
fffe,
0002,
0005,
0005,
0001,
fffe,
fffb,
fffa,
fffc,
0000,
ffff,
ffff,
fffd,
fffc,
fffb,
000a,
0000,
000b,
fff2,
000d,
ffe8,
0018,
ffe3,
0028,
ffc4,
0242,
0bbb,
178d,
1629,
ecd9,
d66b,
fda4,
19b8,
1617,
1412,
0f18,
05f3,
0350,
f8b1,
e4c2,
e152,
e4ea,
e4ef,
ee63,
f805,
fe43,
081e,
111d,
13c6,
151a,
11f8,
097c,
0669,
0488,
fd6d,
f5a5,
f45e,
f689,
f97c,
faf0,
f941,
f928,
fa84,
fc8b,
ffa8,
03ec,
05ac,
04ab,
0433,
0483,
0546,
0478,
0208,
ff66,
fee8,
ff6f,
fd41,
fa3d,
f96a,
f9f4,
fae3,
fd61,
0035,
01a3,
01be,
011f,
00fc,
008d,
ff4e,
ff41,
00da,
01dc,
0186,
00c2,
fffc,
0028,
00b1,
ffe3,
fe89,
fdf9,
fde3,
fe11,
fec2,
ff86,
0019,
0032,
fff4,
001f,
00d5,
0132,
00ba,
0008,
ff72,
ff48,
ff9f,
001e,
007b,
0077,
0002,
fffe,
ffff,
ffff,
ffff,
0000,
0001,
0000,
fffd,
fffc,
fffe,
0002,
0005,
0005,
0001,
fffe,
fffb,
fffa,
fffc,
0000,
ffff,
ffff,
fffd,
fffc,
fffb,
000a,
0000,
000b,
fff2,
000d,
ffe8,
0018,
ffe3,
0028,
ffc4,
0242,
0bbb,
178d,
1629,
ecd9,
d66b,
fda4,
19b8,
1617,
1412,
0f18,
05f3,
0350,
f8b1,
e4c2,
e152,
e4ea,
e4ef,
ee63,
f805,
fe43,
081e,
111d,
13c6,
151a,
11f8,
097c,
0669,
0488,
fd6d,
f5a5,
f45e,
f689,
f97c,
faf0,
f941,
f928,
fa84,
fc8b,
ffa8,
03ec,
05ac,
04ab,
0433,
0483,
0546,
0478,
0208,
ff66,
fee8,
ff6f,
fd41,
fa3d,
f96a,
f9f4,
fae3,
fd61,
0035,
01a3,
01be,
011f,
00fc,
008d,
ff4e,
ff41,
00da,
01dc,
0186,
00c2,
fffc,
0028,
00b1,
ffe3,
fe89,
fdf9,
fde3,
fe11,
fec2,
ff86,
0019,
0032,
fff4,
001f,
00d5,
0132,
00ba,
0008,
ff72,
ff48,
ff9f,
001e,
007b,
0077,
0002,
fffe,
ffff,
ffff,
ffff,
0000,
0001,
0000,
fffd,
fffc,
fffe,
0002,
0005,
0005,
0001,
fffe,
fffb,
fffa,
fffc,
0000,
ffff,
ffff,
fffd,
fffc,
fffb,
000a,
0000,
000b,
fff2,
000d,
ffe8,
0018,
ffe3,
0028,
ffc4,
0242,
0bbb,
178d,
1629,
ecd9,
d66b,
fda4,
19b8,
1617,
1412,
0f18,
05f3,
0350,
f8b1,
e4c2,
e152,
e4ea,
e4ef,
ee63,
f805,
fe43,
081e,
111d,
13c6,
151a,
11f8,
097c,
0669,
0488,
fd6d,
f5a5,
f45e,
f689,
f97c,
faf0,
f941,
f928,
fa84,
fc8b,
ffa8,
03ec,
05ac,
04ab,
0433,
0483,
0546,
0478,
0208,
ff66,
fee8,
ff6f,
fd41,
fa3d,
f96a,
f9f4,
fae3,
fd61,
0035,
01a3,
01be,
011f,
00fc,
008d,
ff4e,
ff41,
00da,
01dc,
0186,
00c2,
fffc,
0028,
00b1,
ffe3,
fe89,
fdf9,
fde3,
fe11,
fec2,
ff86,
0019,
0032,
fff4,
001f,
00d5,
0132,
00ba,
0008,
ff72,
ff48,
ff9f,
001e,
007b,
0077,
0002,
fffe,
ffff,
ffff,
ffff,
0000,
0001,
0000,
fffd,
fffc,
fffe,
0002,
0005,
0005,
0001,
fffe,
fffb,
fffa,
fffc,
0000,
ffff,
ffff,
fffd,
fffc,
fffb,
000a,
0000,
000b,
fff2,
000d,
ffe8,
0018,
ffe3,
0028,
ffc4,
0242,
0bbb,
178d,
1629,
ecd9,
d66b,
fda4,
19b8,
1617,
1412,
0f18,
05f3,
0350,
f8b1,
e4c2,
e152,
e4ea,
e4ef,
ee63,
f805,
fe43,
081e,
111d,
13c6,
151a,
11f8,
097c,
0669,
0488,
fd6d,
f5a5,
f45e,
f689,
f97c,
faf0,
f941,
f928,
fa84,
fc8b,
ffa8,
03ec,
05ac,
04ab,
0433,
0483,
0546,
0478,
0208,
ff66,
fee8,
ff6f,
fd41,
fa3d,
f96a,
f9f4,
fae3,
fd61,
0035,
01a3,
01be,
011f,
00fc,
008d,
ff4e,
ff41,
00da,
01dc,
0186,
00c2,
fffc,
0028,
00b1,
ffe3,
fe89,
fdf9,
fde3,
fe11,
fec2,
ff86,
0019,
0032,
fff4,
001f,
00d5,
0132,
00ba,
0008,
ff72,
ff48,
ff9f,
001e,
007b,
0077,
0002,
fffe,
ffff,
ffff,
ffff,
0000,
0001,
0000,
fffd,
fffc,
fffe,
0002,
0005,
0005,
0001,
fffe,
fffb,
fffa,
fffc,
0000,
ffff,
ffff,
fffd,
fffc,
fffb,
000a,
0000,
000b,
fff2,
000d,
ffe8,
0018,
ffe3,
0028,
ffc4,
0242,
0bbb,
178d,
1629,
ecd9,
d66b,
fda4,
19b8,
1617,
1412,
0f18,
05f3,
0350,
f8b1,
e4c2,
e152,
e4ea,
e4ef,
ee63,
f805,
fe43,
081e,
111d,
13c6,
151a,
11f8,
097c,
0669,
0488,
fd6d,
f5a5,
f45e,
f689,
f97c,
faf0,
f941,
f928,
fa84,
fc8b,
ffa8,
03ec,
05ac,
04ab,
0433,
0483,
0546,
0478,
0208,
ff66,
fee8,
ff6f,
fd41,
fa3d,
f96a,
f9f4,
fae3,
fd61,
0035,
01a3,
01be,
011f,
00fc,
008d,
ff4e,
ff41,
00da,
01dc,
0186,
00c2,
fffc,
0028,
00b1,
ffe3,
fe89,
fdf9,
fde3,
fe11,
fec2,
ff86,
0019,
0032,
fff4,
001f,
00d5,
0132,
00ba,
0008,
ff72,
ff48,
ff9f,
001e,
007b,
0077,
0002,
fffe,
ffff,
ffff,
ffff,
0000,
0001,
0000,
fffd,
fffc,
fffe,
0002,
0005,
0005,
0001,
fffe,
fffb,
fffa,
fffc,
0000,
ffff,
ffff,
fffd,
fffc,
fffb,
000a,
0000,
000b,
fff2,
000d,
ffe8,
0018,
ffe3,
0028,
ffc4,
0242,
0bbb,
178d,
1629,
ecd9,
d66b,
fda4,
19b8,
1617,
1412,
0f18,
05f3,
0350,
f8b1,
e4c2,
e152,
e4ea,
e4ef,
ee63,
f805,
fe43,
081e,
111d,
13c6,
151a,
11f8,
097c,
0669,
0488,
fd6d,
f5a5,
f45e,
f689,
f97c,
faf0,
f941,
f928,
fa84,
fc8b,
ffa8,
03ec,
05ac,
04ab,
0433,
0483,
0546,
0478,
0208,
ff66,
fee8,
ff6f,
fd41,
fa3d,
f96a,
f9f4,
fae3,
fd61,
0035,
01a3,
01be,
011f,
00fc,
008d,
ff4e,
ff41,
00da,
01dc,
0186,
00c2,
fffc,
0028,
00b1,
ffe3,
fe89,
fdf9,
fde3,
fe11,
fec2,
ff86,
0019,
0032,
fff4,
001f,
00d5,
0132,
00ba,
0008,
ff72,
ff48,
ff9f,
001e,
007b,
0077,
0000,
ffff,
ffff,
ffff,
0000,
0000,
0000,
ffff,
fffd,
fffc,
ffff,
0003,
0005,
0005,
0001,
fffe,
fffb,
fffb,
fffd,
ffff,
fffe,
fffe,
fffc,
fffb,
ffff,
0008,
0002,
0008,
fff3,
000a,
ffe9,
001a,
ffdf,
0030,
ffba,
0345,
0db9,
19c1,
1271,
e5ef,
d99d,
041d,
19a4,
1536,
138f,
0c84,
0507,
03d0,
f652,
e368,
e2ab,
e48d,
e56c,
f00d,
f86d,
fef4,
0931,
10d7,
1366,
159b,
116f,
0942,
0719,
049b,
fccf,
f52e,
f41b,
f68a,
f9bf,
fa1b,
f819,
f8ab,
fa85,
fd44,
012e,
050e,
0596,
0439,
03be,
0456,
054a,
0422,
0189,
ff68,
ff5a,
ff80,
fd4d,
fa51,
f926,
f9d9,
fb0a,
fd64,
fff7,
0176,
01f3,
0171,
00db,
009e,
0029,
ffe1,
00c5,
01ad,
0170,
00a4,
ffec,
ffe0,
002b,
ffc2,
fe9a,
fdc8,
fdae,
fe0d,
ff0e,
0011,
0045,
0007,
0006,
006f,
010c,
012f,
0082,
ffb4,
ff56,
ff6f,
ffc5,
0016,
003a,
001a,
0000,
ffff,
ffff,
ffff,
0000,
0000,
0000,
ffff,
fffd,
fffc,
ffff,
0003,
0005,
0005,
0001,
fffe,
fffb,
fffb,
fffd,
ffff,
fffe,
fffe,
fffc,
fffb,
ffff,
0008,
0002,
0008,
fff3,
000a,
ffe9,
001a,
ffdf,
0030,
ffba,
0345,
0db9,
19c1,
1271,
e5ef,
d99d,
041d,
19a4,
1536,
138f,
0c84,
0507,
03d0,
f652,
e368,
e2ab,
e48d,
e56c,
f00d,
f86d,
fef4,
0931,
10d7,
1366,
159b,
116f,
0942,
0719,
049b,
fccf,
f52e,
f41b,
f68a,
f9bf,
fa1b,
f819,
f8ab,
fa85,
fd44,
012e,
050e,
0596,
0439,
03be,
0456,
054a,
0422,
0189,
ff68,
ff5a,
ff80,
fd4d,
fa51,
f926,
f9d9,
fb0a,
fd64,
fff7,
0176,
01f3,
0171,
00db,
009e,
0029,
ffe1,
00c5,
01ad,
0170,
00a4,
ffec,
ffe0,
002b,
ffc2,
fe9a,
fdc8,
fdae,
fe0d,
ff0e,
0011,
0045,
0007,
0006,
006f,
010c,
012f,
0082,
ffb4,
ff56,
ff6f,
ffc5,
0016,
003a,
001a,
0000,
ffff,
ffff,
ffff,
0000,
0000,
0000,
ffff,
fffd,
fffc,
ffff,
0003,
0005,
0005,
0001,
fffe,
fffb,
fffb,
fffd,
ffff,
fffe,
fffe,
fffc,
fffb,
ffff,
0008,
0002,
0008,
fff3,
000a,
ffe9,
001a,
ffdf,
0030,
ffba,
0345,
0db9,
19c1,
1271,
e5ef,
d99d,
041d,
19a4,
1536,
138f,
0c84,
0507,
03d0,
f652,
e368,
e2ab,
e48d,
e56c,
f00d,
f86d,
fef4,
0931,
10d7,
1366,
159b,
116f,
0942,
0719,
049b,
fccf,
f52e,
f41b,
f68a,
f9bf,
fa1b,
f819,
f8ab,
fa85,
fd44,
012e,
050e,
0596,
0439,
03be,
0456,
054a,
0422,
0189,
ff68,
ff5a,
ff80,
fd4d,
fa51,
f926,
f9d9,
fb0a,
fd64,
fff7,
0176,
01f3,
0171,
00db,
009e,
0029,
ffe1,
00c5,
01ad,
0170,
00a4,
ffec,
ffe0,
002b,
ffc2,
fe9a,
fdc8,
fdae,
fe0d,
ff0e,
0011,
0045,
0007,
0006,
006f,
010c,
012f,
0082,
ffb4,
ff56,
ff6f,
ffc5,
0016,
003a,
001a,
0000,
ffff,
ffff,
ffff,
0000,
0000,
0000,
ffff,
fffd,
fffc,
ffff,
0003,
0005,
0005,
0001,
fffe,
fffb,
fffb,
fffd,
ffff,
fffe,
fffe,
fffc,
fffb,
ffff,
0008,
0002,
0008,
fff3,
000a,
ffe9,
001a,
ffdf,
0030,
ffba,
0345,
0db9,
19c1,
1271,
e5ef,
d99d,
041d,
19a4,
1536,
138f,
0c84,
0507,
03d0,
f652,
e368,
e2ab,
e48d,
e56c,
f00d,
f86d,
fef4,
0931,
10d7,
1366,
159b,
116f,
0942,
0719,
049b,
fccf,
f52e,
f41b,
f68a,
f9bf,
fa1b,
f819,
f8ab,
fa85,
fd44,
012e,
050e,
0596,
0439,
03be,
0456,
054a,
0422,
0189,
ff68,
ff5a,
ff80,
fd4d,
fa51,
f926,
f9d9,
fb0a,
fd64,
fff7,
0176,
01f3,
0171,
00db,
009e,
0029,
ffe1,
00c5,
01ad,
0170,
00a4,
ffec,
ffe0,
002b,
ffc2,
fe9a,
fdc8,
fdae,
fe0d,
ff0e,
0011,
0045,
0007,
0006,
006f,
010c,
012f,
0082,
ffb4,
ff56,
ff6f,
ffc5,
0016,
003a,
001a,
0000,
ffff,
ffff,
ffff,
0000,
0000,
0000,
ffff,
fffd,
fffc,
ffff,
0003,
0005,
0005,
0001,
fffe,
fffb,
fffb,
fffd,
ffff,
fffe,
fffe,
fffc,
fffb,
ffff,
0008,
0002,
0008,
fff3,
000a,
ffe9,
001a,
ffdf,
0030,
ffba,
0345,
0db9,
19c1,
1271,
e5ef,
d99d,
041d,
19a4,
1536,
138f,
0c84,
0507,
03d0,
f652,
e368,
e2ab,
e48d,
e56c,
f00d,
f86d,
fef4,
0931,
10d7,
1366,
159b,
116f,
0942,
0719,
049b,
fccf,
f52e,
f41b,
f68a,
f9bf,
fa1b,
f819,
f8ab,
fa85,
fd44,
012e,
050e,
0596,
0439,
03be,
0456,
054a,
0422,
0189,
ff68,
ff5a,
ff80,
fd4d,
fa51,
f926,
f9d9,
fb0a,
fd64,
fff7,
0176,
01f3,
0171,
00db,
009e,
0029,
ffe1,
00c5,
01ad,
0170,
00a4,
ffec,
ffe0,
002b,
ffc2,
fe9a,
fdc8,
fdae,
fe0d,
ff0e,
0011,
0045,
0007,
0006,
006f,
010c,
012f,
0082,
ffb4,
ff56,
ff6f,
ffc5,
0016,
003a,
001a,
0002,
ffff,
ffff,
ffff,
0000,
0000,
ffff,
ffff,
fffe,
fffd,
ffff,
0003,
0004,
0006,
0004,
0001,
fffe,
fffd,
fffc,
ffff,
ffff,
fffe,
fffb,
fffb,
fffb,
0009,
0001,
0008,
fff6,
0008,
fff2,
000c,
fff3,
0010,
ffe5,
013a,
0997,
1537,
1663,
f394,
d8be,
f8ee,
17db,
1610,
12af,
0e35,
06ba,
0624,
fda9,
e904,
e292,
e542,
e492,
ec64,
f5a5,
fb1e,
043c,
0d81,
11a9,
14b7,
1384,
0bde,
085f,
06d6,
0070,
f813,
f49f,
f5e4,
f8be,
f9bd,
f79f,
f7e6,
fa08,
fc77,
ffe5,
03c8,
055e,
046e,
03c8,
040c,
04f0,
0420,
01f5,
002b,
ffa8,
ffe1,
fe86,
fbc7,
f9bf,
f9d2,
fabb,
fc54,
fecc,
00ba,
01bb,
01b5,
0110,
00ae,
0094,
0039,
0059,
0129,
0157,
00ad,
0007,
fff4,
0026,
ffe3,
fed4,
fde1,
fdca,
fe3f,
ff0c,
ffdc,
004a,
0039,
0009,
001b,
0088,
00fd,
00c1,
fffb,
ff67,
ff5b,
ff9b,
ffe2,
0027,
0041,
0002,
ffff,
ffff,
ffff,
0000,
0000,
ffff,
ffff,
fffe,
fffd,
ffff,
0003,
0004,
0006,
0004,
0001,
fffe,
fffd,
fffc,
ffff,
ffff,
fffe,
fffb,
fffb,
fffb,
0009,
0001,
0008,
fff6,
0008,
fff2,
000c,
fff3,
0010,
ffe5,
013a,
0997,
1537,
1663,
f394,
d8be,
f8ee,
17db,
1610,
12af,
0e35,
06ba,
0624,
fda9,
e904,
e292,
e542,
e492,
ec64,
f5a5,
fb1e,
043c,
0d81,
11a9,
14b7,
1384,
0bde,
085f,
06d6,
0070,
f813,
f49f,
f5e4,
f8be,
f9bd,
f79f,
f7e6,
fa08,
fc77,
ffe5,
03c8,
055e,
046e,
03c8,
040c,
04f0,
0420,
01f5,
002b,
ffa8,
ffe1,
fe86,
fbc7,
f9bf,
f9d2,
fabb,
fc54,
fecc,
00ba,
01bb,
01b5,
0110,
00ae,
0094,
0039,
0059,
0129,
0157,
00ad,
0007,
fff4,
0026,
ffe3,
fed4,
fde1,
fdca,
fe3f,
ff0c,
ffdc,
004a,
0039,
0009,
001b,
0088,
00fd,
00c1,
fffb,
ff67,
ff5b,
ff9b,
ffe2,
0027,
0041,
0002,
ffff,
ffff,
ffff,
0000,
0000,
ffff,
ffff,
fffe,
fffd,
ffff,
0003,
0004,
0006,
0004,
0001,
fffe,
fffd,
fffc,
ffff,
ffff,
fffe,
fffb,
fffb,
fffb,
0009,
0001,
0008,
fff6,
0008,
fff2,
000c,
fff3,
0010,
ffe5,
013a,
0997,
1537,
1663,
f394,
d8be,
f8ee,
17db,
1610,
12af,
0e35,
06ba,
0624,
fda9,
e904,
e292,
e542,
e492,
ec64,
f5a5,
fb1e,
043c,
0d81,
11a9,
14b7,
1384,
0bde,
085f,
06d6,
0070,
f813,
f49f,
f5e4,
f8be,
f9bd,
f79f,
f7e6,
fa08,
fc77,
ffe5,
03c8,
055e,
046e,
03c8,
040c,
04f0,
0420,
01f5,
002b,
ffa8,
ffe1,
fe86,
fbc7,
f9bf,
f9d2,
fabb,
fc54,
fecc,
00ba,
01bb,
01b5,
0110,
00ae,
0094,
0039,
0059,
0129,
0157,
00ad,
0007,
fff4,
0026,
ffe3,
fed4,
fde1,
fdca,
fe3f,
ff0c,
ffdc,
004a,
0039,
0009,
001b,
0088,
00fd,
00c1,
fffb,
ff67,
ff5b,
ff9b,
ffe2,
0027,
0041,
0002,
ffff,
ffff,
ffff,
0000,
0000,
ffff,
ffff,
fffe,
fffd,
ffff,
0003,
0004,
0006,
0004,
0001,
fffe,
fffd,
fffc,
ffff,
ffff,
fffe,
fffb,
fffb,
fffb,
0009,
0001,
0008,
fff6,
0008,
fff2,
000c,
fff3,
0010,
ffe5,
013a,
0997,
1537,
1663,
f394,
d8be,
f8ee,
17db,
1610,
12af,
0e35,
06ba,
0624,
fda9,
e904,
e292,
e542,
e492,
ec64,
f5a5,
fb1e,
043c,
0d81,
11a9,
14b7,
1384,
0bde,
085f,
06d6,
0070,
f813,
f49f,
f5e4,
f8be,
f9bd,
f79f,
f7e6,
fa08,
fc77,
ffe5,
03c8,
055e,
046e,
03c8,
040c,
04f0,
0420,
01f5,
002b,
ffa8,
ffe1,
fe86,
fbc7,
f9bf,
f9d2,
fabb,
fc54,
fecc,
00ba,
01bb,
01b5,
0110,
00ae,
0094,
0039,
0059,
0129,
0157,
00ad,
0007,
fff4,
0026,
ffe3,
fed4,
fde1,
fdca,
fe3f,
ff0c,
ffdc,
004a,
0039,
0009,
001b,
0088,
00fd,
00c1,
fffb,
ff67,
ff5b,
ff9b,
ffe2,
0027,
0041,
0002,
ffff,
ffff,
ffff,
0000,
0000,
ffff,
ffff,
fffe,
fffd,
ffff,
0003,
0004,
0006,
0004,
0001,
fffe,
fffd,
fffc,
ffff,
ffff,
fffe,
fffb,
fffb,
fffb,
0009,
0001,
0008,
fff6,
0008,
fff2,
000c,
fff3,
0010,
ffe5,
013a,
0997,
1537,
1663,
f394,
d8be,
f8ee,
17db,
1610,
12af,
0e35,
06ba,
0624,
fda9,
e904,
e292,
e542,
e492,
ec64,
f5a5,
fb1e,
043c,
0d81,
11a9,
14b7,
1384,
0bde,
085f,
06d6,
0070,
f813,
f49f,
f5e4,
f8be,
f9bd,
f79f,
f7e6,
fa08,
fc77,
ffe5,
03c8,
055e,
046e,
03c8,
040c,
04f0,
0420,
01f5,
002b,
ffa8,
ffe1,
fe86,
fbc7,
f9bf,
f9d2,
fabb,
fc54,
fecc,
00ba,
01bb,
01b5,
0110,
00ae,
0094,
0039,
0059,
0129,
0157,
00ad,
0007,
fff4,
0026,
ffe3,
fed4,
fde1,
fdca,
fe3f,
ff0c,
ffdc,
004a,
0039,
0009,
001b,
0088,
00fd,
00c1,
fffb,
ff67,
ff5b,
ff9b,
ffe2,
0027,
0041,
0002,
ffff,
ffff,
ffff,
0000,
0000,
ffff,
ffff,
fffe,
fffd,
ffff,
0003,
0004,
0006,
0004,
0001,
fffe,
fffd,
fffc,
ffff,
ffff,
fffe,
fffb,
fffb,
fffb,
0009,
0001,
0008,
fff6,
0008,
fff2,
000c,
fff3,
0010,
ffe5,
013a,
0997,
1537,
1663,
f394,
d8be,
f8ee,
17db,
1610,
12af,
0e35,
06ba,
0624,
fda9,
e904,
e292,
e542,
e492,
ec64,
f5a5,
fb1e,
043c,
0d81,
11a9,
14b7,
1384,
0bde,
085f,
06d6,
0070,
f813,
f49f,
f5e4,
f8be,
f9bd,
f79f,
f7e6,
fa08,
fc77,
ffe5,
03c8,
055e,
046e,
03c8,
040c,
04f0,
0420,
01f5,
002b,
ffa8,
ffe1,
fe86,
fbc7,
f9bf,
f9d2,
fabb,
fc54,
fecc,
00ba,
01bb,
01b5,
0110,
00ae,
0094,
0039,
0059,
0129,
0157,
00ad,
0007,
fff4,
0026,
ffe3,
fed4,
fde1,
fdca,
fe3f,
ff0c,
ffdc,
004a,
0039,
0009,
001b,
0088,
00fd,
00c1,
fffb,
ff67,
ff5b,
ff9b,
ffe2,
0027,
0041,
0002,
ffff,
ffff,
ffff,
0000,
0000,
ffff,
ffff,
fffe,
fffd,
ffff,
0003,
0004,
0006,
0004,
0001,
fffe,
fffd,
fffc,
ffff,
ffff,
fffe,
fffb,
fffb,
fffb,
0009,
0001,
0008,
fff6,
0008,
fff2,
000c,
fff3,
0010,
ffe5,
013a,
0997,
1537,
1663,
f394,
d8be,
f8ee,
17db,
1610,
12af,
0e35,
06ba,
0624,
fda9,
e904,
e292,
e542,
e492,
ec64,
f5a5,
fb1e,
043c,
0d81,
11a9,
14b7,
1384,
0bde,
085f,
06d6,
0070,
f813,
f49f,
f5e4,
f8be,
f9bd,
f79f,
f7e6,
fa08,
fc77,
ffe5,
03c8,
055e,
046e,
03c8,
040c,
04f0,
0420,
01f5,
002b,
ffa8,
ffe1,
fe86,
fbc7,
f9bf,
f9d2,
fabb,
fc54,
fecc,
00ba,
01bb,
01b5,
0110,
00ae,
0094,
0039,
0059,
0129,
0157,
00ad,
0007,
fff4,
0026,
ffe3,
fed4,
fde1,
fdca,
fe3f,
ff0c,
ffdc,
004a,
0039,
0009,
001b,
0088,
00fd,
00c1,
fffb,
ff67,
ff5b,
ff9b,
ffe2,
0027,
0041,
0003,
0001,
0000,
0000,
0000,
0000,
0000,
0000,
0000,
fffe,
fffe,
0000,
0003,
0006,
0005,
0003,
0000,
fffd,
fffc,
fffd,
0000,
0000,
ffff,
fffd,
fffb,
0000,
0007,
0002,
0005,
fff8,
0007,
fff1,
0012,
ffe7,
0022,
ffd0,
0301,
0bfd,
14fc,
0aad,
e5d7,
e30c,
0a32,
19e7,
134d,
0fe1,
0ab4,
0783,
073e,
f8c7,
e67a,
e4d9,
e5fb,
e72c,
efa7,
f62f,
fb9b,
04fc,
0d71,
11c2,
1441,
10ce,
0a8f,
08e2,
0655,
fe97,
f720,
f5ce,
f7a6,
f946,
f864,
f730,
f8e2,
fb57,
fdcc,
00a9,
0391,
0435,
038f,
03c5,
04a4,
04b6,
0312,
0149,
0002,
ffcf,
ffb6,
fe0a,
fb7f,
fa48,
fab8,
fb59,
fcf3,
ff4f,
0109,
01ba,
0174,
00eb,
009f,
004f,
fff6,
0063,
00ef,
00a5,
000d,
ffca,
fff5,
003e,
fffd,
fee2,
fe0d,
fe1a,
feb5,
ffad,
005e,
0059,
fffd,
ffdf,
fffd,
0034,
005a,
0023,
ffaf,
ff6a,
ff7f,
ffc7,
001b,
006b,
0003,
0001,
0000,
0000,
0000,
0000,
0000,
0000,
0000,
fffe,
fffe,
0000,
0003,
0006,
0005,
0003,
0000,
fffd,
fffc,
fffd,
0000,
0000,
ffff,
fffd,
fffb,
0000,
0007,
0002,
0005,
fff8,
0007,
fff1,
0012,
ffe7,
0022,
ffd0,
0301,
0bfd,
14fc,
0aad,
e5d7,
e30c,
0a32,
19e7,
134d,
0fe1,
0ab4,
0783,
073e,
f8c7,
e67a,
e4d9,
e5fb,
e72c,
efa7,
f62f,
fb9b,
04fc,
0d71,
11c2,
1441,
10ce,
0a8f,
08e2,
0655,
fe97,
f720,
f5ce,
f7a6,
f946,
f864,
f730,
f8e2,
fb57,
fdcc,
00a9,
0391,
0435,
038f,
03c5,
04a4,
04b6,
0312,
0149,
0002,
ffcf,
ffb6,
fe0a,
fb7f,
fa48,
fab8,
fb59,
fcf3,
ff4f,
0109,
01ba,
0174,
00eb,
009f,
004f,
fff6,
0063,
00ef,
00a5,
000d,
ffca,
fff5,
003e,
fffd,
fee2,
fe0d,
fe1a,
feb5,
ffad,
005e,
0059,
fffd,
ffdf,
fffd,
0034,
005a,
0023,
ffaf,
ff6a,
ff7f,
ffc7,
001b,
006b,
0003,
0001,
0000,
0000,
0000,
0000,
0000,
0000,
0000,
fffe,
fffe,
0000,
0003,
0006,
0005,
0003,
0000,
fffd,
fffc,
fffd,
0000,
0000,
ffff,
fffd,
fffb,
0000,
0007,
0002,
0005,
fff8,
0007,
fff1,
0012,
ffe7,
0022,
ffd0,
0301,
0bfd,
14fc,
0aad,
e5d7,
e30c,
0a32,
19e7,
134d,
0fe1,
0ab4,
0783,
073e,
f8c7,
e67a,
e4d9,
e5fb,
e72c,
efa7,
f62f,
fb9b,
04fc,
0d71,
11c2,
1441,
10ce,
0a8f,
08e2,
0655,
fe97,
f720,
f5ce,
f7a6,
f946,
f864,
f730,
f8e2,
fb57,
fdcc,
00a9,
0391,
0435,
038f,
03c5,
04a4,
04b6,
0312,
0149,
0002,
ffcf,
ffb6,
fe0a,
fb7f,
fa48,
fab8,
fb59,
fcf3,
ff4f,
0109,
01ba,
0174,
00eb,
009f,
004f,
fff6,
0063,
00ef,
00a5,
000d,
ffca,
fff5,
003e,
fffd,
fee2,
fe0d,
fe1a,
feb5,
ffad,
005e,
0059,
fffd,
ffdf,
fffd,
0034,
005a,
0023,
ffaf,
ff6a,
ff7f,
ffc7,
001b,
006b,
0003,
0001,
0000,
0000,
0000,
0000,
0000,
0000,
0000,
fffe,
fffe,
0000,
0003,
0006,
0005,
0003,
0000,
fffd,
fffc,
fffd,
0000,
0000,
ffff,
fffd,
fffb,
0000,
0007,
0002,
0005,
fff8,
0007,
fff1,
0012,
ffe7,
0022,
ffd0,
0301,
0bfd,
14fc,
0aad,
e5d7,
e30c,
0a32,
19e7,
134d,
0fe1,
0ab4,
0783,
073e,
f8c7,
e67a,
e4d9,
e5fb,
e72c,
efa7,
f62f,
fb9b,
04fc,
0d71,
11c2,
1441,
10ce,
0a8f,
08e2,
0655,
fe97,
f720,
f5ce,
f7a6,
f946,
f864,
f730,
f8e2,
fb57,
fdcc,
00a9,
0391,
0435,
038f,
03c5,
04a4,
04b6,
0312,
0149,
0002,
ffcf,
ffb6,
fe0a,
fb7f,
fa48,
fab8,
fb59,
fcf3,
ff4f,
0109,
01ba,
0174,
00eb,
009f,
004f,
fff6,
0063,
00ef,
00a5,
000d,
ffca,
fff5,
003e,
fffd,
fee2,
fe0d,
fe1a,
feb5,
ffad,
005e,
0059,
fffd,
ffdf,
fffd,
0034,
005a,
0023,
ffaf,
ff6a,
ff7f,
ffc7,
001b,
006b,
0003,
0001,
0000,
0000,
0000,
0000,
0000,
0000,
0000,
fffe,
fffe,
0000,
0003,
0006,
0005,
0003,
0000,
fffd,
fffc,
fffd,
0000,
0000,
ffff,
fffd,
fffb,
0000,
0007,
0002,
0005,
fff8,
0007,
fff1,
0012,
ffe7,
0022,
ffd0,
0301,
0bfd,
14fc,
0aad,
e5d7,
e30c,
0a32,
19e7,
134d,
0fe1,
0ab4,
0783,
073e,
f8c7,
e67a,
e4d9,
e5fb,
e72c,
efa7,
f62f,
fb9b,
04fc,
0d71,
11c2,
1441,
10ce,
0a8f,
08e2,
0655,
fe97,
f720,
f5ce,
f7a6,
f946,
f864,
f730,
f8e2,
fb57,
fdcc,
00a9,
0391,
0435,
038f,
03c5,
04a4,
04b6,
0312,
0149,
0002,
ffcf,
ffb6,
fe0a,
fb7f,
fa48,
fab8,
fb59,
fcf3,
ff4f,
0109,
01ba,
0174,
00eb,
009f,
004f,
fff6,
0063,
00ef,
00a5,
000d,
ffca,
fff5,
003e,
fffd,
fee2,
fe0d,
fe1a,
feb5,
ffad,
005e,
0059,
fffd,
ffdf,
fffd,
0034,
005a,
0023,
ffaf,
ff6a,
ff7f,
ffc7,
001b,
006b,
0002,
0003,
0001,
ffff,
fffe,
fffe,
0000,
0000,
ffff,
0000,
ffff,
ffff,
0000,
0001,
0003,
0004,
0003,
0000,
fffd,
fffb,
fffc,
ffff,
ffff,
fffd,
fffc,
fffb,
0002,
0007,
0003,
0002,
fff9,
0004,
fff4,
000e,
ffea,
001e,
ffe4,
0366,
0b75,
11e5,
03fd,
e31a,
e939,
0fed,
1b3a,
12ce,
0dcf,
096f,
08c8,
086b,
f910,
e7db,
e60e,
e6fd,
e935,
f048,
f557,
fa90,
033b,
0bfc,
1151,
133a,
0f9c,
0a7d,
08e6,
0668,
fef3,
f769,
f68e,
f8e2,
f97e,
f800,
f7c4,
f984,
fbb8,
fe70,
00e4,
02e1,
0309,
0295,
0381,
04e7,
04a2,
02ec,
016e,
ffca,
ff21,
ff35,
fe06,
fbc8,
fad6,
fb5a,
fc08,
fd98,
ffc3,
015e,
01a4,
0137,
0107,
00c4,
ffed,
ff31,
ffa5,
002e,
ffee,
ff89,
ff82,
ffd2,
0045,
0065,
ffc7,
ff2b,
ff18,
ff4a,
ff9f,
fff8,
0019,
ffe5,
ff9c,
ff74,
ff8e,
ffd0,
ffdd,
ffa2,
ff80,
ffa0,
ffe1,
0052,
0002,
0003,
0001,
ffff,
fffe,
fffe,
0000,
0000,
ffff,
0000,
ffff,
ffff,
0000,
0001,
0003,
0004,
0003,
0000,
fffd,
fffb,
fffc,
ffff,
ffff,
fffd,
fffc,
fffb,
0002,
0007,
0003,
0002,
fff9,
0004,
fff4,
000e,
ffea,
001e,
ffe4,
0366,
0b75,
11e5,
03fd,
e31a,
e939,
0fed,
1b3a,
12ce,
0dcf,
096f,
08c8,
086b,
f910,
e7db,
e60e,
e6fd,
e935,
f048,
f557,
fa90,
033b,
0bfc,
1151,
133a,
0f9c,
0a7d,
08e6,
0668,
fef3,
f769,
f68e,
f8e2,
f97e,
f800,
f7c4,
f984,
fbb8,
fe70,
00e4,
02e1,
0309,
0295,
0381,
04e7,
04a2,
02ec,
016e,
ffca,
ff21,
ff35,
fe06,
fbc8,
fad6,
fb5a,
fc08,
fd98,
ffc3,
015e,
01a4,
0137,
0107,
00c4,
ffed,
ff31,
ffa5,
002e,
ffee,
ff89,
ff82,
ffd2,
0045,
0065,
ffc7,
ff2b,
ff18,
ff4a,
ff9f,
fff8,
0019,
ffe5,
ff9c,
ff74,
ff8e,
ffd0,
ffdd,
ffa2,
ff80,
ffa0,
ffe1,
0052,
0002,
0003,
0001,
ffff,
fffe,
fffe,
0000,
0000,
ffff,
0000,
ffff,
ffff,
0000,
0001,
0003,
0004,
0003,
0000,
fffd,
fffb,
fffc,
ffff,
ffff,
fffd,
fffc,
fffb,
0002,
0007,
0003,
0002,
fff9,
0004,
fff4,
000e,
ffea,
001e,
ffe4,
0366,
0b75,
11e5,
03fd,
e31a,
e939,
0fed,
1b3a,
12ce,
0dcf,
096f,
08c8,
086b,
f910,
e7db,
e60e,
e6fd,
e935,
f048,
f557,
fa90,
033b,
0bfc,
1151,
133a,
0f9c,
0a7d,
08e6,
0668,
fef3,
f769,
f68e,
f8e2,
f97e,
f800,
f7c4,
f984,
fbb8,
fe70,
00e4,
02e1,
0309,
0295,
0381,
04e7,
04a2,
02ec,
016e,
ffca,
ff21,
ff35,
fe06,
fbc8,
fad6,
fb5a,
fc08,
fd98,
ffc3,
015e,
01a4,
0137,
0107,
00c4,
ffed,
ff31,
ffa5,
002e,
ffee,
ff89,
ff82,
ffd2,
0045,
0065,
ffc7,
ff2b,
ff18,
ff4a,
ff9f,
fff8,
0019,
ffe5,
ff9c,
ff74,
ff8e,
ffd0,
ffdd,
ffa2,
ff80,
ffa0,
ffe1,
0052,
0002,
0003,
0001,
ffff,
fffe,
fffe,
0000,
0000,
ffff,
0000,
ffff,
ffff,
0000,
0001,
0003,
0004,
0003,
0000,
fffd,
fffb,
fffc,
ffff,
ffff,
fffd,
fffc,
fffb,
0002,
0007,
0003,
0002,
fff9,
0004,
fff4,
000e,
ffea,
001e,
ffe4,
0366,
0b75,
11e5,
03fd,
e31a,
e939,
0fed,
1b3a,
12ce,
0dcf,
096f,
08c8,
086b,
f910,
e7db,
e60e,
e6fd,
e935,
f048,
f557,
fa90,
033b,
0bfc,
1151,
133a,
0f9c,
0a7d,
08e6,
0668,
fef3,
f769,
f68e,
f8e2,
f97e,
f800,
f7c4,
f984,
fbb8,
fe70,
00e4,
02e1,
0309,
0295,
0381,
04e7,
04a2,
02ec,
016e,
ffca,
ff21,
ff35,
fe06,
fbc8,
fad6,
fb5a,
fc08,
fd98,
ffc3,
015e,
01a4,
0137,
0107,
00c4,
ffed,
ff31,
ffa5,
002e,
ffee,
ff89,
ff82,
ffd2,
0045,
0065,
ffc7,
ff2b,
ff18,
ff4a,
ff9f,
fff8,
0019,
ffe5,
ff9c,
ff74,
ff8e,
ffd0,
ffdd,
ffa2,
ff80,
ffa0,
ffe1,
0052,
0002,
0003,
0001,
ffff,
fffe,
fffe,
0000,
0000,
ffff,
0000,
ffff,
ffff,
0000,
0001,
0003,
0004,
0003,
0000,
fffd,
fffb,
fffc,
ffff,
ffff,
fffd,
fffc,
fffb,
0002,
0007,
0003,
0002,
fff9,
0004,
fff4,
000e,
ffea,
001e,
ffe4,
0366,
0b75,
11e5,
03fd,
e31a,
e939,
0fed,
1b3a,
12ce,
0dcf,
096f,
08c8,
086b,
f910,
e7db,
e60e,
e6fd,
e935,
f048,
f557,
fa90,
033b,
0bfc,
1151,
133a,
0f9c,
0a7d,
08e6,
0668,
fef3,
f769,
f68e,
f8e2,
f97e,
f800,
f7c4,
f984,
fbb8,
fe70,
00e4,
02e1,
0309,
0295,
0381,
04e7,
04a2,
02ec,
016e,
ffca,
ff21,
ff35,
fe06,
fbc8,
fad6,
fb5a,
fc08,
fd98,
ffc3,
015e,
01a4,
0137,
0107,
00c4,
ffed,
ff31,
ffa5,
002e,
ffee,
ff89,
ff82,
ffd2,
0045,
0065,
ffc7,
ff2b,
ff18,
ff4a,
ff9f,
fff8,
0019,
ffe5,
ff9c,
ff74,
ff8e,
ffd0,
ffdd,
ffa2,
ff80,
ffa0,
ffe1,
0052,
0002,
0003,
0001,
ffff,
fffe,
fffe,
0000,
0000,
ffff,
0000,
ffff,
ffff,
0000,
0001,
0003,
0004,
0003,
0000,
fffd,
fffb,
fffc,
ffff,
ffff,
fffd,
fffc,
fffb,
0002,
0007,
0003,
0002,
fff9,
0004,
fff4,
000e,
ffea,
001e,
ffe4,
0366,
0b75,
11e5,
03fd,
e31a,
e939,
0fed,
1b3a,
12ce,
0dcf,
096f,
08c8,
086b,
f910,
e7db,
e60e,
e6fd,
e935,
f048,
f557,
fa90,
033b,
0bfc,
1151,
133a,
0f9c,
0a7d,
08e6,
0668,
fef3,
f769,
f68e,
f8e2,
f97e,
f800,
f7c4,
f984,
fbb8,
fe70,
00e4,
02e1,
0309,
0295,
0381,
04e7,
04a2,
02ec,
016e,
ffca,
ff21,
ff35,
fe06,
fbc8,
fad6,
fb5a,
fc08,
fd98,
ffc3,
015e,
01a4,
0137,
0107,
00c4,
ffed,
ff31,
ffa5,
002e,
ffee,
ff89,
ff82,
ffd2,
0045,
0065,
ffc7,
ff2b,
ff18,
ff4a,
ff9f,
fff8,
0019,
ffe5,
ff9c,
ff74,
ff8e,
ffd0,
ffdd,
ffa2,
ff80,
ffa0,
ffe1,
0052,
0002,
0003,
0001,
ffff,
fffe,
fffe,
0000,
0000,
ffff,
0000,
ffff,
ffff,
0000,
0001,
0003,
0004,
0003,
0000,
fffd,
fffb,
fffc,
ffff,
ffff,
fffd,
fffc,
fffb,
0002,
0007,
0003,
0002,
fff9,
0004,
fff4,
000e,
ffea,
001e,
ffe4,
0366,
0b75,
11e5,
03fd,
e31a,
e939,
0fed,
1b3a,
12ce,
0dcf,
096f,
08c8,
086b,
f910,
e7db,
e60e,
e6fd,
e935,
f048,
f557,
fa90,
033b,
0bfc,
1151,
133a,
0f9c,
0a7d,
08e6,
0668,
fef3,
f769,
f68e,
f8e2,
f97e,
f800,
f7c4,
f984,
fbb8,
fe70,
00e4,
02e1,
0309,
0295,
0381,
04e7,
04a2,
02ec,
016e,
ffca,
ff21,
ff35,
fe06,
fbc8,
fad6,
fb5a,
fc08,
fd98,
ffc3,
015e,
01a4,
0137,
0107,
00c4,
ffed,
ff31,
ffa5,
002e,
ffee,
ff89,
ff82,
ffd2,
0045,
0065,
ffc7,
ff2b,
ff18,
ff4a,
ff9f,
fff8,
0019,
ffe5,
ff9c,
ff74,
ff8e,
ffd0,
ffdd,
ffa2,
ff80,
ffa0,
ffe1,
0052,
0000,
0001,
0001,
0001,
ffff,
fffe,
fffe,
ffff,
ffff,
0000,
ffff,
fffe,
ffff,
ffff,
0000,
0002,
0004,
0002,
0000,
fffe,
fffc,
fffd,
ffff,
0000,
fffe,
fffd,
fff9,
0002,
0004,
0004,
0001,
fffd,
0002,
fff8,
000a,
ffef,
0018,
0007,
03d6,
0af8,
0f3e,
fe7f,
e106,
ed8f,
137e,
1c8b,
136d,
0cd0,
0863,
092b,
08c7,
f969,
e96a,
e751,
e7f3,
eac7,
f0ea,
f51c,
fa53,
0288,
0aee,
107e,
11f7,
0e00,
09c9,
08a9,
063e,
ff00,
f7dc,
f759,
f9ad,
fa09,
f870,
f864,
f9ec,
fbd8,
fe8b,
0128,
0311,
02c1,
0211,
02fc,
0465,
0444,
02b3,
011e,
ff7f,
fed6,
febf,
fdac,
fbc6,
fb48,
fc1d,
fcff,
feb0,
0092,
018f,
0191,
0164,
0132,
0081,
ff12,
fdf8,
fe9c,
ff98,
ff5a,
fec5,
ff1e,
0000,
00cc,
0139,
00e4,
0036,
ffce,
ffce,
ffd1,
ffb1,
ff8b,
ff33,
fed1,
feca,
ff33,
ffa3,
ffd9,
ffdd,
ffd8,
fff7,
0023,
0000,
0001,
0001,
0001,
ffff,
fffe,
fffe,
ffff,
ffff,
0000,
ffff,
fffe,
ffff,
ffff,
0000,
0002,
0004,
0002,
0000,
fffe,
fffc,
fffd,
ffff,
0000,
fffe,
fffd,
fff9,
0002,
0004,
0004,
0001,
fffd,
0002,
fff8,
000a,
ffef,
0018,
0007,
03d6,
0af8,
0f3e,
fe7f,
e106,
ed8f,
137e,
1c8b,
136d,
0cd0,
0863,
092b,
08c7,
f969,
e96a,
e751,
e7f3,
eac7,
f0ea,
f51c,
fa53,
0288,
0aee,
107e,
11f7,
0e00,
09c9,
08a9,
063e,
ff00,
f7dc,
f759,
f9ad,
fa09,
f870,
f864,
f9ec,
fbd8,
fe8b,
0128,
0311,
02c1,
0211,
02fc,
0465,
0444,
02b3,
011e,
ff7f,
fed6,
febf,
fdac,
fbc6,
fb48,
fc1d,
fcff,
feb0,
0092,
018f,
0191,
0164,
0132,
0081,
ff12,
fdf8,
fe9c,
ff98,
ff5a,
fec5,
ff1e,
0000,
00cc,
0139,
00e4,
0036,
ffce,
ffce,
ffd1,
ffb1,
ff8b,
ff33,
fed1,
feca,
ff33,
ffa3,
ffd9,
ffdd,
ffd8,
fff7,
0023,
0000,
0001,
0001,
0001,
ffff,
fffe,
fffe,
ffff,
ffff,
0000,
ffff,
fffe,
ffff,
ffff,
0000,
0002,
0004,
0002,
0000,
fffe,
fffc,
fffd,
ffff,
0000,
fffe,
fffd,
fff9,
0002,
0004,
0004,
0001,
fffd,
0002,
fff8,
000a,
ffef,
0018,
0007,
03d6,
0af8,
0f3e,
fe7f,
e106,
ed8f,
137e,
1c8b,
136d,
0cd0,
0863,
092b,
08c7,
f969,
e96a,
e751,
e7f3,
eac7,
f0ea,
f51c,
fa53,
0288,
0aee,
107e,
11f7,
0e00,
09c9,
08a9,
063e,
ff00,
f7dc,
f759,
f9ad,
fa09,
f870,
f864,
f9ec,
fbd8,
fe8b,
0128,
0311,
02c1,
0211,
02fc,
0465,
0444,
02b3,
011e,
ff7f,
fed6,
febf,
fdac,
fbc6,
fb48,
fc1d,
fcff,
feb0,
0092,
018f,
0191,
0164,
0132,
0081,
ff12,
fdf8,
fe9c,
ff98,
ff5a,
fec5,
ff1e,
0000,
00cc,
0139,
00e4,
0036,
ffce,
ffce,
ffd1,
ffb1,
ff8b,
ff33,
fed1,
feca,
ff33,
ffa3,
ffd9,
ffdd,
ffd8,
fff7,
0023,
0000,
0001,
0001,
0001,
ffff,
fffe,
fffe,
ffff,
ffff,
0000,
ffff,
fffe,
ffff,
ffff,
0000,
0002,
0004,
0002,
0000,
fffe,
fffc,
fffd,
ffff,
0000,
fffe,
fffd,
fff9,
0002,
0004,
0004,
0001,
fffd,
0002,
fff8,
000a,
ffef,
0018,
0007,
03d6,
0af8,
0f3e,
fe7f,
e106,
ed8f,
137e,
1c8b,
136d,
0cd0,
0863,
092b,
08c7,
f969,
e96a,
e751,
e7f3,
eac7,
f0ea,
f51c,
fa53,
0288,
0aee,
107e,
11f7,
0e00,
09c9,
08a9,
063e,
ff00,
f7dc,
f759,
f9ad,
fa09,
f870,
f864,
f9ec,
fbd8,
fe8b,
0128,
0311,
02c1,
0211,
02fc,
0465,
0444,
02b3,
011e,
ff7f,
fed6,
febf,
fdac,
fbc6,
fb48,
fc1d,
fcff,
feb0,
0092,
018f,
0191,
0164,
0132,
0081,
ff12,
fdf8,
fe9c,
ff98,
ff5a,
fec5,
ff1e,
0000,
00cc,
0139,
00e4,
0036,
ffce,
ffce,
ffd1,
ffb1,
ff8b,
ff33,
fed1,
feca,
ff33,
ffa3,
ffd9,
ffdd,
ffd8,
fff7,
0023,
0000,
0001,
0001,
0001,
ffff,
fffe,
fffe,
ffff,
ffff,
0000,
ffff,
fffe,
ffff,
ffff,
0000,
0002,
0004,
0002,
0000,
fffe,
fffc,
fffd,
ffff,
0000,
fffe,
fffd,
fff9,
0002,
0004,
0004,
0001,
fffd,
0002,
fff8,
000a,
ffef,
0018,
0007,
03d6,
0af8,
0f3e,
fe7f,
e106,
ed8f,
137e,
1c8b,
136d,
0cd0,
0863,
092b,
08c7,
f969,
e96a,
e751,
e7f3,
eac7,
f0ea,
f51c,
fa53,
0288,
0aee,
107e,
11f7,
0e00,
09c9,
08a9,
063e,
ff00,
f7dc,
f759,
f9ad,
fa09,
f870,
f864,
f9ec,
fbd8,
fe8b,
0128,
0311,
02c1,
0211,
02fc,
0465,
0444,
02b3,
011e,
ff7f,
fed6,
febf,
fdac,
fbc6,
fb48,
fc1d,
fcff,
feb0,
0092,
018f,
0191,
0164,
0132,
0081,
ff12,
fdf8,
fe9c,
ff98,
ff5a,
fec5,
ff1e,
0000,
00cc,
0139,
00e4,
0036,
ffce,
ffce,
ffd1,
ffb1,
ff8b,
ff33,
fed1,
feca,
ff33,
ffa3,
ffd9,
ffdd,
ffd8,
fff7,
0023,
0001,
0001,
0001,
0002,
0001,
0000,
ffff,
ffff,
ffff,
ffff,
0000,
ffff,
ffff,
ffff,
0000,
0001,
0004,
0004,
0002,
0000,
fffe,
fffc,
fffe,
ffff,
0000,
fffe,
fffd,
fffc,
0005,
0002,
0007,
fffb,
0005,
fff7,
0007,
fff8,
000a,
fff6,
00db,
0610,
0c73,
0b3b,
f149,
de99,
fbb5,
1b62,
1b93,
121b,
0b01,
073c,
0956,
051d,
f3f4,
e92d,
e84f,
e891,
ed9f,
f31c,
f701,
fd6e,
056b,
0bed,
0ffa,
0f7f,
0b2b,
092e,
080b,
03df,
fc8e,
f7ca,
f885,
fa91,
fa2e,
f877,
f922,
fac1,
fcb8,
ff4d,
0211,
03a3,
02c7,
020f,
0307,
03fa,
0309,
01ad,
0079,
ff0e,
fe7c,
fe4a,
fd16,
fb69,
fbb1,
fd34,
fe81,
fff0,
0177,
0231,
0182,
00de,
00c4,
ffad,
fd9a,
fd11,
fe61,
ff44,
ff1a,
fed8,
ff58,
0093,
01b7,
01de,
0141,
0081,
ffec,
ffc5,
ffa4,
ff35,
fedc,
feba,
feae,
fedd,
ff56,
ffb5,
ffdc,
0001,
002a,
003d,
0001,
0001,
0001,
0002,
0001,
0000,
ffff,
ffff,
ffff,
ffff,
0000,
ffff,
ffff,
ffff,
0000,
0001,
0004,
0004,
0002,
0000,
fffe,
fffc,
fffe,
ffff,
0000,
fffe,
fffd,
fffc,
0005,
0002,
0007,
fffb,
0005,
fff7,
0007,
fff8,
000a,
fff6,
00db,
0610,
0c73,
0b3b,
f149,
de99,
fbb5,
1b62,
1b93,
121b,
0b01,
073c,
0956,
051d,
f3f4,
e92d,
e84f,
e891,
ed9f,
f31c,
f701,
fd6e,
056b,
0bed,
0ffa,
0f7f,
0b2b,
092e,
080b,
03df,
fc8e,
f7ca,
f885,
fa91,
fa2e,
f877,
f922,
fac1,
fcb8,
ff4d,
0211,
03a3,
02c7,
020f,
0307,
03fa,
0309,
01ad,
0079,
ff0e,
fe7c,
fe4a,
fd16,
fb69,
fbb1,
fd34,
fe81,
fff0,
0177,
0231,
0182,
00de,
00c4,
ffad,
fd9a,
fd11,
fe61,
ff44,
ff1a,
fed8,
ff58,
0093,
01b7,
01de,
0141,
0081,
ffec,
ffc5,
ffa4,
ff35,
fedc,
feba,
feae,
fedd,
ff56,
ffb5,
ffdc,
0001,
002a,
003d,
0001,
0001,
0001,
0002,
0001,
0000,
ffff,
ffff,
ffff,
ffff,
0000,
ffff,
ffff,
ffff,
0000,
0001,
0004,
0004,
0002,
0000,
fffe,
fffc,
fffe,
ffff,
0000,
fffe,
fffd,
fffc,
0005,
0002,
0007,
fffb,
0005,
fff7,
0007,
fff8,
000a,
fff6,
00db,
0610,
0c73,
0b3b,
f149,
de99,
fbb5,
1b62,
1b93,
121b,
0b01,
073c,
0956,
051d,
f3f4,
e92d,
e84f,
e891,
ed9f,
f31c,
f701,
fd6e,
056b,
0bed,
0ffa,
0f7f,
0b2b,
092e,
080b,
03df,
fc8e,
f7ca,
f885,
fa91,
fa2e,
f877,
f922,
fac1,
fcb8,
ff4d,
0211,
03a3,
02c7,
020f,
0307,
03fa,
0309,
01ad,
0079,
ff0e,
fe7c,
fe4a,
fd16,
fb69,
fbb1,
fd34,
fe81,
fff0,
0177,
0231,
0182,
00de,
00c4,
ffad,
fd9a,
fd11,
fe61,
ff44,
ff1a,
fed8,
ff58,
0093,
01b7,
01de,
0141,
0081,
ffec,
ffc5,
ffa4,
ff35,
fedc,
feba,
feae,
fedd,
ff56,
ffb5,
ffdc,
0001,
002a,
003d,
0001,
0001,
0001,
0002,
0001,
0000,
ffff,
ffff,
ffff,
ffff,
0000,
ffff,
ffff,
ffff,
0000,
0001,
0004,
0004,
0002,
0000,
fffe,
fffc,
fffe,
ffff,
0000,
fffe,
fffd,
fffc,
0005,
0002,
0007,
fffb,
0005,
fff7,
0007,
fff8,
000a,
fff6,
00db,
0610,
0c73,
0b3b,
f149,
de99,
fbb5,
1b62,
1b93,
121b,
0b01,
073c,
0956,
051d,
f3f4,
e92d,
e84f,
e891,
ed9f,
f31c,
f701,
fd6e,
056b,
0bed,
0ffa,
0f7f,
0b2b,
092e,
080b,
03df,
fc8e,
f7ca,
f885,
fa91,
fa2e,
f877,
f922,
fac1,
fcb8,
ff4d,
0211,
03a3,
02c7,
020f,
0307,
03fa,
0309,
01ad,
0079,
ff0e,
fe7c,
fe4a,
fd16,
fb69,
fbb1,
fd34,
fe81,
fff0,
0177,
0231,
0182,
00de,
00c4,
ffad,
fd9a,
fd11,
fe61,
ff44,
ff1a,
fed8,
ff58,
0093,
01b7,
01de,
0141,
0081,
ffec,
ffc5,
ffa4,
ff35,
fedc,
feba,
feae,
fedd,
ff56,
ffb5,
ffdc,
0001,
002a,
003d,
0001,
0001,
0001,
0002,
0001,
0000,
ffff,
ffff,
ffff,
ffff,
0000,
ffff,
ffff,
ffff,
0000,
0001,
0004,
0004,
0002,
0000,
fffe,
fffc,
fffe,
ffff,
0000,
fffe,
fffd,
fffc,
0005,
0002,
0007,
fffb,
0005,
fff7,
0007,
fff8,
000a,
fff6,
00db,
0610,
0c73,
0b3b,
f149,
de99,
fbb5,
1b62,
1b93,
121b,
0b01,
073c,
0956,
051d,
f3f4,
e92d,
e84f,
e891,
ed9f,
f31c,
f701,
fd6e,
056b,
0bed,
0ffa,
0f7f,
0b2b,
092e,
080b,
03df,
fc8e,
f7ca,
f885,
fa91,
fa2e,
f877,
f922,
fac1,
fcb8,
ff4d,
0211,
03a3,
02c7,
020f,
0307,
03fa,
0309,
01ad,
0079,
ff0e,
fe7c,
fe4a,
fd16,
fb69,
fbb1,
fd34,
fe81,
fff0,
0177,
0231,
0182,
00de,
00c4,
ffad,
fd9a,
fd11,
fe61,
ff44,
ff1a,
fed8,
ff58,
0093,
01b7,
01de,
0141,
0081,
ffec,
ffc5,
ffa4,
ff35,
fedc,
feba,
feae,
fedd,
ff56,
ffb5,
ffdc,
0001,
002a,
003d,
0001,
0001,
0001,
0002,
0001,
0000,
ffff,
ffff,
ffff,
ffff,
0000,
ffff,
ffff,
ffff,
0000,
0001,
0004,
0004,
0002,
0000,
fffe,
fffc,
fffe,
ffff,
0000,
fffe,
fffd,
fffc,
0005,
0002,
0007,
fffb,
0005,
fff7,
0007,
fff8,
000a,
fff6,
00db,
0610,
0c73,
0b3b,
f149,
de99,
fbb5,
1b62,
1b93,
121b,
0b01,
073c,
0956,
051d,
f3f4,
e92d,
e84f,
e891,
ed9f,
f31c,
f701,
fd6e,
056b,
0bed,
0ffa,
0f7f,
0b2b,
092e,
080b,
03df,
fc8e,
f7ca,
f885,
fa91,
fa2e,
f877,
f922,
fac1,
fcb8,
ff4d,
0211,
03a3,
02c7,
020f,
0307,
03fa,
0309,
01ad,
0079,
ff0e,
fe7c,
fe4a,
fd16,
fb69,
fbb1,
fd34,
fe81,
fff0,
0177,
0231,
0182,
00de,
00c4,
ffad,
fd9a,
fd11,
fe61,
ff44,
ff1a,
fed8,
ff58,
0093,
01b7,
01de,
0141,
0081,
ffec,
ffc5,
ffa4,
ff35,
fedc,
feba,
feae,
fedd,
ff56,
ffb5,
ffdc,
0001,
002a,
003d,
0001,
0001,
0001,
0002,
0001,
0000,
ffff,
ffff,
ffff,
ffff,
0000,
ffff,
ffff,
ffff,
0000,
0001,
0004,
0004,
0002,
0000,
fffe,
fffc,
fffe,
ffff,
0000,
fffe,
fffd,
fffc,
0005,
0002,
0007,
fffb,
0005,
fff7,
0007,
fff8,
000a,
fff6,
00db,
0610,
0c73,
0b3b,
f149,
de99,
fbb5,
1b62,
1b93,
121b,
0b01,
073c,
0956,
051d,
f3f4,
e92d,
e84f,
e891,
ed9f,
f31c,
f701,
fd6e,
056b,
0bed,
0ffa,
0f7f,
0b2b,
092e,
080b,
03df,
fc8e,
f7ca,
f885,
fa91,
fa2e,
f877,
f922,
fac1,
fcb8,
ff4d,
0211,
03a3,
02c7,
020f,
0307,
03fa,
0309,
01ad,
0079,
ff0e,
fe7c,
fe4a,
fd16,
fb69,
fbb1,
fd34,
fe81,
fff0,
0177,
0231,
0182,
00de,
00c4,
ffad,
fd9a,
fd11,
fe61,
ff44,
ff1a,
fed8,
ff58,
0093,
01b7,
01de,
0141,
0081,
ffec,
ffc5,
ffa4,
ff35,
fedc,
feba,
feae,
fedd,
ff56,
ffb5,
ffdc,
0001,
002a,
003d,
ffff,
fffe,
fffe,
ffff,
0000,
ffff,
fffe,
fffd,
fffc,
fffd,
fffd,
fffd,
fffd,
fffc,
fffd,
ffff,
0001,
0002,
0001,
ffff,
fffc,
fffa,
fffb,
fffd,
ffff,
fffd,
fffc,
fff8,
0003,
0001,
0005,
fffb,
0001,
fffa,
ffff,
fffe,
fffb,
0006,
006c,
04fd,
0b2b,
0ce5,
f726,
dd85,
f311,
1856,
1ebb,
1535,
0ccc,
06c6,
071e,
0621,
f7ce,
ea6e,
e82b,
e82a,
ec6b,
f307,
f78c,
fd2c,
046d,
0a6b,
0e21,
0f4f,
0c20,
0924,
07b9,
04be,
fe11,
f85a,
f84e,
fa22,
fa93,
f954,
f8fe,
f9fa,
fc3c,
fee2,
015d,
03ad,
03c6,
0290,
0262,
03a8,
03ac,
01ed,
001b,
fedf,
fe96,
fe39,
fcc5,
fb58,
fbff,
fd6b,
fe6a,
ffff,
01a6,
0224,
0152,
00aa,
00bc,
ff9d,
fd3f,
fcbb,
fe78,
ff9f,
ff61,
fef8,
ff48,
0087,
01d2,
01de,
0102,
004e,
ffc3,
ff6e,
ff65,
ff53,
ff0f,
fed5,
fedd,
ff28,
ff91,
ffc8,
ffd4,
fffa,
0031,
002a,
ffff,
fffe,
fffe,
ffff,
0000,
ffff,
fffe,
fffd,
fffc,
fffd,
fffd,
fffd,
fffd,
fffc,
fffd,
ffff,
0001,
0002,
0001,
ffff,
fffc,
fffa,
fffb,
fffd,
ffff,
fffd,
fffc,
fff8,
0003,
0001,
0005,
fffb,
0001,
fffa,
ffff,
fffe,
fffb,
0006,
006c,
04fd,
0b2b,
0ce5,
f726,
dd85,
f311,
1856,
1ebb,
1535,
0ccc,
06c6,
071e,
0621,
f7ce,
ea6e,
e82b,
e82a,
ec6b,
f307,
f78c,
fd2c,
046d,
0a6b,
0e21,
0f4f,
0c20,
0924,
07b9,
04be,
fe11,
f85a,
f84e,
fa22,
fa93,
f954,
f8fe,
f9fa,
fc3c,
fee2,
015d,
03ad,
03c6,
0290,
0262,
03a8,
03ac,
01ed,
001b,
fedf,
fe96,
fe39,
fcc5,
fb58,
fbff,
fd6b,
fe6a,
ffff,
01a6,
0224,
0152,
00aa,
00bc,
ff9d,
fd3f,
fcbb,
fe78,
ff9f,
ff61,
fef8,
ff48,
0087,
01d2,
01de,
0102,
004e,
ffc3,
ff6e,
ff65,
ff53,
ff0f,
fed5,
fedd,
ff28,
ff91,
ffc8,
ffd4,
fffa,
0031,
002a,
ffff,
fffe,
fffe,
ffff,
0000,
ffff,
fffe,
fffd,
fffc,
fffd,
fffd,
fffd,
fffd,
fffc,
fffd,
ffff,
0001,
0002,
0001,
ffff,
fffc,
fffa,
fffb,
fffd,
ffff,
fffd,
fffc,
fff8,
0003,
0001,
0005,
fffb,
0001,
fffa,
ffff,
fffe,
fffb,
0006,
006c,
04fd,
0b2b,
0ce5,
f726,
dd85,
f311,
1856,
1ebb,
1535,
0ccc,
06c6,
071e,
0621,
f7ce,
ea6e,
e82b,
e82a,
ec6b,
f307,
f78c,
fd2c,
046d,
0a6b,
0e21,
0f4f,
0c20,
0924,
07b9,
04be,
fe11,
f85a,
f84e,
fa22,
fa93,
f954,
f8fe,
f9fa,
fc3c,
fee2,
015d,
03ad,
03c6,
0290,
0262,
03a8,
03ac,
01ed,
001b,
fedf,
fe96,
fe39,
fcc5,
fb58,
fbff,
fd6b,
fe6a,
ffff,
01a6,
0224,
0152,
00aa,
00bc,
ff9d,
fd3f,
fcbb,
fe78,
ff9f,
ff61,
fef8,
ff48,
0087,
01d2,
01de,
0102,
004e,
ffc3,
ff6e,
ff65,
ff53,
ff0f,
fed5,
fedd,
ff28,
ff91,
ffc8,
ffd4,
fffa,
0031,
002a,
ffff,
fffe,
fffe,
ffff,
0000,
ffff,
fffe,
fffd,
fffc,
fffd,
fffd,
fffd,
fffd,
fffc,
fffd,
ffff,
0001,
0002,
0001,
ffff,
fffc,
fffa,
fffb,
fffd,
ffff,
fffd,
fffc,
fff8,
0003,
0001,
0005,
fffb,
0001,
fffa,
ffff,
fffe,
fffb,
0006,
006c,
04fd,
0b2b,
0ce5,
f726,
dd85,
f311,
1856,
1ebb,
1535,
0ccc,
06c6,
071e,
0621,
f7ce,
ea6e,
e82b,
e82a,
ec6b,
f307,
f78c,
fd2c,
046d,
0a6b,
0e21,
0f4f,
0c20,
0924,
07b9,
04be,
fe11,
f85a,
f84e,
fa22,
fa93,
f954,
f8fe,
f9fa,
fc3c,
fee2,
015d,
03ad,
03c6,
0290,
0262,
03a8,
03ac,
01ed,
001b,
fedf,
fe96,
fe39,
fcc5,
fb58,
fbff,
fd6b,
fe6a,
ffff,
01a6,
0224,
0152,
00aa,
00bc,
ff9d,
fd3f,
fcbb,
fe78,
ff9f,
ff61,
fef8,
ff48,
0087,
01d2,
01de,
0102,
004e,
ffc3,
ff6e,
ff65,
ff53,
ff0f,
fed5,
fedd,
ff28,
ff91,
ffc8,
ffd4,
fffa,
0031,
002a,
ffff,
fffe,
fffe,
ffff,
0000,
ffff,
fffe,
fffd,
fffc,
fffd,
fffd,
fffd,
fffd,
fffc,
fffd,
ffff,
0001,
0002,
0001,
ffff,
fffc,
fffa,
fffb,
fffd,
ffff,
fffd,
fffc,
fff8,
0003,
0001,
0005,
fffb,
0001,
fffa,
ffff,
fffe,
fffb,
0006,
006c,
04fd,
0b2b,
0ce5,
f726,
dd85,
f311,
1856,
1ebb,
1535,
0ccc,
06c6,
071e,
0621,
f7ce,
ea6e,
e82b,
e82a,
ec6b,
f307,
f78c,
fd2c,
046d,
0a6b,
0e21,
0f4f,
0c20,
0924,
07b9,
04be,
fe11,
f85a,
f84e,
fa22,
fa93,
f954,
f8fe,
f9fa,
fc3c,
fee2,
015d,
03ad,
03c6,
0290,
0262,
03a8,
03ac,
01ed,
001b,
fedf,
fe96,
fe39,
fcc5,
fb58,
fbff,
fd6b,
fe6a,
ffff,
01a6,
0224,
0152,
00aa,
00bc,
ff9d,
fd3f,
fcbb,
fe78,
ff9f,
ff61,
fef8,
ff48,
0087,
01d2,
01de,
0102,
004e,
ffc3,
ff6e,
ff65,
ff53,
ff0f,
fed5,
fedd,
ff28,
ff91,
ffc8,
ffd4,
fffa,
0031,
002a,
0000,
0000,
0001,
0003,
0002,
0001,
ffff,
ffff,
ffff,
0000,
0000,
0000,
0000,
ffff,
ffff,
0001,
0004,
0003,
0001,
ffff,
fffd,
fffb,
fffe,
ffff,
0000,
ffff,
fffd,
fffc,
0006,
0001,
0008,
fff8,
0008,
fff1,
000f,
ffed,
0019,
ffe0,
01aa,
078b,
0db7,
09bf,
eb19,
ddca,
0200,
1f77,
1c70,
126b,
0a86,
0556,
0656,
0146,
f08b,
e74a,
e727,
e84e,
eefa,
f5ea,
fadf,
00fb,
07d3,
0c77,
0f8d,
0f65,
0aed,
0804,
0662,
0226,
faea,
f770,
f8ba,
fa34,
fa2b,
f965,
f96e,
fa48,
fcc6,
ff93,
0286,
0462,
03b2,
02a4,
031d,
0464,
03e7,
01c9,
ff2d,
fde4,
fe29,
fd7d,
fbc7,
fb71,
fcaf,
fd97,
fec9,
0090,
01b5,
0195,
00e1,
00e5,
0057,
fe2a,
fcfb,
fe74,
0017,
0012,
ff6e,
ff39,
ffd2,
00f7,
0175,
00c9,
ffe9,
ff63,
ff13,
ff24,
ff74,
ff9c,
ff77,
ff4f,
ff6a,
ffae,
ffd6,
ffd2,
fff5,
003a,
0033,
ffe5,
0000,
0000,
0001,
0003,
0002,
0001,
ffff,
ffff,
ffff,
0000,
0000,
0000,
0000,
ffff,
ffff,
0001,
0004,
0003,
0001,
ffff,
fffd,
fffb,
fffe,
ffff,
0000,
ffff,
fffd,
fffc,
0006,
0001,
0008,
fff8,
0008,
fff1,
000f,
ffed,
0019,
ffe0,
01aa,
078b,
0db7,
09bf,
eb19,
ddca,
0200,
1f77,
1c70,
126b,
0a86,
0556,
0656,
0146,
f08b,
e74a,
e727,
e84e,
eefa,
f5ea,
fadf,
00fb,
07d3,
0c77,
0f8d,
0f65,
0aed,
0804,
0662,
0226,
faea,
f770,
f8ba,
fa34,
fa2b,
f965,
f96e,
fa48,
fcc6,
ff93,
0286,
0462,
03b2,
02a4,
031d,
0464,
03e7,
01c9,
ff2d,
fde4,
fe29,
fd7d,
fbc7,
fb71,
fcaf,
fd97,
fec9,
0090,
01b5,
0195,
00e1,
00e5,
0057,
fe2a,
fcfb,
fe74,
0017,
0012,
ff6e,
ff39,
ffd2,
00f7,
0175,
00c9,
ffe9,
ff63,
ff13,
ff24,
ff74,
ff9c,
ff77,
ff4f,
ff6a,
ffae,
ffd6,
ffd2,
fff5,
003a,
0033,
ffe5,
0000,
0000,
0001,
0003,
0002,
0001,
ffff,
ffff,
ffff,
0000,
0000,
0000,
0000,
ffff,
ffff,
0001,
0004,
0003,
0001,
ffff,
fffd,
fffb,
fffe,
ffff,
0000,
ffff,
fffd,
fffc,
0006,
0001,
0008,
fff8,
0008,
fff1,
000f,
ffed,
0019,
ffe0,
01aa,
078b,
0db7,
09bf,
eb19,
ddca,
0200,
1f77,
1c70,
126b,
0a86,
0556,
0656,
0146,
f08b,
e74a,
e727,
e84e,
eefa,
f5ea,
fadf,
00fb,
07d3,
0c77,
0f8d,
0f65,
0aed,
0804,
0662,
0226,
faea,
f770,
f8ba,
fa34,
fa2b,
f965,
f96e,
fa48,
fcc6,
ff93,
0286,
0462,
03b2,
02a4,
031d,
0464,
03e7,
01c9,
ff2d,
fde4,
fe29,
fd7d,
fbc7,
fb71,
fcaf,
fd97,
fec9,
0090,
01b5,
0195,
00e1,
00e5,
0057,
fe2a,
fcfb,
fe74,
0017,
0012,
ff6e,
ff39,
ffd2,
00f7,
0175,
00c9,
ffe9,
ff63,
ff13,
ff24,
ff74,
ff9c,
ff77,
ff4f,
ff6a,
ffae,
ffd6,
ffd2,
fff5,
003a,
0033,
ffe5,
0000,
0000,
0001,
0003,
0002,
0001,
ffff,
ffff,
ffff,
0000,
0000,
0000,
0000,
ffff,
ffff,
0001,
0004,
0003,
0001,
ffff,
fffd,
fffb,
fffe,
ffff,
0000,
ffff,
fffd,
fffc,
0006,
0001,
0008,
fff8,
0008,
fff1,
000f,
ffed,
0019,
ffe0,
01aa,
078b,
0db7,
09bf,
eb19,
ddca,
0200,
1f77,
1c70,
126b,
0a86,
0556,
0656,
0146,
f08b,
e74a,
e727,
e84e,
eefa,
f5ea,
fadf,
00fb,
07d3,
0c77,
0f8d,
0f65,
0aed,
0804,
0662,
0226,
faea,
f770,
f8ba,
fa34,
fa2b,
f965,
f96e,
fa48,
fcc6,
ff93,
0286,
0462,
03b2,
02a4,
031d,
0464,
03e7,
01c9,
ff2d,
fde4,
fe29,
fd7d,
fbc7,
fb71,
fcaf,
fd97,
fec9,
0090,
01b5,
0195,
00e1,
00e5,
0057,
fe2a,
fcfb,
fe74,
0017,
0012,
ff6e,
ff39,
ffd2,
00f7,
0175,
00c9,
ffe9,
ff63,
ff13,
ff24,
ff74,
ff9c,
ff77,
ff4f,
ff6a,
ffae,
ffd6,
ffd2,
fff5,
003a,
0033,
ffe5,
0000,
0000,
0001,
0003,
0002,
0001,
ffff,
ffff,
ffff,
0000,
0000,
0000,
0000,
ffff,
ffff,
0001,
0004,
0003,
0001,
ffff,
fffd,
fffb,
fffe,
ffff,
0000,
ffff,
fffd,
fffc,
0006,
0001,
0008,
fff8,
0008,
fff1,
000f,
ffed,
0019,
ffe0,
01aa,
078b,
0db7,
09bf,
eb19,
ddca,
0200,
1f77,
1c70,
126b,
0a86,
0556,
0656,
0146,
f08b,
e74a,
e727,
e84e,
eefa,
f5ea,
fadf,
00fb,
07d3,
0c77,
0f8d,
0f65,
0aed,
0804,
0662,
0226,
faea,
f770,
f8ba,
fa34,
fa2b,
f965,
f96e,
fa48,
fcc6,
ff93,
0286,
0462,
03b2,
02a4,
031d,
0464,
03e7,
01c9,
ff2d,
fde4,
fe29,
fd7d,
fbc7,
fb71,
fcaf,
fd97,
fec9,
0090,
01b5,
0195,
00e1,
00e5,
0057,
fe2a,
fcfb,
fe74,
0017,
0012,
ff6e,
ff39,
ffd2,
00f7,
0175,
00c9,
ffe9,
ff63,
ff13,
ff24,
ff74,
ff9c,
ff77,
ff4f,
ff6a,
ffae,
ffd6,
ffd2,
fff5,
003a,
0033,
ffe5,
0000,
0000,
0001,
0003,
0002,
0001,
ffff,
ffff,
ffff,
0000,
0000,
0000,
0000,
ffff,
ffff,
0001,
0004,
0003,
0001,
ffff,
fffd,
fffb,
fffe,
ffff,
0000,
ffff,
fffd,
fffc,
0006,
0001,
0008,
fff8,
0008,
fff1,
000f,
ffed,
0019,
ffe0,
01aa,
078b,
0db7,
09bf,
eb19,
ddca,
0200,
1f77,
1c70,
126b,
0a86,
0556,
0656,
0146,
f08b,
e74a,
e727,
e84e,
eefa,
f5ea,
fadf,
00fb,
07d3,
0c77,
0f8d,
0f65,
0aed,
0804,
0662,
0226,
faea,
f770,
f8ba,
fa34,
fa2b,
f965,
f96e,
fa48,
fcc6,
ff93,
0286,
0462,
03b2,
02a4,
031d,
0464,
03e7,
01c9,
ff2d,
fde4,
fe29,
fd7d,
fbc7,
fb71,
fcaf,
fd97,
fec9,
0090,
01b5,
0195,
00e1,
00e5,
0057,
fe2a,
fcfb,
fe74,
0017,
0012,
ff6e,
ff39,
ffd2,
00f7,
0175,
00c9,
ffe9,
ff63,
ff13,
ff24,
ff74,
ff9c,
ff77,
ff4f,
ff6a,
ffae,
ffd6,
ffd2,
fff5,
003a,
0033,
ffe5,
0000,
0000,
0001,
0003,
0002,
0001,
ffff,
ffff,
ffff,
0000,
0000,
0000,
0000,
ffff,
ffff,
0001,
0004,
0003,
0001,
ffff,
fffd,
fffb,
fffe,
ffff,
0000,
ffff,
fffd,
fffc,
0006,
0001,
0008,
fff8,
0008,
fff1,
000f,
ffed,
0019,
ffe0,
01aa,
078b,
0db7,
09bf,
eb19,
ddca,
0200,
1f77,
1c70,
126b,
0a86,
0556,
0656,
0146,
f08b,
e74a,
e727,
e84e,
eefa,
f5ea,
fadf,
00fb,
07d3,
0c77,
0f8d,
0f65,
0aed,
0804,
0662,
0226,
faea,
f770,
f8ba,
fa34,
fa2b,
f965,
f96e,
fa48,
fcc6,
ff93,
0286,
0462,
03b2,
02a4,
031d,
0464,
03e7,
01c9,
ff2d,
fde4,
fe29,
fd7d,
fbc7,
fb71,
fcaf,
fd97,
fec9,
0090,
01b5,
0195,
00e1,
00e5,
0057,
fe2a,
fcfb,
fe74,
0017,
0012,
ff6e,
ff39,
ffd2,
00f7,
0175,
00c9,
ffe9,
ff63,
ff13,
ff24,
ff74,
ff9c,
ff77,
ff4f,
ff6a,
ffae,
ffd6,
ffd2,
fff5,
003a,
0033,
ffe5,
0001,
0002,
0003,
0001,
0000,
ffff,
ffff,
ffff,
0000,
0000,
0001,
ffff,
ffff,
0001,
0002,
0004,
0004,
0003,
ffff,
fffd,
fffb,
fffd,
0000,
0002,
ffff,
fffd,
fffa,
0006,
0002,
0009,
fff9,
0006,
fff7,
0006,
fffc,
0006,
fffc,
00bf,
0686,
0d9f,
0f74,
f529,
dabd,
f686,
1c09,
1ddd,
13eb,
0d25,
0685,
0519,
022d,
f21b,
e554,
e580,
e6e2,
ec9b,
f513,
fb08,
0103,
0843,
0db9,
1083,
110a,
0c4f,
07b7,
05e0,
02ad,
fb87,
f6d2,
f808,
f9d5,
fa34,
f97c,
f975,
fa36,
fc34,
feb0,
016e,
03d6,
03f2,
0374,
03f8,
052a,
04a5,
0268,
ffbc,
fddd,
fdd0,
fd7e,
fc0a,
fb56,
fc39,
fcfa,
fdd8,
ff9a,
0130,
01a1,
0106,
00de,
0033,
fe3a,
fd9a,
ff59,
00e4,
00b1,
000c,
ffbd,
0003,
00bf,
00d6,
000b,
ff32,
feae,
fe7b,
fed9,
ff7a,
ffd6,
ffce,
ffa4,
ffbe,
fffe,
0030,
0027,
0016,
0016,
ffe8,
ffaf,
ffd8,
0001,
0002,
0003,
0001,
0000,
ffff,
ffff,
ffff,
0000,
0000,
0001,
ffff,
ffff,
0001,
0002,
0004,
0004,
0003,
ffff,
fffd,
fffb,
fffd,
0000,
0002,
ffff,
fffd,
fffa,
0006,
0002,
0009,
fff9,
0006,
fff7,
0006,
fffc,
0006,
fffc,
00bf,
0686,
0d9f,
0f74,
f529,
dabd,
f686,
1c09,
1ddd,
13eb,
0d25,
0685,
0519,
022d,
f21b,
e554,
e580,
e6e2,
ec9b,
f513,
fb08,
0103,
0843,
0db9,
1083,
110a,
0c4f,
07b7,
05e0,
02ad,
fb87,
f6d2,
f808,
f9d5,
fa34,
f97c,
f975,
fa36,
fc34,
feb0,
016e,
03d6,
03f2,
0374,
03f8,
052a,
04a5,
0268,
ffbc,
fddd,
fdd0,
fd7e,
fc0a,
fb56,
fc39,
fcfa,
fdd8,
ff9a,
0130,
01a1,
0106,
00de,
0033,
fe3a,
fd9a,
ff59,
00e4,
00b1,
000c,
ffbd,
0003,
00bf,
00d6,
000b,
ff32,
feae,
fe7b,
fed9,
ff7a,
ffd6,
ffce,
ffa4,
ffbe,
fffe,
0030,
0027,
0016,
0016,
ffe8,
ffaf,
ffd8,
0001,
0002,
0003,
0001,
0000,
ffff,
ffff,
ffff,
0000,
0000,
0001,
ffff,
ffff,
0001,
0002,
0004,
0004,
0003,
ffff,
fffd,
fffb,
fffd,
0000,
0002,
ffff,
fffd,
fffa,
0006,
0002,
0009,
fff9,
0006,
fff7,
0006,
fffc,
0006,
fffc,
00bf,
0686,
0d9f,
0f74,
f529,
dabd,
f686,
1c09,
1ddd,
13eb,
0d25,
0685,
0519,
022d,
f21b,
e554,
e580,
e6e2,
ec9b,
f513,
fb08,
0103,
0843,
0db9,
1083,
110a,
0c4f,
07b7,
05e0,
02ad,
fb87,
f6d2,
f808,
f9d5,
fa34,
f97c,
f975,
fa36,
fc34,
feb0,
016e,
03d6,
03f2,
0374,
03f8,
052a,
04a5,
0268,
ffbc,
fddd,
fdd0,
fd7e,
fc0a,
fb56,
fc39,
fcfa,
fdd8,
ff9a,
0130,
01a1,
0106,
00de,
0033,
fe3a,
fd9a,
ff59,
00e4,
00b1,
000c,
ffbd,
0003,
00bf,
00d6,
000b,
ff32,
feae,
fe7b,
fed9,
ff7a,
ffd6,
ffce,
ffa4,
ffbe,
fffe,
0030,
0027,
0016,
0016,
ffe8,
ffaf,
ffd8,
0001,
0002,
0003,
0001,
0000,
ffff,
ffff,
ffff,
0000,
0000,
0001,
ffff,
ffff,
0001,
0002,
0004,
0004,
0003,
ffff,
fffd,
fffb,
fffd,
0000,
0002,
ffff,
fffd,
fffa,
0006,
0002,
0009,
fff9,
0006,
fff7,
0006,
fffc,
0006,
fffc,
00bf,
0686,
0d9f,
0f74,
f529,
dabd,
f686,
1c09,
1ddd,
13eb,
0d25,
0685,
0519,
022d,
f21b,
e554,
e580,
e6e2,
ec9b,
f513,
fb08,
0103,
0843,
0db9,
1083,
110a,
0c4f,
07b7,
05e0,
02ad,
fb87,
f6d2,
f808,
f9d5,
fa34,
f97c,
f975,
fa36,
fc34,
feb0,
016e,
03d6,
03f2,
0374,
03f8,
052a,
04a5,
0268,
ffbc,
fddd,
fdd0,
fd7e,
fc0a,
fb56,
fc39,
fcfa,
fdd8,
ff9a,
0130,
01a1,
0106,
00de,
0033,
fe3a,
fd9a,
ff59,
00e4,
00b1,
000c,
ffbd,
0003,
00bf,
00d6,
000b,
ff32,
feae,
fe7b,
fed9,
ff7a,
ffd6,
ffce,
ffa4,
ffbe,
fffe,
0030,
0027,
0016,
0016,
ffe8,
ffaf,
ffd8,
0001,
0002,
0003,
0001,
0000,
ffff,
ffff,
ffff,
0000,
0000,
0001,
ffff,
ffff,
0001,
0002,
0004,
0004,
0003,
ffff,
fffd,
fffb,
fffd,
0000,
0002,
ffff,
fffd,
fffa,
0006,
0002,
0009,
fff9,
0006,
fff7,
0006,
fffc,
0006,
fffc,
00bf,
0686,
0d9f,
0f74,
f529,
dabd,
f686,
1c09,
1ddd,
13eb,
0d25,
0685,
0519,
022d,
f21b,
e554,
e580,
e6e2,
ec9b,
f513,
fb08,
0103,
0843,
0db9,
1083,
110a,
0c4f,
07b7,
05e0,
02ad,
fb87,
f6d2,
f808,
f9d5,
fa34,
f97c,
f975,
fa36,
fc34,
feb0,
016e,
03d6,
03f2,
0374,
03f8,
052a,
04a5,
0268,
ffbc,
fddd,
fdd0,
fd7e,
fc0a,
fb56,
fc39,
fcfa,
fdd8,
ff9a,
0130,
01a1,
0106,
00de,
0033,
fe3a,
fd9a,
ff59,
00e4,
00b1,
000c,
ffbd,
0003,
00bf,
00d6,
000b,
ff32,
feae,
fe7b,
fed9,
ff7a,
ffd6,
ffce,
ffa4,
ffbe,
fffe,
0030,
0027,
0016,
0016,
ffe8,
ffaf,
ffd8,
0002,
0002,
0001,
fffe,
fffd,
fffd,
0000,
ffff,
fffe,
fffe,
fffe,
fffd,
ffff,
0001,
0004,
0004,
0001,
fffd,
fffc,
fffa,
fffd,
ffff,
ffff,
fffc,
fffd,
fff9,
0005,
0002,
000a,
fffa,
0003,
fff7,
0001,
0002,
fffd,
0007,
007c,
06a3,
0eea,
137a,
fa81,
da2f,
f1ca,
18f5,
1bd1,
1392,
0f60,
084d,
04a1,
00a7,
efe3,
e289,
e42a,
e61f,
eb41,
f4c7,
fbbf,
024f,
0abd,
1092,
1216,
1208,
0cc3,
06f7,
04f6,
0213,
fa8d,
f5b8,
f78f,
f981,
fa20,
f9bf,
f995,
fa36,
fc3a,
fe5b,
00bb,
03a3,
0459,
045c,
0514,
05cb,
04ce,
0264,
ff8d,
fdc2,
fe51,
fe14,
fbe7,
fa9d,
fb38,
fc11,
fd5c,
ff77,
0124,
0175,
00ec,
013d,
0074,
fdf7,
fdbd,
0011,
0179,
0121,
00a1,
0032,
004a,
00df,
0087,
ff86,
feb5,
fe20,
fdee,
fe73,
ff56,
0006,
0045,
0018,
ffe6,
ffe2,
000d,
0036,
0050,
0036,
ffc4,
ff7f,
ffda,
00a7,
0002,
0002,
0001,
fffe,
fffd,
fffd,
0000,
ffff,
fffe,
fffe,
fffe,
fffd,
ffff,
0001,
0004,
0004,
0001,
fffd,
fffc,
fffa,
fffd,
ffff,
ffff,
fffc,
fffd,
fff9,
0005,
0002,
000a,
fffa,
0003,
fff7,
0001,
0002,
fffd,
0007,
007c,
06a3,
0eea,
137a,
fa81,
da2f,
f1ca,
18f5,
1bd1,
1392,
0f60,
084d,
04a1,
00a7,
efe3,
e289,
e42a,
e61f,
eb41,
f4c7,
fbbf,
024f,
0abd,
1092,
1216,
1208,
0cc3,
06f7,
04f6,
0213,
fa8d,
f5b8,
f78f,
f981,
fa20,
f9bf,
f995,
fa36,
fc3a,
fe5b,
00bb,
03a3,
0459,
045c,
0514,
05cb,
04ce,
0264,
ff8d,
fdc2,
fe51,
fe14,
fbe7,
fa9d,
fb38,
fc11,
fd5c,
ff77,
0124,
0175,
00ec,
013d,
0074,
fdf7,
fdbd,
0011,
0179,
0121,
00a1,
0032,
004a,
00df,
0087,
ff86,
feb5,
fe20,
fdee,
fe73,
ff56,
0006,
0045,
0018,
ffe6,
ffe2,
000d,
0036,
0050,
0036,
ffc4,
ff7f,
ffda,
00a7,
0002,
0002,
0001,
fffe,
fffd,
fffd,
0000,
ffff,
fffe,
fffe,
fffe,
fffd,
ffff,
0001,
0004,
0004,
0001,
fffd,
fffc,
fffa,
fffd,
ffff,
ffff,
fffc,
fffd,
fff9,
0005,
0002,
000a,
fffa,
0003,
fff7,
0001,
0002,
fffd,
0007,
007c,
06a3,
0eea,
137a,
fa81,
da2f,
f1ca,
18f5,
1bd1,
1392,
0f60,
084d,
04a1,
00a7,
efe3,
e289,
e42a,
e61f,
eb41,
f4c7,
fbbf,
024f,
0abd,
1092,
1216,
1208,
0cc3,
06f7,
04f6,
0213,
fa8d,
f5b8,
f78f,
f981,
fa20,
f9bf,
f995,
fa36,
fc3a,
fe5b,
00bb,
03a3,
0459,
045c,
0514,
05cb,
04ce,
0264,
ff8d,
fdc2,
fe51,
fe14,
fbe7,
fa9d,
fb38,
fc11,
fd5c,
ff77,
0124,
0175,
00ec,
013d,
0074,
fdf7,
fdbd,
0011,
0179,
0121,
00a1,
0032,
004a,
00df,
0087,
ff86,
feb5,
fe20,
fdee,
fe73,
ff56,
0006,
0045,
0018,
ffe6,
ffe2,
000d,
0036,
0050,
0036,
ffc4,
ff7f,
ffda,
00a7,
fffe,
ffff,
0000,
0001,
0000,
0000,
fffe,
fffe,
ffff,
0001,
0004,
0005,
0004,
0001,
fffe,
fffc,
fffb,
fffd,
fffe,
ffff,
fffc,
fffc,
fffa,
0006,
0002,
0009,
fff9,
0005,
fff8,
0004,
fffd,
0003,
0000,
00a3,
06ee,
1005,
13c4,
f9c9,
dd35,
f54e,
1617,
1647,
10a1,
0df0,
088e,
077d,
021b,
ef2c,
e4ad,
e70b,
e707,
ebc8,
f42b,
f943,
ffd7,
095a,
0fda,
12e1,
12a7,
0c37,
078e,
0625,
0148,
f970,
f6da,
f95f,
fb0b,
fab7,
f820,
f75a,
f963,
fc5f,
ff30,
0236,
03fe,
0319,
02b5,
03ef,
058a,
0532,
030c,
0099,
feee,
fee0,
fead,
fc92,
fa46,
fa3b,
fb08,
fc59,
fefe,
0170,
0214,
0149,
00e9,
0110,
0057,
fed4,
fed3,
0039,
0089,
ffd1,
ff6f,
ffd6,
00ab,
010c,
003a,
ff1b,
fe96,
fe66,
fe85,
ff31,
0012,
009c,
0083,
ffdf,
ff8a,
ffed,
006d,
006b,
ffb6,
feaf,
fe3c,
ff10,
0089,
0173,
0157,
00c2,
fffe,
ffff,
0000,
0001,
0000,
0000,
fffe,
fffe,
ffff,
0001,
0004,
0005,
0004,
0001,
fffe,
fffc,
fffb,
fffd,
fffe,
ffff,
fffc,
fffc,
fffa,
0006,
0002,
0009,
fff9,
0005,
fff8,
0004,
fffd,
0003,
0000,
00a3,
06ee,
1005,
13c4,
f9c9,
dd35,
f54e,
1617,
1647,
10a1,
0df0,
088e,
077d,
021b,
ef2c,
e4ad,
e70b,
e707,
ebc8,
f42b,
f943,
ffd7,
095a,
0fda,
12e1,
12a7,
0c37,
078e,
0625,
0148,
f970,
f6da,
f95f,
fb0b,
fab7,
f820,
f75a,
f963,
fc5f,
ff30,
0236,
03fe,
0319,
02b5,
03ef,
058a,
0532,
030c,
0099,
feee,
fee0,
fead,
fc92,
fa46,
fa3b,
fb08,
fc59,
fefe,
0170,
0214,
0149,
00e9,
0110,
0057,
fed4,
fed3,
0039,
0089,
ffd1,
ff6f,
ffd6,
00ab,
010c,
003a,
ff1b,
fe96,
fe66,
fe85,
ff31,
0012,
009c,
0083,
ffdf,
ff8a,
ffed,
006d,
006b,
ffb6,
feaf,
fe3c,
ff10,
0089,
0173,
0157,
00c2,
fffe,
ffff,
0000,
0001,
0000,
0000,
fffe,
fffe,
ffff,
0001,
0004,
0005,
0004,
0001,
fffe,
fffc,
fffb,
fffd,
fffe,
ffff,
fffc,
fffc,
fffa,
0006,
0002,
0009,
fff9,
0005,
fff8,
0004,
fffd,
0003,
0000,
00a3,
06ee,
1005,
13c4,
f9c9,
dd35,
f54e,
1617,
1647,
10a1,
0df0,
088e,
077d,
021b,
ef2c,
e4ad,
e70b,
e707,
ebc8,
f42b,
f943,
ffd7,
095a,
0fda,
12e1,
12a7,
0c37,
078e,
0625,
0148,
f970,
f6da,
f95f,
fb0b,
fab7,
f820,
f75a,
f963,
fc5f,
ff30,
0236,
03fe,
0319,
02b5,
03ef,
058a,
0532,
030c,
0099,
feee,
fee0,
fead,
fc92,
fa46,
fa3b,
fb08,
fc59,
fefe,
0170,
0214,
0149,
00e9,
0110,
0057,
fed4,
fed3,
0039,
0089,
ffd1,
ff6f,
ffd6,
00ab,
010c,
003a,
ff1b,
fe96,
fe66,
fe85,
ff31,
0012,
009c,
0083,
ffdf,
ff8a,
ffed,
006d,
006b,
ffb6,
feaf,
fe3c,
ff10,
0089,
0173,
0157,
00c2,
fffe,
ffff,
0000,
0001,
0000,
0000,
fffe,
fffe,
ffff,
0001,
0004,
0005,
0004,
0001,
fffe,
fffc,
fffb,
fffd,
fffe,
ffff,
fffc,
fffc,
fffa,
0006,
0002,
0009,
fff9,
0005,
fff8,
0004,
fffd,
0003,
0000,
00a3,
06ee,
1005,
13c4,
f9c9,
dd35,
f54e,
1617,
1647,
10a1,
0df0,
088e,
077d,
021b,
ef2c,
e4ad,
e70b,
e707,
ebc8,
f42b,
f943,
ffd7,
095a,
0fda,
12e1,
12a7,
0c37,
078e,
0625,
0148,
f970,
f6da,
f95f,
fb0b,
fab7,
f820,
f75a,
f963,
fc5f,
ff30,
0236,
03fe,
0319,
02b5,
03ef,
058a,
0532,
030c,
0099,
feee,
fee0,
fead,
fc92,
fa46,
fa3b,
fb08,
fc59,
fefe,
0170,
0214,
0149,
00e9,
0110,
0057,
fed4,
fed3,
0039,
0089,
ffd1,
ff6f,
ffd6,
00ab,
010c,
003a,
ff1b,
fe96,
fe66,
fe85,
ff31,
0012,
009c,
0083,
ffdf,
ff8a,
ffed,
006d,
006b,
ffb6,
feaf,
fe3c,
ff10,
0089,
0173,
0157,
00c2,
fffe,
ffff,
0000,
0001,
0000,
0000,
fffe,
fffe,
ffff,
0001,
0004,
0005,
0004,
0001,
fffe,
fffc,
fffb,
fffd,
fffe,
ffff,
fffc,
fffc,
fffa,
0006,
0002,
0009,
fff9,
0005,
fff8,
0004,
fffd,
0003,
0000,
00a3,
06ee,
1005,
13c4,
f9c9,
dd35,
f54e,
1617,
1647,
10a1,
0df0,
088e,
077d,
021b,
ef2c,
e4ad,
e70b,
e707,
ebc8,
f42b,
f943,
ffd7,
095a,
0fda,
12e1,
12a7,
0c37,
078e,
0625,
0148,
f970,
f6da,
f95f,
fb0b,
fab7,
f820,
f75a,
f963,
fc5f,
ff30,
0236,
03fe,
0319,
02b5,
03ef,
058a,
0532,
030c,
0099,
feee,
fee0,
fead,
fc92,
fa46,
fa3b,
fb08,
fc59,
fefe,
0170,
0214,
0149,
00e9,
0110,
0057,
fed4,
fed3,
0039,
0089,
ffd1,
ff6f,
ffd6,
00ab,
010c,
003a,
ff1b,
fe96,
fe66,
fe85,
ff31,
0012,
009c,
0083,
ffdf,
ff8a,
ffed,
006d,
006b,
ffb6,
feaf,
fe3c,
ff10,
0089,
0173,
0157,
00c2,
fffe,
ffff,
0000,
0001,
0000,
0000,
fffe,
fffe,
ffff,
0001,
0004,
0005,
0004,
0001,
fffe,
fffc,
fffb,
fffd,
fffe,
ffff,
fffc,
fffc,
fffa,
0006,
0002,
0009,
fff9,
0005,
fff8,
0004,
fffd,
0003,
0000,
00a3,
06ee,
1005,
13c4,
f9c9,
dd35,
f54e,
1617,
1647,
10a1,
0df0,
088e,
077d,
021b,
ef2c,
e4ad,
e70b,
e707,
ebc8,
f42b,
f943,
ffd7,
095a,
0fda,
12e1,
12a7,
0c37,
078e,
0625,
0148,
f970,
f6da,
f95f,
fb0b,
fab7,
f820,
f75a,
f963,
fc5f,
ff30,
0236,
03fe,
0319,
02b5,
03ef,
058a,
0532,
030c,
0099,
feee,
fee0,
fead,
fc92,
fa46,
fa3b,
fb08,
fc59,
fefe,
0170,
0214,
0149,
00e9,
0110,
0057,
fed4,
fed3,
0039,
0089,
ffd1,
ff6f,
ffd6,
00ab,
010c,
003a,
ff1b,
fe96,
fe66,
fe85,
ff31,
0012,
009c,
0083,
ffdf,
ff8a,
ffed,
006d,
006b,
ffb6,
feaf,
fe3c,
ff10,
0089,
0173,
0157,
00c2,
fffe,
ffff,
0000,
0001,
0000,
0000,
fffe,
fffe,
ffff,
0001,
0004,
0005,
0004,
0001,
fffe,
fffc,
fffb,
fffd,
fffe,
ffff,
fffc,
fffc,
fffa,
0006,
0002,
0009,
fff9,
0005,
fff8,
0004,
fffd,
0003,
0000,
00a3,
06ee,
1005,
13c4,
f9c9,
dd35,
f54e,
1617,
1647,
10a1,
0df0,
088e,
077d,
021b,
ef2c,
e4ad,
e70b,
e707,
ebc8,
f42b,
f943,
ffd7,
095a,
0fda,
12e1,
12a7,
0c37,
078e,
0625,
0148,
f970,
f6da,
f95f,
fb0b,
fab7,
f820,
f75a,
f963,
fc5f,
ff30,
0236,
03fe,
0319,
02b5,
03ef,
058a,
0532,
030c,
0099,
feee,
fee0,
fead,
fc92,
fa46,
fa3b,
fb08,
fc59,
fefe,
0170,
0214,
0149,
00e9,
0110,
0057,
fed4,
fed3,
0039,
0089,
ffd1,
ff6f,
ffd6,
00ab,
010c,
003a,
ff1b,
fe96,
fe66,
fe85,
ff31,
0012,
009c,
0083,
ffdf,
ff8a,
ffed,
006d,
006b,
ffb6,
feaf,
fe3c,
ff10,
0089,
0173,
0157,
00c2,
fffe,
ffff,
0000,
0001,
0000,
0000,
fffe,
fffe,
ffff,
0001,
0004,
0005,
0004,
0001,
fffe,
fffc,
fffb,
fffd,
fffe,
ffff,
fffc,
fffc,
fffa,
0006,
0002,
0009,
fff9,
0005,
fff8,
0004,
fffd,
0003,
0000,
00a3,
06ee,
1005,
13c4,
f9c9,
dd35,
f54e,
1617,
1647,
10a1,
0df0,
088e,
077d,
021b,
ef2c,
e4ad,
e70b,
e707,
ebc8,
f42b,
f943,
ffd7,
095a,
0fda,
12e1,
12a7,
0c37,
078e,
0625,
0148,
f970,
f6da,
f95f,
fb0b,
fab7,
f820,
f75a,
f963,
fc5f,
ff30,
0236,
03fe,
0319,
02b5,
03ef,
058a,
0532,
030c,
0099,
feee,
fee0,
fead,
fc92,
fa46,
fa3b,
fb08,
fc59,
fefe,
0170,
0214,
0149,
00e9,
0110,
0057,
fed4,
fed3,
0039,
0089,
ffd1,
ff6f,
ffd6,
00ab,
010c,
003a,
ff1b,
fe96,
fe66,
fe85,
ff31,
0012,
009c,
0083,
ffdf,
ff8a,
ffed,
006d,
006b,
ffb6,
feaf,
fe3c,
ff10,
0089,
0173,
0157,
00c2,
fffe,
ffff,
0000,
0001,
0000,
0000,
fffe,
fffe,
ffff,
0001,
0004,
0005,
0004,
0001,
fffe,
fffc,
fffb,
fffd,
fffe,
ffff,
fffc,
fffc,
fffa,
0006,
0002,
0009,
fff9,
0005,
fff8,
0004,
fffd,
0003,
0000,
00a3,
06ee,
1005,
13c4,
f9c9,
dd35,
f54e,
1617,
1647,
10a1,
0df0,
088e,
077d,
021b,
ef2c,
e4ad,
e70b,
e707,
ebc8,
f42b,
f943,
ffd7,
095a,
0fda,
12e1,
12a7,
0c37,
078e,
0625,
0148,
f970,
f6da,
f95f,
fb0b,
fab7,
f820,
f75a,
f963,
fc5f,
ff30,
0236,
03fe,
0319,
02b5,
03ef,
058a,
0532,
030c,
0099,
feee,
fee0,
fead,
fc92,
fa46,
fa3b,
fb08,
fc59,
fefe,
0170,
0214,
0149,
00e9,
0110,
0057,
fed4,
fed3,
0039,
0089,
ffd1,
ff6f,
ffd6,
00ab,
010c,
003a,
ff1b,
fe96,
fe66,
fe85,
ff31,
0012,
009c,
0083,
ffdf,
ff8a,
ffed,
006d,
006b,
ffb6,
feaf,
fe3c,
ff10,
0089,
0173,
0157,
00c2,
fffe,
ffff,
0000,
0001,
0000,
0000,
fffe,
fffe,
ffff,
0001,
0004,
0005,
0004,
0001,
fffe,
fffc,
fffb,
fffd,
fffe,
ffff,
fffc,
fffc,
fffa,
0006,
0002,
0009,
fff9,
0005,
fff8,
0004,
fffd,
0003,
0000,
00a3,
06ee,
1005,
13c4,
f9c9,
dd35,
f54e,
1617,
1647,
10a1,
0df0,
088e,
077d,
021b,
ef2c,
e4ad,
e70b,
e707,
ebc8,
f42b,
f943,
ffd7,
095a,
0fda,
12e1,
12a7,
0c37,
078e,
0625,
0148,
f970,
f6da,
f95f,
fb0b,
fab7,
f820,
f75a,
f963,
fc5f,
ff30,
0236,
03fe,
0319,
02b5,
03ef,
058a,
0532,
030c,
0099,
feee,
fee0,
fead,
fc92,
fa46,
fa3b,
fb08,
fc59,
fefe,
0170,
0214,
0149,
00e9,
0110,
0057,
fed4,
fed3,
0039,
0089,
ffd1,
ff6f,
ffd6,
00ab,
010c,
003a,
ff1b,
fe96,
fe66,
fe85,
ff31,
0012,
009c,
0083,
ffdf,
ff8a,
ffed,
006d,
006b,
ffb6,
feaf,
fe3c,
ff10,
0089,
0173,
0157,
00c2,
fffe,
ffff,
0000,
0001,
0000,
0000,
fffe,
fffe,
ffff,
0001,
0004,
0005,
0004,
0001,
fffe,
fffc,
fffb,
fffd,
fffe,
ffff,
fffc,
fffc,
fffa,
0006,
0002,
0009,
fff9,
0005,
fff8,
0004,
fffd,
0003,
0000,
00a3,
06ee,
1005,
13c4,
f9c9,
dd35,
f54e,
1617,
1647,
10a1,
0df0,
088e,
077d,
021b,
ef2c,
e4ad,
e70b,
e707,
ebc8,
f42b,
f943,
ffd7,
095a,
0fda,
12e1,
12a7,
0c37,
078e,
0625,
0148,
f970,
f6da,
f95f,
fb0b,
fab7,
f820,
f75a,
f963,
fc5f,
ff30,
0236,
03fe,
0319,
02b5,
03ef,
058a,
0532,
030c,
0099,
feee,
fee0,
fead,
fc92,
fa46,
fa3b,
fb08,
fc59,
fefe,
0170,
0214,
0149,
00e9,
0110,
0057,
fed4,
fed3,
0039,
0089,
ffd1,
ff6f,
ffd6,
00ab,
010c,
003a,
ff1b,
fe96,
fe66,
fe85,
ff31,
0012,
009c,
0083,
ffdf,
ff8a,
ffed,
006d,
006b,
ffb6,
feaf,
fe3c,
ff10,
0089,
0173,
0157,
00c2,
fffe,
ffff,
0000,
0001,
0000,
0000,
fffe,
fffe,
ffff,
0001,
0004,
0005,
0004,
0001,
fffe,
fffc,
fffb,
fffd,
fffe,
ffff,
fffc,
fffc,
fffa,
0006,
0002,
0009,
fff9,
0005,
fff8,
0004,
fffd,
0003,
0000,
00a3,
06ee,
1005,
13c4,
f9c9,
dd35,
f54e,
1617,
1647,
10a1,
0df0,
088e,
077d,
021b,
ef2c,
e4ad,
e70b,
e707,
ebc8,
f42b,
f943,
ffd7,
095a,
0fda,
12e1,
12a7,
0c37,
078e,
0625,
0148,
f970,
f6da,
f95f,
fb0b,
fab7,
f820,
f75a,
f963,
fc5f,
ff30,
0236,
03fe,
0319,
02b5,
03ef,
058a,
0532,
030c,
0099,
feee,
fee0,
fead,
fc92,
fa46,
fa3b,
fb08,
fc59,
fefe,
0170,
0214,
0149,
00e9,
0110,
0057,
fed4,
fed3,
0039,
0089,
ffd1,
ff6f,
ffd6,
00ab,
010c,
003a,
ff1b,
fe96,
fe66,
fe85,
ff31,
0012,
009c,
0083,
ffdf,
ff8a,
ffed,
006d,
006b,
ffb6,
feaf,
fe3c,
ff10,
0089,
0173,
0157,
00c2,
fffe,
ffff,
0000,
0001,
0000,
0000,
fffe,
fffe,
ffff,
0001,
0004,
0005,
0004,
0001,
fffe,
fffc,
fffb,
fffd,
fffe,
ffff,
fffc,
fffc,
fffa,
0006,
0002,
0009,
fff9,
0005,
fff8,
0004,
fffd,
0003,
0000,
00a3,
06ee,
1005,
13c4,
f9c9,
dd35,
f54e,
1617,
1647,
10a1,
0df0,
088e,
077d,
021b,
ef2c,
e4ad,
e70b,
e707,
ebc8,
f42b,
f943,
ffd7,
095a,
0fda,
12e1,
12a7,
0c37,
078e,
0625,
0148,
f970,
f6da,
f95f,
fb0b,
fab7,
f820,
f75a,
f963,
fc5f,
ff30,
0236,
03fe,
0319,
02b5,
03ef,
058a,
0532,
030c,
0099,
feee,
fee0,
fead,
fc92,
fa46,
fa3b,
fb08,
fc59,
fefe,
0170,
0214,
0149,
00e9,
0110,
0057,
fed4,
fed3,
0039,
0089,
ffd1,
ff6f,
ffd6,
00ab,
010c,
003a,
ff1b,
fe96,
fe66,
fe85,
ff31,
0012,
009c,
0083,
ffdf,
ff8a,
ffed,
006d,
006b,
ffb6,
feaf,
fe3c,
ff10,
0089,
0173,
0157,
00c2,
fffe,
ffff,
0000,
0001,
0000,
0000,
fffe,
fffe,
ffff,
0001,
0004,
0005,
0004,
0001,
fffe,
fffc,
fffb,
fffd,
fffe,
ffff,
fffc,
fffc,
fffa,
0006,
0002,
0009,
fff9,
0005,
fff8,
0004,
fffd,
0003,
0000,
00a3,
06ee,
1005,
13c4,
f9c9,
dd35,
f54e,
1617,
1647,
10a1,
0df0,
088e,
077d,
021b,
ef2c,
e4ad,
e70b,
e707,
ebc8,
f42b,
f943,
ffd7,
095a,
0fda,
12e1,
12a7,
0c37,
078e,
0625,
0148,
f970,
f6da,
f95f,
fb0b,
fab7,
f820,
f75a,
f963,
fc5f,
ff30,
0236,
03fe,
0319,
02b5,
03ef,
058a,
0532,
030c,
0099,
feee,
fee0,
fead,
fc92,
fa46,
fa3b,
fb08,
fc59,
fefe,
0170,
0214,
0149,
00e9,
0110,
0057,
fed4,
fed3,
0039,
0089,
ffd1,
ff6f,
ffd6,
00ab,
010c,
003a,
ff1b,
fe96,
fe66,
fe85,
ff31,
0012,
009c,
0083,
ffdf,
ff8a,
ffed,
006d,
006b,
ffb6,
feaf,
fe3c,
ff10,
0089,
0173,
0157,
00c2,
fffe,
ffff,
0000,
0001,
0000,
0000,
fffe,
fffe,
ffff,
0001,
0004,
0005,
0004,
0001,
fffe,
fffc,
fffb,
fffd,
fffe,
ffff,
fffc,
fffc,
fffa,
0006,
0002,
0009,
fff9,
0005,
fff8,
0004,
fffd,
0003,
0000,
00a3,
06ee,
1005,
13c4,
f9c9,
dd35,
f54e,
1617,
1647,
10a1,
0df0,
088e,
077d,
021b,
ef2c,
e4ad,
e70b,
e707,
ebc8,
f42b,
f943,
ffd7,
095a,
0fda,
12e1,
12a7,
0c37,
078e,
0625,
0148,
f970,
f6da,
f95f,
fb0b,
fab7,
f820,
f75a,
f963,
fc5f,
ff30,
0236,
03fe,
0319,
02b5,
03ef,
058a,
0532,
030c,
0099,
feee,
fee0,
fead,
fc92,
fa46,
fa3b,
fb08,
fc59,
fefe,
0170,
0214,
0149,
00e9,
0110,
0057,
fed4,
fed3,
0039,
0089,
ffd1,
ff6f,
ffd6,
00ab,
010c,
003a,
ff1b,
fe96,
fe66,
fe85,
ff31,
0012,
009c,
0083,
ffdf,
ff8a,
ffed,
006d,
006b,
ffb6,
feaf,
fe3c,
ff10,
0089,
0173,
0157,
00c2,
fffe,
ffff,
0000,
0001,
0000,
0000,
fffe,
fffe,
ffff,
0001,
0004,
0005,
0004,
0001,
fffe,
fffc,
fffb,
fffd,
fffe,
ffff,
fffc,
fffc,
fffa,
0006,
0002,
0009,
fff9,
0005,
fff8,
0004,
fffd,
0003,
0000,
00a3,
06ee,
1005,
13c4,
f9c9,
dd35,
f54e,
1617,
1647,
10a1,
0df0,
088e,
077d,
021b,
ef2c,
e4ad,
e70b,
e707,
ebc8,
f42b,
f943,
ffd7,
095a,
0fda,
12e1,
12a7,
0c37,
078e,
0625,
0148,
f970,
f6da,
f95f,
fb0b,
fab7,
f820,
f75a,
f963,
fc5f,
ff30,
0236,
03fe,
0319,
02b5,
03ef,
058a,
0532,
030c,
0099,
feee,
fee0,
fead,
fc92,
fa46,
fa3b,
fb08,
fc59,
fefe,
0170,
0214,
0149,
00e9,
0110,
0057,
fed4,
fed3,
0039,
0089,
ffd1,
ff6f,
ffd6,
00ab,
010c,
003a,
ff1b,
fe96,
fe66,
fe85,
ff31,
0012,
009c,
0083,
ffdf,
ff8a,
ffed,
006d,
006b,
ffb6,
feaf,
fe3c,
ff10,
0089,
0173,
0157,
00c2,
fffe,
ffff,
0000,
0001,
0000,
0000,
fffe,
fffe,
ffff,
0001,
0004,
0005,
0004,
0001,
fffe,
fffc,
fffb,
fffd,
fffe,
ffff,
fffc,
fffc,
fffa,
0006,
0002,
0009,
fff9,
0005,
fff8,
0004,
fffd,
0003,
0000,
00a3,
06ee,
1005,
13c4,
f9c9,
dd35,
f54e,
1617,
1647,
10a1,
0df0,
088e,
077d,
021b,
ef2c,
e4ad,
e70b,
e707,
ebc8,
f42b,
f943,
ffd7,
095a,
0fda,
12e1,
12a7,
0c37,
078e,
0625,
0148,
f970,
f6da,
f95f,
fb0b,
fab7,
f820,
f75a,
f963,
fc5f,
ff30,
0236,
03fe,
0319,
02b5,
03ef,
058a,
0532,
030c,
0099,
feee,
fee0,
fead,
fc92,
fa46,
fa3b,
fb08,
fc59,
fefe,
0170,
0214,
0149,
00e9,
0110,
0057,
fed4,
fed3,
0039,
0089,
ffd1,
ff6f,
ffd6,
00ab,
010c,
003a,
ff1b,
fe96,
fe66,
fe85,
ff31,
0012,
009c,
0083,
ffdf,
ff8a,
ffed,
006d,
006b,
ffb6,
feaf,
fe3c,
ff10,
0089,
0173,
0157,
00c2,
fffe,
ffff,
0000,
0001,
0000,
0000,
fffe,
fffe,
ffff,
0001,
0004,
0005,
0004,
0001,
fffe,
fffc,
fffb,
fffd,
fffe,
ffff,
fffc,
fffc,
fffa,
0006,
0002,
0009,
fff9,
0005,
fff8,
0004,
fffd,
0003,
0000,
00a3,
06ee,
1005,
13c4,
f9c9,
dd35,
f54e,
1617,
1647,
10a1,
0df0,
088e,
077d,
021b,
ef2c,
e4ad,
e70b,
e707,
ebc8,
f42b,
f943,
ffd7,
095a,
0fda,
12e1,
12a7,
0c37,
078e,
0625,
0148,
f970,
f6da,
f95f,
fb0b,
fab7,
f820,
f75a,
f963,
fc5f,
ff30,
0236,
03fe,
0319,
02b5,
03ef,
058a,
0532,
030c,
0099,
feee,
fee0,
fead,
fc92,
fa46,
fa3b,
fb08,
fc59,
fefe,
0170,
0214,
0149,
00e9,
0110,
0057,
fed4,
fed3,
0039,
0089,
ffd1,
ff6f,
ffd6,
00ab,
010c,
003a,
ff1b,
fe96,
fe66,
fe85,
ff31,
0012,
009c,
0083,
ffdf,
ff8a,
ffed,
006d,
006b,
ffb6,
feaf,
fe3c,
ff10,
0089,
0173,
0157,
00c2,
fffe,
ffff,
0000,
0001,
0000,
0000,
fffe,
fffe,
ffff,
0001,
0004,
0005,
0004,
0001,
fffe,
fffc,
fffb,
fffd,
fffe,
ffff,
fffc,
fffc,
fffa,
0006,
0002,
0009,
fff9,
0005,
fff8,
0004,
fffd,
0003,
0000,
00a3,
06ee,
1005,
13c4,
f9c9,
dd35,
f54e,
1617,
1647,
10a1,
0df0,
088e,
077d,
021b,
ef2c,
e4ad,
e70b,
e707,
ebc8,
f42b,
f943,
ffd7,
095a,
0fda,
12e1,
12a7,
0c37,
078e,
0625,
0148,
f970,
f6da,
f95f,
fb0b,
fab7,
f820,
f75a,
f963,
fc5f,
ff30,
0236,
03fe,
0319,
02b5,
03ef,
058a,
0532,
030c,
0099,
feee,
fee0,
fead,
fc92,
fa46,
fa3b,
fb08,
fc59,
fefe,
0170,
0214,
0149,
00e9,
0110,
0057,
fed4,
fed3,
0039,
0089,
ffd1,
ff6f,
ffd6,
00ab,
010c,
003a,
ff1b,
fe96,
fe66,
fe85,
ff31,
0012,
009c,
0083,
ffdf,
ff8a,
ffed,
006d,
006b,
ffb6,
feaf,
fe3c,
ff10,
0089,
0173,
0157,
00c2,
fffe,
ffff,
0000,
0001,
0000,
0000,
fffe,
fffe,
ffff,
0001,
0004,
0005,
0004,
0001,
fffe,
fffc,
fffb,
fffd,
fffe,
ffff,
fffc,
fffc,
fffa,
0006,
0002,
0009,
fff9,
0005,
fff8,
0004,
fffd,
0003,
0000,
00a3,
06ee,
1005,
13c4,
f9c9,
dd35,
f54e,
1617,
1647,
10a1,
0df0,
088e,
077d,
021b,
ef2c,
e4ad,
e70b,
e707,
ebc8,
f42b,
f943,
ffd7,
095a,
0fda,
12e1,
12a7,
0c37,
078e,
0625,
0148,
f970,
f6da,
f95f,
fb0b,
fab7,
f820,
f75a,
f963,
fc5f,
ff30,
0236,
03fe,
0319,
02b5,
03ef,
058a,
0532,
030c,
0099,
feee,
fee0,
fead,
fc92,
fa46,
fa3b,
fb08,
fc59,
fefe,
0170,
0214,
0149,
00e9,
0110,
0057,
fed4,
fed3,
0039,
0089,
ffd1,
ff6f,
ffd6,
00ab,
010c,
003a,
ff1b,
fe96,
fe66,
fe85,
ff31,
0012,
009c,
0083,
ffdf,
ff8a,
ffed,
006d,
006b,
ffb6,
feaf,
fe3c,
ff10,
0089,
0173,
0157,
00c2,
fffe,
ffff,
0000,
0001,
0000,
0000,
fffe,
fffe,
ffff,
0001,
0004,
0005,
0004,
0001,
fffe,
fffc,
fffb,
fffd,
fffe,
ffff,
fffc,
fffc,
fffa,
0006,
0002,
0009,
fff9,
0005,
fff8,
0004,
fffd,
0003,
0000,
00a3,
06ee,
1005,
13c4,
f9c9,
dd35,
f54e,
1617,
1647,
10a1,
0df0,
088e,
077d,
021b,
ef2c,
e4ad,
e70b,
e707,
ebc8,
f42b,
f943,
ffd7,
095a,
0fda,
12e1,
12a7,
0c37,
078e,
0625,
0148,
f970,
f6da,
f95f,
fb0b,
fab7,
f820,
f75a,
f963,
fc5f,
ff30,
0236,
03fe,
0319,
02b5,
03ef,
058a,
0532,
030c,
0099,
feee,
fee0,
fead,
fc92,
fa46,
fa3b,
fb08,
fc59,
fefe,
0170,
0214,
0149,
00e9,
0110,
0057,
fed4,
fed3,
0039,
0089,
ffd1,
ff6f,
ffd6,
00ab,
010c,
003a,
ff1b,
fe96,
fe66,
fe85,
ff31,
0012,
009c,
0083,
ffdf,
ff8a,
ffed,
006d,
006b,
ffb6,
feaf,
fe3c,
ff10,
0089,
0173,
0157,
00c2,
fffe,
ffff,
0000,
0001,
0000,
0000,
fffe,
fffe,
ffff,
0001,
0004,
0005,
0004,
0001,
fffe,
fffc,
fffb,
fffd,
fffe,
ffff,
fffc,
fffc,
fffa,
0006,
0002,
0009,
fff9,
0005,
fff8,
0004,
fffd,
0003,
0000,
00a3,
06ee,
1005,
13c4,
f9c9,
dd35,
f54e,
1617,
1647,
10a1,
0df0,
088e,
077d,
021b,
ef2c,
e4ad,
e70b,
e707,
ebc8,
f42b,
f943,
ffd7,
095a,
0fda,
12e1,
12a7,
0c37,
078e,
0625,
0148,
f970,
f6da,
f95f,
fb0b,
fab7,
f820,
f75a,
f963,
fc5f,
ff30,
0236,
03fe,
0319,
02b5,
03ef,
058a,
0532,
030c,
0099,
feee,
fee0,
fead,
fc92,
fa46,
fa3b,
fb08,
fc59,
fefe,
0170,
0214,
0149,
00e9,
0110,
0057,
fed4,
fed3,
0039,
0089,
ffd1,
ff6f,
ffd6,
00ab,
010c,
003a,
ff1b,
fe96,
fe66,
fe85,
ff31,
0012,
009c,
0083,
ffdf,
ff8a,
ffed,
006d,
006b,
ffb6,
feaf,
fe3c,
ff10,
0089,
0173,
0157,
00c2,
fffe,
ffff,
0000,
0001,
0000,
0000,
fffe,
fffe,
ffff,
0001,
0004,
0005,
0004,
0001,
fffe,
fffc,
fffb,
fffd,
fffe,
ffff,
fffc,
fffc,
fffa,
0006,
0002,
0009,
fff9,
0005,
fff8,
0004,
fffd,
0003,
0000,
00a3,
06ee,
1005,
13c4,
f9c9,
dd35,
f54e,
1617,
1647,
10a1,
0df0,
088e,
077d,
021b,
ef2c,
e4ad,
e70b,
e707,
ebc8,
f42b,
f943,
ffd7,
095a,
0fda,
12e1,
12a7,
0c37,
078e,
0625,
0148,
f970,
f6da,
f95f,
fb0b,
fab7,
f820,
f75a,
f963,
fc5f,
ff30,
0236,
03fe,
0319,
02b5,
03ef,
058a,
0532,
030c,
0099,
feee,
fee0,
fead,
fc92,
fa46,
fa3b,
fb08,
fc59,
fefe,
0170,
0214,
0149,
00e9,
0110,
0057,
fed4,
fed3,
0039,
0089,
ffd1,
ff6f,
ffd6,
00ab,
010c,
003a,
ff1b,
fe96,
fe66,
fe85,
ff31,
0012,
009c,
0083,
ffdf,
ff8a,
ffed,
006d,
006b,
ffb6,
feaf,
fe3c,
ff10,
0089,
0173,
0157,
00c2,
fffe,
ffff,
0000,
0001,
0000,
0000,
fffe,
fffe,
ffff,
0001,
0004,
0005,
0004,
0001,
fffe,
fffc,
fffb,
fffd,
fffe,
ffff,
fffc,
fffc,
fffa,
0006,
0002,
0009,
fff9,
0005,
fff8,
0004,
fffd,
0003,
0000,
00a3,
06ee,
1005,
13c4,
f9c9,
dd35,
f54e,
1617,
1647,
10a1,
0df0,
088e,
077d,
021b,
ef2c,
e4ad,
e70b,
e707,
ebc8,
f42b,
f943,
ffd7,
095a,
0fda,
12e1,
12a7,
0c37,
078e,
0625,
0148,
f970,
f6da,
f95f,
fb0b,
fab7,
f820,
f75a,
f963,
fc5f,
ff30,
0236,
03fe,
0319,
02b5,
03ef,
058a,
0532,
030c,
0099,
feee,
fee0,
fead,
fc92,
fa46,
fa3b,
fb08,
fc59,
fefe,
0170,
0214,
0149,
00e9,
0110,
0057,
fed4,
fed3,
0039,
0089,
ffd1,
ff6f,
ffd6,
00ab,
010c,
003a,
ff1b,
fe96,
fe66,
fe85,
ff31,
0012,
009c,
0083,
ffdf,
ff8a,
ffed,
006d,
006b,
ffb6,
feaf,
fe3c,
ff10,
0089,
0173,
0157,
00c2,
fffe,
ffff,
0000,
0001,
0000,
0000,
fffe,
fffe,
ffff,
0001,
0004,
0005,
0004,
0001,
fffe,
fffc,
fffb,
fffd,
fffe,
ffff,
fffc,
fffc,
fffa,
0006,
0002,
0009,
fff9,
0005,
fff8,
0004,
fffd,
0003,
0000,
00a3,
06ee,
1005,
13c4,
f9c9,
dd35,
f54e,
1617,
1647,
10a1,
0df0,
088e,
077d,
021b,
ef2c,
e4ad,
e70b,
e707,
ebc8,
f42b,
f943,
ffd7,
095a,
0fda,
12e1,
12a7,
0c37,
078e,
0625,
0148,
f970,
f6da,
f95f,
fb0b,
fab7,
f820,
f75a,
f963,
fc5f,
ff30,
0236,
03fe,
0319,
02b5,
03ef,
058a,
0532,
030c,
0099,
feee,
fee0,
fead,
fc92,
fa46,
fa3b,
fb08,
fc59,
fefe,
0170,
0214,
0149,
00e9,
0110,
0057,
fed4,
fed3,
0039,
0089,
ffd1,
ff6f,
ffd6,
00ab,
010c,
003a,
ff1b,
fe96,
fe66,
fe85,
ff31,
0012,
009c,
0083,
ffdf,
ff8a,
ffed,
006d,
006b,
ffb6,
feaf,
fe3c,
ff10,
0089,
0173,
0157,
00c2,
fffe,
ffff,
0000,
0001,
0000,
0000,
fffe,
fffe,
ffff,
0001,
0004,
0005,
0004,
0001,
fffe,
fffc,
fffb,
fffd,
fffe,
ffff,
fffc,
fffc,
fffa,
0006,
0002,
0009,
fff9,
0005,
fff8,
0004,
fffd,
0003,
0000,
00a3,
06ee,
1005,
13c4,
f9c9,
dd35,
f54e,
1617,
1647,
10a1,
0df0,
088e,
077d,
021b,
ef2c,
e4ad,
e70b,
e707,
ebc8,
f42b,
f943,
ffd7,
095a,
0fda,
12e1,
12a7,
0c37,
078e,
0625,
0148,
f970,
f6da,
f95f,
fb0b,
fab7,
f820,
f75a,
f963,
fc5f,
ff30,
0236,
03fe,
0319,
02b5,
03ef,
058a,
0532,
030c,
0099,
feee,
fee0,
fead,
fc92,
fa46,
fa3b,
fb08,
fc59,
fefe,
0170,
0214,
0149,
00e9,
0110,
0057,
fed4,
fed3,
0039,
0089,
ffd1,
ff6f,
ffd6,
00ab,
010c,
003a,
ff1b,
fe96,
fe66,
fe85,
ff31,
0012,
009c,
0083,
ffdf,
ff8a,
ffed,
006d,
006b,
ffb6,
feaf,
fe3c,
ff10,
0089,
0173,
0157,
00c2,
fffe,
ffff,
0000,
0001,
0000,
0000,
fffe,
fffe,
ffff,
0001,
0004,
0005,
0004,
0001,
fffe,
fffc,
fffb,
fffd,
fffe,
ffff,
fffc,
fffc,
fffa,
0006,
0002,
0009,
fff9,
0005,
fff8,
0004,
fffd,
0003,
0000,
00a3,
06ee,
1005,
13c4,
f9c9,
dd35,
f54e,
1617,
1647,
10a1,
0df0,
088e,
077d,
021b,
ef2c,
e4ad,
e70b,
e707,
ebc8,
f42b,
f943,
ffd7,
095a,
0fda,
12e1,
12a7,
0c37,
078e,
0625,
0148,
f970,
f6da,
f95f,
fb0b,
fab7,
f820,
f75a,
f963,
fc5f,
ff30,
0236,
03fe,
0319,
02b5,
03ef,
058a,
0532,
030c,
0099,
feee,
fee0,
fead,
fc92,
fa46,
fa3b,
fb08,
fc59,
fefe,
0170,
0214,
0149,
00e9,
0110,
0057,
fed4,
fed3,
0039,
0089,
ffd1,
ff6f,
ffd6,
00ab,
010c,
003a,
ff1b,
fe96,
fe66,
fe85,
ff31,
0012,
009c,
0083,
ffdf,
ff8a,
ffed,
006d,
006b,
ffb6,
feaf,
fe3c,
ff10,
0089,
0173,
0157,
00c2,
fffe,
ffff,
0000,
0001,
0000,
0000,
fffe,
fffe,
ffff,
0001,
0004,
0005,
0004,
0001,
fffe,
fffc,
fffb,
fffd,
fffe,
ffff,
fffc,
fffc,
fffa,
0006,
0002,
0009,
fff9,
0005,
fff8,
0004,
fffd,
0003,
0000,
00a3,
06ee,
1005,
13c4,
f9c9,
dd35,
f54e,
1617,
1647,
10a1,
0df0,
088e,
077d,
021b,
ef2c,
e4ad,
e70b,
e707,
ebc8,
f42b,
f943,
ffd7,
095a,
0fda,
12e1,
12a7,
0c37,
078e,
0625,
0148,
f970,
f6da,
f95f,
fb0b,
fab7,
f820,
f75a,
f963,
fc5f,
ff30,
0236,
03fe,
0319,
02b5,
03ef,
058a,
0532,
030c,
0099,
feee,
fee0,
fead,
fc92,
fa46,
fa3b,
fb08,
fc59,
fefe,
0170,
0214,
0149,
00e9,
0110,
0057,
fed4,
fed3,
0039,
0089,
ffd1,
ff6f,
ffd6,
00ab,
010c,
003a,
ff1b,
fe96,
fe66,
fe85,
ff31,
0012,
009c,
0083,
ffdf,
ff8a,
ffed,
006d,
006b,
ffb6,
feaf,
fe3c,
ff10,
0089,
0173,
0157,
00c2,
fffe,
ffff,
0000,
0001,
0000,
0000,
fffe,
fffe,
ffff,
0001,
0004,
0005,
0004,
0001,
fffe,
fffc,
fffb,
fffd,
fffe,
ffff,
fffc,
fffc,
fffa,
0006,
0002,
0009,
fff9,
0005,
fff8,
0004,
fffd,
0003,
0000,
00a3,
06ee,
1005,
13c4,
f9c9,
dd35,
f54e,
1617,
1647,
10a1,
0df0,
088e,
077d,
021b,
ef2c,
e4ad,
e70b,
e707,
ebc8,
f42b,
f943,
ffd7,
095a,
0fda,
12e1,
12a7,
0c37,
078e,
0625,
0148,
f970,
f6da,
f95f,
fb0b,
fab7,
f820,
f75a,
f963,
fc5f,
ff30,
0236,
03fe,
0319,
02b5,
03ef,
058a,
0532,
030c,
0099,
feee,
fee0,
fead,
fc92,
fa46,
fa3b,
fb08,
fc59,
fefe,
0170,
0214,
0149,
00e9,
0110,
0057,
fed4,
fed3,
0039,
0089,
ffd1,
ff6f,
ffd6,
00ab,
010c,
003a,
ff1b,
fe96,
fe66,
fe85,
ff31,
0012,
009c,
0083,
ffdf,
ff8a,
ffed,
006d,
006b,
ffb6,
feaf,
fe3c,
ff10,
0089,
0173,
0157,
00c2,
fffe,
ffff,
0000,
0001,
0000,
0000,
fffe,
fffe,
ffff,
0001,
0004,
0005,
0004,
0001,
fffe,
fffc,
fffb,
fffd,
fffe,
ffff,
fffc,
fffc,
fffa,
0006,
0002,
0009,
fff9,
0005,
fff8,
0004,
fffd,
0003,
0000,
00a3,
06ee,
1005,
13c4,
f9c9,
dd35,
f54e,
1617,
1647,
10a1,
0df0,
088e,
077d,
021b,
ef2c,
e4ad,
e70b,
e707,
ebc8,
f42b,
f943,
ffd7,
095a,
0fda,
12e1,
12a7,
0c37,
078e,
0625,
0148,
f970,
f6da,
f95f,
fb0b,
fab7,
f820,
f75a,
f963,
fc5f,
ff30,
0236,
03fe,
0319,
02b5,
03ef,
058a,
0532,
030c,
0099,
feee,
fee0,
fead,
fc92,
fa46,
fa3b,
fb08,
fc59,
fefe,
0170,
0214,
0149,
00e9,
0110,
0057,
fed4,
fed3,
0039,
0089,
ffd1,
ff6f,
ffd6,
00ab,
010c,
003a,
ff1b,
fe96,
fe66,
fe85,
ff31,
0012,
009c,
0083,
ffdf,
ff8a,
ffed,
006d,
006b,
ffb6,
feaf,
fe3c,
ff10,
0089,
0173,
0157,
00c2,
fffe,
ffff,
0000,
0001,
0000,
0000,
fffe,
fffe,
ffff,
0001,
0004,
0005,
0004,
0001,
fffe,
fffc,
fffb,
fffd,
fffe,
ffff,
fffc,
fffc,
fffa,
0006,
0002,
0009,
fff9,
0005,
fff8,
0004,
fffd,
0003,
0000,
00a3,
06ee,
1005,
13c4,
f9c9,
dd35,
f54e,
1617,
1647,
10a1,
0df0,
088e,
077d,
021b,
ef2c,
e4ad,
e70b,
e707,
ebc8,
f42b,
f943,
ffd7,
095a,
0fda,
12e1,
12a7,
0c37,
078e,
0625,
0148,
f970,
f6da,
f95f,
fb0b,
fab7,
f820,
f75a,
f963,
fc5f,
ff30,
0236,
03fe,
0319,
02b5,
03ef,
058a,
0532,
030c,
0099,
feee,
fee0,
fead,
fc92,
fa46,
fa3b,
fb08,
fc59,
fefe,
0170,
0214,
0149,
00e9,
0110,
0057,
fed4,
fed3,
0039,
0089,
ffd1,
ff6f,
ffd6,
00ab,
010c,
003a,
ff1b,
fe96,
fe66,
fe85,
ff31,
0012,
009c,
0083,
ffdf,
ff8a,
ffed,
006d,
006b,
ffb6,
feaf,
fe3c,
ff10,
0089,
0173,
0157,
00c2,
fffe,
ffff,
0000,
0001,
0000,
0000,
fffe,
fffe,
ffff,
0001,
0004,
0005,
0004,
0001,
fffe,
fffc,
fffb,
fffd,
fffe,
ffff,
fffc,
fffc,
fffa,
0006,
0002,
0009,
fff9,
0005,
fff8,
0004,
fffd,
0003,
0000,
00a3,
06ee,
1005,
13c4,
f9c9,
dd35,
f54e,
1617,
1647,
10a1,
0df0,
088e,
077d,
021b,
ef2c,
e4ad,
e70b,
e707,
ebc8,
f42b,
f943,
ffd7,
095a,
0fda,
12e1,
12a7,
0c37,
078e,
0625,
0148,
f970,
f6da,
f95f,
fb0b,
fab7,
f820,
f75a,
f963,
fc5f,
ff30,
0236,
03fe,
0319,
02b5,
03ef,
058a,
0532,
030c,
0099,
feee,
fee0,
fead,
fc92,
fa46,
fa3b,
fb08,
fc59,
fefe,
0170,
0214,
0149,
00e9,
0110,
0057,
fed4,
fed3,
0039,
0089,
ffd1,
ff6f,
ffd6,
00ab,
010c,
003a,
ff1b,
fe96,
fe66,
fe85,
ff31,
0012,
009c,
0083,
ffdf,
ff8a,
ffed,
006d,
006b,
ffb6,
feaf,
fe3c,
ff10,
0089,
0173,
0157,
00c2,
fffe,
ffff,
0000,
0001,
0000,
0000,
fffe,
fffe,
ffff,
0001,
0004,
0005,
0004,
0001,
fffe,
fffc,
fffb,
fffd,
fffe,
ffff,
fffc,
fffc,
fffa,
0006,
0002,
0009,
fff9,
0005,
fff8,
0004,
fffd,
0003,
0000,
00a3,
06ee,
1005,
13c4,
f9c9,
dd35,
f54e,
1617,
1647,
10a1,
0df0,
088e,
077d,
021b,
ef2c,
e4ad,
e70b,
e707,
ebc8,
f42b,
f943,
ffd7,
095a,
0fda,
12e1,
12a7,
0c37,
078e,
0625,
0148,
f970,
f6da,
f95f,
fb0b,
fab7,
f820,
f75a,
f963,
fc5f,
ff30,
0236,
03fe,
0319,
02b5,
03ef,
058a,
0532,
030c,
0099,
feee,
fee0,
fead,
fc92,
fa46,
fa3b,
fb08,
fc59,
fefe,
0170,
0214,
0149,
00e9,
0110,
0057,
fed4,
fed3,
0039,
0089,
ffd1,
ff6f,
ffd6,
00ab,
010c,
003a,
ff1b,
fe96,
fe66,
fe85,
ff31,
0012,
009c,
0083,
ffdf,
ff8a,
ffed,
006d,
006b,
ffb6,
feaf,
fe3c,
ff10,
0089,
0173,
0157,
00c2,
fffe,
ffff,
0000,
0001,
0000,
0000,
fffe,
fffe,
ffff,
0001,
0004,
0005,
0004,
0001,
fffe,
fffc,
fffb,
fffd,
fffe,
ffff,
fffc,
fffc,
fffa,
0006,
0002,
0009,
fff9,
0005,
fff8,
0004,
fffd,
0003,
0000,
00a3,
06ee,
1005,
13c4,
f9c9,
dd35,
f54e,
1617,
1647,
10a1,
0df0,
088e,
077d,
021b,
ef2c,
e4ad,
e70b,
e707,
ebc8,
f42b,
f943,
ffd7,
095a,
0fda,
12e1,
12a7,
0c37,
078e,
0625,
0148,
f970,
f6da,
f95f,
fb0b,
fab7,
f820,
f75a,
f963,
fc5f,
ff30,
0236,
03fe,
0319,
02b5,
03ef,
058a,
0532,
030c,
0099,
feee,
fee0,
fead,
fc92,
fa46,
fa3b,
fb08,
fc59,
fefe,
0170,
0214,
0149,
00e9,
0110,
0057,
fed4,
fed3,
0039,
0089,
ffd1,
ff6f,
ffd6,
00ab,
010c,
003a,
ff1b,
fe96,
fe66,
fe85,
ff31,
0012,
009c,
0083,
ffdf,
ff8a,
ffed,
006d,
006b,
ffb6,
feaf,
fe3c,
ff10,
0089,
0173,
0157,
00c2,
fffe,
ffff,
0000,
0001,
0000,
0000,
fffe,
fffe,
ffff,
0001,
0004,
0005,
0004,
0001,
fffe,
fffc,
fffb,
fffd,
fffe,
ffff,
fffc,
fffc,
fffa,
0006,
0002,
0009,
fff9,
0005,
fff8,
0004,
fffd,
0003,
0000,
00a3,
06ee,
1005,
13c4,
f9c9,
dd35,
f54e,
1617,
1647,
10a1,
0df0,
088e,
077d,
021b,
ef2c,
e4ad,
e70b,
e707,
ebc8,
f42b,
f943,
ffd7,
095a,
0fda,
12e1,
12a7,
0c37,
078e,
0625,
0148,
f970,
f6da,
f95f,
fb0b,
fab7,
f820,
f75a,
f963,
fc5f,
ff30,
0236,
03fe,
0319,
02b5,
03ef,
058a,
0532,
030c,
0099,
feee,
fee0,
fead,
fc92,
fa46,
fa3b,
fb08,
fc59,
fefe,
0170,
0214,
0149,
00e9,
0110,
0057,
fed4,
fed3,
0039,
0089,
ffd1,
ff6f,
ffd6,
00ab,
010c,
003a,
ff1b,
fe96,
fe66,
fe85,
ff31,
0012,
009c,
0083,
ffdf,
ff8a,
ffed,
006d,
006b,
ffb6,
feaf,
fe3c,
ff10,
0089,
0173,
0157,
00c2,
fffe,
ffff,
0000,
0001,
0000,
0000,
fffe,
fffe,
ffff,
0001,
0004,
0005,
0004,
0001,
fffe,
fffc,
fffb,
fffd,
fffe,
ffff,
fffc,
fffc,
fffa,
0006,
0002,
0009,
fff9,
0005,
fff8,
0004,
fffd,
0003,
0000,
00a3,
06ee,
1005,
13c4,
f9c9,
dd35,
f54e,
1617,
1647,
10a1,
0df0,
088e,
077d,
021b,
ef2c,
e4ad,
e70b,
e707,
ebc8,
f42b,
f943,
ffd7,
095a,
0fda,
12e1,
12a7,
0c37,
078e,
0625,
0148,
f970,
f6da,
f95f,
fb0b,
fab7,
f820,
f75a,
f963,
fc5f,
ff30,
0236,
03fe,
0319,
02b5,
03ef,
058a,
0532,
030c,
0099,
feee,
fee0,
fead,
fc92,
fa46,
fa3b,
fb08,
fc59,
fefe,
0170,
0214,
0149,
00e9,
0110,
0057,
fed4,
fed3,
0039,
0089,
ffd1,
ff6f,
ffd6,
00ab,
010c,
003a,
ff1b,
fe96,
fe66,
fe85,
ff31,
0012,
009c,
0083,
ffdf,
ff8a,
ffed,
006d,
006b,
ffb6,
feaf,
fe3c,
ff10,
0089,
0173,
0157,
00c2,
fffe,
ffff,
0000,
0001,
0000,
0000,
fffe,
fffe,
ffff,
0001,
0004,
0005,
0004,
0001,
fffe,
fffc,
fffb,
fffd,
fffe,
ffff,
fffc,
fffc,
fffa,
0006,
0002,
0009,
fff9,
0005,
fff8,
0004,
fffd,
0003,
0000,
00a3,
06ee,
1005,
13c4,
f9c9,
dd35,
f54e,
1617,
1647,
10a1,
0df0,
088e,
077d,
021b,
ef2c,
e4ad,
e70b,
e707,
ebc8,
f42b,
f943,
ffd7,
095a,
0fda,
12e1,
12a7,
0c37,
078e,
0625,
0148,
f970,
f6da,
f95f,
fb0b,
fab7,
f820,
f75a,
f963,
fc5f,
ff30,
0236,
03fe,
0319,
02b5,
03ef,
058a,
0532,
030c,
0099,
feee,
fee0,
fead,
fc92,
fa46,
fa3b,
fb08,
fc59,
fefe,
0170,
0214,
0149,
00e9,
0110,
0057,
fed4,
fed3,
0039,
0089,
ffd1,
ff6f,
ffd6,
00ab,
010c,
003a,
ff1b,
fe96,
fe66,
fe85,
ff31,
0012,
009c,
0083,
ffdf,
ff8a,
ffed,
006d,
006b,
ffb6,
feaf,
fe3c,
ff10,
0089,
0173,
0157,
00c2,
fffe,
ffff,
0000,
0001,
0000,
0000,
fffe,
fffe,
ffff,
0001,
0004,
0005,
0004,
0001,
fffe,
fffc,
fffb,
fffd,
fffe,
ffff,
fffc,
fffc,
fffa,
0006,
0002,
0009,
fff9,
0005,
fff8,
0004,
fffd,
0003,
0000,
00a3,
06ee,
1005,
13c4,
f9c9,
dd35,
f54e,
1617,
1647,
10a1,
0df0,
088e,
077d,
021b,
ef2c,
e4ad,
e70b,
e707,
ebc8,
f42b,
f943,
ffd7,
095a,
0fda,
12e1,
12a7,
0c37,
078e,
0625,
0148,
f970,
f6da,
f95f,
fb0b,
fab7,
f820,
f75a,
f963,
fc5f,
ff30,
0236,
03fe,
0319,
02b5,
03ef,
058a,
0532,
030c,
0099,
feee,
fee0,
fead,
fc92,
fa46,
fa3b,
fb08,
fc59,
fefe,
0170,
0214,
0149,
00e9,
0110,
0057,
fed4,
fed3,
0039,
0089,
ffd1,
ff6f,
ffd6,
00ab,
010c,
003a,
ff1b,
fe96,
fe66,
fe85,
ff31,
0012,
009c,
0083,
ffdf,
ff8a,
ffed,
006d,
006b,
ffb6,
feaf,
fe3c,
ff10,
0089,
0173,
0157,
00c2,
fffe,
ffff,
0000,
0001,
0000,
0000,
fffe,
fffe,
ffff,
0001,
0004,
0005,
0004,
0001,
fffe,
fffc,
fffb,
fffd,
fffe,
ffff,
fffc,
fffc,
fffa,
0006,
0002,
0009,
fff9,
0005,
fff8,
0004,
fffd,
0003,
0000,
00a3,
06ee,
1005,
13c4,
f9c9,
dd35,
f54e,
1617,
1647,
10a1,
0df0,
088e,
077d,
021b,
ef2c,
e4ad,
e70b,
e707,
ebc8,
f42b,
f943,
ffd7,
095a,
0fda,
12e1,
12a7,
0c37,
078e,
0625,
0148,
f970,
f6da,
f95f,
fb0b,
fab7,
f820,
f75a,
f963,
fc5f,
ff30,
0236,
03fe,
0319,
02b5,
03ef,
058a,
0532,
030c,
0099,
feee,
fee0,
fead,
fc92,
fa46,
fa3b,
fb08,
fc59,
fefe,
0170,
0214,
0149,
00e9,
0110,
0057,
fed4,
fed3,
0039,
0089,
ffd1,
ff6f,
ffd6,
00ab,
010c,
003a,
ff1b,
fe96,
fe66,
fe85,
ff31,
0012,
009c,
0083,
ffdf,
ff8a,
ffed,
006d,
006b,
ffb6,
feaf,
fe3c,
ff10,
0089,
0173,
0157,
00c2,
fffe,
ffff,
0000,
0001,
0000,
0000,
fffe,
fffe,
ffff,
0001,
0004,
0005,
0004,
0001,
fffe,
fffc,
fffb,
fffd,
fffe,
ffff,
fffc,
fffc,
fffa,
0006,
0002,
0009,
fff9,
0005,
fff8,
0004,
fffd,
0003,
0000,
00a3,
06ee,
1005,
13c4,
f9c9,
dd35,
f54e,
1617,
1647,
10a1,
0df0,
088e,
077d,
021b,
ef2c,
e4ad,
e70b,
e707,
ebc8,
f42b,
f943,
ffd7,
095a,
0fda,
12e1,
12a7,
0c37,
078e,
0625,
0148,
f970,
f6da,
f95f,
fb0b,
fab7,
f820,
f75a,
f963,
fc5f,
ff30,
0236,
03fe,
0319,
02b5,
03ef,
058a,
0532,
030c,
0099,
feee,
fee0,
fead,
fc92,
fa46,
fa3b,
fb08,
fc59,
fefe,
0170,
0214,
0149,
00e9,
0110,
0057,
fed4,
fed3,
0039,
0089,
ffd1,
ff6f,
ffd6,
00ab,
010c,
003a,
ff1b,
fe96,
fe66,
fe85,
ff31,
0012,
009c,
0083,
ffdf,
ff8a,
ffed,
006d,
006b,
ffb6,
feaf,
fe3c,
ff10,
0089,
0173,
0157,
00c2,
fffe,
ffff,
0000,
0001,
0000,
0000,
fffe,
fffe,
ffff,
0001,
0004,
0005,
0004,
0001,
fffe,
fffc,
fffb,
fffd,
fffe,
ffff,
fffc,
fffc,
fffa,
0006,
0002,
0009,
fff9,
0005,
fff8,
0004,
fffd,
0003,
0000,
00a3,
06ee,
1005,
13c4,
f9c9,
dd35,
f54e,
1617,
1647,
10a1,
0df0,
088e,
077d,
021b,
ef2c,
e4ad,
e70b,
e707,
ebc8,
f42b,
f943,
ffd7,
095a,
0fda,
12e1,
12a7,
0c37,
078e,
0625,
0148,
f970,
f6da,
f95f,
fb0b,
fab7,
f820,
f75a,
f963,
fc5f,
ff30,
0236,
03fe,
0319,
02b5,
03ef,
058a,
0532,
030c,
0099,
feee,
fee0,
fead,
fc92,
fa46,
fa3b,
fb08,
fc59,
fefe,
0170,
0214,
0149,
00e9,
0110,
0057,
fed4,
fed3,
0039,
0089,
ffd1,
ff6f,
ffd6,
00ab,
010c,
003a,
ff1b,
fe96,
fe66,
fe85,
ff31,
0012,
009c,
0083,
ffdf,
ff8a,
ffed,
006d,
006b,
ffb6,
feaf,
fe3c,
ff10,
0089,
0173,
0157,
00c2,
fffe,
ffff,
0000,
0001,
0000,
0000,
fffe,
fffe,
ffff,
0001,
0004,
0005,
0004,
0001,
fffe,
fffc,
fffb,
fffd,
fffe,
ffff,
fffc,
fffc,
fffa,
0006,
0002,
0009,
fff9,
0005,
fff8,
0004,
fffd,
0003,
0000,
00a3,
06ee,
1005,
13c4,
f9c9,
dd35,
f54e,
1617,
1647,
10a1,
0df0,
088e,
077d,
021b,
ef2c,
e4ad,
e70b,
e707,
ebc8,
f42b,
f943,
ffd7,
095a,
0fda,
12e1,
12a7,
0c37,
078e,
0625,
0148,
f970,
f6da,
f95f,
fb0b,
fab7,
f820,
f75a,
f963,
fc5f,
ff30,
0236,
03fe,
0319,
02b5,
03ef,
058a,
0532,
030c,
0099,
feee,
fee0,
fead,
fc92,
fa46,
fa3b,
fb08,
fc59,
fefe,
0170,
0214,
0149,
00e9,
0110,
0057,
fed4,
fed3,
0039,
0089,
ffd1,
ff6f,
ffd6,
00ab,
010c,
003a,
ff1b,
fe96,
fe66,
fe85,
ff31,
0012,
009c,
0083,
ffdf,
ff8a,
ffed,
006d,
006b,
ffb6,
feaf,
fe3c,
ff10,
0089,
0173,
0157,
00c2,
fffe,
ffff,
0000,
0001,
0000,
0000,
fffe,
fffe,
ffff,
0001,
0004,
0005,
0004,
0001,
fffe,
fffc,
fffb,
fffd,
fffe,
ffff,
fffc,
fffc,
fffa,
0006,
0002,
0009,
fff9,
0005,
fff8,
0004,
fffd,
0003,
0000,
00a3,
06ee,
1005,
13c4,
f9c9,
dd35,
f54e,
1617,
1647,
10a1,
0df0,
088e,
077d,
021b,
ef2c,
e4ad,
e70b,
e707,
ebc8,
f42b,
f943,
ffd7,
095a,
0fda,
12e1,
12a7,
0c37,
078e,
0625,
0148,
f970,
f6da,
f95f,
fb0b,
fab7,
f820,
f75a,
f963,
fc5f,
ff30,
0236,
03fe,
0319,
02b5,
03ef,
058a,
0532,
030c,
0099,
feee,
fee0,
fead,
fc92,
fa46,
fa3b,
fb08,
fc59,
fefe,
0170,
0214,
0149,
00e9,
0110,
0057,
fed4,
fed3,
0039,
0089,
ffd1,
ff6f,
ffd6,
00ab,
010c,
003a,
ff1b,
fe96,
fe66,
fe85,
ff31,
0012,
009c,
0083,
ffdf,
ff8a,
ffed,
006d,
006b,
ffb6,
feaf,
fe3c,
ff10,
0089,
0173,
0157,
00c2,
fffe,
ffff,
0000,
0001,
0000,
0000,
fffe,
fffe,
ffff,
0001,
0004,
0005,
0004,
0001,
fffe,
fffc,
fffb,
fffd,
fffe,
ffff,
fffc,
fffc,
fffa,
0006,
0002,
0009,
fff9,
0005,
fff8,
0004,
fffd,
0003,
0000,
00a3,
06ee,
1005,
13c4,
f9c9,
dd35,
f54e,
1617,
1647,
10a1,
0df0,
088e,
077d,
021b,
ef2c,
e4ad,
e70b,
e707,
ebc8,
f42b,
f943,
ffd7,
095a,
0fda,
12e1,
12a7,
0c37,
078e,
0625,
0148,
f970,
f6da,
f95f,
fb0b,
fab7,
f820,
f75a,
f963,
fc5f,
ff30,
0236,
03fe,
0319,
02b5,
03ef,
058a,
0532,
030c,
0099,
feee,
fee0,
fead,
fc92,
fa46,
fa3b,
fb08,
fc59,
fefe,
0170,
0214,
0149,
00e9,
0110,
0057,
fed4,
fed3,
0039,
0089,
ffd1,
ff6f,
ffd6,
00ab,
010c,
003a,
ff1b,
fe96,
fe66,
fe85,
ff31,
0012,
009c,
0083,
ffdf,
ff8a,
ffed,
006d,
006b,
ffb6,
feaf,
fe3c,
ff10,
0089,
0173,
0157,
00c2,
fffe,
ffff,
0000,
0001,
0000,
0000,
fffe,
fffe,
ffff,
0001,
0004,
0005,
0004,
0001,
fffe,
fffc,
fffb,
fffd,
fffe,
ffff,
fffc,
fffc,
fffa,
0006,
0002,
0009,
fff9,
0005,
fff8,
0004,
fffd,
0003,
0000,
00a3,
06ee,
1005,
13c4,
f9c9,
dd35,
f54e,
1617,
1647,
10a1,
0df0,
088e,
077d,
021b,
ef2c,
e4ad,
e70b,
e707,
ebc8,
f42b,
f943,
ffd7,
095a,
0fda,
12e1,
12a7,
0c37,
078e,
0625,
0148,
f970,
f6da,
f95f,
fb0b,
fab7,
f820,
f75a,
f963,
fc5f,
ff30,
0236,
03fe,
0319,
02b5,
03ef,
058a,
0532,
030c,
0099,
feee,
fee0,
fead,
fc92,
fa46,
fa3b,
fb08,
fc59,
fefe,
0170,
0214,
0149,
00e9,
0110,
0057,
fed4,
fed3,
0039,
0089,
ffd1,
ff6f,
ffd6,
00ab,
010c,
003a,
ff1b,
fe96,
fe66,
fe85,
ff31,
0012,
009c,
0083,
ffdf,
ff8a,
ffed,
006d,
006b,
ffb6,
feaf,
fe3c,
ff10,
0089,
0173,
0157,
00c2,
fffe,
ffff,
0000,
0001,
0000,
0000,
fffe,
fffe,
ffff,
0001,
0004,
0005,
0004,
0001,
fffe,
fffc,
fffb,
fffd,
fffe,
ffff,
fffc,
fffc,
fffa,
0006,
0002,
0009,
fff9,
0005,
fff8,
0004,
fffd,
0003,
0000,
00a3,
06ee,
1005,
13c4,
f9c9,
dd35,
f54e,
1617,
1647,
10a1,
0df0,
088e,
077d,
021b,
ef2c,
e4ad,
e70b,
e707,
ebc8,
f42b,
f943,
ffd7,
095a,
0fda,
12e1,
12a7,
0c37,
078e,
0625,
0148,
f970,
f6da,
f95f,
fb0b,
fab7,
f820,
f75a,
f963,
fc5f,
ff30,
0236,
03fe,
0319,
02b5,
03ef,
058a,
0532,
030c,
0099,
feee,
fee0,
fead,
fc92,
fa46,
fa3b,
fb08,
fc59,
fefe,
0170,
0214,
0149,
00e9,
0110,
0057,
fed4,
fed3,
0039,
0089,
ffd1,
ff6f,
ffd6,
00ab,
010c,
003a,
ff1b,
fe96,
fe66,
fe85,
ff31,
0012,
009c,
0083,
ffdf,
ff8a,
ffed,
006d,
006b,
ffb6,
feaf,
fe3c,
ff10,
0089,
0173,
0157,
00c2,
fffe,
ffff,
0000,
0001,
0000,
0000,
fffe,
fffe,
ffff,
0001,
0004,
0005,
0004,
0001,
fffe,
fffc,
fffb,
fffd,
fffe,
ffff,
fffc,
fffc,
fffa,
0006,
0002,
0009,
fff9,
0005,
fff8,
0004,
fffd,
0003,
0000,
00a3,
06ee,
1005,
13c4,
f9c9,
dd35,
f54e,
1617,
1647,
10a1,
0df0,
088e,
077d,
021b,
ef2c,
e4ad,
e70b,
e707,
ebc8,
f42b,
f943,
ffd7,
095a,
0fda,
12e1,
12a7,
0c37,
078e,
0625,
0148,
f970,
f6da,
f95f,
fb0b,
fab7,
f820,
f75a,
f963,
fc5f,
ff30,
0236,
03fe,
0319,
02b5,
03ef,
058a,
0532,
030c,
0099,
feee,
fee0,
fead,
fc92,
fa46,
fa3b,
fb08,
fc59,
fefe,
0170,
0214,
0149,
00e9,
0110,
0057,
fed4,
fed3,
0039,
0089,
ffd1,
ff6f,
ffd6,
00ab,
010c,
003a,
ff1b,
fe96,
fe66,
fe85,
ff31,
0012,
009c,
0083,
ffdf,
ff8a,
ffed,
006d,
006b,
ffb6,
feaf,
fe3c,
ff10,
0089,
0173,
0157,
00c2,
fffe,
ffff,
0000,
0001,
0000,
0000,
fffe,
fffe,
ffff,
0001,
0004,
0005,
0004,
0001,
fffe,
fffc,
fffb,
fffd,
fffe,
ffff,
fffc,
fffc,
fffa,
0006,
0002,
0009,
fff9,
0005,
fff8,
0004,
fffd,
0003,
0000,
00a3,
06ee,
1005,
13c4,
f9c9,
dd35,
f54e,
1617,
1647,
10a1,
0df0,
088e,
077d,
021b,
ef2c,
e4ad,
e70b,
e707,
ebc8,
f42b,
f943,
ffd7,
095a,
0fda,
12e1,
12a7,
0c37,
078e,
0625,
0148,
f970,
f6da,
f95f,
fb0b,
fab7,
f820,
f75a,
f963,
fc5f,
ff30,
0236,
03fe,
0319,
02b5,
03ef,
058a,
0532,
030c,
0099,
feee,
fee0,
fead,
fc92,
fa46,
fa3b,
fb08,
fc59,
fefe,
0170,
0214,
0149,
00e9,
0110,
0057,
fed4,
fed3,
0039,
0089,
ffd1,
ff6f,
ffd6,
00ab,
010c,
003a,
ff1b,
fe96,
fe66,
fe85,
ff31,
0012,
009c,
0083,
ffdf,
ff8a,
ffed,
006d,
006b,
ffb6,
feaf,
fe3c,
ff10,
0089,
0173,
0157,
00c2,
fffe,
ffff,
0000,
0001,
0000,
0000,
fffe,
fffe,
ffff,
0001,
0004,
0005,
0004,
0001,
fffe,
fffc,
fffb,
fffd,
fffe,
ffff,
fffc,
fffc,
fffa,
0006,
0002,
0009,
fff9,
0005,
fff8,
0004,
fffd,
0003,
0000,
00a3,
06ee,
1005,
13c4,
f9c9,
dd35,
f54e,
1617,
1647,
10a1,
0df0,
088e,
077d,
021b,
ef2c,
e4ad,
e70b,
e707,
ebc8,
f42b,
f943,
ffd7,
095a,
0fda,
12e1,
12a7,
0c37,
078e,
0625,
0148,
f970,
f6da,
f95f,
fb0b,
fab7,
f820,
f75a,
f963,
fc5f,
ff30,
0236,
03fe,
0319,
02b5,
03ef,
058a,
0532,
030c,
0099,
feee,
fee0,
fead,
fc92,
fa46,
fa3b,
fb08,
fc59,
fefe,
0170,
0214,
0149,
00e9,
0110,
0057,
fed4,
fed3,
0039,
0089,
ffd1,
ff6f,
ffd6,
00ab,
010c,
003a,
ff1b,
fe96,
fe66,
fe85,
ff31,
0012,
009c,
0083,
ffdf,
ff8a,
ffed,
006d,
006b,
ffb6,
feaf,
fe3c,
ff10,
0089,
0173,
0157,
00c2,
fffe,
ffff,
0000,
0001,
0000,
0000,
fffe,
fffe,
ffff,
0001,
0004,
0005,
0004,
0001,
fffe,
fffc,
fffb,
fffd,
fffe,
ffff,
fffc,
fffc,
fffa,
0006,
0002,
0009,
fff9,
0005,
fff8,
0004,
fffd,
0003,
0000,
00a3,
06ee,
1005,
13c4,
f9c9,
dd35,
f54e,
1617,
1647,
10a1,
0df0,
088e,
077d,
021b,
ef2c,
e4ad,
e70b,
e707,
ebc8,
f42b,
f943,
ffd7,
095a,
0fda,
12e1,
12a7,
0c37,
078e,
0625,
0148,
f970,
f6da,
f95f,
fb0b,
fab7,
f820,
f75a,
f963,
fc5f,
ff30,
0236,
03fe,
0319,
02b5,
03ef,
058a,
0532,
030c,
0099,
feee,
fee0,
fead,
fc92,
fa46,
fa3b,
fb08,
fc59,
fefe,
0170,
0214,
0149,
00e9,
0110,
0057,
fed4,
fed3,
0039,
0089,
ffd1,
ff6f,
ffd6,
00ab,
010c,
003a,
ff1b,
fe96,
fe66,
fe85,
ff31,
0012,
009c,
0083,
ffdf,
ff8a,
ffed,
006d,
006b,
ffb6,
feaf,
fe3c,
ff10,
0089,
0173,
0157,
00c2,
fffe,
ffff,
0000,
0001,
0000,
0000,
fffe,
fffe,
ffff,
0001,
0004,
0005,
0004,
0001,
fffe,
fffc,
fffb,
fffd,
fffe,
ffff,
fffc,
fffc,
fffa,
0006,
0002,
0009,
fff9,
0005,
fff8,
0004,
fffd,
0003,
0000,
00a3,
06ee,
1005,
13c4,
f9c9,
dd35,
f54e,
1617,
1647,
10a1,
0df0,
088e,
077d,
021b,
ef2c,
e4ad,
e70b,
e707,
ebc8,
f42b,
f943,
ffd7,
095a,
0fda,
12e1,
12a7,
0c37,
078e,
0625,
0148,
f970,
f6da,
f95f,
fb0b,
fab7,
f820,
f75a,
f963,
fc5f,
ff30,
0236,
03fe,
0319,
02b5,
03ef,
058a,
0532,
030c,
0099,
feee,
fee0,
fead,
fc92,
fa46,
fa3b,
fb08,
fc59,
fefe,
0170,
0214,
0149,
00e9,
0110,
0057,
fed4,
fed3,
0039,
0089,
ffd1,
ff6f,
ffd6,
00ab,
010c,
003a,
ff1b,
fe96,
fe66,
fe85,
ff31,
0012,
009c,
0083,
ffdf,
ff8a,
ffed,
006d,
006b,
ffb6,
feaf,
fe3c,
ff10,
0089,
0173,
0157,
00c2,
fffe,
ffff,
0000,
0001,
0000,
0000,
fffe,
fffe,
ffff,
0001,
0004,
0005,
0004,
0001,
fffe,
fffc,
fffb,
fffd,
fffe,
ffff,
fffc,
fffc,
fffa,
0006,
0002,
0009,
fff9,
0005,
fff8,
0004,
fffd,
0003,
0000,
00a3,
06ee,
1005,
13c4,
f9c9,
dd35,
f54e,
1617,
1647,
10a1,
0df0,
088e,
077d,
021b,
ef2c,
e4ad,
e70b,
e707,
ebc8,
f42b,
f943,
ffd7,
095a,
0fda,
12e1,
12a7,
0c37,
078e,
0625,
0148,
f970,
f6da,
f95f,
fb0b,
fab7,
f820,
f75a,
f963,
fc5f,
ff30,
0236,
03fe,
0319,
02b5,
03ef,
058a,
0532,
030c,
0099,
feee,
fee0,
fead,
fc92,
fa46,
fa3b,
fb08,
fc59,
fefe,
0170,
0214,
0149,
00e9,
0110,
0057,
fed4,
fed3,
0039,
0089,
ffd1,
ff6f,
ffd6,
00ab,
010c,
003a,
ff1b,
fe96,
fe66,
fe85,
ff31,
0012,
009c,
0083,
ffdf,
ff8a,
ffed,
006d,
006b,
ffb6,
feaf,
fe3c,
ff10,
0089,
0173,
0157,
00c2,
fffe,
ffff,
0000,
0001,
0000,
0000,
fffe,
fffe,
ffff,
0001,
0004,
0005,
0004,
0001,
fffe,
fffc,
fffb,
fffd,
fffe,
ffff,
fffc,
fffc,
fffa,
0006,
0002,
0009,
fff9,
0005,
fff8,
0004,
fffd,
0003,
0000,
00a3,
06ee,
1005,
13c4,
f9c9,
dd35,
f54e,
1617,
1647,
10a1,
0df0,
088e,
077d,
021b,
ef2c,
e4ad,
e70b,
e707,
ebc8,
f42b,
f943,
ffd7,
095a,
0fda,
12e1,
12a7,
0c37,
078e,
0625,
0148,
f970,
f6da,
f95f,
fb0b,
fab7,
f820,
f75a,
f963,
fc5f,
ff30,
0236,
03fe,
0319,
02b5,
03ef,
058a,
0532,
030c,
0099,
feee,
fee0,
fead,
fc92,
fa46,
fa3b,
fb08,
fc59,
fefe,
0170,
0214,
0149,
00e9,
0110,
0057,
fed4,
fed3,
0039,
0089,
ffd1,
ff6f,
ffd6,
00ab,
010c,
003a,
ff1b,
fe96,
fe66,
fe85,
ff31,
0012,
009c,
0083,
ffdf,
ff8a,
ffed,
006d,
006b,
ffb6,
feaf,
fe3c,
ff10,
0089,
0173,
0157,
00c2,
fffe,
ffff,
0000,
0001,
0000,
0000,
fffe,
fffe,
ffff,
0001,
0004,
0005,
0004,
0001,
fffe,
fffc,
fffb,
fffd,
fffe,
ffff,
fffc,
fffc,
fffa,
0006,
0002,
0009,
fff9,
0005,
fff8,
0004,
fffd,
0003,
0000,
00a3,
06ee,
1005,
13c4,
f9c9,
dd35,
f54e,
1617,
1647,
10a1,
0df0,
088e,
077d,
021b,
ef2c,
e4ad,
e70b,
e707,
ebc8,
f42b,
f943,
ffd7,
095a,
0fda,
12e1,
12a7,
0c37,
078e,
0625,
0148,
f970,
f6da,
f95f,
fb0b,
fab7,
f820,
f75a,
f963,
fc5f,
ff30,
0236,
03fe,
0319,
02b5,
03ef,
058a,
0532,
030c,
0099,
feee,
fee0,
fead,
fc92,
fa46,
fa3b,
fb08,
fc59,
fefe,
0170,
0214,
0149,
00e9,
0110,
0057,
fed4,
fed3,
0039,
0089,
ffd1,
ff6f,
ffd6,
00ab,
010c,
003a,
ff1b,
fe96,
fe66,
fe85,
ff31,
0012,
009c,
0083,
ffdf,
ff8a,
ffed,
006d,
006b,
ffb6,
feaf,
fe3c,
ff10,
0089,
0173,
0157,
00c2,
fffe,
ffff,
0000,
0001,
0000,
0000,
fffe,
fffe,
ffff,
0001,
0004,
0005,
0004,
0001,
fffe,
fffc,
fffb,
fffd,
fffe,
ffff,
fffc,
fffc,
fffa,
0006,
0002,
0009,
fff9,
0005,
fff8,
0004,
fffd,
0003,
0000,
00a3,
06ee,
1005,
13c4,
f9c9,
dd35,
f54e,
1617,
1647,
10a1,
0df0,
088e,
077d,
021b,
ef2c,
e4ad,
e70b,
e707,
ebc8,
f42b,
f943,
ffd7,
095a,
0fda,
12e1,
12a7,
0c37,
078e,
0625,
0148,
f970,
f6da,
f95f,
fb0b,
fab7,
f820,
f75a,
f963,
fc5f,
ff30,
0236,
03fe,
0319,
02b5,
03ef,
058a,
0532,
030c,
0099,
feee,
fee0,
fead,
fc92,
fa46,
fa3b,
fb08,
fc59,
fefe,
0170,
0214,
0149,
00e9,
0110,
0057,
fed4,
fed3,
0039,
0089,
ffd1,
ff6f,
ffd6,
00ab,
010c,
003a,
ff1b,
fe96,
fe66,
fe85,
ff31,
0012,
009c,
0083,
ffdf,
ff8a,
ffed,
006d,
006b,
ffb6,
feaf,
fe3c,
ff10,
0089,
0173,
0157,
00c2,
fffe,
ffff,
0000,
0001,
0000,
0000,
fffe,
fffe,
ffff,
0001,
0004,
0005,
0004,
0001,
fffe,
fffc,
fffb,
fffd,
fffe,
ffff,
fffc,
fffc,
fffa,
0006,
0002,
0009,
fff9,
0005,
fff8,
0004,
fffd,
0003,
0000,
00a3,
06ee,
1005,
13c4,
f9c9,
dd35,
f54e,
1617,
1647,
10a1,
0df0,
088e,
077d,
021b,
ef2c,
e4ad,
e70b,
e707,
ebc8,
f42b,
f943,
ffd7,
095a,
0fda,
12e1,
12a7,
0c37,
078e,
0625,
0148,
f970,
f6da,
f95f,
fb0b,
fab7,
f820,
f75a,
f963,
fc5f,
ff30,
0236,
03fe,
0319,
02b5,
03ef,
058a,
0532,
030c,
0099,
feee,
fee0,
fead,
fc92,
fa46,
fa3b,
fb08,
fc59,
fefe,
0170,
0214,
0149,
00e9,
0110,
0057,
fed4,
fed3,
0039,
0089,
ffd1,
ff6f,
ffd6,
00ab,
010c,
003a,
ff1b,
fe96,
fe66,
fe85,
ff31,
0012,
009c,
0083,
ffdf,
ff8a,
ffed,
006d,
006b,
ffb6,
feaf,
fe3c,
ff10,
0089,
0173,
0157,
00c2,
fffe,
ffff,
0000,
0001,
0000,
0000,
fffe,
fffe,
ffff,
0001,
0004,
0005,
0004,
0001,
fffe,
fffc,
fffb,
fffd,
fffe,
ffff,
fffc,
fffc,
fffa,
0006,
0002,
0009,
fff9,
0005,
fff8,
0004,
fffd,
0003,
0000,
00a3,
06ee,
1005,
13c4,
f9c9,
dd35,
f54e,
1617,
1647,
10a1,
0df0,
088e,
077d,
021b,
ef2c,
e4ad,
e70b,
e707,
ebc8,
f42b,
f943,
ffd7,
095a,
0fda,
12e1,
12a7,
0c37,
078e,
0625,
0148,
f970,
f6da,
f95f,
fb0b,
fab7,
f820,
f75a,
f963,
fc5f,
ff30,
0236,
03fe,
0319,
02b5,
03ef,
058a,
0532,
030c,
0099,
feee,
fee0,
fead,
fc92,
fa46,
fa3b,
fb08,
fc59,
fefe,
0170,
0214,
0149,
00e9,
0110,
0057,
fed4,
fed3,
0039,
0089,
ffd1,
ff6f,
ffd6,
00ab,
010c,
003a,
ff1b,
fe96,
fe66,
fe85,
ff31,
0012,
009c,
0083,
ffdf,
ff8a,
ffed,
006d,
006b,
ffb6,
feaf,
fe3c,
ff10,
0089,
0173,
0157,
00c2,
fffe,
ffff,
0000,
0001,
0000,
0000,
fffe,
fffe,
ffff,
0001,
0004,
0005,
0004,
0001,
fffe,
fffc,
fffb,
fffd,
fffe,
ffff,
fffc,
fffc,
fffa,
0006,
0002,
0009,
fff9,
0005,
fff8,
0004,
fffd,
0003,
0000,
00a3,
06ee,
1005,
13c4,
f9c9,
dd35,
f54e,
1617,
1647,
10a1,
0df0,
088e,
077d,
021b,
ef2c,
e4ad,
e70b,
e707,
ebc8,
f42b,
f943,
ffd7,
095a,
0fda,
12e1,
12a7,
0c37,
078e,
0625,
0148,
f970,
f6da,
f95f,
fb0b,
fab7,
f820,
f75a,
f963,
fc5f,
ff30,
0236,
03fe,
0319,
02b5,
03ef,
058a,
0532,
030c,
0099,
feee,
fee0,
fead,
fc92,
fa46,
fa3b,
fb08,
fc59,
fefe,
0170,
0214,
0149,
00e9,
0110,
0057,
fed4,
fed3,
0039,
0089,
ffd1,
ff6f,
ffd6,
00ab,
010c,
003a,
ff1b,
fe96,
fe66,
fe85,
ff31,
0012,
009c,
0083,
ffdf,
ff8a,
ffed,
006d,
006b,
ffb6,
feaf,
fe3c,
ff10,
0089,
0173,
0157,
00c2,
fffe,
ffff,
0000,
0001,
0000,
0000,
fffe,
fffe,
ffff,
0001,
0004,
0005,
0004,
0001,
fffe,
fffc,
fffb,
fffd,
fffe,
ffff,
fffc,
fffc,
fffa,
0006,
0002,
0009,
fff9,
0005,
fff8,
0004,
fffd,
0003,
0000,
00a3,
06ee,
1005,
13c4,
f9c9,
dd35,
f54e,
1617,
1647,
10a1,
0df0,
088e,
077d,
021b,
ef2c,
e4ad,
e70b,
e707,
ebc8,
f42b,
f943,
ffd7,
095a,
0fda,
12e1,
12a7,
0c37,
078e,
0625,
0148,
f970,
f6da,
f95f,
fb0b,
fab7,
f820,
f75a,
f963,
fc5f,
ff30,
0236,
03fe,
0319,
02b5,
03ef,
058a,
0532,
030c,
0099,
feee,
fee0,
fead,
fc92,
fa46,
fa3b,
fb08,
fc59,
fefe,
0170,
0214,
0149,
00e9,
0110,
0057,
fed4,
fed3,
0039,
0089,
ffd1,
ff6f,
ffd6,
00ab,
010c,
003a,
ff1b,
fe96,
fe66,
fe85,
ff31,
0012,
009c,
0083,
ffdf,
ff8a,
ffed,
006d,
006b,
ffb6,
feaf,
fe3c,
ff10,
0089,
0173,
0157,
00c2,
fffe,
ffff,
0000,
0001,
0000,
0000,
fffe,
fffe,
ffff,
0001,
0004,
0005,
0004,
0001,
fffe,
fffc,
fffb,
fffd,
fffe,
ffff,
fffc,
fffc,
fffa,
0006,
0002,
0009,
fff9,
0005,
fff8,
0004,
fffd,
0003,
0000,
00a3,
06ee,
1005,
13c4,
f9c9,
dd35,
f54e,
1617,
1647,
10a1,
0df0,
088e,
077d,
021b,
ef2c,
e4ad,
e70b,
e707,
ebc8,
f42b,
f943,
ffd7,
095a,
0fda,
12e1,
12a7,
0c37,
078e,
0625,
0148,
f970,
f6da,
f95f,
fb0b,
fab7,
f820,
f75a,
f963,
fc5f,
ff30,
0236,
03fe,
0319,
02b5,
03ef,
058a,
0532,
030c,
0099,
feee,
fee0,
fead,
fc92,
fa46,
fa3b,
fb08,
fc59,
fefe,
0170,
0214,
0149,
00e9,
0110,
0057,
fed4,
fed3,
0039,
0089,
ffd1,
ff6f,
ffd6,
00ab,
010c,
003a,
ff1b,
fe96,
fe66,
fe85,
ff31,
0012,
009c,
0083,
ffdf,
ff8a,
ffed,
006d,
006b,
ffb6,
feaf,
fe3c,
ff10,
0089,
0173,
0157,
00c2,
fffe,
ffff,
0000,
0001,
0000,
0000,
fffe,
fffe,
ffff,
0001,
0004,
0005,
0004,
0001,
fffe,
fffc,
fffb,
fffd,
fffe,
ffff,
fffc,
fffc,
fffa,
0006,
0002,
0009,
fff9,
0005,
fff8,
0004,
fffd,
0003,
0000,
00a3,
06ee,
1005,
13c4,
f9c9,
dd35,
f54e,
1617,
1647,
10a1,
0df0,
088e,
077d,
021b,
ef2c,
e4ad,
e70b,
e707,
ebc8,
f42b,
f943,
ffd7,
095a,
0fda,
12e1,
12a7,
0c37,
078e,
0625,
0148,
f970,
f6da,
f95f,
fb0b,
fab7,
f820,
f75a,
f963,
fc5f,
ff30,
0236,
03fe,
0319,
02b5,
03ef,
058a,
0532,
030c,
0099,
feee,
fee0,
fead,
fc92,
fa46,
fa3b,
fb08,
fc59,
fefe,
0170,
0214,
0149,
00e9,
0110,
0057,
fed4,
fed3,
0039,
0089,
ffd1,
ff6f,
ffd6,
00ab,
010c,
003a,
ff1b,
fe96,
fe66,
fe85,
ff31,
0012,
009c,
0083,
ffdf,
ff8a,
ffed,
006d,
006b,
ffb6,
feaf,
fe3c,
ff10,
0089,
0173,
0157,
00c2,
fffe,
ffff,
0000,
0001,
0000,
0000,
fffe,
fffe,
ffff,
0001,
0004,
0005,
0004,
0001,
fffe,
fffc,
fffb,
fffd,
fffe,
ffff,
fffc,
fffc,
fffa,
0006,
0002,
0009,
fff9,
0005,
fff8,
0004,
fffd,
0003,
0000,
00a3,
06ee,
1005,
13c4,
f9c9,
dd35,
f54e,
1617,
1647,
10a1,
0df0,
088e,
077d,
021b,
ef2c,
e4ad,
e70b,
e707,
ebc8,
f42b,
f943,
ffd7,
095a,
0fda,
12e1,
12a7,
0c37,
078e,
0625,
0148,
f970,
f6da,
f95f,
fb0b,
fab7,
f820,
f75a,
f963,
fc5f,
ff30,
0236,
03fe,
0319,
02b5,
03ef,
058a,
0532,
030c,
0099,
feee,
fee0,
fead,
fc92,
fa46,
fa3b,
fb08,
fc59,
fefe,
0170,
0214,
0149,
00e9,
0110,
0057,
fed4,
fed3,
0039,
0089,
ffd1,
ff6f,
ffd6,
00ab,
010c,
003a,
ff1b,
fe96,
fe66,
fe85,
ff31,
0012,
009c,
0083,
ffdf,
ff8a,
ffed,
006d,
006b,
ffb6,
feaf,
fe3c,
ff10,
0089,
0173,
0157,
00c2,
fffe,
ffff,
0000,
0001,
0000,
0000,
fffe,
fffe,
ffff,
0001,
0004,
0005,
0004,
0001,
fffe,
fffc,
fffb,
fffd,
fffe,
ffff,
fffc,
fffc,
fffa,
0006,
0002,
0009,
fff9,
0005,
fff8,
0004,
fffd,
0003,
0000,
00a3,
06ee,
1005,
13c4,
f9c9,
dd35,
f54e,
1617,
1647,
10a1,
0df0,
088e,
077d,
021b,
ef2c,
e4ad,
e70b,
e707,
ebc8,
f42b,
f943,
ffd7,
095a,
0fda,
12e1,
12a7,
0c37,
078e,
0625,
0148,
f970,
f6da,
f95f,
fb0b,
fab7,
f820,
f75a,
f963,
fc5f,
ff30,
0236,
03fe,
0319,
02b5,
03ef,
058a,
0532,
030c,
0099,
feee,
fee0,
fead,
fc92,
fa46,
fa3b,
fb08,
fc59,
fefe,
0170,
0214,
0149,
00e9,
0110,
0057,
fed4,
fed3,
0039,
0089,
ffd1,
ff6f,
ffd6,
00ab,
010c,
003a,
ff1b,
fe96,
fe66,
fe85,
ff31,
0012,
009c,
0083,
ffdf,
ff8a,
ffed,
006d,
006b,
ffb6,
feaf,
fe3c,
ff10,
0089,
0173,
0157,
00c2,
fffe,
ffff,
0000,
0001,
0000,
0000,
fffe,
fffe,
ffff,
0001,
0004,
0005,
0004,
0001,
fffe,
fffc,
fffb,
fffd,
fffe,
ffff,
fffc,
fffc,
fffa,
0006,
0002,
0009,
fff9,
0005,
fff8,
0004,
fffd,
0003,
0000,
00a3,
06ee,
1005,
13c4,
f9c9,
dd35,
f54e,
1617,
1647,
10a1,
0df0,
088e,
077d,
021b,
ef2c,
e4ad,
e70b,
e707,
ebc8,
f42b,
f943,
ffd7,
095a,
0fda,
12e1,
12a7,
0c37,
078e,
0625,
0148,
f970,
f6da,
f95f,
fb0b,
fab7,
f820,
f75a,
f963,
fc5f,
ff30,
0236,
03fe,
0319,
02b5,
03ef,
058a,
0532,
030c,
0099,
feee,
fee0,
fead,
fc92,
fa46,
fa3b,
fb08,
fc59,
fefe,
0170,
0214,
0149,
00e9,
0110,
0057,
fed4,
fed3,
0039,
0089,
ffd1,
ff6f,
ffd6,
00ab,
010c,
003a,
ff1b,
fe96,
fe66,
fe85,
ff31,
0012,
009c,
0083,
ffdf,
ff8a,
ffed,
006d,
006b,
ffb6,
feaf,
fe3c,
ff10,
0089,
0173,
0157,
00c2,
fffe,
ffff,
0000,
0001,
0000,
0000,
fffe,
fffe,
ffff,
0001,
0004,
0005,
0004,
0001,
fffe,
fffc,
fffb,
fffd,
fffe,
ffff,
fffc,
fffc,
fffa,
0006,
0002,
0009,
fff9,
0005,
fff8,
0004,
fffd,
0003,
0000,
00a3,
06ee,
1005,
13c4,
f9c9,
dd35,
f54e,
1617,
1647,
10a1,
0df0,
088e,
077d,
021b,
ef2c,
e4ad,
e70b,
e707,
ebc8,
f42b,
f943,
ffd7,
095a,
0fda,
12e1,
12a7,
0c37,
078e,
0625,
0148,
f970,
f6da,
f95f,
fb0b,
fab7,
f820,
f75a,
f963,
fc5f,
ff30,
0236,
03fe,
0319,
02b5,
03ef,
058a,
0532,
030c,
0099,
feee,
fee0,
fead,
fc92,
fa46,
fa3b,
fb08,
fc59,
fefe,
0170,
0214,
0149,
00e9,
0110,
0057,
fed4,
fed3,
0039,
0089,
ffd1,
ff6f,
ffd6,
00ab,
010c,
003a,
ff1b,
fe96,
fe66,
fe85,
ff31,
0012,
009c,
0083,
ffdf,
ff8a,
ffed,
006d,
006b,
ffb6,
feaf,
fe3c,
ff10,
0089,
0173,
0157,
00c2,
fffe,
ffff,
0000,
0001,
0000,
0000,
fffe,
fffe,
ffff,
0001,
0004,
0005,
0004,
0001,
fffe,
fffc,
fffb,
fffd,
fffe,
ffff,
fffc,
fffc,
fffa,
0006,
0002,
0009,
fff9,
0005,
fff8,
0004,
fffd,
0003,
0000,
00a3,
06ee,
1005,
13c4,
f9c9,
dd35,
f54e,
1617,
1647,
10a1,
0df0,
088e,
077d,
021b,
ef2c,
e4ad,
e70b,
e707,
ebc8,
f42b,
f943,
ffd7,
095a,
0fda,
12e1,
12a7,
0c37,
078e,
0625,
0148,
f970,
f6da,
f95f,
fb0b,
fab7,
f820,
f75a,
f963,
fc5f,
ff30,
0236,
03fe,
0319,
02b5,
03ef,
058a,
0532,
030c,
0099,
feee,
fee0,
fead,
fc92,
fa46,
fa3b,
fb08,
fc59,
fefe,
0170,
0214,
0149,
00e9,
0110,
0057,
fed4,
fed3,
0039,
0089,
ffd1,
ff6f,
ffd6,
00ab,
010c,
003a,
ff1b,
fe96,
fe66,
fe85,
ff31,
0012,
009c,
0083,
ffdf,
ff8a,
ffed,
006d,
006b,
ffb6,
feaf,
fe3c,
ff10,
0089,
0173,
0157,
00c2,
fffe,
ffff,
0000,
0001,
0000,
0000,
fffe,
fffe,
ffff,
0001,
0004,
0005,
0004,
0001,
fffe,
fffc,
fffb,
fffd,
fffe,
ffff,
fffc,
fffc,
fffa,
0006,
0002,
0009,
fff9,
0005,
fff8,
0004,
fffd,
0003,
0000,
00a3,
06ee,
1005,
13c4,
f9c9,
dd35,
f54e,
1617,
1647,
10a1,
0df0,
088e,
077d,
021b,
ef2c,
e4ad,
e70b,
e707,
ebc8,
f42b,
f943,
ffd7,
095a,
0fda,
12e1,
12a7,
0c37,
078e,
0625,
0148,
f970,
f6da,
f95f,
fb0b,
fab7,
f820,
f75a,
f963,
fc5f,
ff30,
0236,
03fe,
0319,
02b5,
03ef,
058a,
0532,
030c,
0099,
feee,
fee0,
fead,
fc92,
fa46,
fa3b,
fb08,
fc59,
fefe,
0170,
0214,
0149,
00e9,
0110,
0057,
fed4,
fed3,
0039,
0089,
ffd1,
ff6f,
ffd6,
00ab,
010c,
003a,
ff1b,
fe96,
fe66,
fe85,
ff31,
0012,
009c,
0083,
ffdf,
ff8a,
ffed,
006d,
006b,
ffb6,
feaf,
fe3c,
ff10,
0089,
0173,
0157,
00c2,
fffe,
ffff,
0000,
0001,
0000,
0000,
fffe,
fffe,
ffff,
0001,
0004,
0005,
0004,
0001,
fffe,
fffc,
fffb,
fffd,
fffe,
ffff,
fffc,
fffc,
fffa,
0006,
0002,
0009,
fff9,
0005,
fff8,
0004,
fffd,
0003,
0000,
00a3,
06ee,
1005,
13c4,
f9c9,
dd35,
f54e,
1617,
1647,
10a1,
0df0,
088e,
077d,
021b,
ef2c,
e4ad,
e70b,
e707,
ebc8,
f42b,
f943,
ffd7,
095a,
0fda,
12e1,
12a7,
0c37,
078e,
0625,
0148,
f970,
f6da,
f95f,
fb0b,
fab7,
f820,
f75a,
f963,
fc5f,
ff30,
0236,
03fe,
0319,
02b5,
03ef,
058a,
0532,
030c,
0099,
feee,
fee0,
fead,
fc92,
fa46,
fa3b,
fb08,
fc59,
fefe,
0170,
0214,
0149,
00e9,
0110,
0057,
fed4,
fed3,
0039,
0089,
ffd1,
ff6f,
ffd6,
00ab,
010c,
003a,
ff1b,
fe96,
fe66,
fe85,
ff31,
0012,
009c,
0083,
ffdf,
ff8a,
ffed,
006d,
006b,
ffb6,
feaf,
fe3c,
ff10,
0089,
0173,
0157,
00c2,
fffe,
ffff,
0000,
0001,
0000,
0000,
fffe,
fffe,
ffff,
0001,
0004,
0005,
0004,
0001,
fffe,
fffc,
fffb,
fffd,
fffe,
ffff,
fffc,
fffc,
fffa,
0006,
0002,
0009,
fff9,
0005,
fff8,
0004,
fffd,
0003,
0000,
00a3,
06ee,
1005,
13c4,
f9c9,
dd35,
f54e,
1617,
1647,
10a1,
0df0,
088e,
077d,
021b,
ef2c,
e4ad,
e70b,
e707,
ebc8,
f42b,
f943,
ffd7,
095a,
0fda,
12e1,
12a7,
0c37,
078e,
0625,
0148,
f970,
f6da,
f95f,
fb0b,
fab7,
f820,
f75a,
f963,
fc5f,
ff30,
0236,
03fe,
0319,
02b5,
03ef,
058a,
0532,
030c,
0099,
feee,
fee0,
fead,
fc92,
fa46,
fa3b,
fb08,
fc59,
fefe,
0170,
0214,
0149,
00e9,
0110,
0057,
fed4,
fed3,
0039,
0089,
ffd1,
ff6f,
ffd6,
00ab,
010c,
003a,
ff1b,
fe96,
fe66,
fe85,
ff31,
0012,
009c,
0083,
ffdf,
ff8a,
ffed,
006d,
006b,
ffb6,
feaf,
fe3c,
ff10,
0089,
0173,
0157,
00c2,
fffe,
ffff,
0000,
0001,
0000,
0000,
fffe,
fffe,
ffff,
0001,
0004,
0005,
0004,
0001,
fffe,
fffc,
fffb,
fffd,
fffe,
ffff,
fffc,
fffc,
fffa,
0006,
0002,
0009,
fff9,
0005,
fff8,
0004,
fffd,
0003,
0000,
00a3,
06ee,
1005,
13c4,
f9c9,
dd35,
f54e,
1617,
1647,
10a1,
0df0,
088e,
077d,
021b,
ef2c,
e4ad,
e70b,
e707,
ebc8,
f42b,
f943,
ffd7,
095a,
0fda,
12e1,
12a7,
0c37,
078e,
0625,
0148,
f970,
f6da,
f95f,
fb0b,
fab7,
f820,
f75a,
f963,
fc5f,
ff30,
0236,
03fe,
0319,
02b5,
03ef,
058a,
0532,
030c,
0099,
feee,
fee0,
fead,
fc92,
fa46,
fa3b,
fb08,
fc59,
fefe,
0170,
0214,
0149,
00e9,
0110,
0057,
fed4,
fed3,
0039,
0089,
ffd1,
ff6f,
ffd6,
00ab,
010c,
003a,
ff1b,
fe96,
fe66,
fe85,
ff31,
0012,
009c,
0083,
ffdf,
ff8a,
ffed,
006d,
006b,
ffb6,
feaf,
fe3c,
ff10,
0089,
0173,
0157,
00c2,
fffe,
ffff,
0000,
0001,
0000,
0000,
fffe,
fffe,
ffff,
0001,
0004,
0005,
0004,
0001,
fffe,
fffc,
fffb,
fffd,
fffe,
ffff,
fffc,
fffc,
fffa,
0006,
0002,
0009,
fff9,
0005,
fff8,
0004,
fffd,
0003,
0000,
00a3,
06ee,
1005,
13c4,
f9c9,
dd35,
f54e,
1617,
1647,
10a1,
0df0,
088e,
077d,
021b,
ef2c,
e4ad,
e70b,
e707,
ebc8,
f42b,
f943,
ffd7,
095a,
0fda,
12e1,
12a7,
0c37,
078e,
0625,
0148,
f970,
f6da,
f95f,
fb0b,
fab7,
f820,
f75a,
f963,
fc5f,
ff30,
0236,
03fe,
0319,
02b5,
03ef,
058a,
0532,
030c,
0099,
feee,
fee0,
fead,
fc92,
fa46,
fa3b,
fb08,
fc59,
fefe,
0170,
0214,
0149,
00e9,
0110,
0057,
fed4,
fed3,
0039,
0089,
ffd1,
ff6f,
ffd6,
00ab,
010c,
003a,
ff1b,
fe96,
fe66,
fe85,
ff31,
0012,
009c,
0083,
ffdf,
ff8a,
ffed,
006d,
006b,
ffb6,
feaf,
fe3c,
ff10,
0089,
0173,
0157,
00c2,
fffe,
ffff,
0000,
0001,
0000,
0000,
fffe,
fffe,
ffff,
0001,
0004,
0005,
0004,
0001,
fffe,
fffc,
fffb,
fffd,
fffe,
ffff,
fffc,
fffc,
fffa,
0006,
0002,
0009,
fff9,
0005,
fff8,
0004,
fffd,
0003,
0000,
00a3,
06ee,
1005,
13c4,
f9c9,
dd35,
f54e,
1617,
1647,
10a1,
0df0,
088e,
077d,
021b,
ef2c,
e4ad,
e70b,
e707,
ebc8,
f42b,
f943,
ffd7,
095a,
0fda,
12e1,
12a7,
0c37,
078e,
0625,
0148,
f970,
f6da,
f95f,
fb0b,
fab7,
f820,
f75a,
f963,
fc5f,
ff30,
0236,
03fe,
0319,
02b5,
03ef,
058a,
0532,
030c,
0099,
feee,
fee0,
fead,
fc92,
fa46,
fa3b,
fb08,
fc59,
fefe,
0170,
0214,
0149,
00e9,
0110,
0057,
fed4,
fed3,
0039,
0089,
ffd1,
ff6f,
ffd6,
00ab,
010c,
003a,
ff1b,
fe96,
fe66,
fe85,
ff31,
0012,
009c,
0083,
ffdf,
ff8a,
ffed,
006d,
006b,
ffb6,
feaf,
fe3c,
ff10,
0089,
0173,
0157,
00c2;