memory_initialization_radix=16;
memory_initialization_vector=
0005,
0004,
0002,
0000,
0000,
ffff,
fffe,
fffe,
fffd,
fffe,
ffff,
ffff,
ffff,
ffff,
ffff,
0002,
0003,
0002,
0002,
0001,
ffff,
fffd,
fffe,
fffd,
0000,
0000,
fffa,
0003,
ffff,
0004,
0001,
fffd,
0001,
ffeb,
0014,
ffdc,
0021,
ffce,
002f,
020e,
13bf,
0c90,
e235,
ea7f,
f811,
fac8,
190d,
261d,
169d,
0e31,
2ac9,
1e66,
eb31,
e41b,
e122,
d041,
e3fb,
fb2a,
ecad,
e97d,
005f,
0f94,
0db1,
0e6e,
1083,
091a,
0639,
0adc,
0448,
f91d,
f849,
fa14,
f8cf,
f923,
fba0,
fda1,
fe6f,
ff93,
015a,
00ba,
ff16,
0036,
0292,
0264,
0219,
032a,
02e3,
0081,
ffac,
ffa5,
fe86,
fd97,
fd8a,
fd30,
fcb5,
fdc1,
ff25,
000b,
00f2,
01c4,
0251,
0270,
01fb,
0192,
00ea,
001e,
ff87,
ff53,
fee0,
fe4a,
fe1d,
fe7a,
fead,
feba,
ff20,
ff55,
ff7e,
ffdd,
007f,
0125,
00ec,
ff79,
fe7b,
fe52,
ff42,
0164,
0286,
01f5,
0003,
0004,
0003,
0002,
0000,
0000,
0000,
0000,
ffff,
fffe,
fffe,
ffff,
ffff,
0000,
0000,
ffff,
0000,
0001,
0002,
0003,
0002,
0001,
ffff,
ffff,
fffe,
ffff,
0000,
fffb,
ffff,
0002,
ffff,
0006,
fffa,
0009,
ffea,
0011,
ffe4,
0014,
ffdf,
0023,
0089,
0c25,
1178,
f018,
e71b,
f41b,
f220,
0961,
21c8,
1e1b,
1309,
2203,
23bc,
fd04,
ebb3,
e9c6,
d874,
dcce,
f63f,
f4a3,
ebb7,
f697,
03dc,
0836,
091c,
0c13,
0b29,
0618,
08c0,
0a06,
02d3,
fd56,
fba3,
facf,
f982,
fa34,
fc57,
fb96,
fb6a,
fec8,
ffcb,
ff6a,
00b4,
01ed,
020f,
025f,
0337,
03ba,
026a,
0143,
0061,
ff1a,
fe60,
fdd6,
fd40,
fca4,
fcbc,
fd91,
fee2,
fffa,
00d6,
015f,
01e0,
025d,
024a,
01c1,
015b,
00cc,
0046,
ffd8,
ff4f,
feb3,
fe34,
fdd5,
fd73,
fd7a,
fdc8,
fe5e,
ffa3,
00bb,
fff3,
fefa,
ff46,
004f,
021e,
038c,
0356,
0224,
0001,
0003,
0004,
0003,
0002,
0001,
0000,
0000,
0000,
ffff,
fffe,
ffff,
ffff,
0000,
0000,
ffff,
0000,
0001,
0002,
0002,
0003,
0002,
0001,
0000,
0000,
fffe,
0000,
0000,
fffc,
0000,
0001,
0000,
0005,
fffd,
0006,
ffef,
000e,
ffe8,
0013,
ffe5,
001f,
00b9,
0b8a,
0e62,
f155,
eb51,
f4e5,
f3e5,
0930,
1d20,
1af0,
1363,
1e97,
1dad,
fe21,
efc6,
ec97,
ddd8,
e1bc,
f537,
f3ab,
ee3f,
f6cc,
0151,
055c,
0682,
0a4d,
0ab8,
0709,
093f,
0a43,
04d7,
ffff,
fd47,
fb4e,
f9a3,
fa3d,
fb61,
f9ef,
f9b4,
fcd6,
fe98,
ff4e,
00c2,
01b7,
0230,
0326,
0457,
0506,
03dd,
023e,
00c5,
ff41,
fe29,
fd57,
fcae,
fc22,
fc1f,
fce8,
fe23,
ff33,
005d,
0164,
0246,
02af,
0294,
0240,
01d1,
013e,
00b8,
0055,
ffa3,
feab,
fe05,
fd8d,
fd10,
fced,
fd2d,
fdfa,
ff6a,
0022,
ff63,
ff30,
fff4,
0172,
0346,
0403,
0353,
0001,
0003,
0004,
0003,
0002,
0001,
0000,
0000,
0000,
ffff,
fffe,
ffff,
ffff,
0000,
0000,
ffff,
0000,
0001,
0002,
0002,
0003,
0002,
0001,
0000,
0000,
fffe,
0000,
0000,
fffc,
0000,
0001,
0000,
0005,
fffd,
0006,
ffef,
000e,
ffe8,
0013,
ffe5,
001f,
00b9,
0b8a,
0e62,
f155,
eb51,
f4e5,
f3e5,
0930,
1d20,
1af0,
1363,
1e97,
1dad,
fe21,
efc6,
ec97,
ddd8,
e1bc,
f537,
f3ab,
ee3f,
f6cc,
0151,
055c,
0682,
0a4d,
0ab8,
0709,
093f,
0a43,
04d7,
ffff,
fd47,
fb4e,
f9a3,
fa3d,
fb61,
f9ef,
f9b4,
fcd6,
fe98,
ff4e,
00c2,
01b7,
0230,
0326,
0457,
0506,
03dd,
023e,
00c5,
ff41,
fe29,
fd57,
fcae,
fc22,
fc1f,
fce8,
fe23,
ff33,
005d,
0164,
0246,
02af,
0294,
0240,
01d1,
013e,
00b8,
0055,
ffa3,
feab,
fe05,
fd8d,
fd10,
fced,
fd2d,
fdfa,
ff6a,
0022,
ff63,
ff30,
fff4,
0172,
0346,
0403,
0353,
ffff,
0000,
0002,
0003,
0002,
0001,
0000,
0000,
0000,
0000,
ffff,
fffe,
fffe,
fffe,
ffff,
ffff,
ffff,
ffff,
0000,
0001,
0002,
0002,
0002,
0001,
ffff,
fffe,
fffe,
ffff,
ffff,
fffc,
0000,
0000,
0000,
0003,
fffe,
0004,
fff3,
000a,
ffec,
0010,
ffeb,
0017,
00d3,
0a82,
0bec,
f371,
ee9b,
f56f,
f5d6,
0831,
18cd,
18ba,
128e,
1a47,
1919,
0019,
f3ce,
ef8d,
e356,
e593,
f3f9,
f38e,
efd4,
f6eb,
ffc4,
0259,
0322,
07f3,
0a39,
0871,
0aa4,
0b0c,
0685,
0296,
ffd1,
fc24,
f8d4,
f8ee,
f9b0,
f856,
f83d,
fb43,
fdaa,
ff10,
009e,
01ef,
0310,
0496,
05f4,
0631,
048c,
02aa,
00ed,
ff24,
fdef,
fcfc,
fc0c,
fb65,
fb6f,
fc00,
fd2b,
fecd,
007e,
01bd,
0292,
02f6,
02f6,
02c1,
026b,
01bd,
00f7,
0047,
ff87,
fea2,
fdda,
fd36,
fcbf,
fcb2,
fd03,
fdf9,
ff31,
ff6d,
ff0c,
ff87,
00ad,
0269,
03d9,
03f1,
ffff,
ffff,
0001,
0002,
0003,
0002,
0002,
0001,
0002,
0002,
0001,
0000,
ffff,
ffff,
0000,
0000,
ffff,
0000,
0000,
0000,
0002,
0003,
0003,
0002,
0001,
0000,
ffff,
ffff,
0000,
0000,
fffe,
0000,
0000,
0001,
0003,
ffff,
0004,
fff6,
0007,
fff2,
000e,
fff3,
0012,
00c5,
091a,
0a7e,
f618,
f0b7,
f616,
f75f,
0672,
159f,
16d2,
107a,
1623,
163e,
029c,
f760,
f2e5,
e7f7,
e7c0,
f38a,
f42d,
f110,
f6c1,
fd70,
fed5,
00ad,
0736,
0a92,
09d7,
0bb4,
0be3,
0818,
0437,
00c7,
fc43,
f85e,
f772,
f7e5,
f75f,
f7cf,
faab,
fcdd,
fe8d,
00e3,
031e,
048e,
058e,
066f,
0682,
04d3,
02bd,
00c2,
fee7,
fda4,
fca5,
fba0,
fac2,
fab1,
fb9e,
fd20,
fed0,
0087,
01d8,
02bb,
0343,
0375,
032e,
02a2,
01d7,
00f2,
0014,
ff39,
fe7a,
fddf,
fd41,
fcbe,
fca2,
fd10,
fe1a,
fef4,
fedf,
fee2,
ffcd,
0159,
0321,
03dd,
fffe,
fffe,
ffff,
0000,
0002,
0003,
0003,
0002,
0001,
0002,
0002,
0002,
0001,
0000,
ffff,
0000,
0000,
0000,
0000,
0000,
0000,
0002,
0003,
0003,
0003,
0002,
0000,
ffff,
0000,
0000,
0000,
fffe,
0000,
0000,
0001,
0003,
0000,
0003,
fff9,
0007,
fff5,
000d,
fff8,
000c,
00a4,
07a2,
0986,
f88b,
f26e,
f6f6,
f870,
051a,
130d,
1407,
0e3a,
12d6,
13f0,
04e3,
faf2,
f607,
eb63,
e9ca,
f3b9,
f51e,
f1f9,
f510,
fa40,
fd36,
00f8,
074a,
0aa0,
0aa6,
0c6e,
0c4a,
0858,
0446,
0068,
fc2b,
f8b4,
f73c,
f6df,
f69b,
f7b3,
fa7d,
fce5,
ff07,
01a3,
03ea,
0536,
05c7,
0615,
0601,
0494,
027d,
0068,
feb4,
fd6a,
fc59,
fb7b,
fae2,
faf1,
fbbe,
fd33,
fed8,
0088,
01c9,
029b,
0342,
0380,
0350,
02aa,
01b5,
00cd,
0000,
ff63,
feb0,
fde3,
fd2b,
fcbe,
fcc5,
fd3b,
fe2a,
fe98,
fe83,
ff14,
004f,
01e6,
0338,
fffc,
fffc,
fffd,
fffe,
fffe,
ffff,
0000,
0001,
0000,
0000,
0000,
0000,
0000,
fffe,
fffe,
fffd,
fffe,
fffe,
fffe,
fffe,
fffe,
ffff,
0000,
0001,
0001,
0000,
ffff,
fffe,
fffe,
fffe,
ffff,
ffff,
fffd,
fffe,
ffff,
ffff,
0002,
ffff,
0001,
fff8,
0004,
fff7,
000d,
fff8,
0007,
0078,
065c,
08f8,
fa87,
f3a8,
f7a0,
f95b,
045a,
106e,
112d,
0c7d,
1001,
1220,
0714,
fe24,
f85f,
ede7,
ebc9,
f433,
f584,
f20f,
f37e,
f88b,
fd58,
01fe,
079b,
0aed,
0b20,
0b6e,
0aba,
07f1,
0462,
0034,
fc01,
f8e4,
f77f,
f6f1,
f69d,
f7f2,
fb17,
fdf1,
0019,
01f1,
0385,
049a,
0517,
0541,
0532,
03fe,
01e6,
ffff,
fe9f,
fdc5,
fceb,
fc17,
fb76,
fb51,
fc10,
fd45,
fec5,
0047,
0157,
0233,
02e9,
035b,
0321,
0290,
01d7,
0101,
004e,
ff88,
fea5,
fdc4,
fd25,
fccc,
fcd3,
fd63,
fe13,
fe57,
feaf,
ff99,
00c2,
0214,
fffe,
fffe,
fffe,
fffe,
fffe,
ffff,
0000,
0001,
0001,
0001,
0000,
0001,
0001,
0001,
ffff,
ffff,
ffff,
fffe,
ffff,
ffff,
ffff,
0000,
0000,
0001,
0002,
0002,
0001,
0000,
ffff,
ffff,
fffe,
ffff,
ffff,
fffd,
ffff,
0000,
0000,
0003,
fffe,
0003,
fffa,
0006,
fffc,
000b,
fffa,
0008,
004d,
0549,
0866,
fc12,
f4dd,
f862,
fa8a,
03b5,
0d8f,
0ea8,
0b0c,
0d8b,
10a9,
0900,
007e,
fa1f,
f06c,
ed43,
f441,
f62c,
f298,
f2f0,
f86f,
fe40,
02dd,
0808,
0a75,
094d,
092e,
09d6,
07f7,
041d,
ffe7,
fc14,
f93e,
f817,
f7bf,
f7c1,
f946,
fc37,
fe85,
fffe,
016b,
02a1,
0370,
0410,
0472,
0446,
030f,
0173,
003c,
ff5c,
fe8b,
fd94,
fcb1,
fbfc,
fbce,
fc4d,
fd58,
feb5,
0002,
00f6,
01c8,
027e,
02ed,
02fd,
0294,
01d8,
0127,
0075,
ff84,
fe86,
fdc0,
fd4b,
fd0d,
fd13,
fd92,
fe1c,
fe69,
ff1d,
0018,
0116,
ffff,
ffff,
fffe,
ffff,
ffff,
ffff,
0000,
0000,
0001,
0002,
0001,
0001,
0001,
0001,
0001,
0000,
ffff,
ffff,
0000,
0000,
0000,
0000,
0000,
0001,
0001,
0002,
0002,
0001,
0001,
0000,
0000,
ffff,
0000,
0001,
ffff,
0000,
0000,
0001,
0005,
ffff,
0005,
fffc,
0007,
fffd,
0009,
fffc,
0005,
0032,
046d,
07b7,
fd47,
f605,
f92c,
fbc5,
02ef,
0ad7,
0ca8,
09e9,
0b7f,
0f2d,
0a71,
02cd,
fafd,
f13f,
ee92,
f56d,
f7b7,
f38f,
f31d,
f91a,
ffbb,
0391,
069d,
0832,
079f,
07f2,
0910,
07a9,
03a5,
ff55,
fbde,
f9dd,
f9b7,
f9c6,
f9a4,
fa69,
fc59,
fe24,
ff81,
00a9,
0198,
0260,
02e3,
034a,
0371,
02b3,
0195,
00bc,
fff9,
ff28,
fe28,
fd3c,
fc91,
fc54,
fca5,
fd88,
feb6,
ffca,
0090,
0139,
01ed,
028a,
02bd,
026c,
01ab,
00ec,
005a,
ffb1,
fedb,
fe0d,
fd9a,
fd53,
fd59,
fdc6,
fe3a,
feb3,
ff7a,
0066,
ffff,
ffff,
fffe,
ffff,
ffff,
ffff,
0000,
0000,
0001,
0002,
0001,
0001,
0001,
0001,
0001,
0000,
ffff,
ffff,
0000,
0000,
0000,
0000,
0000,
0001,
0001,
0002,
0002,
0001,
0001,
0000,
0000,
ffff,
0000,
0001,
ffff,
0000,
0000,
0001,
0005,
ffff,
0005,
fffc,
0007,
fffd,
0009,
fffc,
0005,
0032,
046d,
07b7,
fd47,
f605,
f92c,
fbc5,
02ef,
0ad7,
0ca8,
09e9,
0b7f,
0f2d,
0a71,
02cd,
fafd,
f13f,
ee92,
f56d,
f7b7,
f38f,
f31d,
f91a,
ffbb,
0391,
069d,
0832,
079f,
07f2,
0910,
07a9,
03a5,
ff55,
fbde,
f9dd,
f9b7,
f9c6,
f9a4,
fa69,
fc59,
fe24,
ff81,
00a9,
0198,
0260,
02e3,
034a,
0371,
02b3,
0195,
00bc,
fff9,
ff28,
fe28,
fd3c,
fc91,
fc54,
fca5,
fd88,
feb6,
ffca,
0090,
0139,
01ed,
028a,
02bd,
026c,
01ab,
00ec,
005a,
ffb1,
fedb,
fe0d,
fd9a,
fd53,
fd59,
fdc6,
fe3a,
feb3,
ff7a,
0066,
0000,
ffff,
ffff,
ffff,
ffff,
ffff,
ffff,
ffff,
0000,
0001,
0001,
0001,
0000,
0000,
0000,
0001,
0000,
ffff,
ffff,
ffff,
0000,
0000,
0000,
0000,
0000,
0001,
0001,
0001,
0000,
0000,
0000,
0000,
0000,
0000,
0000,
ffff,
ffff,
0001,
0003,
0003,
0001,
0003,
fffc,
0005,
fffa,
0009,
fffc,
0004,
0031,
03c9,
06b7,
fe16,
f762,
fa0c,
fce2,
021e,
0884,
0af9,
08d3,
0a0b,
0e9d,
0b38,
0252,
fa42,
f31f,
f1ed,
f795,
f8ba,
f455,
f49c,
fad4,
ffd1,
0224,
048e,
0666,
069b,
0734,
0819,
0681,
027a,
fe64,
fc97,
fc9e,
fc6b,
fb23,
fa3e,
faba,
fc3c,
fddf,
feff,
ffa7,
0066,
014a,
0205,
028c,
02de,
027f,
01ca,
0131,
007b,
ffa4,
febf,
fdf1,
fd35,
fce1,
fd0f,
fdb4,
fe95,
ff5c,
fffe,
00c4,
0193,
020a,
022a,
01eb,
0160,
00fd,
00a8,
0015,
ff43,
fe72,
fde0,
fd7f,
fd95,
fe01,
fe81,
ff0e,
ffbc,
0001,
0001,
0000,
0000,
ffff,
ffff,
ffff,
ffff,
ffff,
0000,
0000,
0001,
0001,
0000,
0001,
0001,
0000,
0000,
0000,
0000,
0000,
0000,
0000,
0000,
0000,
0000,
0000,
0001,
0001,
0001,
0001,
0000,
0001,
0000,
ffff,
0000,
0000,
0001,
0002,
0003,
0003,
0001,
0001,
fffe,
0004,
fffe,
0005,
ffff,
0003,
004c,
035c,
0565,
fe90,
f904,
fb01,
fd9e,
0161,
068d,
0994,
0932,
0994,
0bac,
0921,
01ee,
fb72,
f6c8,
f599,
f8d1,
f9aa,
f65b,
f60b,
faab,
fee1,
00d0,
02f9,
051e,
0587,
05f4,
0672,
0490,
01a4,
000a,
ff96,
fec3,
fd30,
fb72,
faa1,
fb1a,
fc4f,
fd6c,
fdfc,
fe9d,
ff9b,
0081,
0159,
020d,
028c,
0278,
0212,
019e,
00f5,
0041,
ff50,
fe74,
fdb6,
fd56,
fd67,
fda6,
fe3b,
feec,
ffa5,
006b,
0106,
0177,
019b,
01a6,
0196,
0160,
00f6,
0043,
ff7f,
feae,
fe11,
fdc0,
fddf,
fe5b,
fed9,
ff57,
0002,
0001,
0000,
0000,
0000,
ffff,
ffff,
fffe,
ffff,
ffff,
ffff,
0000,
0001,
0001,
0001,
0000,
0001,
0001,
0000,
0000,
0000,
0001,
0000,
0000,
0000,
0000,
0000,
0000,
0001,
0001,
0001,
0001,
0001,
0000,
0000,
0001,
0001,
0001,
0001,
0001,
0001,
0002,
0000,
ffff,
0002,
0003,
fffc,
0002,
0006,
ffff,
008d,
0301,
03ca,
fed5,
faec,
fbe2,
fdc4,
00f3,
0622,
0970,
07e0,
066c,
0884,
08a6,
0378,
fd52,
f9bf,
f928,
faf6,
fa12,
f6a9,
f6ac,
fa50,
fdba,
ffaa,
01ad,
034e,
03d5,
043b,
04f7,
0517,
03d0,
0206,
0092,
ff45,
fd84,
fbaf,
fafa,
fb4e,
fbf8,
fc91,
fd2d,
fdff,
ff01,
0014,
010f,
01e8,
028b,
029f,
0260,
0202,
0159,
007d,
ffa2,
feda,
fe17,
fd99,
fd59,
fd7c,
fe0c,
feba,
ff59,
ffea,
009d,
0132,
0192,
01c8,
01b9,
0182,
0111,
005e,
ff7a,
febd,
fe53,
fe26,
fe58,
feb4,
fefb,
0003,
0003,
0003,
0002,
0002,
0001,
0001,
0000,
0000,
0000,
0000,
0001,
0001,
0001,
0002,
0002,
0002,
0002,
0002,
0003,
0002,
0001,
0001,
0001,
0001,
0001,
0001,
0002,
0002,
0002,
0002,
0002,
0002,
0002,
0003,
0002,
0003,
0003,
0002,
0002,
0001,
0002,
0001,
0004,
0000,
0005,
0001,
fffe,
0006,
000a,
0008,
00d5,
02a1,
0237,
ff13,
fcaf,
fc63,
fe8c,
025d,
04f9,
05be,
05a4,
060b,
0816,
08e3,
0480,
fed1,
fd76,
fd2e,
fa9b,
f7cc,
f6ce,
f79e,
f9ce,
fc8e,
fe83,
ffce,
010f,
02d3,
050c,
06af,
0679,
0476,
0244,
00c9,
ff69,
fd5c,
fb97,
fb06,
fb29,
fb6c,
fbd9,
fcc7,
fde7,
fef3,
0006,
012d,
022d,
0297,
02ae,
0291,
0224,
0175,
00a1,
ffc9,
fedf,
fe25,
fda3,
fd5d,
fd82,
fdfc,
fe8f,
ff19,
ffcd,
0091,
0129,
0197,
01d6,
01db,
018b,
00f6,
0030,
ff6e,
feeb,
fea2,
fe9a,
fea4,
fea0,
0003,
0003,
0003,
0002,
0002,
0001,
0001,
0000,
0000,
0000,
0000,
0001,
0001,
0001,
0002,
0002,
0002,
0002,
0002,
0003,
0002,
0001,
0001,
0001,
0001,
0001,
0001,
0002,
0002,
0002,
0002,
0002,
0002,
0002,
0003,
0002,
0003,
0003,
0002,
0002,
0001,
0002,
0001,
0004,
0000,
0005,
0001,
fffe,
0006,
000a,
0008,
00d5,
02a1,
0237,
ff13,
fcaf,
fc63,
fe8c,
025d,
04f9,
05be,
05a4,
060b,
0816,
08e3,
0480,
fed1,
fd76,
fd2e,
fa9b,
f7cc,
f6ce,
f79e,
f9ce,
fc8e,
fe83,
ffce,
010f,
02d3,
050c,
06af,
0679,
0476,
0244,
00c9,
ff69,
fd5c,
fb97,
fb06,
fb29,
fb6c,
fbd9,
fcc7,
fde7,
fef3,
0006,
012d,
022d,
0297,
02ae,
0291,
0224,
0175,
00a1,
ffc9,
fedf,
fe25,
fda3,
fd5d,
fd82,
fdfc,
fe8f,
ff19,
ffcd,
0091,
0129,
0197,
01d6,
01db,
018b,
00f6,
0030,
ff6e,
feeb,
fea2,
fe9a,
fea4,
fea0,
0001,
0002,
0001,
0001,
0001,
0001,
0000,
ffff,
ffff,
fffe,
fffe,
ffff,
ffff,
0000,
0000,
0000,
0001,
0001,
0000,
0001,
0001,
0000,
0000,
0000,
0000,
0000,
0000,
0000,
0000,
0000,
0001,
0001,
0002,
0002,
0002,
0002,
0001,
0001,
0000,
ffff,
ffff,
ffff,
0001,
0001,
0000,
0001,
0006,
0000,
0003,
0003,
0006,
001a,
012a,
0213,
00c3,
ff63,
fe6c,
fe90,
ff40,
ff94,
01c8,
04b7,
06ec,
0778,
07b9,
0869,
0656,
01f6,
feb2,
fc0f,
f88c,
f6b5,
f76a,
f848,
f8fe,
faf5,
fd11,
fea5,
0174,
0543,
0786,
0749,
05f4,
0432,
022a,
0068,
fea0,
fca5,
fb38,
fac9,
fadd,
fb1c,
fbd7,
fcff,
fe47,
ff62,
0068,
0175,
0248,
02a0,
02aa,
028f,
021b,
0168,
0081,
ff7f,
fe98,
fe09,
fdc7,
fd9b,
fd97,
fde0,
fe7e,
ff3c,
ffec,
009a,
012b,
01a8,
0204,
01ee,
0160,
00a6,
000c,
ff7b,
ff02,
fec8,
feb5,
fe9e,
0001,
0001,
0002,
0001,
0001,
0000,
0000,
ffff,
fffe,
fffe,
fffe,
fffe,
ffff,
0000,
0000,
0000,
0001,
0001,
0001,
0001,
0001,
0000,
0000,
ffff,
ffff,
ffff,
0000,
0000,
0000,
0000,
0000,
0001,
0001,
0002,
0002,
0002,
0002,
0001,
0000,
ffff,
fffe,
fffe,
0001,
0000,
fffe,
0003,
0003,
0008,
0005,
fffc,
0000,
000a,
0049,
013c,
014d,
004e,
0154,
0043,
fc91,
fc33,
fed2,
0328,
06bc,
0822,
081b,
08c2,
09d1,
063c,
ffa3,
fbe3,
faa9,
f865,
f699,
f741,
f814,
f87f,
fa2c,
fd67,
010d,
04a2,
076a,
07ec,
06ac,
04fc,
033f,
013b,
ff1f,
fd3a,
fbb0,
face,
fa94,
fb09,
fbad,
fc73,
fda2,
fef3,
000e,
00ef,
01c2,
0248,
0286,
02ac,
0286,
01dd,
00d2,
ffd7,
ff13,
fe7c,
fe1c,
fddc,
fdb1,
fdac,
fdff,
feac,
ff80,
0047,
00e3,
0164,
01d1,
0210,
01d7,
0123,
0058,
ffbd,
ff50,
fef7,
feb2,
fe92,
0001,
0002,
0002,
0002,
0002,
0001,
0000,
0000,
fffe,
fffe,
fffe,
fffe,
ffff,
0000,
0000,
0001,
0001,
0001,
0001,
0001,
0000,
0000,
0000,
0000,
0000,
0000,
0000,
0000,
0000,
0000,
0001,
0001,
0002,
0003,
0003,
0002,
0002,
0001,
ffff,
ffff,
fffe,
ffff,
0001,
ffff,
0000,
0003,
0003,
0006,
0008,
0003,
fff7,
0007,
0005,
0066,
0159,
026d,
01e8,
fece,
fc10,
fbb2,
fe96,
025c,
055a,
07db,
098b,
0b0a,
0975,
0501,
0094,
fcbe,
fa90,
f9db,
f873,
f69b,
f6eb,
f878,
f99b,
fc16,
00e4,
0500,
06b5,
078f,
0759,
0560,
0307,
0134,
ff53,
fd48,
fbba,
faf9,
fad4,
fb1a,
fbd1,
fcc3,
fda0,
feb3,
ffce,
00b6,
0174,
0207,
0272,
0273,
023e,
01ca,
0109,
001d,
ff3f,
feb4,
fe51,
fe18,
fde6,
fdc1,
fde4,
fe74,
ff5d,
0029,
00c6,
014b,
01b6,
01ee,
01da,
016b,
00b0,
fff5,
ff55,
fecf,
fe86,
fe94,
0001,
0002,
0003,
0002,
0002,
0001,
0000,
0000,
ffff,
fffe,
ffff,
ffff,
ffff,
0000,
0001,
0001,
0002,
0001,
0001,
0001,
0001,
0000,
0000,
0000,
0000,
0000,
0000,
0001,
0001,
0001,
0001,
0002,
0002,
0003,
0003,
0003,
0002,
0001,
0001,
ffff,
fffe,
0000,
0000,
ffff,
0003,
0001,
0004,
0005,
0009,
0007,
0004,
fff2,
fffe,
001c,
021e,
0404,
001e,
fbcd,
fbdd,
fe3e,
00d2,
0304,
04b3,
06b4,
0af2,
0b75,
0743,
02bf,
fed4,
fcb8,
fb64,
f9f0,
f8fc,
f88c,
f7ed,
f896,
fa8c,
fceb,
0091,
04ba,
0721,
0731,
065c,
04f2,
02ba,
006a,
fea3,
fd2c,
fbd9,
fb01,
faff,
fb83,
fc3c,
fd3f,
fe28,
fede,
ffba,
00be,
0193,
0209,
0229,
0209,
01e6,
0186,
00c6,
ffed,
ff3f,
fed1,
fe5f,
fdff,
fde2,
fe07,
fe60,
fedd,
ff7c,
0039,
00f7,
016d,
019a,
01a1,
018c,
0154,
00cc,
0001,
ff28,
fe86,
fe4e,
fe82,
0001,
0002,
0002,
0001,
0001,
0000,
ffff,
ffff,
ffff,
fffe,
fffe,
fffe,
ffff,
0000,
0000,
0000,
0000,
0001,
0001,
0000,
0000,
0000,
ffff,
ffff,
0000,
ffff,
0000,
0000,
0000,
0001,
0001,
0001,
0001,
0002,
0002,
0002,
0001,
0000,
ffff,
ffff,
ffff,
ffff,
fffe,
0000,
0000,
0003,
0001,
0006,
0002,
000a,
0006,
fffd,
ffec,
012a,
03e4,
019b,
fc82,
fb41,
fd38,
00ce,
039c,
045f,
051f,
0892,
0a21,
07ae,
03d6,
0054,
fe18,
fbab,
fa97,
fa14,
f92d,
f97a,
fb3d,
fc3b,
fba7,
fd62,
013e,
04b2,
0702,
0728,
0532,
0310,
01b0,
ffd4,
fdc7,
fc7d,
fbb9,
fb29,
fb13,
fbf5,
fcfb,
fd9f,
fe7c,
ffa1,
0096,
012f,
0194,
01e2,
0216,
01f4,
016b,
00bc,
0024,
ff8a,
feed,
fe5e,
fe0a,
fdff,
fe16,
fe67,
fef2,
ffa4,
0044,
00c3,
0130,
016c,
0173,
0153,
012c,
00f1,
0077,
ffb5,
fed4,
fe44,
fe2f,
fe6a,
0002,
0002,
0001,
0000,
0000,
0000,
ffff,
ffff,
ffff,
ffff,
ffff,
ffff,
0000,
0000,
0001,
0001,
0001,
0001,
0001,
0001,
0000,
0000,
0000,
ffff,
0000,
0000,
ffff,
0000,
0001,
0002,
0001,
0002,
0001,
0001,
0002,
0003,
0002,
0001,
0000,
ffff,
0001,
ffff,
0000,
fffe,
ffff,
0000,
0004,
0001,
0003,
0008,
0006,
0004,
00b1,
0415,
02ad,
fbdb,
fa59,
fd18,
00da,
03b7,
04c3,
057e,
0886,
0b01,
0756,
013c,
fe9a,
fe32,
fcd7,
fbaa,
f993,
f836,
f996,
fbf7,
fe79,
fff3,
ffb2,
fec1,
00f5,
0531,
0717,
05ff,
03bb,
0183,
ffb0,
fe8f,
fd2e,
fbd0,
fb4d,
fb4c,
fb95,
fc32,
fd5d,
fe76,
ff57,
0062,
0161,
0200,
0224,
0216,
01c0,
014f,
00df,
004a,
ff7b,
fe7a,
fde7,
fdda,
fdf2,
fe11,
fe5d,
ff0f,
ffd4,
008f,
0130,
017f,
0189,
015a,
011d,
00d1,
00b0,
008e,
fffe,
ff2d,
fe5f,
fdfe,
fe0b,
fe66,
0002,
0002,
0001,
0000,
0000,
0000,
ffff,
ffff,
ffff,
ffff,
ffff,
ffff,
0000,
0000,
0001,
0001,
0001,
0001,
0001,
0001,
0000,
0000,
0000,
ffff,
0000,
0000,
ffff,
0000,
0001,
0002,
0001,
0002,
0001,
0001,
0002,
0003,
0002,
0001,
0000,
ffff,
0001,
ffff,
0000,
fffe,
ffff,
0000,
0004,
0001,
0003,
0008,
0006,
0004,
00b1,
0415,
02ad,
fbdb,
fa59,
fd18,
00da,
03b7,
04c3,
057e,
0886,
0b01,
0756,
013c,
fe9a,
fe32,
fcd7,
fbaa,
f993,
f836,
f996,
fbf7,
fe79,
fff3,
ffb2,
fec1,
00f5,
0531,
0717,
05ff,
03bb,
0183,
ffb0,
fe8f,
fd2e,
fbd0,
fb4d,
fb4c,
fb95,
fc32,
fd5d,
fe76,
ff57,
0062,
0161,
0200,
0224,
0216,
01c0,
014f,
00df,
004a,
ff7b,
fe7a,
fde7,
fdda,
fdf2,
fe11,
fe5d,
ff0f,
ffd4,
008f,
0130,
017f,
0189,
015a,
011d,
00d1,
00b0,
008e,
fffe,
ff2d,
fe5f,
fdfe,
fe0b,
fe66,
0001,
0001,
0000,
ffff,
ffff,
ffff,
fffe,
fffe,
fffe,
ffff,
ffff,
ffff,
0000,
0000,
0000,
0000,
0000,
0000,
0000,
0000,
ffff,
0000,
ffff,
ffff,
fffe,
fffe,
ffff,
0000,
0000,
0001,
0001,
0001,
0001,
0000,
0001,
0001,
0001,
0000,
ffff,
0000,
0000,
0000,
0001,
fffd,
fffd,
fffe,
0004,
fff9,
000a,
fffd,
0013,
0059,
0410,
049c,
fc0d,
f823,
fb91,
00e0,
04d9,
05c2,
0592,
0825,
0cd6,
09b5,
0165,
fc85,
fa85,
fa5c,
fb72,
fa9a,
f88c,
f812,
fa3a,
fef7,
0239,
02e4,
02f4,
028b,
02a4,
0445,
05a4,
04a1,
0200,
ffd2,
fe46,
fcd2,
fbf1,
fb98,
fb1c,
fb05,
fbff,
fd31,
fe00,
fef5,
004b,
016c,
0248,
02f3,
02c0,
01e5,
0153,
00fa,
0047,
ff39,
fe4f,
fdb7,
fd45,
fd2d,
fda3,
fe64,
ff28,
ffee,
00b8,
0174,
01f4,
0202,
01af,
0127,
00be,
007f,
003c,
ffe4,
ff5b,
fead,
fe00,
fdb8,
fde5,
fe4f,
0001,
0000,
ffff,
ffff,
ffff,
fffe,
fffe,
fffe,
ffff,
0000,
0000,
0001,
0001,
0000,
0000,
0001,
0001,
0001,
0000,
0000,
0000,
0000,
0000,
ffff,
ffff,
0000,
0000,
0001,
0001,
0001,
0002,
0001,
0000,
0001,
0001,
0001,
0001,
0000,
0001,
0002,
0001,
0002,
fffe,
0001,
fff9,
0008,
fff6,
0009,
fff4,
0017,
001e,
03a0,
06b8,
fd50,
f5f1,
f994,
fff0,
0556,
0716,
06b1,
0890,
0e17,
0c05,
024f,
fbe5,
f95b,
f86d,
f7eb,
f7d9,
f7eb,
f81f,
f9ef,
fdf8,
01a1,
042b,
05d6,
05f5,
0615,
05c4,
03f5,
022a,
01b0,
00da,
fe71,
fc95,
fbc4,
faef,
fa5b,
fad3,
fc16,
fd10,
fdbe,
fe96,
ffe5,
018e,
02dc,
031d,
02ad,
0298,
0261,
0144,
ffdc,
fef6,
fe61,
fd9c,
fcee,
fcc9,
fd30,
fde6,
fecf,
ffdc,
00d4,
01ad,
022e,
021c,
01d5,
019e,
0143,
00b1,
0027,
ffab,
ff24,
fea7,
fe3d,
fdce,
fd7d,
fdba,
fe67,
0000,
ffff,
fffe,
fffe,
fffe,
fffe,
fffe,
ffff,
ffff,
0000,
0000,
0000,
0000,
0000,
0001,
0001,
0000,
0000,
ffff,
ffff,
ffff,
ffff,
ffff,
ffff,
ffff,
ffff,
0000,
0000,
0001,
0001,
0002,
0000,
0001,
0000,
0000,
0001,
0000,
0000,
0003,
0001,
0005,
fffe,
0005,
fff8,
0006,
fffa,
0006,
fff7,
0009,
0001,
02c8,
087f,
ffd0,
f3dd,
f707,
ff19,
0593,
07c9,
0797,
0944,
0fd6,
0f87,
0379,
fa42,
f7e5,
f7d2,
f6f1,
f604,
f4a8,
f4d7,
f8cb,
fe32,
026b,
0455,
058d,
071c,
090c,
097d,
0709,
0320,
fff1,
fe7c,
fe4c,
fdc9,
fba0,
f9e5,
f9fc,
faa1,
fb80,
fc93,
fd88,
fe86,
002d,
01d8,
026e,
02b8,
0347,
036a,
0291,
0147,
0042,
ff62,
fe45,
fd34,
fca7,
fca8,
fd1c,
fdc4,
fe83,
ff73,
0093,
0187,
01fc,
0213,
020f,
01e5,
0185,
010e,
008c,
ffe3,
ff13,
fe68,
fdfb,
fdb4,
fd9c,
fdc5,
fe34,
fe8f,
0000,
ffff,
ffff,
ffff,
fffe,
fffe,
fffe,
ffff,
0000,
0002,
0002,
0001,
0001,
0001,
0001,
0001,
0000,
0000,
0000,
0000,
ffff,
ffff,
ffff,
ffff,
0000,
0001,
0001,
0002,
0002,
0002,
0001,
0001,
0000,
0000,
0001,
0000,
fffe,
0003,
0001,
0005,
ffff,
0005,
fffd,
0002,
ffff,
fffd,
0008,
fffc,
0006,
01ce,
0999,
035f,
f235,
f368,
fe04,
0629,
08f9,
0835,
0972,
114c,
13c0,
0609,
f922,
f575,
f5fe,
f615,
f542,
f347,
f272,
f5ba,
fbe2,
02bc,
05c4,
0682,
0772,
08f2,
0aca,
0a35,
064d,
01b5,
fef1,
fce8,
fb26,
fa8e,
facb,
fabe,
fa45,
fab1,
fbfa,
fd62,
fee2,
005b,
0170,
023a,
032e,
03bf,
034a,
0252,
018a,
00a9,
ff97,
fe65,
fd26,
fc5e,
fc54,
fd00,
fdd7,
feaa,
ff8d,
004f,
00f0,
019b,
0219,
0223,
01f5,
01a3,
012b,
00ae,
0019,
ff4e,
fe63,
fdb6,
fd84,
fdad,
fdfa,
fe65,
fec2,
fed2,
0000,
ffff,
ffff,
ffff,
fffe,
fffe,
fffe,
ffff,
0000,
0002,
0002,
0001,
0001,
0001,
0001,
0001,
0000,
0000,
0000,
0000,
ffff,
ffff,
ffff,
ffff,
0000,
0001,
0001,
0002,
0002,
0002,
0001,
0001,
0000,
0000,
0001,
0000,
fffe,
0003,
0001,
0005,
ffff,
0005,
fffd,
0002,
ffff,
fffd,
0008,
fffc,
0006,
01ce,
0999,
035f,
f235,
f368,
fe04,
0629,
08f9,
0835,
0972,
114c,
13c0,
0609,
f922,
f575,
f5fe,
f615,
f542,
f347,
f272,
f5ba,
fbe2,
02bc,
05c4,
0682,
0772,
08f2,
0aca,
0a35,
064d,
01b5,
fef1,
fce8,
fb26,
fa8e,
facb,
fabe,
fa45,
fab1,
fbfa,
fd62,
fee2,
005b,
0170,
023a,
032e,
03bf,
034a,
0252,
018a,
00a9,
ff97,
fe65,
fd26,
fc5e,
fc54,
fd00,
fdd7,
feaa,
ff8d,
004f,
00f0,
019b,
0219,
0223,
01f5,
01a3,
012b,
00ae,
0019,
ff4e,
fe63,
fdb6,
fd84,
fdad,
fdfa,
fe65,
fec2,
fed2,
ffff,
fffe,
fffd,
fffd,
fffe,
fffe,
ffff,
ffff,
0001,
0002,
0001,
0001,
0001,
0001,
0000,
0000,
ffff,
ffff,
ffff,
ffff,
ffff,
fffe,
ffff,
0000,
0001,
0001,
0001,
0001,
0001,
0000,
0001,
0000,
ffff,
0000,
0001,
fffe,
0001,
0002,
0004,
0001,
0002,
0003,
fffd,
000a,
fff1,
0014,
ffee,
0022,
00f7,
09f1,
0783,
f198,
eedc,
fc44,
06c2,
0a97,
0964,
09eb,
1214,
173c,
094c,
f8e0,
f32d,
f402,
f4c8,
f3c3,
f20c,
f0c9,
f39b,
fa5f,
020b,
059d,
075f,
08b4,
09c1,
0b94,
0aac,
076b,
03fc,
00e0,
fd30,
fa4e,
f92d,
f910,
f9fb,
fad8,
fb65,
fc6b,
fdeb,
feb7,
ff6d,
013f,
02fc,
03c5,
0382,
02ed,
026f,
01a4,
009e,
ff83,
fe53,
fd26,
fc72,
fc3d,
fcab,
fdb3,
fec5,
ff99,
0042,
0107,
01c7,
0211,
0213,
01f7,
019e,
0120,
0085,
ffcf,
ff0b,
fe63,
fdf1,
fda9,
fdac,
fe03,
fea0,
ff3d,
ff4f,
ff1a,
fffd,
fffd,
fffd,
fffd,
fffd,
fffe,
0000,
0001,
0002,
0001,
0001,
0001,
0001,
0001,
0000,
ffff,
fffe,
ffff,
ffff,
fffe,
fffe,
fffe,
0000,
0000,
0001,
0001,
0002,
0001,
0001,
0000,
0000,
ffff,
0000,
0000,
fffd,
0000,
0002,
0002,
0003,
fffb,
0007,
fff5,
0012,
ffeb,
001c,
ffe1,
003e,
005e,
098b,
0bc8,
f271,
e9c2,
f985,
0721,
0c6b,
0ad7,
0aca,
1339,
1a71,
0c59,
f8be,
f102,
f1d9,
f3bd,
f2ab,
f063,
ee6d,
f193,
f93f,
01f7,
066c,
0758,
089c,
0abe,
0d2c,
0c9e,
08b3,
0369,
001e,
fdf0,
fb6c,
f924,
f7d7,
f826,
f93a,
fb9d,
fe3f,
fefc,
fec9,
ffcf,
01d4,
0328,
03ab,
03ba,
0332,
0250,
0165,
0040,
fef3,
fdfa,
fd11,
fc5c,
fc43,
fcca,
fd82,
fe2e,
ff3c,
0089,
019e,
024a,
027f,
024b,
01fd,
01ad,
0117,
0027,
ff2c,
fe84,
fe33,
fdf1,
fdba,
fdc8,
fe29,
fec4,
ff8e,
ffe1,
ff76,
ff55,
fffd,
fffd,
fffd,
fffd,
ffff,
0001,
0002,
0003,
0002,
0002,
0001,
0002,
0001,
0000,
0000,
ffff,
ffff,
ffff,
fffe,
fffe,
ffff,
0001,
0001,
0002,
0002,
0002,
0002,
0002,
0000,
0000,
ffff,
0000,
0000,
fffe,
ffff,
0003,
0000,
0006,
fff9,
000b,
fff1,
0015,
ffe5,
0023,
ffdb,
0048,
0015,
08b8,
0f96,
f48d,
e4d0,
f5d8,
070c,
0e88,
0cba,
0be3,
1471,
1d33,
0f9e,
f944,
eed9,
eee0,
f212,
f1c6,
ef66,
ec91,
ef15,
f78d,
01e1,
07a4,
0850,
08d7,
0ac4,
0e77,
0ec3,
0a2a,
03a9,
ffda,
fd3e,
fa65,
f8fe,
f7c5,
f787,
f8c6,
faa7,
fc8b,
fec9,
00d1,
01db,
02c2,
03ef,
0473,
03ed,
0351,
02ae,
0133,
ff62,
fe12,
fd4e,
fc9c,
fc2b,
fc07,
fc48,
fd2b,
fe4b,
ff62,
0085,
01c6,
02d8,
0348,
02f8,
025b,
0198,
00bf,
fff3,
ff30,
fe62,
fdc2,
fd79,
fd79,
fdb1,
fe24,
fed2,
ffb4,
0047,
ffe9,
ff7b,
ffd2,
fffc,
fffd,
fffd,
fffe,
0000,
0002,
0003,
0003,
0002,
0002,
0002,
0002,
0000,
0000,
ffff,
fffe,
ffff,
fffe,
fffe,
ffff,
0000,
0001,
0002,
0002,
0003,
0002,
0002,
0000,
0001,
fffe,
0000,
0000,
fffe,
fffd,
0003,
ffff,
0008,
fff6,
000a,
ffef,
0014,
ffe5,
001c,
ffe1,
003b,
0009,
07e5,
126b,
f777,
e0a2,
f196,
062c,
106c,
0f7a,
0d9d,
15d7,
1f01,
1247,
fa89,
edb7,
ebf0,
ef29,
f01e,
eea6,
eb52,
ecfe,
f5d4,
0148,
08ae,
0957,
09e6,
0bf1,
0f46,
0f93,
0b2c,
04e0,
000c,
fc98,
f98b,
f7d4,
f72b,
f7b0,
f841,
f93c,
fbb2,
fe70,
0018,
0202,
04c6,
0651,
0611,
0532,
0408,
0281,
00df,
ff50,
fdbd,
fc99,
fba5,
fae4,
fad6,
fbb8,
fd20,
fe4a,
ff90,
00fc,
0237,
0332,
03cd,
0383,
0295,
0199,
00d1,
001e,
ff3d,
fe4c,
fda4,
fd57,
fd37,
fd51,
fdc8,
fe86,
ff7b,
006b,
0054,
ffb9,
ffcc,
009a,
fffc,
fffc,
fffd,
ffff,
0001,
0002,
0003,
0002,
0002,
0001,
0000,
0000,
fffe,
fffd,
fffd,
fffd,
fffd,
fffc,
fffd,
ffff,
0000,
0001,
0001,
0002,
0001,
0001,
ffff,
ffff,
fffe,
fffe,
fffe,
fffc,
fffb,
0002,
fffe,
0007,
fff5,
0009,
ffef,
0011,
ffe8,
0013,
ffea,
0028,
0013,
0759,
142b,
fa9c,
ddc4,
ed1b,
04b0,
1149,
1286,
10a2,
17d4,
1fda,
13c5,
fc34,
ed8a,
e9e7,
ebf0,
ecfb,
ed2e,
eaea,
eb8c,
f411,
0001,
0944,
0b7c,
0b1d,
0c9c,
101f,
10ed,
0cb6,
0543,
ffcf,
fc63,
f902,
f780,
f6a5,
f5f7,
f6b6,
f936,
fc06,
fddf,
ff51,
01aa,
0486,
0718,
084b,
0751,
0519,
0330,
0184,
ffb3,
fdb6,
fbfb,
fa91,
f9af,
f9c6,
fa9f,
fc1f,
fdef,
ffd5,
0189,
02ce,
03a1,
03fc,
03a1,
02ed,
0225,
0142,
0041,
ff44,
fe51,
fd86,
fd2f,
fd20,
fd32,
fd79,
fe18,
ff01,
003b,
00b0,
fff3,
ff9b,
0049,
017f,
fffc,
fffe,
0000,
0001,
0003,
0004,
0003,
0002,
0002,
0002,
0001,
0000,
ffff,
fffe,
fffe,
fffe,
fffd,
fffd,
0000,
0000,
0002,
0002,
0003,
0002,
0002,
0000,
0000,
fffe,
ffff,
0000,
fffe,
fffc,
0002,
ffff,
0009,
fff7,
0009,
ffef,
000e,
ffec,
000d,
ffec,
0022,
0016,
0769,
14dc,
fccc,
dce4,
e926,
029e,
116a,
14d4,
1460,
1aed,
2062,
141d,
fdbb,
eddc,
e8ae,
e93d,
e998,
eab4,
e9f7,
eab6,
f272,
ff48,
09e5,
0c9a,
0c35,
0dbf,
11a2,
121f,
0dba,
0626,
0020,
fc6e,
f8bb,
f652,
f4f0,
f4e8,
f633,
f863,
fb51,
fe35,
ffdf,
01b7,
0479,
06d2,
07d1,
07c0,
06e0,
0524,
02b7,
002b,
fda4,
fbc1,
fa98,
f975,
f8cf,
f96e,
fb3b,
fd49,
ff60,
0163,
02d6,
03bb,
0454,
0445,
0384,
028a,
01a6,
00a8,
ff93,
fe7b,
fd81,
fcec,
fcd1,
fd03,
fd52,
fdd4,
fe95,
ffe7,
00ee,
0052,
ff7b,
fff1,
0143,
024c,
fffc,
fffe,
0000,
0001,
0003,
0004,
0003,
0002,
0002,
0002,
0001,
0000,
ffff,
fffe,
fffe,
fffe,
fffd,
fffd,
0000,
0000,
0002,
0002,
0003,
0002,
0002,
0000,
0000,
fffe,
ffff,
0000,
fffe,
fffc,
0002,
ffff,
0009,
fff7,
0009,
ffef,
000e,
ffec,
000d,
ffec,
0022,
0016,
0769,
14dc,
fccc,
dce4,
e926,
029e,
116a,
14d4,
1460,
1aed,
2062,
141d,
fdbb,
eddc,
e8ae,
e93d,
e998,
eab4,
e9f7,
eab6,
f272,
ff48,
09e5,
0c9a,
0c35,
0dbf,
11a2,
121f,
0dba,
0626,
0020,
fc6e,
f8bb,
f652,
f4f0,
f4e8,
f633,
f863,
fb51,
fe35,
ffdf,
01b7,
0479,
06d2,
07d1,
07c0,
06e0,
0524,
02b7,
002b,
fda4,
fbc1,
fa98,
f975,
f8cf,
f96e,
fb3b,
fd49,
ff60,
0163,
02d6,
03bb,
0454,
0445,
0384,
028a,
01a6,
00a8,
ff93,
fe7b,
fd81,
fcec,
fcd1,
fd03,
fd52,
fdd4,
fe95,
ffe7,
00ee,
0052,
ff7b,
fff1,
0143,
024c,
fffd,
ffff,
0002,
0004,
0004,
0003,
0002,
0002,
0002,
0001,
0000,
ffff,
fffe,
fffd,
fffd,
fffd,
fffe,
ffff,
0000,
0002,
0002,
0003,
0002,
0002,
0000,
0000,
fffe,
ffff,
ffff,
fffe,
fffb,
0002,
ffff,
0008,
fff9,
0008,
ffef,
000d,
ffe9,
0012,
ffe3,
002b,
000d,
0801,
14fc,
fd4b,
dda2,
e6b5,
ffe2,
1101,
169c,
17c7,
1e38,
2144,
1475,
ff29,
ee29,
e7bd,
e6f2,
e63e,
e821,
e835,
e9e7,
f242,
fde9,
08eb,
0d91,
0e6f,
0fdd,
1286,
12a4,
0eb7,
07f0,
01bd,
fc14,
f6cd,
f4b7,
f45e,
f469,
f501,
f72d,
faed,
fe60,
0054,
0256,
04b7,
06ad,
07c2,
079c,
06b9,
0591,
03c4,
013a,
fe5f,
fc20,
fa98,
f970,
f8ec,
f96d,
faa8,
fc53,
fe63,
0080,
0255,
03b3,
0499,
049a,
0400,
0318,
0212,
00fb,
ffd9,
fecc,
fdc6,
fcf3,
fca2,
fcc8,
fd1b,
fd79,
fe23,
ff72,
00f1,
00d7,
ffae,
ffad,
00d2,
023d,
027f,
ffff,
0002,
0004,
0005,
0004,
0003,
0003,
0004,
0002,
0001,
ffff,
ffff,
ffff,
ffff,
fffe,
fffe,
ffff,
0000,
0002,
0003,
0004,
0002,
0002,
0000,
0000,
fffe,
0000,
0000,
fffe,
fffd,
0002,
0000,
0009,
fff9,
000a,
ffed,
0011,
ffe3,
001a,
ffd8,
003a,
0009,
091d,
14fd,
fbba,
dee7,
e6c5,
fd91,
104b,
1822,
1a7a,
2040,
215a,
1554,
0147,
ee80,
e6b7,
e4b0,
e2fb,
e58e,
e75f,
e8d2,
f089,
fd63,
0912,
0df7,
0f4c,
11de,
1464,
143e,
10f2,
0929,
011a,
fb08,
f6b7,
f44a,
f2f9,
f2c9,
f404,
f6c0,
faaa,
fe38,
000b,
0244,
0555,
07a3,
082e,
0770,
0640,
04f2,
038a,
01f5,
ffa7,
fd16,
fb0f,
f9d1,
f932,
f94e,
fa31,
fbaa,
fdb0,
0001,
020c,
035d,
0440,
0483,
0436,
036f,
025f,
0126,
0004,
ff16,
fe35,
fd5e,
fcd0,
fcc6,
fd15,
fd6e,
fddb,
fec4,
006a,
0134,
002d,
ff8d,
0041,
019b,
0296,
022c,
0001,
0003,
0003,
0003,
0002,
0002,
0003,
0002,
0000,
fffe,
fffd,
fffd,
fffd,
fffd,
fffd,
fffe,
ffff,
0000,
0002,
0002,
0001,
0001,
ffff,
0000,
fffd,
fffe,
ffff,
fffd,
fffc,
0001,
ffff,
0007,
fff8,
000b,
ffe9,
0014,
ffdd,
0023,
ffc9,
0046,
0001,
0a48,
14fe,
f93a,
e00c,
e890,
fb79,
0e47,
192f,
1d69,
21c7,
202a,
163a,
0535,
f0b1,
e6a4,
e182,
deea,
e3fc,
e60b,
e709,
eee6,
fc10,
0874,
0eb2,
10ef,
13b9,
1653,
15af,
11e1,
0a42,
02d4,
fb87,
f54a,
f263,
f1d6,
f279,
f37c,
f54b,
f8da,
fd65,
00e1,
03b2,
059b,
0706,
0821,
084e,
073d,
052e,
02e5,
0130,
ffbc,
fe45,
fc51,
fa1b,
f8c8,
f8e1,
f9e7,
fb77,
fd98,
ffcd,
01c2,
034e,
0460,
048c,
0416,
035c,
025e,
0127,
0010,
ff18,
fe43,
fd7d,
fcf5,
fcf2,
fd50,
fdad,
fdf4,
fe8c,
0000,
0157,
00a2,
ff8b,
ffd6,
0108,
0259,
0278,
0180,
0004,
0004,
0004,
0003,
0003,
0004,
0003,
0001,
ffff,
fffd,
fffe,
fffe,
fffe,
fffe,
ffff,
0000,
0001,
0002,
0003,
0002,
0002,
0000,
0000,
fffe,
0001,
ffff,
fffe,
fffd,
0002,
ffff,
0009,
fff7,
000e,
ffe6,
0019,
ffd4,
002f,
ffba,
0054,
fff1,
0b73,
1545,
f63e,
e072,
eb31,
fabf,
0c3a,
199b,
1fdb,
22d7,
1dc9,
15d7,
0a56,
f485,
e734,
e02f,
daeb,
e039,
e4a8,
e629,
ecd5,
f9aa,
07ae,
0fa8,
12a8,
162a,
1834,
1618,
12ec,
0c64,
040a,
fb31,
f4f2,
f260,
f109,
f0ce,
f1a6,
f3e0,
f819,
fcfb,
006a,
035b,
05cb,
07b1,
08d8,
08bd,
07e0,
0641,
03f8,
01c7,
ff6f,
fd69,
fbc6,
fa38,
f8eb,
f891,
f96e,
fb45,
fdab,
fff0,
01dd,
0363,
0483,
04cb,
044d,
036b,
0268,
0118,
ffd6,
fed7,
fe0f,
fd56,
fccf,
fcc0,
fd39,
fdf1,
fe80,
feea,
fff1,
0182,
0138,
ffd9,
ffb6,
008b,
01bd,
0260,
01a0,
0118,
0004,
0004,
0004,
0003,
0003,
0004,
0003,
0001,
ffff,
fffd,
fffe,
fffe,
fffe,
fffe,
ffff,
0000,
0001,
0002,
0003,
0002,
0002,
0000,
0000,
fffe,
0001,
ffff,
fffe,
fffd,
0002,
ffff,
0009,
fff7,
000e,
ffe6,
0019,
ffd4,
002f,
ffba,
0054,
fff1,
0b73,
1545,
f63e,
e072,
eb31,
fabf,
0c3a,
199b,
1fdb,
22d7,
1dc9,
15d7,
0a56,
f485,
e734,
e02f,
daeb,
e039,
e4a8,
e629,
ecd5,
f9aa,
07ae,
0fa8,
12a8,
162a,
1834,
1618,
12ec,
0c64,
040a,
fb31,
f4f2,
f260,
f109,
f0ce,
f1a6,
f3e0,
f819,
fcfb,
006a,
035b,
05cb,
07b1,
08d8,
08bd,
07e0,
0641,
03f8,
01c7,
ff6f,
fd69,
fbc6,
fa38,
f8eb,
f891,
f96e,
fb45,
fdab,
fff0,
01dd,
0363,
0483,
04cb,
044d,
036b,
0268,
0118,
ffd6,
fed7,
fe0f,
fd56,
fccf,
fcc0,
fd39,
fdf1,
fe80,
feea,
fff1,
0182,
0138,
ffd9,
ffb6,
008b,
01bd,
0260,
01a0,
0118,
0004,
0003,
0003,
0003,
0003,
0003,
0001,
ffff,
fffe,
fffe,
fffe,
fffe,
fffe,
fffe,
ffff,
0001,
0002,
0003,
0002,
0002,
ffff,
0000,
fffe,
0000,
0000,
fffd,
fffc,
0003,
fffd,
000b,
fff4,
0012,
ffe0,
0021,
ffcb,
003b,
ffae,
0061,
ffcb,
0c0c,
1696,
f3a1,
df9e,
edaf,
fab1,
0adb,
19aa,
21ab,
2375,
1ab1,
1445,
0fbf,
f9e6,
e92a,
dfc6,
d78a,
dcb2,
e241,
e41d,
eaf7,
f823,
065e,
0f1f,
1378,
184d,
1af0,
17f1,
13b9,
0d20,
0595,
fca6,
f546,
f1a3,
ef6d,
ef42,
f0f2,
f31c,
f67e,
fafb,
ff0f,
0360,
0675,
0800,
08eb,
0963,
097b,
0857,
0574,
0256,
ff5a,
fcef,
fb04,
f946,
f832,
f83e,
f904,
fab1,
fd73,
0028,
023a,
03b4,
04d9,
0535,
04c8,
03d4,
0290,
0106,
ffab,
fea8,
fdcc,
fcfc,
fc6f,
fc67,
fce6,
fdb5,
fe8a,
ff42,
0028,
01c3,
020f,
0090,
ffd9,
0054,
015c,
0237,
01a9,
00ca,
010f,
0003,
0003,
0003,
0004,
0004,
0002,
ffff,
fffe,
fffe,
fffe,
fffd,
ffff,
ffff,
ffff,
0000,
0001,
0004,
0002,
0002,
ffff,
0000,
fffd,
0001,
ffff,
fffd,
fffb,
0004,
fffb,
000d,
fff0,
0019,
ffdc,
0025,
ffc6,
003f,
ffae,
0061,
ffb0,
0c0a,
1897,
f19c,
dd8d,
f080,
fac8,
09d6,
1a3e,
22ef,
23ce,
17ac,
0fdc,
13d5,
0252,
ebd0,
dfed,
d5bb,
d911,
df9a,
e2ef,
e9a8,
f587,
03c7,
0dec,
13e2,
1a0d,
1d3f,
1924,
14cd,
0f77,
07fa,
fd4a,
f466,
f177,
eff5,
eed5,
ef24,
f092,
f432,
f9e2,
febd,
02f5,
05fd,
080f,
09de,
0acf,
0ac4,
0977,
065d,
030f,
0002,
fd31,
fabf,
f88e,
f729,
f72f,
f85f,
fa68,
fd23,
ffdc,
022c,
03fc,
0555,
05c8,
0560,
044f,
02f7,
0153,
ffb8,
fe6b,
fd6a,
fcaa,
fc32,
fc36,
fc9c,
fd56,
fe37,
ff21,
001c,
01cb,
02bd,
0153,
0029,
0083,
0144,
0207,
01da,
00d3,
00c2,
00ca,
0003,
0004,
0004,
0004,
0004,
0000,
fffe,
fffd,
fffd,
fffe,
fffe,
ffff,
fffd,
0000,
0000,
0003,
0003,
0002,
fffe,
0002,
fffe,
0001,
0001,
fffe,
fffa,
0006,
fff8,
0011,
ffed,
001a,
ffd9,
0023,
ffcb,
0032,
ffc1,
0046,
ffa4,
0a8f,
1bf2,
f2bd,
d85e,
f288,
fbb9,
0782,
1adb,
24c4,
25c3,
15b3,
0886,
13ee,
0d19,
f236,
dfd2,
d3a8,
d648,
ddde,
e20c,
e7fe,
f248,
00c9,
0c8f,
1364,
19b6,
1ea6,
1bc5,
16c4,
10f4,
0978,
fee5,
f5a5,
f233,
ef9f,
ed2f,
ed7e,
ef88,
f2b4,
f795,
fc9e,
024d,
06f9,
095d,
0a76,
0b10,
0b46,
0a82,
07bf,
040e,
0043,
fcf5,
fa86,
f88b,
f72c,
f6c7,
f760,
f941,
fc90,
fff3,
025e,
03f3,
053c,
05ea,
05d2,
04ef,
0385,
01b4,
ffed,
fe7d,
fd64,
fc8a,
fbed,
fbec,
fc74,
fd27,
fde8,
feda,
ffd5,
0154,
0301,
0237,
007b,
0070,
0129,
01eb,
0202,
0131,
00b0,
00e4,
ff8c,
0004,
0006,
0004,
0004,
0002,
ffff,
fffc,
fffc,
fffe,
ffff,
ffff,
fffe,
ffff,
ffff,
0002,
0003,
0003,
ffff,
0001,
fffe,
0000,
0000,
0000,
fff8,
0007,
fff6,
0011,
ffef,
0017,
ffe1,
0017,
ffdf,
0014,
ffea,
0010,
ffc7,
07d9,
1ebe,
f888,
d1b4,
f180,
feed,
03e0,
1980,
26f4,
29a5,
16a1,
00cc,
0de8,
15be,
fcbf,
e2ea,
d2c7,
d320,
db81,
e11b,
e75e,
efd5,
fdcc,
09bf,
10af,
1888,
2048,
1e1f,
171f,
114e,
0c90,
02fb,
f6c6,
f18f,
ef98,
ed50,
ed0f,
ee4d,
f08c,
f556,
fb4c,
0207,
0720,
0950,
0a58,
0b36,
0bc1,
0b99,
090c,
04cc,
0095,
fd3c,
fab9,
f88e,
f6fe,
f677,
f70b,
f8cd,
fc00,
ff71,
0220,
03f4,
054b,
05d8,
05cb,
0531,
03f1,
021a,
0041,
febf,
fd89,
fc9c,
fbeb,
fbca,
fc65,
fd26,
fdc1,
fe7f,
ff8a,
00ec,
02bc,
02e2,
00f0,
003f,
00cf,
01a6,
01f5,
0167,
00a6,
00de,
004f,
fdd7,
0005,
0005,
0004,
0003,
0000,
fffd,
fffc,
fffe,
ffff,
0000,
fffe,
ffff,
0000,
0003,
0003,
0003,
ffff,
0000,
fffe,
ffff,
0001,
0001,
fff7,
0007,
fff7,
000c,
fff7,
000d,
fff6,
fffc,
0002,
ffe3,
002c,
ffbb,
0032,
03f3,
1f4c,
0500,
cc34,
e928,
0434,
015e,
14ec,
278e,
2e6a,
1def,
fd17,
00df,
1644,
0a5a,
ec5a,
d45f,
ce9f,
d778,
dfe9,
e7fe,
ef4e,
fa16,
056d,
0d7d,
16ee,
2061,
1f1a,
17c0,
1278,
0ee3,
066b,
f868,
f164,
f09a,
eeba,
ecc2,
ecee,
ef5e,
f4de,
fa45,
0008,
05c5,
091f,
0a70,
0b22,
0b81,
0b8f,
09b8,
05f0,
01e5,
fe26,
fb20,
f8a7,
f713,
f68b,
f70b,
f850,
fb02,
fe99,
01d0,
03fc,
0554,
05b7,
0589,
052e,
0463,
02bd,
00ad,
fee3,
fd93,
fcbd,
fc12,
fbd2,
fc49,
fd13,
fdae,
fe72,
ff7c,
00a7,
022f,
033c,
01a3,
001a,
0050,
012a,
01b6,
015f,
00ac,
0077,
00cd,
fefb,
fcd0,
0005,
0005,
0004,
0001,
ffff,
fffd,
fffd,
ffff,
0000,
ffff,
fffe,
ffff,
0001,
0005,
0003,
0001,
0000,
0000,
fffd,
0003,
0002,
fffa,
0002,
0001,
0001,
0008,
fff6,
0015,
ffd7,
0032,
ffa9,
006d,
ff6a,
00b7,
0056,
1a82,
1684,
cf63,
d7cf,
0662,
03c6,
0df1,
2404,
3072,
2beb,
0363,
f107,
0b9e,
144e,
fbab,
dbb0,
cc9c,
d159,
dbf0,
e84e,
f0e6,
f794,
00ce,
0930,
1237,
1e90,
21ff,
1a4a,
120d,
0dd2,
0977,
fd17,
f331,
f0a4,
eeec,
ed10,
ee5e,
f07e,
f3c8,
f7be,
fd6d,
04ca,
08dc,
09c5,
09f7,
0a92,
0b23,
0a6d,
0743,
0302,
fefc,
fbf6,
f9a3,
f802,
f723,
f70c,
f7b9,
fa0f,
fdc6,
0123,
032f,
0495,
0587,
05b7,
057b,
04ab,
0338,
0141,
ff6b,
fde7,
fce4,
fc28,
fbcd,
fc20,
fcec,
fd93,
fe5d,
ff5a,
0078,
01b4,
0344,
02d3,
006a,
ffae,
004b,
0145,
014e,
00ad,
002f,
009b,
0045,
fdc3,
fcce,
0005,
0005,
0004,
0001,
ffff,
fffd,
fffd,
ffff,
0000,
ffff,
fffe,
ffff,
0001,
0005,
0003,
0001,
0000,
0000,
fffd,
0003,
0002,
fffa,
0002,
0001,
0001,
0008,
fff6,
0015,
ffd7,
0032,
ffa9,
006d,
ff6a,
00b7,
0056,
1a82,
1684,
cf63,
d7cf,
0662,
03c6,
0df1,
2404,
3072,
2beb,
0363,
f107,
0b9e,
144e,
fbab,
dbb0,
cc9c,
d159,
dbf0,
e84e,
f0e6,
f794,
00ce,
0930,
1237,
1e90,
21ff,
1a4a,
120d,
0dd2,
0977,
fd17,
f331,
f0a4,
eeec,
ed10,
ee5e,
f07e,
f3c8,
f7be,
fd6d,
04ca,
08dc,
09c5,
09f7,
0a92,
0b23,
0a6d,
0743,
0302,
fefc,
fbf6,
f9a3,
f802,
f723,
f70c,
f7b9,
fa0f,
fdc6,
0123,
032f,
0495,
0587,
05b7,
057b,
04ab,
0338,
0141,
ff6b,
fde7,
fce4,
fc28,
fbcd,
fc20,
fcec,
fd93,
fe5d,
ff5a,
0078,
01b4,
0344,
02d3,
006a,
ffae,
004b,
0145,
014e,
00ad,
002f,
009b,
0045,
fdc3,
fcce,
0003,
0003,
0001,
fffe,
fffc,
fffb,
fffd,
0000,
0000,
fffd,
fffe,
fffe,
0002,
0001,
0002,
fffd,
0000,
fffa,
0000,
0000,
fffe,
fff8,
000a,
fff2,
0016,
ffe2,
0029,
ffc6,
003a,
ffa7,
0057,
ff8e,
008b,
ff26,
0f84,
25a0,
e305,
c2f2,
fcb4,
0b20,
0935,
1bb1,
2cef,
3931,
17af,
e952,
f6a8,
1220,
0b32,
ec28,
d0e4,
cab4,
d454,
e609,
f335,
f7ab,
fcf2,
03a0,
0bd9,
1a8e,
2447,
1d68,
1234,
0c01,
0b0d,
02c0,
f625,
f06a,
ef22,
eee8,
f061,
f198,
f2fa,
f663,
fb2d,
026c,
0766,
0921,
0961,
090d,
097f,
0a48,
08a4,
04a0,
0050,
fcf5,
fa90,
f8d9,
f7e4,
f7b2,
f812,
f978,
fc74,
ffe2,
0277,
03f8,
04de,
04f7,
0511,
0509,
0430,
023f,
fff9,
fe32,
fd31,
fc9f,
fc11,
fbfc,
fc9e,
fd5b,
fe28,
ff20,
0020,
012c,
029b,
03ac,
01b6,
ffa4,
ff7c,
004e,
00fe,
008e,
0032,
004f,
00d9,
ff70,
fd0b,
fd4f,
0003,
0002,
0001,
fffe,
fffc,
fffc,
ffff,
0002,
0000,
ffff,
fffc,
0001,
0003,
0003,
ffff,
ffff,
fffd,
fffd,
0002,
0002,
fff5,
000a,
fff7,
000e,
fff2,
000b,
fff8,
fff4,
000e,
ffc5,
004c,
ff8b,
0072,
036f,
263b,
07ad,
bb21,
e0e3,
0f09,
0b5d,
12c5,
2315,
3c24,
3438,
f76b,
e098,
0016,
1158,
00fa,
e017,
c93f,
ca2d,
de52,
f352,
f94f,
fb4f,
ff9c,
05d4,
129f,
2234,
21af,
1541,
0b9b,
09fe,
075f,
fa84,
f163,
effe,
f099,
f153,
f2b8,
f3ad,
f5eb,
f94b,
ff0e,
051c,
0828,
0937,
085e,
07af,
08e0,
0920,
0652,
0233,
fe72,
fb93,
f9a8,
f8a1,
f82e,
f863,
f951,
fb8e,
febe,
01af,
0343,
0436,
04a3,
04ac,
048e,
0412,
02ec,
0103,
ff2a,
fdb3,
fce8,
fc64,
fc38,
fca7,
fd5a,
fded,
feb6,
ffa5,
00bb,
01c7,
0343,
031f,
007c,
ff2d,
ff58,
0054,
0091,
0016,
002b,
00aa,
00d3,
fecc,
fd0a,
fde4,
0004,
0002,
0000,
fffe,
fffa,
fffb,
0000,
0002,
ffff,
fffd,
fffd,
0003,
0002,
0002,
fffc,
ffff,
fffa,
0002,
0001,
fffc,
fff9,
000d,
fff3,
0017,
ffdb,
0033,
ffb9,
004d,
ff88,
0077,
ff63,
00c8,
fee2,
13ef,
2921,
d773,
bbde,
ffae,
1284,
0f90,
1764,
304f,
46b2,
1e61,
df30,
e2bb,
0587,
0e05,
f8a0,
d4ca,
c3ba,
d082,
ec07,
fa90,
fc59,
fea1,
0175,
092e,
1936,
2439,
1c0d,
0eb8,
07a5,
081f,
00dc,
f50a,
f115,
f0f6,
f18f,
f392,
f566,
f60e,
f7d0,
fb66,
0193,
06c6,
092a,
08a6,
06cd,
0728,
0897,
077e,
0439,
0046,
fcce,
fa6b,
f940,
f89c,
f895,
f94c,
facb,
fd6d,
006d,
02b1,
040e,
04c4,
048e,
041c,
03b5,
0318,
01a0,
ffc2,
fe0d,
fd39,
fd10,
fcc9,
fcb2,
fd3c,
fe02,
fea9,
ff69,
0035,
0116,
0213,
0354,
0226,
ff8c,
feaf,
ff13,
0046,
0059,
0013,
005a,
00ee,
00ca,
fe96,
fd4f,
fe4d,
0003,
0001,
0000,
fffd,
fffb,
fffd,
0002,
0002,
0000,
fffc,
0000,
0002,
0003,
0000,
fffe,
fffd,
fffb,
0002,
0002,
fff6,
0008,
fffc,
0008,
fffa,
fffd,
000e,
ffd9,
0032,
ff92,
0086,
ff3c,
00e8,
0167,
26dd,
125f,
b65f,
d2f8,
0fdb,
141a,
11f9,
1e3f,
3f4d,
4452,
063d,
d25d,
e730,
069e,
0b78,
f01b,
caef,
c3cc,
dade,
f570,
fdf1,
00b5,
00b5,
0248,
0ca9,
1e80,
2315,
165f,
0959,
051e,
04de,
fbaf,
f397,
f0f8,
f147,
f394,
f671,
f705,
f723,
f8c6,
fcf9,
03cc,
0884,
0982,
07b5,
063b,
074c,
07f4,
0612,
026a,
fe4c,
fb26,
f991,
f8e9,
f89e,
f94d,
fa5f,
fc2a,
fee8,
01ae,
03a9,
04dc,
0509,
0478,
03c0,
0316,
01f9,
003a,
fe82,
fd40,
fcf7,
fce8,
fcf3,
fd67,
fe29,
febe,
ff59,
0010,
00c6,
016f,
024d,
0304,
00f9,
fea8,
fe45,
feff,
0049,
0017,
000e,
009b,
015a,
00f1,
fe83,
fd75,
fe85,
0003,
0001,
0000,
fffd,
fffb,
fffd,
0002,
0002,
0000,
fffc,
0000,
0002,
0003,
0000,
fffe,
fffd,
fffb,
0002,
0002,
fff6,
0008,
fffc,
0008,
fffa,
fffd,
000e,
ffd9,
0032,
ff92,
0086,
ff3c,
00e8,
0167,
26dd,
125f,
b65f,
d2f8,
0fdb,
141a,
11f9,
1e3f,
3f4d,
4452,
063d,
d25d,
e730,
069e,
0b78,
f01b,
caef,
c3cc,
dade,
f570,
fdf1,
00b5,
00b5,
0248,
0ca9,
1e80,
2315,
165f,
0959,
051e,
04de,
fbaf,
f397,
f0f8,
f147,
f394,
f671,
f705,
f723,
f8c6,
fcf9,
03cc,
0884,
0982,
07b5,
063b,
074c,
07f4,
0612,
026a,
fe4c,
fb26,
f991,
f8e9,
f89e,
f94d,
fa5f,
fc2a,
fee8,
01ae,
03a9,
04dc,
0509,
0478,
03c0,
0316,
01f9,
003a,
fe82,
fd40,
fcf7,
fce8,
fcf3,
fd67,
fe29,
febe,
ff59,
0010,
00c6,
016f,
024d,
0304,
00f9,
fea8,
fe45,
feff,
0049,
0017,
000e,
009b,
015a,
00f1,
fe83,
fd75,
fe85,
0003,
0002,
0000,
fffc,
fffc,
ffff,
0004,
0002,
0002,
fffd,
0001,
0002,
0004,
ffff,
0001,
fffb,
fffe,
0001,
0003,
fff5,
0011,
fff1,
001d,
ffdf,
0027,
ffd1,
0026,
ffd2,
000a,
fff7,
fff8,
ffc7,
0967,
304c,
f320,
acc0,
e948,
161f,
1597,
13a1,
2778,
47d6,
3d28,
f4f9,
cc3d,
e85d,
05ce,
09c5,
e80d,
c59d,
c767,
e363,
f9ff,
01e4,
0489,
00cd,
0353,
10da,
2173,
1fe4,
11ac,
0574,
0341,
01d3,
f914,
f2b6,
f0ed,
f2af,
f596,
f7e3,
f78a,
f751,
f943,
ff01,
05cf,
0965,
09b6,
0773,
0632,
0778,
07a1,
04c3,
005d,
fc8a,
f9e3,
f8b6,
f862,
f8ed,
fa14,
fb5d,
fd72,
0008,
0292,
048f,
05a4,
053d,
042c,
0349,
028a,
011c,
ff36,
fda2,
fcae,
fc7c,
fc9e,
fd13,
fde6,
fec8,
ff80,
0030,
00c3,
0151,
01ac,
026e,
028d,
ffe6,
fe03,
fdf9,
ff01,
0038,
ffda,
0021,
00c8,
01a2,
010c,
fe86,
fd7b,
feaa,
0002,
0001,
fffe,
fffa,
fffb,
ffff,
0003,
0002,
ffff,
fffd,
0003,
0001,
0002,
fffc,
ffff,
fff9,
0001,
0000,
fffd,
fff8,
0011,
fff0,
001d,
ffd5,
0037,
ffb6,
0051,
ff8d,
0067,
ff7b,
00a2,
fef1,
123d,
3055,
dbca,
aeda,
f627,
18c6,
171f,
161b,
2ddd,
4b5a,
38f9,
eb72,
c81d,
e558,
0431,
080c,
e311,
c460,
cab5,
e7f9,
fc87,
061f,
06c0,
013c,
055b,
13f9,
21c7,
1cfb,
0e67,
02c7,
0200,
ff85,
f797,
f28d,
f18a,
f385,
f682,
f81d,
f703,
f793,
fad0,
00a0,
06b3,
0a52,
0a39,
0783,
06bc,
07b6,
06d8,
034f,
fef4,
fb3b,
f8a9,
f7e7,
f7f5,
f91e,
fab9,
fc60,
fe7b,
00e3,
034e,
054d,
0634,
055a,
03ef,
02cf,
01df,
0078,
fed5,
fd40,
fc11,
fbef,
fc61,
fd1b,
fe1b,
ff20,
000d,
00d0,
0180,
01eb,
01f2,
026e,
0209,
ff3c,
fdb1,
fdc3,
fef0,
0026,
ffda,
003a,
00c6,
019a,
0101,
fe8b,
fd7c,
febb,
0002,
0001,
ffff,
fffb,
fffb,
ffff,
0003,
0002,
0000,
fffe,
0003,
0002,
0003,
fffd,
0000,
fff9,
0001,
0001,
fffc,
fffc,
000d,
fff5,
0019,
ffd9,
0035,
ffb2,
005c,
ff79,
0088,
ff47,
00e6,
fee1,
183a,
2d3d,
cfa1,
b2ac,
fb24,
19b7,
1997,
1865,
2f54,
4d56,
398d,
e863,
c481,
df8c,
00d7,
0613,
e2a6,
c58d,
cb91,
e9bd,
fe89,
0914,
08a8,
0352,
0719,
14c1,
20f0,
1b0a,
0c7b,
015d,
00f3,
fde3,
f731,
f2dc,
f1bb,
f3c0,
f622,
f735,
f745,
f8ed,
fbf0,
017d,
076a,
0ace,
0acc,
086b,
0753,
0723,
05b2,
0243,
fe10,
fa6f,
f808,
f741,
f775,
f93e,
fb5d,
fd30,
ff37,
0189,
03d9,
05d2,
0676,
0552,
03a8,
0275,
018a,
0039,
fe91,
fcca,
fbb7,
fbbb,
fc34,
fcfd,
fe1d,
ff56,
006f,
014b,
01e2,
0235,
0240,
02a5,
01d6,
febe,
fd5c,
fd97,
ff13,
0058,
ffe3,
0029,
00a4,
017d,
00ed,
fe79,
fd45,
fe99,
0002,
0002,
fffe,
fffb,
fffc,
ffff,
0003,
0002,
0002,
ffff,
0002,
0001,
0002,
fffe,
0001,
fff9,
0000,
0002,
fffc,
fffd,
000a,
fff8,
0018,
ffdd,
0030,
ffb7,
0055,
ff83,
0080,
ff50,
00d8,
ff16,
194b,
2c54,
cf0d,
b365,
f8ef,
1895,
1dd5,
19e8,
2b97,
4dd7,
3fe7,
edaa,
c218,
d6ae,
f94f,
045d,
e75d,
c8c5,
c962,
e85a,
ffc7,
0b26,
0b68,
05ec,
07cd,
1344,
1f39,
1b16,
0c90,
00aa,
0066,
fd11,
f6e9,
f347,
f1ba,
f27a,
f4bb,
f786,
f86f,
f9b7,
fca4,
01ef,
0732,
0b2d,
0c03,
0953,
0733,
063f,
04c8,
01a0,
fde0,
fa66,
f7ad,
f6a5,
f741,
f985,
fbc2,
fd9a,
ff8d,
01df,
0413,
05f8,
067d,
0522,
0379,
0261,
0190,
003b,
fe75,
fc89,
fb64,
fb89,
fc31,
fd09,
fe1f,
ff50,
0083,
0177,
0222,
0260,
0243,
02b1,
01e2,
febc,
fd42,
fd81,
ff0d,
007e,
001d,
0038,
0087,
0139,
00d7,
fe6e,
fcf4,
fe35,
ffff,
ffff,
fffe,
fffa,
fff9,
fffb,
0000,
0001,
0001,
fffd,
0000,
0000,
0001,
fffd,
fffe,
fff8,
fffe,
0001,
fffb,
fffa,
000a,
fff7,
0016,
ffdd,
0027,
ffbf,
0046,
ff9a,
005c,
ff7c,
009b,
ff3b,
15dd,
2e10,
d898,
b166,
f09f,
14b9,
229e,
1c50,
2424,
4aa0,
4a45,
fb5d,
c3d6,
cc29,
ec39,
01c8,
ef44,
ced2,
c66d,
e38d,
ff63,
0cbf,
0ed5,
08a7,
0722,
0fe1,
1dc9,
1bdc,
0e6d,
01ee,
ffad,
fc54,
f6fe,
f3ca,
f088,
f108,
f45f,
f807,
f96e,
fab6,
fcc3,
0145,
06ce,
0b61,
0cc8,
09ee,
06e8,
0543,
040d,
01f3,
fe78,
fa96,
f78d,
f679,
f73e,
f9c8,
fc25,
fdbc,
ff6f,
01b5,
03f0,
05d1,
064f,
04eb,
0369,
027c,
01cf,
0069,
fe7b,
fc7f,
fb6a,
fb85,
fc14,
fcfb,
fe25,
ff51,
0068,
016c,
022e,
0264,
0230,
028e,
01f2,
fef6,
fd6a,
fd92,
fee8,
0098,
006c,
006b,
0090,
0104,
00c3,
fe81,
fcbd,
fd9e,
0002,
0001,
0000,
fffd,
fffa,
fffd,
0001,
0002,
0004,
ffff,
0001,
0002,
0003,
ffff,
0000,
fffb,
fffe,
0002,
fffe,
fffa,
000c,
fff8,
0018,
ffe4,
001f,
ffd0,
002e,
ffc3,
002a,
ffc4,
0040,
ff78,
0f5b,
2f69,
eafd,
b081,
e370,
0d64,
2557,
21b5,
1c4d,
401a,
5484,
113b,
cb96,
c41a,
daac,
fae8,
f7ac,
d870,
c5b4,
dbce,
fc5b,
0ddb,
1241,
0aa5,
06c8,
0bf6,
1ab0,
1d75,
11e7,
041f,
fef3,
fc78,
f6f9,
f39d,
f05e,
f0a1,
f3c7,
f8a2,
fa58,
fab3,
fc81,
00a6,
05c8,
0a34,
0cc6,
0a7f,
06cd,
04a9,
0420,
02d0,
ff55,
fb50,
f7f0,
f6b5,
f76b,
f9e8,
fc1f,
fd81,
ff27,
0135,
036d,
052c,
05f2,
04d9,
0362,
0283,
0200,
00cb,
feb8,
fcdf,
fbcb,
fbba,
fc22,
fce7,
fdf3,
ff1b,
0055,
014c,
01d8,
0215,
0202,
0260,
022a,
ff5f,
fd6a,
fd84,
feb3,
00c5,
0101,
00a0,
0095,
00d5,
00e4,
ff10,
fcd4,
fcd2,
0002,
0001,
0000,
fffd,
fffa,
fffd,
0001,
0002,
0004,
ffff,
0001,
0002,
0003,
ffff,
0000,
fffb,
fffe,
0002,
fffe,
fffa,
000c,
fff8,
0018,
ffe4,
001f,
ffd0,
002e,
ffc3,
002a,
ffc4,
0040,
ff78,
0f5b,
2f69,
eafd,
b081,
e370,
0d64,
2557,
21b5,
1c4d,
401a,
5484,
113b,
cb96,
c41a,
daac,
fae8,
f7ac,
d870,
c5b4,
dbce,
fc5b,
0ddb,
1241,
0aa5,
06c8,
0bf6,
1ab0,
1d75,
11e7,
041f,
fef3,
fc78,
f6f9,
f39d,
f05e,
f0a1,
f3c7,
f8a2,
fa58,
fab3,
fc81,
00a6,
05c8,
0a34,
0cc6,
0a7f,
06cd,
04a9,
0420,
02d0,
ff55,
fb50,
f7f0,
f6b5,
f76b,
f9e8,
fc1f,
fd81,
ff27,
0135,
036d,
052c,
05f2,
04d9,
0362,
0283,
0200,
00cb,
feb8,
fcdf,
fbcb,
fbba,
fc22,
fce7,
fdf3,
ff1b,
0055,
014c,
01d8,
0215,
0202,
0260,
022a,
ff5f,
fd6a,
fd84,
feb3,
00c5,
0101,
00a0,
0095,
00d5,
00e4,
ff10,
fcd4,
fcd2,
0001,
0001,
0002,
ffff,
fffc,
fffc,
ffff,
0002,
0005,
0002,
ffff,
0001,
0002,
0000,
0001,
fffd,
fffb,
0001,
0002,
fff9,
000b,
fffa,
0014,
fff1,
000e,
ffe8,
0006,
fffc,
ffe5,
001c,
ffca,
0004,
0733,
2b94,
0587,
b765,
d1a8,
0075,
212b,
297f,
1b15,
2dff,
5623,
30ca,
dd4e,
c256,
c7da,
ea31,
fce7,
e695,
cba1,
d2d5,
f395,
0ba8,
1521,
0e52,
0812,
0733,
14ae,
1f09,
15ff,
07a3,
ff2a,
fc4b,
f704,
f4d3,
f1bd,
f033,
f36c,
f8ad,
fac4,
fa89,
fc5e,
ff49,
03ef,
0834,
0b87,
0acb,
0759,
050c,
0472,
03a5,
006f,
fc91,
f91e,
f781,
f7a8,
f975,
fb97,
fcf9,
fec2,
00ac,
02a5,
0464,
0591,
0508,
0372,
026b,
01dc,
00fb,
ff56,
fdae,
fc64,
fbf7,
fc45,
fce6,
fdd2,
fed8,
fff2,
00e6,
017e,
01c4,
01ce,
0213,
023a,
ffd8,
fd79,
fd76,
fe83,
00d1,
01ae,
0111,
00c6,
00da,
00f3,
ff8b,
fd1e,
fc22,
0003,
0001,
0004,
0004,
0000,
fffd,
0000,
0003,
0006,
0005,
0002,
0002,
0002,
0003,
0002,
0000,
fffd,
0001,
0005,
fffc,
0007,
0004,
000b,
0006,
fff9,
000b,
ffde,
002d,
ffb4,
0055,
ff84,
0086,
013c,
1f66,
1eb7,
cd90,
c163,
ee6c,
146c,
2ce9,
22f2,
2042,
44e8,
4d99,
fe18,
c999,
be88,
cfa4,
f68c,
f542,
d9e4,
cf78,
e6c0,
0256,
1528,
1499,
0aaf,
0567,
0c02,
1c30,
1ae8,
0ca5,
0062,
fbce,
f86c,
f5f0,
f479,
f1f6,
f350,
f6c4,
faa4,
fb45,
fc01,
fd7a,
00f6,
0583,
091d,
0ad0,
086f,
05ff,
0506,
0480,
01c4,
fe47,
fb25,
f8df,
f816,
f8a0,
fab1,
fc37,
fde7,
ffeb,
01d0,
03af,
0508,
052e,
03c7,
026b,
0188,
00f1,
0013,
fe9e,
fd40,
fc6a,
fc90,
fcfa,
fdb9,
fe9b,
ff7c,
005f,
00f2,
014e,
0177,
01b2,
0217,
007c,
fdc8,
fd68,
fe5a,
0085,
023b,
01c3,
0119,
0103,
0111,
0012,
fdc1,
fbc8,
0000,
0001,
0002,
0002,
fffe,
fffc,
fffc,
0000,
0003,
0003,
0002,
0002,
0001,
0001,
fffd,
fffe,
fffb,
ffff,
0001,
fffd,
fffc,
000a,
fffd,
0013,
ffea,
0016,
ffd7,
0028,
ffc8,
0028,
ffc2,
0047,
ff8b,
0e75,
297f,
f32a,
bd77,
da2d,
fff6,
2570,
2ca3,
1fc1,
2cad,
5138,
2b95,
dd18,
c30e,
bbe7,
dc96,
fb05,
ecac,
d639,
dc30,
f649,
0d3e,
16fc,
10b4,
08db,
057e,
11f7,
1cbf,
1242,
0483,
fd45,
f996,
f67e,
f734,
f5df,
f3c8,
f59e,
f93b,
fb2a,
fb57,
fcd1,
fe0f,
0189,
05d1,
09bb,
09df,
0766,
05f6,
04f3,
031d,
006c,
fd9c,
fa95,
f8c1,
f82c,
f97e,
fb39,
fccc,
ff1a,
010f,
02ac,
044a,
0511,
044c,
02bb,
017f,
00bc,
004c,
ff75,
fe49,
fd2e,
fcec,
fd35,
fdb2,
fe84,
ff32,
ffd4,
002e,
008b,
00f4,
0147,
01be,
011b,
fe7b,
fd66,
fe4b,
0000,
0237,
027c,
0193,
014f,
0161,
009b,
fe85,
fc10,
0001,
0001,
0000,
0002,
0001,
fffe,
fffc,
fffe,
0000,
0003,
0003,
0001,
0000,
0000,
fffe,
fffe,
fffd,
fffc,
ffff,
0003,
fff9,
0007,
ffff,
000d,
fffe,
0000,
fffb,
ffec,
0017,
ffcb,
0036,
ffab,
004a,
028c,
1fee,
1805,
d004,
c8fc,
eb8f,
0f80,
2fea,
2974,
1ed6,
3bdd,
4c2a,
0480,
cdc5,
bdaa,
bedc,
e9e3,
fbe5,
e584,
d8bd,
ea59,
0352,
1315,
1400,
0e7c,
0750,
072a,
1519,
16ea,
0a54,
0078,
fb48,
f8a6,
f7c1,
f8f0,
f6a8,
f60e,
f7dd,
fa89,
fb5c,
fb69,
fbff,
fe3f,
0281,
0655,
0985,
0925,
0737,
058c,
0462,
025b,
ffc7,
fd09,
fa73,
f861,
f824,
fa17,
fc07,
fdff,
001e,
0186,
030b,
0485,
04b6,
036a,
01c9,
00c9,
0052,
000b,
ff34,
fe2b,
fd5c,
fd57,
fdc0,
fe93,
ff19,
ff40,
ff6c,
ffd0,
0082,
00d4,
0120,
015d,
ffa8,
fdae,
fe11,
ff67,
0187,
02d6,
023f,
01b8,
01b7,
0121,
ff6d,
fd0b,
0001,
0001,
0000,
0002,
0001,
fffe,
fffc,
fffe,
0000,
0003,
0003,
0001,
0000,
0000,
fffe,
fffe,
fffd,
fffc,
ffff,
0003,
fff9,
0007,
ffff,
000d,
fffe,
0000,
fffb,
ffec,
0017,
ffcb,
0036,
ffab,
004a,
028c,
1fee,
1805,
d004,
c8fc,
eb8f,
0f80,
2fea,
2974,
1ed6,
3bdd,
4c2a,
0480,
cdc5,
bdaa,
bedc,
e9e3,
fbe5,
e584,
d8bd,
ea59,
0352,
1315,
1400,
0e7c,
0750,
072a,
1519,
16ea,
0a54,
0078,
fb48,
f8a6,
f7c1,
f8f0,
f6a8,
f60e,
f7dd,
fa89,
fb5c,
fb69,
fbff,
fe3f,
0281,
0655,
0985,
0925,
0737,
058c,
0462,
025b,
ffc7,
fd09,
fa73,
f861,
f824,
fa17,
fc07,
fdff,
001e,
0186,
030b,
0485,
04b6,
036a,
01c9,
00c9,
0052,
000b,
ff34,
fe2b,
fd5c,
fd57,
fdc0,
fe93,
ff19,
ff40,
ff6c,
ffd0,
0082,
00d4,
0120,
015d,
ffa8,
fdae,
fe11,
ff67,
0187,
02d6,
023f,
01b8,
01b7,
0121,
ff6d,
fd0b,
0000,
0000,
0000,
0000,
0001,
0000,
fffd,
fffd,
fffe,
0001,
0004,
0002,
0002,
0000,
ffff,
fffc,
fffe,
fffc,
fffd,
0001,
0000,
fffc,
000b,
fffc,
0013,
ffed,
0012,
ffd7,
001d,
ffd6,
0019,
ffd5,
002d,
ffaa,
0bf1,
2665,
f9c1,
c530,
da32,
f5b6,
1da8,
34e9,
24bd,
1f6d,
465b,
3a27,
e883,
c902,
b903,
c531,
f436,
fbf0,
e237,
dcf9,
f59c,
0d8c,
1664,
1184,
0b8c,
0411,
087e,
15df,
10c8,
044d,
fe0c,
fb33,
f907,
f9c5,
fa7d,
f78f,
f6c6,
f94a,
fc70,
fb35,
fa4b,
fb82,
ff45,
0333,
06d3,
098e,
08b4,
0681,
0507,
03e8,
018e,
ff3f,
fc79,
f983,
f7c7,
f90d,
fb88,
fd13,
fedb,
00ae,
01da,
0359,
046d,
0402,
0261,
00f6,
005f,
0030,
ffea,
ff24,
fe1f,
fd9c,
fdf7,
fe7d,
fee5,
feed,
ff12,
ff50,
ffec,
005a,
007a,
0118,
00ab,
fe86,
fdcc,
fed4,
006e,
0268,
02d7,
023c,
0206,
01ab,
0079,
fe64,
0002,
0000,
0000,
ffff,
0001,
0001,
0000,
fffd,
fffd,
0000,
0002,
0004,
0003,
0001,
0000,
ffff,
fffd,
fffd,
fffc,
ffff,
0002,
fffb,
0003,
0005,
0003,
000b,
fff3,
000c,
ffd7,
0028,
ffc0,
003d,
ffa3,
0064,
0086,
16bd,
1f92,
e08e,
cadd,
e63c,
fdd0,
2973,
3521,
1f34,
2064,
485d,
271b,
dad5,
c673,
b707,
ccd0,
fad7,
fb7c,
e111,
e169,
fd3b,
15db,
1983,
0f3f,
07a9,
00cf,
082d,
1547,
0df9,
007d,
fa8f,
fa27,
fb56,
fcc4,
fa9e,
f748,
f7f5,
fb8a,
fd01,
fabe,
fa3b,
fc26,
ffed,
036d,
077b,
09d5,
0812,
0517,
041b,
0379,
0135,
fe2d,
fb10,
f8f6,
f87e,
fa5e,
fcb5,
fe27,
ffb9,
00fc,
021a,
03b0,
044b,
0332,
012f,
0027,
0035,
0052,
ffb9,
fed2,
fe41,
fe2c,
fe5c,
fe9b,
fef9,
ff14,
ff1e,
ff72,
000b,
0034,
0088,
010e,
ffa3,
fdb8,
fe04,
ff76,
0177,
02d5,
02a5,
024f,
022c,
0179,
ffc6,
0001,
0001,
0000,
0000,
0000,
0001,
0001,
ffff,
fffd,
fffe,
0000,
0003,
0003,
0002,
0000,
0000,
ffff,
ffff,
fffd,
fffc,
0000,
0002,
fffa,
0009,
ffff,
000c,
fffc,
0001,
fff6,
ffef,
0011,
ffd5,
002a,
ffbc,
0033,
03c2,
1ef2,
0fda,
d198,
d73b,
ed66,
06e6,
3154,
31bd,
18d2,
22c3,
44f0,
142c,
d654,
c631,
b876,
d445,
fe26,
f8ba,
e09d,
e894,
04d4,
19a9,
18cd,
1072,
05d4,
fabd,
07cb,
1700,
0b0e,
fb2c,
f7c6,
fa94,
fd13,
fd9f,
facc,
f876,
f9b1,
fcb9,
fd55,
fb6a,
faff,
fcee,
005e,
041e,
07f2,
08f6,
068c,
03ee,
039d,
028c,
fff1,
fce6,
fa80,
f901,
f93a,
fbdb,
fe02,
ff0a,
0067,
01af,
02e1,
03f8,
03ac,
01ef,
0037,
ffdb,
fff3,
ffdf,
ff45,
fea7,
fe45,
fe60,
feb2,
ff11,
ff4c,
ff30,
ff66,
ffe4,
0022,
0024,
00cd,
0084,
fe52,
fd45,
fe52,
0033,
023b,
02d8,
0282,
0261,
01fd,
00e8,
0001,
0002,
0001,
0000,
0000,
0000,
0001,
0001,
ffff,
fffe,
ffff,
0001,
0003,
0003,
0003,
0001,
0001,
ffff,
fffe,
fffd,
ffff,
0001,
0000,
fffc,
000b,
fffc,
0012,
fff3,
000d,
ffe4,
000b,
fff1,
fffc,
fffa,
fffd,
ffec,
089c,
21a1,
fe0b,
cdf8,
e3cf,
f1e2,
0f0a,
33f3,
2c4b,
137d,
2554,
3eef,
03f7,
d5a3,
ccb2,
bc3e,
d671,
fe7d,
f5f0,
e1a8,
f02b,
0c3f,
189b,
1616,
1390,
0592,
f739,
0815,
1682,
062c,
f73d,
f720,
faef,
fca1,
fd51,
fc6c,
fa8a,
fa74,
fdb8,
fee2,
fc68,
fbd4,
fe35,
012e,
03ff,
073d,
07ec,
04e9,
02f3,
030b,
0134,
fe50,
fc48,
fa9e,
f91e,
fa05,
fd02,
ff1f,
003f,
01a6,
028a,
0335,
03c0,
030d,
013b,
ffb1,
ff38,
ff1f,
ff2b,
fee6,
fe71,
fe3c,
fea5,
ff24,
ffa8,
ffc2,
ff9b,
ffcf,
001e,
0017,
0042,
00be,
ff7f,
fd88,
fd70,
fec8,
00d8,
027d,
02a8,
027b,
0216,
0141,
ffff,
ffff,
0000,
ffff,
fffe,
fffe,
ffff,
0000,
ffff,
fffe,
fffe,
fffe,
0000,
0003,
0002,
0001,
0000,
0000,
fffe,
fffe,
fffc,
ffff,
0001,
fffd,
fffd,
0008,
fffd,
000f,
fff0,
0010,
ffda,
001b,
ffda,
001a,
ffd4,
002f,
fff6,
0d81,
1f34,
ef5f,
d228,
eddb,
f4e1,
146c,
3347,
265e,
0ec3,
27fc,
3874,
f765,
d625,
d649,
c1f0,
d577,
fdda,
f3c5,
e2df,
f75d,
117a,
154f,
126b,
155d,
07ca,
f95f,
0768,
10d8,
01bb,
f6f3,
f793,
f986,
fad9,
fdbb,
fe30,
fbd2,
fb77,
ff26,
0014,
fda0,
fd69,
ff9d,
0151,
031a,
066c,
070e,
037b,
0176,
01d2,
001a,
fd83,
fbda,
faad,
f997,
fb26,
fe46,
0038,
0167,
0284,
02d6,
032f,
0383,
0296,
00b0,
ff25,
fe82,
fe7a,
feb2,
fe99,
fe5c,
fe55,
feec,
ff7b,
000d,
0027,
000b,
fff0,
ffeb,
0017,
00a2,
008b,
febe,
fd65,
fdad,
ff2c,
0165,
028f,
0259,
01fa,
014c,
0001,
0001,
0000,
0000,
ffff,
fffe,
fffe,
fffe,
0000,
ffff,
fffe,
ffff,
ffff,
0001,
0003,
0003,
0002,
0000,
0000,
fffe,
fffe,
fffd,
0000,
0000,
fffb,
0000,
0005,
ffff,
000b,
fff3,
000e,
ffdb,
0020,
ffd1,
0029,
ffc2,
0043,
0076,
116f,
1967,
e586,
daac,
f446,
f665,
185c,
3075,
1f8c,
0cbc,
2b34,
2faf,
eee0,
da3b,
dbb0,
c72d,
d971,
fbdb,
f053,
e5ed,
fd05,
1299,
1248,
1073,
146c,
093f,
fee3,
07d8,
093f,
fd34,
f8b4,
f90b,
f791,
f903,
fded,
ff46,
fcdc,
fcf7,
0062,
00fc,
fef3,
feaa,
007c,
0188,
02db,
0565,
0560,
0209,
006b,
006c,
fefa,
fd15,
fc09,
fb4a,
fac1,
fc99,
ff7a,
00ed,
01a1,
027f,
02df,
033d,
02fc,
01cf,
0041,
ff06,
fe77,
fe6c,
fea1,
fe85,
fe35,
fe57,
ff0c,
ff9e,
0001,
001a,
0003,
ffee,
001e,
008a,
00fe,
0012,
fe4a,
fd8f,
fe08,
ffba,
01cf,
0262,
01e7,
0178,
0001,
0001,
0000,
0000,
ffff,
fffe,
fffe,
fffe,
0000,
ffff,
fffe,
ffff,
ffff,
0001,
0003,
0003,
0002,
0000,
0000,
fffe,
fffe,
fffd,
0000,
0000,
fffb,
0000,
0005,
ffff,
000b,
fff3,
000e,
ffdb,
0020,
ffd1,
0029,
ffc2,
0043,
0076,
116f,
1967,
e586,
daac,
f446,
f665,
185c,
3075,
1f8c,
0cbc,
2b34,
2faf,
eee0,
da3b,
dbb0,
c72d,
d971,
fbdb,
f053,
e5ed,
fd05,
1299,
1248,
1073,
146c,
093f,
fee3,
07d8,
093f,
fd34,
f8b4,
f90b,
f791,
f903,
fded,
ff46,
fcdc,
fcf7,
0062,
00fc,
fef3,
feaa,
007c,
0188,
02db,
0565,
0560,
0209,
006b,
006c,
fefa,
fd15,
fc09,
fb4a,
fac1,
fc99,
ff7a,
00ed,
01a1,
027f,
02df,
033d,
02fc,
01cf,
0041,
ff06,
fe77,
fe6c,
fea1,
fe85,
fe35,
fe57,
ff0c,
ff9e,
0001,
001a,
0003,
ffee,
001e,
008a,
00fe,
0012,
fe4a,
fd8f,
fe08,
ffba,
01cf,
0262,
01e7,
0178,
0003,
0001,
0000,
0000,
ffff,
fffe,
fffd,
fffe,
fffe,
ffff,
ffff,
ffff,
ffff,
0000,
0001,
0003,
0002,
0002,
0001,
0000,
fffd,
fffd,
fffd,
ffff,
0000,
fffb,
0002,
0001,
0002,
0006,
fff8,
0008,
ffe2,
001d,
ffd2,
002a,
ffc0,
003f,
0147,
139e,
1270,
e174,
e3b4,
f6ed,
f888,
1a3a,
2b4a,
1a3e,
0d20,
2c31,
2686,
eb0b,
df49,
de51,
cb9e,
dfd4,
fac6,
ed57,
e882,
ffb0,
11c6,
1027,
0f8e,
1251,
0927,
03ad,
09c9,
04d3,
f994,
f916,
f9df,
f779,
f8ca,
fcfc,
fe6b,
fdd0,
fef6,
018d,
0112,
ff31,
ff9e,
0181,
0219,
02dd,
0422,
035e,
00c4,
ffeb,
ffb5,
fe33,
fd05,
fcbf,
fc6a,
fc4e,
fddf,
ff9c,
007b,
0163,
024f,
02a7,
02e4,
024a,
0149,
0051,
ff8a,
ff0d,
feea,
feb6,
fe43,
fe0d,
fe71,
fef4,
ff2c,
ff97,
ffe0,
fff4,
fffd,
004e,
00da,
0113,
ffd3,
fe55,
fdc5,
fe4d,
0070,
0251,
0237,
0189,
0004,
0003,
0003,
0001,
ffff,
fffe,
fffd,
fffd,
fffd,
fffc,
fffd,
fffe,
ffff,
0001,
0004,
0003,
0003,
0002,
0001,
fffe,
fffd,
fffd,
fffe,
ffff,
fffa,
fffc,
0004,
fffb,
000c,
fff3,
000f,
ffe2,
0019,
ffe3,
0012,
ffe5,
001b,
0015,
0b29,
194f,
f016,
dfb1,
fb0a,
f74c,
0c71,
25ee,
1af0,
0a66,
2626,
29cf,
ecbf,
e153,
efda,
d65a,
d564,
f61f,
eebc,
e00a,
f85b,
1169,
1039,
0f18,
1b5b,
19ac,
0f47,
0db9,
073a,
f794,
f16d,
f049,
ebda,
ebab,
f15d,
f96e,
fd36,
ff32,
0627,
0a0f,
0862,
0833,
0955,
0756,
04a9,
045d,
028e,
fdbe,
fb6a,
fc05,
fab9,
f993,
fa61,
fa4e,
fa3e,
fc4c,
febc,
0086,
0215,
0419,
0581,
05e0,
058d,
04c5,
0337,
00d4,
feca,
fd69,
fc4a,
fb6d,
fb4d,
fb97,
fc1f,
fd21,
fe89,
ffd0,
00ed,
0208,
031e,
037b,
030f,
0256,
0174,
002f,
ff49,
ff2f,
fed9,
fe77,
fea7,
fef2,
0005,
0005,
0004,
0002,
0003,
0002,
ffff,
fffe,
fffe,
fffe,
fffe,
ffff,
ffff,
ffff,
0000,
0004,
0004,
0004,
0004,
0003,
0000,
ffff,
ffff,
fffe,
ffff,
fffd,
fffb,
0004,
fffc,
000a,
fffa,
0008,
fff1,
0004,
fffe,
fff4,
0009,
fff2,
0015,
05f0,
1694,
fd5e,
e130,
f4e4,
f530,
01d8,
1f7d,
1fea,
0f45,
1b8f,
2b5a,
00f8,
e74b,
f052,
de43,
d455,
ef2a,
f3c3,
e45f,
f00c,
0783,
0e10,
0c89,
1584,
1815,
0f22,
0cb7,
0abd,
ff12,
f636,
f3f4,
f075,
eec3,
f197,
f5e8,
fa57,
fdef,
0287,
0637,
0664,
0644,
07d0,
07da,
0579,
0424,
038b,
0099,
fd7e,
fd33,
fc89,
fad6,
fa5e,
face,
faba,
fb97,
fd8c,
ff2e,
00bc,
02aa,
03fc,
049f,
04f0,
049d,
03ab,
0216,
0030,
fe92,
fd73,
fc8e,
fc0a,
fbea,
fc35,
fca7,
fdad,
ff21,
0058,
0142,
0246,
030b,
02f5,
0255,
0198,
009a,
ffb3,
ff80,
ff51,
fee2,
fece,
0004,
0004,
0004,
0003,
0003,
0003,
0001,
ffff,
fffd,
fffe,
fffe,
fffe,
fffe,
ffff,
ffff,
0000,
0003,
0003,
0003,
0003,
0003,
0000,
ffff,
ffff,
ffff,
ffff,
fffd,
fffd,
0003,
fffe,
0009,
fff8,
0009,
ffed,
000d,
fff1,
0005,
fff5,
0012,
0015,
07cd,
13ba,
f808,
e681,
f78d,
f5f8,
051b,
1cfe,
1b33,
0e32,
1c7f,
24ae,
fe6b,
ec3d,
ef82,
debd,
db5c,
f17a,
f1b0,
e72b,
f3d7,
06c9,
0baf,
0ca9,
140c,
13b2,
0c76,
0b02,
08e9,
ff8e,
f85b,
f5c1,
f323,
f2ac,
f490,
f70f,
fa1b,
fd4a,
0162,
03dd,
03d3,
045f,
0648,
064c,
04b7,
045e,
0420,
019e,
ff2b,
fea3,
fd71,
fbd5,
fb4f,
fb1c,
fab6,
fb86,
fd05,
fe7d,
0032,
0201,
0322,
03ec,
0483,
0457,
0385,
022e,
0084,
fefd,
fdf9,
fd2a,
fc6e,
fc2f,
fc69,
fcce,
fdbc,
ff16,
004f,
012b,
0210,
02a7,
02a6,
0221,
0165,
0077,
ffad,
ff84,
ff4d,
fefc,
0002,
0003,
0003,
0003,
0002,
0002,
0001,
0000,
ffff,
fffe,
fffd,
ffff,
fffe,
fffe,
fffe,
fffe,
0000,
0002,
0002,
0002,
0001,
0001,
ffff,
ffff,
fffe,
fffe,
fffe,
fffc,
fffe,
0002,
fffe,
0006,
fff9,
0007,
ffee,
000f,
ffea,
000d,
ffee,
001d,
003a,
08e9,
1052,
f577,
eb63,
f8f2,
f74d,
06ef,
1a0f,
16fc,
0d88,
1c31,
1fa3,
fe0a,
eeac,
ef3d,
e1cb,
e121,
f2a2,
f0c2,
e9c2,
f5da,
056b,
09c1,
0c13,
1274,
1013,
095b,
09bb,
08ce,
008c,
fa31,
f807,
f5f2,
f59b,
f727,
f89a,
f992,
fb79,
ff8b,
01d7,
0167,
0214,
0475,
0563,
0522,
0585,
0506,
025c,
0078,
fffc,
fe5d,
fc76,
fbc5,
fb4f,
fa9d,
fb15,
fc93,
fe25,
ffb8,
0160,
0284,
035f,
0408,
042c,
0370,
020a,
008d,
ff6d,
fe8f,
fdad,
fcee,
fc73,
fc94,
fd2d,
fe24,
ff31,
0006,
00e4,
01c4,
024a,
022a,
01a1,
0112,
003e,
ffb8,
ffa5,
ff92,
0000,
0002,
0003,
0003,
0003,
0002,
0002,
0002,
0000,
ffff,
ffff,
ffff,
ffff,
ffff,
fffe,
ffff,
0000,
0000,
0002,
0002,
0002,
0003,
0002,
0000,
0000,
ffff,
ffff,
ffff,
fffc,
ffff,
0001,
ffff,
0004,
fffb,
0005,
fff1,
000e,
ffeb,
0012,
ffef,
001a,
0077,
0954,
0d13,
f4b9,
ef8e,
f9ca,
f8a5,
07c2,
16d1,
1372,
0d47,
1b87,
1bdb,
fd4b,
f06a,
f0b4,
e53c,
e5c2,
f34a,
f04c,
ebc2,
f6ef,
044b,
0858,
0b25,
0f78,
0c5d,
0825,
0a2b,
08df,
00fd,
fc36,
facd,
f8ac,
f78a,
f83d,
f925,
f949,
fa1e,
fd01,
ff14,
ff9f,
0130,
03f1,
058d,
05ca,
0607,
056b,
032d,
0189,
008a,
febd,
fcf6,
fc27,
fb57,
fa8c,
fb0e,
fc6b,
fde5,
ff48,
00c5,
0203,
0323,
03c8,
03b1,
0308,
01de,
00b6,
ffd4,
fefb,
fe0f,
fd50,
fd17,
fd39,
fda2,
fe59,
ff12,
ffc4,
0075,
0145,
01ac,
017c,
0129,
00d1,
0057,
0010,
0021,
ffff,
0001,
0002,
0003,
0003,
0002,
0002,
0003,
0002,
0001,
0000,
0000,
ffff,
0000,
ffff,
ffff,
0000,
0000,
0001,
0002,
0002,
0003,
0003,
0002,
0001,
ffff,
ffff,
0001,
0000,
fffd,
0000,
0000,
0001,
0003,
fffe,
0003,
fff6,
000c,
ffee,
0013,
fff2,
0010,
00b3,
0925,
0a5b,
f540,
f2ed,
fa39,
f9dc,
07bc,
1383,
10cc,
0d69,
1a86,
17fb,
fcb7,
f308,
f2b9,
e895,
e977,
f365,
f016,
ed5c,
f7de,
038e,
06b1,
0877,
0bd7,
0ace,
093f,
0abc,
0850,
01e8,
fed5,
fd14,
f9e1,
f844,
f888,
f921,
f8b0,
f879,
fac3,
fda9,
ff9d,
01b5,
041d,
0529,
0594,
0625,
05af,
03a6,
01e1,
00b0,
fef3,
fd79,
fc8e,
fb70,
faad,
fb43,
fc84,
fd9f,
feef,
0073,
01a9,
02b3,
034e,
033a,
0292,
01bd,
00e4,
0023,
ff66,
fe9b,
fdf6,
fdb2,
fdbe,
fdd9,
fe3b,
fed9,
ff71,
0003,
00a0,
0106,
011c,
0108,
00e6,
00a2,
008f,
fffe,
ffff,
0001,
0001,
0002,
0002,
0002,
0002,
0002,
0002,
0001,
0000,
ffff,
ffff,
ffff,
ffff,
ffff,
ffff,
ffff,
0000,
0001,
0002,
0002,
0002,
0001,
0000,
ffff,
ffff,
0000,
ffff,
fffd,
0000,
ffff,
0001,
0001,
ffff,
0002,
fff9,
0008,
fff3,
0011,
fff3,
0008,
00d9,
088d,
0854,
f68e,
f565,
fa64,
faf4,
0706,
1092,
0f2c,
0da9,
1876,
140c,
fd71,
f609,
f4a0,
ebbf,
ec13,
f325,
f06c,
ef71,
f87e,
0170,
0409,
063f,
0a41,
0af8,
0a45,
0aad,
0848,
038f,
005e,
fd6d,
fa22,
f8b1,
f866,
f833,
f7cf,
f822,
fabc,
fe1c,
0049,
01bb,
035f,
0480,
0533,
05e7,
059f,
039c,
01ba,
00ab,
ff68,
fdf9,
fcda,
fbcf,
fb2d,
fb9a,
fc99,
fd9a,
feb2,
fff8,
012a,
0225,
02ad,
02d1,
0270,
01b9,
0114,
0096,
fff3,
ff09,
fe38,
fde2,
fddf,
fe04,
fe54,
fea4,
ff04,
ffa2,
0056,
00cc,
00f7,
00fe,
00f5,
00e4,
fffc,
fffd,
fffe,
0000,
0001,
0000,
0000,
0001,
0001,
0000,
0000,
ffff,
ffff,
ffff,
fffe,
ffff,
fffe,
fffe,
fffe,
fffe,
0000,
0001,
0001,
0002,
0001,
0000,
ffff,
fffe,
fffe,
ffff,
fffe,
fffc,
ffff,
fffe,
0000,
0001,
ffff,
0000,
fffb,
0006,
fff6,
000d,
fff5,
ffff,
00ea,
07b9,
0708,
f82a,
f6f3,
fa9e,
fbc4,
05ed,
0e5f,
0e3f,
0d68,
1562,
1120,
ff4c,
f8a2,
f676,
ee7b,
edbe,
f366,
f1ab,
f035,
f734,
ffe2,
02f3,
050d,
097f,
0b65,
0aed,
0ae7,
0884,
03b0,
0038,
fd6e,
fa76,
f87e,
f797,
f7ed,
f86f,
f97e,
fc36,
fe87,
ff92,
00e1,
02cf,
0412,
04bf,
0535,
04de,
0337,
01c0,
00fe,
ffe6,
fe8d,
fd53,
fc63,
fbe5,
fbff,
fc8e,
fd4c,
fe58,
ff8b,
00ab,
019f,
0245,
02a6,
027e,
01ff,
0155,
00b9,
0000,
ff0a,
fe4e,
fe1c,
fe35,
fe3e,
fe55,
fe91,
feee,
ff84,
003a,
00b1,
00c9,
00db,
010d,
fffe,
fffe,
fffd,
ffff,
0000,
0001,
0002,
0002,
0002,
0001,
0001,
0001,
0000,
ffff,
ffff,
ffff,
ffff,
ffff,
ffff,
ffff,
ffff,
0001,
0002,
0002,
0002,
0002,
0001,
0000,
0000,
ffff,
0000,
ffff,
fffd,
0000,
0000,
0001,
0001,
0000,
0000,
fffe,
0005,
fffa,
000d,
fff6,
fffd,
00e2,
06de,
0661,
f997,
f7e8,
faf5,
fc45,
04fb,
0cde,
0d87,
0c4d,
1216,
0f7f,
015e,
fae6,
f839,
f0b8,
ef61,
f351,
f156,
f0bd,
f7c8,
ff5b,
01a2,
0437,
09cb,
0c42,
0afe,
09b6,
074a,
0371,
0051,
fd43,
fa02,
f814,
f841,
f98c,
fa3b,
fae1,
fc6f,
fdc6,
fec8,
009d,
0265,
0329,
03ae,
0450,
0441,
030e,
022d,
017c,
005a,
ff25,
fe0b,
fcfa,
fc32,
fc0f,
fc56,
fd12,
fe26,
ff3b,
0043,
014d,
0223,
0290,
028a,
0209,
013a,
0075,
ffcf,
ff38,
fec3,
fe8e,
fe63,
fe4c,
fe64,
feaa,
ff04,
ff73,
0006,
0079,
00b2,
00d3,
fffd,
fffd,
fffd,
fffe,
fffe,
0000,
0001,
0001,
0001,
0001,
0001,
0001,
0001,
0000,
ffff,
ffff,
ffff,
ffff,
ffff,
ffff,
ffff,
ffff,
0000,
0001,
0001,
0001,
0001,
0000,
ffff,
ffff,
fffe,
ffff,
fffe,
fffd,
0000,
ffff,
0001,
0001,
0000,
0001,
fffd,
0005,
fffb,
000b,
fff4,
fffa,
00c8,
0618,
0612,
faa9,
f87d,
fb66,
fcab,
0461,
0bce,
0c82,
0a93,
0f44,
0eb4,
0365,
fd1f,
fa09,
f1f5,
eef8,
f2f9,
f30e,
f2c3,
f807,
fe1b,
00cd,
04fb,
0aa6,
0b58,
08e7,
07e9,
06ac,
0380,
ffe1,
fc70,
fa38,
f9f9,
fa8d,
faf5,
fac4,
fad3,
fc19,
fd86,
fe8e,
ffec,
0153,
023a,
02df,
03c9,
0423,
0349,
027d,
01e6,
00ee,
ff9f,
fe76,
fd3d,
fc34,
fc0d,
fc6f,
fd09,
fde0,
fefd,
0019,
011a,
0207,
0275,
0237,
01a9,
0114,
0092,
000b,
ff98,
ff29,
fec3,
fe81,
fe61,
fe74,
fead,
ff09,
ff6f,
ffdd,
0048,
0092,
fffe,
fffe,
fffe,
fffe,
fffe,
ffff,
0000,
0000,
0001,
0001,
0001,
0001,
0000,
0000,
0000,
ffff,
ffff,
ffff,
0000,
ffff,
ffff,
0000,
0000,
0000,
0001,
0001,
0001,
0000,
0000,
0000,
ffff,
ffff,
ffff,
ffff,
fffe,
0000,
0000,
0001,
0001,
0000,
0003,
fffd,
0004,
fffc,
000c,
fff0,
ffff,
00a9,
0574,
05ec,
fb57,
f8f2,
fbea,
fd24,
042c,
0ac2,
0b01,
08c0,
0d49,
0e7d,
05af,
ff20,
f98a,
f162,
f037,
f511,
f537,
f3f4,
f798,
fd7d,
0195,
05a6,
090c,
08b3,
0704,
06fa,
062b,
02e2,
ffab,
fd7a,
fc7b,
fc34,
fb6e,
fa99,
fa77,
fb07,
fc16,
fd28,
fdfe,
ff19,
0089,
01c7,
02c2,
03a2,
0401,
0378,
02da,
024c,
0133,
ffc5,
fe89,
fd60,
fc64,
fc14,
fc58,
fcf6,
fdd3,
fef0,
000a,
0104,
01b3,
0200,
01f6,
01ac,
0153,
00d8,
004e,
ffca,
ff54,
feeb,
fe83,
fe5b,
fe7b,
febc,
fefd,
ff54,
ffc8,
002a,
0000,
ffff,
fffe,
fffe,
fffe,
ffff,
ffff,
0000,
0000,
0001,
0001,
0000,
0001,
0001,
0000,
0000,
0000,
ffff,
0000,
0000,
0000,
0000,
0000,
0000,
0000,
0002,
0001,
0001,
0000,
0001,
0000,
0000,
0000,
ffff,
ffff,
fffe,
0001,
0001,
0002,
0002,
0001,
0003,
fffc,
0005,
0000,
0006,
fff1,
0006,
008a,
04f5,
05ab,
fbc4,
f960,
fc97,
fdd3,
0404,
096e,
093e,
0782,
0c4d,
0edf,
0682,
fe58,
f931,
f340,
f2cd,
f718,
f69c,
f4a7,
f81d,
fdd2,
0120,
03ed,
06b1,
06ed,
0594,
05bb,
05ba,
03b8,
0160,
ff65,
fdc0,
fc3c,
fb0a,
fa9c,
fac1,
faf4,
fbc6,
fcba,
fd7f,
fedb,
0072,
019f,
0289,
0392,
0427,
03b2,
030b,
024a,
0117,
ffbd,
fe98,
fd75,
fc57,
fbfe,
fc65,
fd29,
fe10,
feff,
ffda,
00a2,
0169,
0200,
0211,
01c1,
015a,
00ff,
0087,
ffe5,
ff4c,
fedf,
fe9f,
fe73,
fe67,
fe89,
fee2,
ff5f,
ffd6,
0001,
0000,
0000,
0000,
ffff,
ffff,
ffff,
ffff,
ffff,
0000,
0001,
0001,
0000,
0001,
0001,
0001,
0000,
0000,
0000,
0000,
0000,
0000,
0000,
0000,
0000,
0001,
0002,
0001,
0001,
0001,
0001,
0000,
0000,
0000,
ffff,
0000,
ffff,
0001,
0001,
0002,
0002,
0002,
0003,
fffd,
0006,
fffd,
0007,
fff6,
0008,
0082,
0484,
0531,
fc0f,
f9f1,
fd5d,
fe98,
03c8,
07ec,
07e0,
0781,
0b6e,
0c6e,
05f2,
ffaf,
faa8,
f551,
f4eb,
f8c5,
f855,
f607,
f7a3,
fbdf,
ffc3,
02fb,
04ec,
048a,
0426,
062d,
0785,
0593,
022b,
ff09,
fd56,
fc93,
fb76,
faa6,
fa76,
fa8e,
fb82,
fcc7,
fdcf,
fee0,
0036,
0193,
02d8,
03d3,
0416,
038f,
02c5,
0200,
00dd,
ff8d,
fe74,
fd4b,
fc64,
fc42,
fcd1,
fd87,
fe24,
fee3,
ffbb,
00a7,
0179,
01f2,
01ee,
01ba,
0173,
010e,
0088,
fff0,
ff5e,
fedf,
fe7d,
fe3d,
fe48,
fe8c,
fefc,
ff7d,
0002,
0001,
0001,
0001,
0000,
ffff,
0000,
ffff,
0000,
0000,
0000,
0001,
0000,
0001,
0001,
0001,
0001,
0001,
0001,
0001,
0001,
0001,
0000,
0000,
0000,
0000,
0001,
0002,
0001,
0001,
0001,
0001,
0000,
0000,
0000,
0001,
0000,
ffff,
0001,
0002,
0002,
0001,
0003,
0002,
fffd,
0003,
0003,
0006,
fff7,
000e,
0094,
041a,
0473,
fc61,
fa9b,
fe2f,
ff8c,
0368,
0717,
0779,
0577,
0825,
0bc2,
07ec,
0163,
fb75,
f6e9,
f7e7,
fb68,
f8c5,
f453,
f5c1,
fb55,
ff76,
0104,
0235,
03ae,
05de,
086c,
086c,
04ef,
0104,
feef,
fe24,
fd0e,
fb3c,
fa11,
fa03,
fa9d,
fbfb,
fd3a,
fdfb,
fef0,
007d,
020a,
030d,
03a2,
03a7,
030c,
0252,
018e,
0075,
ff3e,
fe53,
fd6d,
fccc,
fcd5,
fd3d,
fdbf,
fe3f,
fef9,
ffd1,
00b0,
0163,
01c0,
01cf,
01ae,
017c,
0121,
0097,
ffdd,
ff23,
fea0,
fe55,
fe4e,
fe6c,
feb4,
ff20,
0002,
0002,
0001,
0001,
0000,
ffff,
ffff,
ffff,
ffff,
ffff,
ffff,
0000,
0000,
ffff,
0000,
0001,
0001,
0001,
0001,
0000,
0000,
0000,
0000,
0000,
0000,
0000,
0000,
0001,
0001,
0001,
0001,
0001,
0000,
0000,
0000,
0000,
0001,
0000,
0000,
0001,
0002,
0001,
0001,
0003,
0000,
ffff,
0004,
0005,
fffd,
0000,
0015,
00c7,
03a1,
0367,
fccf,
fb64,
ff31,
00de,
03ef,
052e,
0375,
03ff,
08f4,
0ccb,
08c1,
01c6,
fcdd,
fa57,
fa8d,
fa41,
f63c,
f343,
f5e9,
fab5,
fd6d,
ff68,
02c5,
05f5,
0794,
0852,
070d,
03d2,
010d,
ff88,
fe5b,
fc7a,
fa78,
f9ba,
fa4e,
fb5e,
fc96,
fd9e,
fe5a,
ff85,
0101,
0220,
02ce,
0311,
02fa,
0265,
01b7,
0106,
0011,
ff23,
fe67,
fdde,
fd7c,
fd61,
fd91,
fdde,
fe60,
ff1e,
fff0,
00a5,
0135,
019c,
01be,
01b4,
016f,
00f8,
0056,
ff91,
fee6,
fe8d,
fe89,
fe92,
fe98,
fec3,
0002,
0002,
0003,
0001,
0001,
0000,
ffff,
ffff,
ffff,
fffe,
ffff,
ffff,
ffff,
0000,
0000,
0001,
0001,
0002,
0001,
0001,
0000,
0001,
0000,
0000,
0000,
0000,
0000,
0001,
0001,
0002,
0001,
0001,
0001,
0001,
0001,
0001,
0001,
0001,
0000,
0000,
0001,
0002,
0000,
0001,
0003,
0003,
fffe,
0002,
0004,
0000,
0007,
0029,
0117,
02e9,
0238,
fd87,
fcbf,
0163,
01d0,
0018,
01a3,
03e8,
061e,
09d3,
0c3b,
08d4,
0398,
ff84,
fb1f,
f8b8,
f7f9,
f54d,
f313,
f511,
f996,
fda7,
0165,
04fe,
06c7,
06fa,
071d,
0629,
038c,
010b,
ff4d,
fd7b,
fb84,
fa4d,
fa59,
fb37,
fc1d,
fd22,
fe28,
ff11,
0019,
011a,
01d1,
022c,
025f,
024f,
01c5,
0119,
0088,
ffec,
ff5c,
fef1,
fe6a,
fde1,
fdaa,
fdc5,
fe21,
fe9a,
ff41,
fffc,
00a8,
012d,
016f,
0193,
018c,
0137,
009b,
fff8,
ff74,
ff04,
fec8,
feb3,
fea2,
fea2,
0002,
0002,
0002,
0002,
0001,
0000,
0000,
ffff,
fffe,
fffe,
fffe,
fffe,
fffe,
ffff,
0000,
0000,
0000,
0001,
0001,
0001,
0001,
0000,
0000,
0000,
0000,
0000,
0000,
0000,
0001,
0001,
0000,
0001,
0000,
0001,
0000,
0001,
0000,
0000,
0000,
ffff,
0000,
0000,
0000,
fffe,
0004,
0005,
ffff,
fffd,
0001,
0008,
0003,
000a,
0056,
013e,
0206,
0160,
ffcb,
ff73,
ff38,
fdf4,
ff9a,
03a5,
05e3,
06d1,
0984,
0ca4,
0a8a,
03ee,
fdab,
f95f,
f757,
f66b,
f3f2,
f23a,
f5a2,
fc02,
00b3,
0367,
0535,
05e0,
062f,
06a9,
0595,
029f,
ffe8,
fe35,
fcb1,
fb75,
fb19,
fb42,
fbe5,
fcd3,
fdf1,
feeb,
ffa2,
0045,
00be,
0140,
01a8,
01cc,
018d,
0113,
00b7,
0081,
0039,
ffb6,
ff1c,
fe98,
fe2b,
fe06,
fe20,
fe68,
fed6,
ff62,
000c,
009f,
0104,
0140,
0154,
013c,
00da,
0061,
ffef,
ff76,
ff11,
fecb,
feaa,
fea5,
0002,
0002,
0002,
0001,
0001,
0001,
0000,
0000,
ffff,
fffe,
fffe,
fffe,
fffe,
ffff,
0000,
0000,
0001,
0001,
0001,
0000,
0001,
0000,
0000,
0000,
0000,
0000,
0000,
0000,
0000,
0001,
0001,
0001,
0001,
0001,
0002,
0001,
0000,
0000,
0000,
0000,
0001,
0000,
fffe,
ffff,
0003,
0006,
0000,
0001,
fffe,
0007,
0004,
0009,
0009,
008a,
0155,
01df,
0334,
0026,
fb0d,
fd05,
00e1,
02a7,
04c4,
0646,
07bf,
0b70,
0d19,
076a,
ffdf,
fbfd,
f8d3,
f553,
f390,
f327,
f4ff,
fa44,
ffe4,
0267,
0321,
0432,
0599,
0671,
05b9,
037c,
0086,
feae,
fdc9,
fccb,
fc02,
fbad,
fbf3,
fcd7,
fded,
fec7,
ff5d,
ffb7,
fffb,
007e,
00f7,
0111,
0106,
0101,
00ee,
00b6,
008a,
0035,
ffa5,
ff2f,
fed3,
fe98,
fe76,
fe75,
fe95,
fee9,
ff8c,
0027,
0095,
00d6,
0107,
011b,
00e9,
009c,
0030,
ffbe,
ff49,
fee0,
febd,
fed2,
0002,
0002,
0003,
0002,
0002,
0002,
0000,
0000,
ffff,
ffff,
ffff,
ffff,
ffff,
0000,
0000,
0001,
0000,
0001,
0001,
0000,
0001,
0001,
0001,
0000,
0000,
0000,
0000,
0000,
0001,
0002,
0001,
0000,
0001,
0001,
0001,
0001,
0001,
0001,
ffff,
0001,
0000,
0000,
fffe,
fffe,
0005,
0001,
0002,
0001,
0007,
0001,
0000,
0008,
fffa,
0024,
013c,
036a,
0253,
fe50,
fc63,
fd19,
00c5,
03bb,
03c7,
054e,
08f4,
0a6d,
0942,
0717,
02c4,
fe0b,
fad7,
f69c,
f1fc,
f2df,
f7dd,
fbb1,
fe97,
0101,
020b,
0290,
0480,
0616,
050e,
02bf,
00ca,
ff3f,
fe3e,
fdd3,
fd04,
fc41,
fc64,
fd28,
fe30,
fed7,
ff29,
ff65,
ffa5,
000a,
006a,
008d,
0079,
0096,
00dd,
00d7,
0087,
0039,
fff6,
ffa7,
ff6f,
ff42,
fee2,
fe9b,
fe9e,
fedc,
ff43,
ffc0,
0048,
009a,
00ba,
00c1,
00b0,
0095,
003f,
ffc3,
ff55,
ff10,
ff07,
ff23,
0001,
0001,
0001,
0001,
0000,
0001,
0000,
0000,
ffff,
fffe,
fffe,
ffff,
ffff,
0000,
ffff,
0000,
0000,
0000,
0000,
ffff,
0000,
0000,
0000,
0000,
0000,
0000,
0000,
0000,
0000,
0001,
0001,
0000,
0001,
0001,
0001,
0001,
0001,
0000,
0000,
0000,
0000,
0001,
fffe,
0000,
0002,
ffff,
0003,
0000,
000d,
0000,
0001,
fff5,
0002,
002c,
023b,
0420,
ff88,
fb81,
fe23,
00de,
00f5,
0251,
04fc,
0690,
0929,
0938,
0505,
02d8,
0307,
006f,
fba9,
f7e4,
f3aa,
f2c1,
f8ec,
ff44,
0014,
ff86,
00e0,
023d,
035b,
0474,
041a,
01eb,
ffef,
ff1c,
fe82,
fe0e,
fdc5,
fd3a,
fcfc,
fda7,
fea0,
ff34,
ff35,
ff45,
ff99,
fffe,
0038,
0028,
000c,
000f,
006a,
009b,
006c,
0013,
ffe6,
ffec,
ffc4,
ff8d,
ff4c,
ff12,
fef4,
ff04,
ff53,
ffc5,
0033,
005a,
0057,
0057,
004f,
0030,
fff5,
ffac,
ff66,
ff4a,
ff61,
ff86,
0001,
0001,
0001,
0001,
0000,
0000,
ffff,
ffff,
ffff,
fffe,
fffe,
ffff,
ffff,
ffff,
ffff,
0000,
ffff,
0000,
0000,
ffff,
0000,
ffff,
0000,
0000,
0000,
0000,
0000,
0000,
0000,
0001,
0001,
0001,
0000,
0000,
0001,
0001,
0000,
ffff,
0000,
ffff,
ffff,
0001,
fffd,
0001,
ffff,
0002,
fffd,
0003,
0008,
0008,
fffe,
ffef,
fff9,
014b,
03e7,
015e,
fc1d,
fc3d,
ffcb,
028c,
02e7,
027f,
04f9,
09d4,
095b,
0490,
01cc,
0048,
ffff,
ffa3,
fd06,
f8a3,
f57f,
f628,
fa2d,
ffdf,
02f9,
018c,
0013,
0195,
02f9,
029c,
0209,
0104,
ff32,
fddd,
fddf,
fe11,
fe0e,
fdfe,
fdd8,
fe43,
ff29,
ffa9,
ff98,
ffb7,
0003,
001a,
001b,
fffe,
ffd9,
ffb6,
ffbd,
ffec,
0018,
0004,
ffaa,
ff83,
ffa0,
ffc0,
ffbd,
ff9b,
ff76,
ff88,
ffda,
0018,
0024,
001b,
000f,
ffe8,
ffb6,
ff98,
ff8e,
ff8a,
ff7f,
ff84,
ffa5,
ffdc,
0003,
0004,
0003,
0002,
0002,
0002,
0001,
0001,
0001,
0001,
0002,
0002,
0002,
0002,
0002,
0003,
0002,
0003,
0002,
0002,
0002,
0002,
0002,
0002,
0002,
0002,
0002,
0003,
0003,
0004,
0003,
0003,
0003,
0002,
0002,
0002,
0002,
0002,
0003,
0001,
0002,
0001,
0002,
0001,
0001,
0005,
ffff,
0004,
0008,
000c,
0001,
fff4,
008e,
03c3,
0307,
fc2f,
faf6,
ff55,
0230,
02a1,
032f,
051f,
084a,
09ff,
06c9,
0101,
fe1b,
febd,
fdd2,
fc38,
fbd2,
fa6a,
f842,
f956,
fd6a,
007a,
0357,
04a0,
02dc,
0139,
0183,
015f,
0014,
ff2d,
fe27,
fcfd,
fc6f,
fd48,
fe3c,
fe5c,
fe8b,
ff0f,
ffaa,
002a,
009c,
00ab,
0086,
0056,
003f,
0024,
ffc2,
ff5a,
ff23,
ff4f,
ff84,
ff68,
ff1b,
feff,
ff55,
ffbf,
fffc,
0020,
0057,
0074,
006c,
0064,
0049,
0019,
ffc0,
ff61,
ff26,
ff1f,
ff34,
ff55,
ff88,
ffb5,
ffe8,
001f,
0000,
0000,
ffff,
fffe,
fffe,
fffd,
fffd,
fffd,
fffd,
fffe,
ffff,
ffff,
ffff,
0000,
ffff,
ffff,
ffff,
ffff,
fffe,
fffe,
ffff,
fffe,
ffff,
ffff,
fffe,
ffff,
ffff,
ffff,
ffff,
ffff,
0000,
0000,
0000,
ffff,
fffe,
ffff,
ffff,
ffff,
ffff,
ffff,
0000,
fffe,
0000,
fffc,
0001,
0000,
ffff,
fffd,
0007,
fffb,
0009,
0026,
0304,
04c5,
fdc4,
f8d7,
fd37,
02ab,
03b4,
02d5,
03e1,
0865,
0c2e,
082a,
00f8,
fd9e,
fd19,
fc4b,
fb50,
fa1c,
f934,
fa9b,
fc8a,
fd55,
ff19,
023f,
043d,
05ba,
062c,
0363,
0033,
ff24,
feac,
fd6f,
fc64,
fbd2,
fb9a,
fc1b,
fd6a,
fe97,
fefc,
ff85,
005f,
0136,
01a9,
017f,
0133,
0110,
00cb,
0039,
ff98,
ff1a,
fed3,
fea9,
fe6c,
fe4e,
fe71,
feb3,
feef,
ff69,
0032,
00d7,
012a,
013a,
011a,
00ce,
006d,
0005,
ff89,
ff1a,
fecd,
febb,
fee4,
ff1f,
ff74,
ffc7,
000a,
0029,
0002,
0002,
0000,
0000,
0000,
0000,
ffff,
ffff,
0000,
0001,
0001,
0002,
0001,
0001,
0001,
0001,
0001,
0000,
0000,
0000,
0000,
0000,
0001,
0000,
0000,
0001,
0002,
0002,
0002,
0003,
0002,
0002,
0002,
0001,
0000,
0001,
0001,
0001,
0001,
0003,
0003,
0003,
0000,
0001,
0001,
0006,
fffd,
000a,
fffc,
0008,
ffff,
020b,
0602,
0068,
f7de,
fa50,
015e,
04bb,
0409,
03cc,
075b,
0c86,
0b15,
0349,
fcd1,
fb02,
fbb1,
fa8f,
f875,
f7dc,
f8b7,
fb20,
ff50,
0198,
0159,
02ed,
05df,
07a4,
0749,
04ec,
00f8,
fdaa,
fc81,
fbe4,
fafe,
fa5a,
fac0,
fb88,
fc56,
fdd9,
ff6a,
004e,
0112,
0208,
0286,
0284,
0264,
01ff,
0143,
005b,
ffbc,
ff09,
fe34,
fd96,
fd6a,
fd94,
fdb4,
fe0f,
fea6,
ff7d,
006e,
0144,
01d2,
01f3,
01c2,
0128,
007d,
0002,
ff94,
ff1e,
feb0,
fe87,
fea5,
fef7,
ff4e,
ff97,
ffd9,
0012,
0001,
0000,
ffff,
fffe,
fffe,
fffe,
fffe,
fffe,
ffff,
0000,
0000,
0001,
0001,
0001,
0001,
0001,
0000,
ffff,
0000,
ffff,
ffff,
ffff,
ffff,
ffff,
0000,
0000,
0000,
0001,
0001,
0001,
0001,
0000,
0000,
0000,
ffff,
0000,
0000,
ffff,
0001,
0001,
0004,
0000,
0000,
fffe,
0002,
0001,
0000,
0008,
fffd,
0002,
00f7,
062c,
03e3,
f832,
f710,
ff63,
04fd,
04f4,
0436,
0721,
0d3f,
0d8b,
04ad,
fcf8,
fa93,
faa1,
f961,
f787,
f679,
f677,
f982,
fe1b,
0151,
0338,
043f,
04a1,
06ee,
090c,
0797,
046f,
017e,
fe30,
fb05,
f9e2,
f9b6,
f9a6,
f9db,
fa86,
fbd9,
fd8b,
ff5a,
0098,
0191,
02b0,
0392,
03cf,
0361,
0297,
01d1,
00f7,
ffa9,
fe53,
fd75,
fcfc,
fca8,
fca2,
fd05,
fdb1,
fe92,
ff9b,
00a9,
019c,
0250,
0258,
01e5,
0165,
00d7,
0029,
ff92,
ff32,
fed6,
fe90,
fe7d,
fe9f,
fedf,
ff3f,
ffab,
0000,
0002,
0001,
0000,
ffff,
ffff,
ffff,
ffff,
ffff,
0000,
0001,
0002,
0002,
0001,
0002,
0002,
0002,
0002,
0001,
0001,
0001,
0000,
ffff,
0000,
0000,
0000,
0001,
0001,
0001,
0002,
0001,
0001,
0001,
0001,
0000,
0001,
0000,
0000,
0001,
0002,
0003,
0004,
0001,
0002,
fffe,
0008,
fff7,
0010,
fff3,
001a,
0044,
0541,
0730,
fa51,
f3fd,
fc56,
04c7,
065c,
048a,
068b,
0db5,
10ad,
07b0,
fd0d,
f8ab,
f972,
f9d3,
f709,
f48c,
f442,
f765,
fc71,
0143,
036d,
0415,
05ca,
07c0,
08b1,
07ff,
0657,
03bc,
010a,
fe40,
fb30,
f8f8,
f86f,
f8d9,
f94c,
fa4f,
fbe5,
fd66,
fead,
0085,
026a,
03a6,
0469,
047e,
0414,
0367,
0250,
00b9,
ff36,
fe1d,
fd0b,
fc39,
fbe1,
fc19,
fcb9,
fd93,
fea6,
ffd6,
0115,
01e8,
0242,
0252,
0215,
019a,
00fb,
0062,
ffd2,
ff58,
fee7,
fe81,
fe4b,
fe4d,
fe91,
fefe,
ff83,
fffd,
0000,
0000,
ffff,
fffe,
fffd,
fffe,
fffe,
ffff,
0000,
0000,
0000,
0001,
0001,
0001,
0001,
0000,
0000,
0000,
0000,
0000,
ffff,
0000,
0000,
ffff,
0000,
0001,
0001,
0001,
0000,
0001,
0000,
0000,
ffff,
0000,
0000,
0000,
ffff,
0002,
0001,
0004,
ffff,
0007,
fff9,
000b,
fff5,
000f,
fff5,
0018,
fffe,
03ba,
09a1,
fe1b,
f191,
f864,
039a,
07b1,
05d1,
064d,
0d45,
12f8,
0b62,
fe9c,
f7f5,
f767,
f852,
f6af,
f492,
f2c5,
f43d,
f9ed,
008b,
03db,
04d3,
05f8,
0779,
0a1c,
098e,
062b,
03a6,
0242,
0005,
fd82,
fbae,
f94d,
f805,
f84f,
f97f,
faac,
fbc7,
fd12,
fec2,
010e,
0319,
043e,
04bd,
050c,
04a4,
0352,
01dc,
0093,
ff37,
fda8,
fc5c,
fbbb,
fb94,
fbf5,
fcbe,
fdc6,
ff0f,
0042,
0138,
01e9,
0245,
024a,
01f7,
018b,
0122,
00a9,
fff1,
ff32,
fead,
fe64,
fe43,
fe3e,
fe7c,
feec,
ff7d,
fffe,
0000,
ffff,
fffe,
fffe,
fffe,
fffe,
ffff,
0000,
0000,
0001,
0000,
0001,
0001,
0001,
0000,
0000,
0000,
0000,
0000,
ffff,
0000,
0000,
0000,
0000,
0001,
0000,
0001,
0001,
0000,
0000,
ffff,
fffe,
ffff,
0000,
0000,
fffe,
0002,
0000,
0005,
fffd,
0007,
fffd,
0003,
fffe,
0000,
0009,
0004,
0007,
0214,
0a95,
0341,
f0a9,
f398,
015e,
0881,
0790,
06c8,
0d38,
1477,
0e87,
0065,
f801,
f652,
f74c,
f571,
f2e8,
f1fa,
f303,
f79c,
fe32,
0346,
0597,
06bf,
0826,
0aa5,
0a8e,
07db,
0456,
0143,
ff96,
fe1c,
fca4,
fb46,
fa7b,
f945,
f88c,
f961,
fb26,
fc73,
fd9d,
ffb2,
019e,
033d,
04b9,
0535,
049d,
03d6,
0311,
01bc,
0002,
fe71,
fd21,
fc23,
fba3,
fbb8,
fc3b,
fd37,
fe59,
ff6d,
0085,
0189,
0213,
0211,
01eb,
01d8,
01a7,
011a,
0047,
ff77,
fef0,
fea1,
fe73,
fe4d,
fe51,
fea2,
ff22,
ffa7,
fffe,
ffff,
fffe,
ffff,
fffe,
fffe,
ffff,
0000,
0002,
0002,
0001,
0001,
0001,
0002,
0001,
0001,
0001,
0001,
0001,
0001,
0000,
0000,
0000,
0001,
0002,
0002,
0002,
0001,
0001,
0000,
0000,
ffff,
ffff,
0001,
0001,
fffe,
0001,
0002,
0003,
0000,
0001,
0004,
fffc,
000a,
fff0,
0018,
ffef,
0030,
00cb,
09f9,
08b5,
f1fe,
ee71,
fe14,
0877,
0950,
07ec,
0daa,
15ee,
116d,
0242,
f80d,
f531,
f670,
f4e1,
f199,
f064,
f106,
f5d9,
fce3,
02a7,
053c,
06e0,
08ca,
0b99,
0c8a,
0936,
04e4,
01e8,
ff82,
fc5e,
fb84,
fbd1,
fb75,
fab7,
fa12,
fa2c,
fabc,
fbec,
fd66,
ff18,
0100,
02b8,
03a6,
040b,
0453,
0435,
0359,
01f0,
0084,
ff2b,
fdc5,
fcb8,
fc30,
fc16,
fc5a,
fce2,
fdbd,
ff02,
003f,
012e,
019e,
01ce,
01f8,
01f9,
01b0,
00fd,
0046,
ffb1,
ff32,
fec3,
fe82,
fe70,
fe7e,
febb,
ff0c,
ff5a,
ffa9,
fff7,
fffe,
fffe,
fffe,
fffe,
ffff,
0000,
0001,
0001,
0001,
0001,
0001,
0001,
0001,
0000,
0000,
0000,
0000,
0000,
0000,
ffff,
0000,
0000,
0001,
0002,
0002,
0001,
0001,
0001,
ffff,
ffff,
fffe,
ffff,
0000,
fffe,
ffff,
0003,
0002,
0004,
fffa,
000b,
fff4,
0012,
ffe9,
001c,
ffe2,
0044,
0022,
0832,
0d5d,
f5b5,
e9a5,
f9ca,
07ac,
0aa3,
0944,
0ebf,
17b7,
140e,
041f,
f87f,
f43f,
f4fe,
f434,
f039,
ef49,
efe0,
f389,
fab3,
0202,
05d8,
0749,
08a2,
0b9f,
0e40,
0b38,
068f,
027e,
ff1d,
fc74,
fad5,
fa03,
f9e3,
fa70,
faf5,
fb99,
fc5f,
fcd8,
fcf1,
fefd,
01df,
02df,
02d1,
033a,
03c6,
039d,
02d3,
01b5,
0063,
ff28,
fe20,
fd4b,
fcb2,
fc94,
fca0,
fce4,
fdbe,
ff14,
003e,
00e4,
0169,
01ce,
020b,
01e4,
0161,
00a8,
0010,
ffae,
ff41,
febe,
fe77,
fe7b,
fea4,
fed1,
ff02,
ff46,
ff9c,
0014,
0063,
fffd,
fffd,
fffd,
fffe,
ffff,
0000,
0002,
0001,
0001,
0001,
0001,
0001,
0000,
0000,
0000,
ffff,
ffff,
ffff,
ffff,
0000,
0000,
0000,
0002,
0002,
0002,
0000,
0000,
ffff,
ffff,
fffd,
ffff,
ffff,
ffff,
fffc,
0003,
0000,
0007,
fff7,
000a,
fff4,
0010,
ffec,
0015,
ffe8,
0032,
ffff,
05f2,
1062,
fb82,
e607,
f459,
0632,
0b7e,
0a8e,
0ffd,
1a22,
16cf,
05e2,
f928,
f3c8,
f390,
f332,
ee7d,
ed81,
ef2d,
f254,
f8bc,
003f,
05c1,
0835,
096e,
0bcd,
0eaf,
0cbc,
0837,
0360,
0037,
fceb,
f9b5,
f8ea,
f889,
f8d4,
f9c2,
fb98,
fcf5,
fdc7,
ff01,
0081,
01d1,
02e3,
03ae,
03d4,
0371,
02bb,
01df,
00ee,
ffcc,
febc,
fde3,
fd5a,
fd03,
fcbe,
fcaf,
fd1a,
fe2b,
ff71,
006a,
011b,
01c1,
020b,
0207,
01a7,
0112,
006c,
ffe5,
ff70,
fee6,
fe82,
fe63,
fe76,
fe89,
feb0,
fee4,
ff3a,
ffdc,
007b,
00c1,
00bc,
fffd,
fffd,
ffff,
0000,
0000,
0002,
0003,
0002,
0001,
0002,
0002,
0001,
0000,
0000,
0000,
ffff,
ffff,
ffff,
ffff,
0001,
0000,
0001,
0002,
0002,
0001,
0001,
0000,
ffff,
fffe,
ffff,
0000,
ffff,
fffc,
0002,
ffff,
0008,
fff9,
0007,
fff8,
0007,
fff8,
0004,
0001,
0009,
001d,
0403,
1169,
0233,
e48a,
ee1e,
0403,
0bef,
0bb7,
110e,
1cf8,
1a0a,
078b,
f9bc,
f3a5,
f265,
f23d,
ecd4,
eac2,
eddd,
f1a7,
f7b0,
feda,
0501,
0869,
0a56,
0c92,
0fc3,
0dd9,
0857,
04e6,
0204,
fd2e,
f8cb,
f7ad,
f7ec,
f85d,
f8c6,
f999,
fb44,
fe54,
00a2,
01df,
0321,
041c,
046f,
0462,
03ef,
02c4,
0185,
0043,
fee2,
fde9,
fd67,
fce1,
fc72,
fc75,
fcc9,
fd42,
fe4a,
ffb8,
00fa,
01d4,
026e,
026b,
020e,
01a4,
010e,
0053,
ffa6,
ff18,
fe98,
fe23,
fdf2,
fe17,
fe3e,
fe6f,
fec3,
ff65,
002c,
00d9,
012c,
012b,
011b,
fffd,
fffe,
ffff,
0001,
0002,
0002,
0001,
0001,
0001,
0000,
0000,
0000,
0000,
ffff,
ffff,
ffff,
fffe,
ffff,
0000,
0001,
0001,
0002,
0003,
0002,
0000,
ffff,
fffe,
fffd,
fffe,
0000,
0000,
fffb,
0001,
0000,
0006,
fffc,
0002,
ffff,
ffff,
0000,
fff4,
0013,
fff0,
0030,
02b7,
10e8,
0861,
e5bd,
e7b1,
00e1,
0bff,
0ccd,
11e6,
1f76,
1de8,
0991,
fa6f,
f377,
f158,
f167,
ebaa,
e7ee,
eb6c,
f06d,
f6f7,
fe3a,
04a0,
086a,
0a8c,
0d7d,
109c,
0f04,
0a60,
05e6,
01a0,
fd58,
f905,
f741,
f72b,
f782,
f7b6,
f8d9,
fae2,
fd46,
ff90,
01fa,
04a2,
0643,
0630,
04eb,
03e0,
0350,
0239,
0068,
fe93,
fd2d,
fc54,
fbe0,
fbe0,
fbf7,
fc2a,
fcf6,
fe60,
fff4,
0176,
0295,
0319,
02f0,
027d,
01f2,
0147,
0071,
ff8e,
fed2,
fe2b,
fda7,
fd5c,
fd6c,
fdaa,
fe1c,
fec2,
ff8d,
0071,
0137,
019a,
01a4,
018b,
015d,
fffd,
ffff,
0002,
0003,
0002,
0001,
0002,
0002,
0002,
0001,
0000,
0000,
ffff,
ffff,
ffff,
fffe,
fffe,
0000,
0000,
0001,
0001,
0003,
0004,
0001,
0000,
fffe,
fffe,
fffe,
0000,
0000,
fffb,
0001,
0001,
0004,
ffff,
ffff,
0002,
fffb,
0006,
ffec,
0018,
ffec,
002e,
01f8,
0fae,
0cf0,
e95a,
e25d,
fc65,
0ba5,
0dbd,
12d7,
212f,
21b5,
0c47,
fba0,
f39b,
f026,
f065,
ead5,
e5a0,
e8bc,
ee8c,
f57d,
fd96,
04a4,
08f5,
0b0e,
0d3d,
1161,
11aa,
0c01,
0629,
01d5,
fd81,
f8b9,
f6f2,
f6c3,
f630,
f6d4,
f91e,
faf4,
fc4f,
fe6e,
016c,
04a7,
06d2,
0754,
0670,
051d,
03e3,
02bf,
0125,
fee1,
fcc1,
fb99,
fb37,
faf9,
faf4,
fb70,
fc6e,
fe23,
0031,
01df,
02b8,
037a,
03ca,
0349,
027c,
019f,
00bb,
ff9f,
fea6,
fdca,
fd05,
fc95,
fcc3,
fd48,
fdd5,
fe9a,
ff9a,
00a2,
0186,
0202,
0218,
01f2,
01a9,
0139,
fffe,
0000,
0002,
0003,
0003,
0002,
0002,
0002,
0001,
0000,
0000,
ffff,
fffe,
fffe,
fffe,
fffe,
ffff,
0000,
0000,
0001,
0003,
0002,
0001,
0000,
ffff,
fffe,
fffd,
ffff,
0000,
fffc,
ffff,
0000,
0003,
0000,
fffd,
0001,
fff7,
0006,
ffed,
0013,
ffec,
002c,
017e,
0e89,
0f88,
eddb,
df8f,
f6e2,
0a65,
0e88,
13fa,
2280,
24b3,
0f68,
fd6b,
f46a,
ef2e,
ef08,
e9cf,
e3c1,
e649,
ec7f,
f39a,
fc14,
04a5,
09cf,
0b09,
0e06,
132a,
12e9,
0d07,
0715,
027d,
fdc2,
f8ba,
f5c0,
f535,
f622,
f735,
f871,
f9ec,
fc43,
fefd,
015f,
0383,
05ba,
076b,
075c,
067d,
056a,
03b8,
0180,
ff45,
fd34,
fb78,
fa67,
fa1a,
fa3b,
fab1,
fbbe,
fd9c,
ffcc,
01e6,
0351,
040c,
042e,
03d8,
033e,
024d,
0111,
ff9e,
fe5c,
fd4b,
fc74,
fc13,
fc50,
fcdf,
fd94,
fe86,
ff9c,
00b2,
01b6,
0257,
0266,
022b,
01e4,
0172,
00e7,
0000,
0002,
0003,
0003,
0002,
0002,
0002,
0001,
0000,
0000,
ffff,
fffe,
fffd,
fffe,
fffe,
ffff,
0000,
0000,
0001,
0002,
0003,
0002,
0001,
ffff,
fffd,
fffd,
ffff,
0001,
fffd,
ffff,
ffff,
0003,
0001,
fffe,
0001,
fff6,
0007,
ffeb,
0013,
ffe5,
0032,
0121,
0db5,
10cd,
f1ad,
df88,
f1dd,
078c,
0f00,
153a,
23b3,
26e2,
126e,
ffa1,
f5d2,
ef16,
edbe,
e84b,
e207,
e432,
ea7e,
f198,
fa61,
035f,
0990,
0d1c,
0f7f,
134b,
13d4,
0ee8,
089b,
0336,
fe1b,
f7e4,
f4a3,
f51d,
f611,
f5eb,
f765,
fa17,
fc99,
fed8,
00fb,
037a,
057e,
06ce,
0728,
06dc,
061f,
04e0,
02de,
0013,
fd5a,
fb67,
fa4d,
f9c3,
f9a0,
fa1c,
fb00,
fca4,
ff42,
01ea,
0392,
0474,
04e0,
0497,
03c3,
02a8,
014d,
ffa9,
fe07,
fcea,
fc33,
fbbd,
fbe1,
fc84,
fd7a,
fe87,
ffaa,
00bd,
01b9,
027f,
02a8,
0256,
01ed,
018c,
0108,
0087,
0002,
0003,
0003,
0002,
0002,
0002,
0002,
0001,
0000,
0000,
ffff,
fffe,
fffe,
ffff,
0000,
0001,
0001,
0001,
0002,
0003,
0002,
0000,
ffff,
fffe,
fffe,
ffff,
0000,
fffe,
ffff,
0000,
0003,
0001,
fffe,
0002,
fff4,
0009,
ffe7,
0018,
ffdb,
003b,
00ce,
0d1e,
1198,
f424,
e0f2,
eef2,
0383,
0e54,
168e,
24bc,
2865,
157f,
024e,
f727,
efb6,
ed67,
e6cf,
dffa,
e253,
e883,
efdb,
f7bb,
0129,
0a36,
0e6a,
106e,
13de,
14d7,
10bf,
0ac4,
0476,
fda4,
f755,
f523,
f4f8,
f465,
f4bf,
f70b,
f9dc,
fc3f,
fe90,
00be,
032c,
05d1,
078a,
0734,
0634,
05e9,
0548,
03a7,
0122,
fe41,
fbb4,
fa23,
f9b8,
f983,
f988,
fa4a,
fc35,
feaf,
0160,
03b1,
0517,
0567,
04d5,
0416,
02fe,
0173,
ff92,
fdf2,
fcd6,
fc09,
fb93,
fbb2,
fc4f,
fd40,
fe6b,
ffa0,
00c1,
01cf,
0290,
02bd,
026d,
0201,
018d,
010a,
009d,
0037,
0004,
0004,
0003,
0003,
0003,
0003,
0002,
0001,
0001,
ffff,
fffe,
fffe,
ffff,
ffff,
0000,
0001,
0002,
0003,
0003,
0003,
0001,
0000,
ffff,
fffe,
0000,
0001,
fffe,
ffff,
0000,
0003,
0002,
fffd,
0006,
fff1,
000d,
ffe2,
0020,
ffce,
0049,
0085,
0cf9,
121a,
f4f5,
e26d,
eec9,
0090,
0c08,
177f,
25a9,
288b,
17b3,
05e5,
f899,
efb2,
ee15,
e651,
de07,
e0bf,
e726,
ecc6,
f57c,
0075,
08b0,
0dd8,
11bc,
1589,
1586,
122b,
0cee,
058b,
fecb,
f8db,
f4bd,
f31b,
f3c7,
f4cb,
f636,
f849,
fb2e,
fe3e,
00b1,
032d,
05a3,
0751,
07cf,
0750,
0630,
04da,
0352,
016d,
feed,
fcca,
fb0f,
f9aa,
f8ed,
f92c,
fa3c,
fbdd,
fe3f,
011b,
0378,
04ef,
0581,
052e,
0431,
02d9,
0167,
ffca,
fe3d,
fcff,
fc28,
fba3,
fbb8,
fc55,
fd2c,
fe26,
ff4a,
007e,
019d,
026b,
02ba,
027b,
0202,
0198,
012b,
00c1,
005f,
fff0,
0004,
0003,
0003,
0003,
0003,
0001,
0000,
ffff,
ffff,
fffe,
fffe,
fffe,
ffff,
ffff,
0000,
0001,
0001,
0003,
0002,
0002,
ffff,
ffff,
fffd,
0000,
0000,
fffd,
fffe,
0001,
0000,
0005,
fff8,
000a,
ffe9,
0016,
ffd6,
0030,
ffb7,
0060,
001c,
0c71,
1355,
f595,
e33b,
eef5,
fee3,
0912,
16f9,
26f6,
2811,
1939,
0ab8,
fc1d,
eeda,
ede3,
e6f5,
dd13,
df68,
e4b3,
eacb,
f35d,
fdc1,
06dc,
0d31,
1222,
16b8,
1731,
1327,
0e3c,
0848,
01ab,
f969,
f41e,
f2f0,
f32d,
f390,
f501,
f70f,
f9a5,
fd69,
00e4,
0339,
0540,
0760,
0825,
07a6,
06e7,
05d0,
039c,
00ed,
feb1,
fd07,
fb8f,
fa6e,
f95c,
f8ea,
f9cd,
fbe4,
fe73,
00db,
02d8,
0473,
0542,
0508,
0440,
0319,
019b,
ffd9,
fe58,
fd4a,
fc74,
fbd3,
fbd6,
fc53,
fd21,
fe13,
ff16,
001b,
0133,
0225,
0282,
0264,
0211,
01b6,
0154,
00fe,
009d,
0015,
ff81,
0003,
0002,
0003,
0003,
0001,
0001,
0000,
fffe,
fffe,
ffff,
ffff,
fffe,
ffff,
0000,
0001,
0002,
0004,
0002,
0001,
ffff,
ffff,
fffc,
0000,
0000,
fffe,
fffc,
0003,
fffd,
0009,
fff4,
0013,
ffe0,
0020,
ffcc,
003b,
ffae,
0066,
ffcd,
0b65,
1569,
f5f5,
e2f7,
efb5,
fe11,
0742,
14e7,
27ef,
278b,
1883,
0f40,
024f,
ef61,
ebed,
e7e2,
dce6,
dd9f,
e42e,
e9c4,
ef91,
fa2e,
052f,
0c19,
1175,
176b,
1876,
13cc,
10ef,
0bca,
0335,
fa49,
f5a7,
f384,
f228,
f214,
f397,
f5aa,
f81b,
fc0c,
ffdd,
02f5,
057c,
07ae,
084e,
0823,
076f,
0620,
043c,
01bf,
ff05,
fcc4,
fb41,
fa63,
f9ee,
f9d1,
fa40,
fba7,
fdcd,
0069,
02ad,
0402,
0491,
0469,
0411,
034b,
0212,
0070,
fed0,
fd96,
fcb3,
fc08,
fbf2,
fc4d,
fced,
fdce,
feeb,
fffa,
00df,
01ba,
022a,
0239,
020a,
01c3,
0175,
0130,
00d8,
0051,
ffc0,
ff38,
0003,
0004,
0003,
0002,
0001,
0000,
fffe,
fffd,
fffe,
ffff,
fffe,
fffe,
ffff,
0001,
0001,
0003,
0002,
0002,
ffff,
0000,
fffd,
0000,
0000,
ffff,
fffb,
0004,
fffa,
000e,
ffee,
0017,
ffdd,
001f,
ffce,
0031,
ffc0,
0048,
ffb8,
0982,
182c,
f795,
e085,
f0f8,
fd8e,
0614,
12fc,
27f8,
27f9,
15ca,
1131,
0a9d,
f321,
e9d4,
e79a,
dbd2,
ddb6,
e4a5,
e800,
ecf0,
f608,
021e,
0a6b,
112a,
16f8,
18b0,
1565,
1380,
0e72,
05ac,
fc84,
f6d5,
f46e,
f20f,
f132,
f211,
f40c,
f637,
fa20,
febf,
025c,
04b1,
0742,
092a,
0927,
083c,
06be,
048a,
0211,
ff9a,
fd6e,
fb74,
fa62,
fa0b,
fa04,
fa92,
fbcd,
fda9,
ffbf,
01a4,
0339,
0468,
0470,
03cf,
0304,
0239,
0110,
ffac,
fe52,
fd28,
fc3a,
fbfc,
fc42,
fc9d,
fd60,
fe71,
ff9c,
00ac,
0193,
020b,
0210,
01fb,
01d8,
0195,
0155,
00f5,
0072,
ffe5,
ff67,
feee,
0003,
0004,
0003,
0002,
0000,
fffe,
ffff,
fffe,
fffe,
fffe,
ffff,
fffe,
0001,
0002,
0004,
0002,
0003,
ffff,
0000,
fffe,
0000,
0001,
ffff,
fff9,
0007,
fff9,
000f,
ffef,
0015,
ffe5,
0011,
ffe3,
0011,
ffef,
000a,
ffe1,
06cc,
1a95,
fc72,
dbcd,
f0f7,
fecc,
0415,
1166,
27c0,
29e7,
1284,
0e7d,
1265,
fbd6,
e98e,
e53c,
db64,
dd5d,
e4e9,
e7a3,
eb2b,
f1a5,
fd7b,
0864,
1091,
1644,
18dd,
160e,
14b7,
11e2,
095c,
feae,
f7b1,
f5d9,
f33f,
f0f1,
f0a1,
f24c,
f44e,
f80c,
fd0d,
0138,
03e4,
0674,
08db,
09cd,
0973,
07ef,
058b,
02be,
fff9,
fe10,
fc90,
fb0f,
f9da,
f95a,
fa16,
fba1,
fd82,
ff4e,
00ff,
027a,
03de,
0445,
03ee,
0357,
0294,
016e,
0015,
fef7,
fde2,
fcb6,
fc07,
fc1e,
fc56,
fced,
fdea,
ff12,
0036,
014d,
0202,
0222,
0206,
01ee,
01b8,
0181,
0138,
00a2,
ffe7,
ff5d,
ff04,
fed4,
0004,
0003,
0002,
0001,
fffe,
fffe,
ffff,
ffff,
fffe,
fffe,
fffe,
0000,
0002,
0004,
0002,
0000,
ffff,
ffff,
fffd,
fffe,
0001,
ffff,
fff7,
0005,
fffa,
000a,
fff6,
000a,
fff7,
fffa,
0003,
ffe7,
0026,
ffc2,
0032,
03bc,
1b1c,
057d,
d706,
ec80,
028e,
0258,
0e46,
2754,
2e34,
1197,
068a,
1572,
090e,
ecf0,
e38b,
da8d,
da9e,
e5bf,
e861,
ea2d,
edd1,
f829,
0543,
0f16,
15ae,
195c,
1687,
1446,
14ac,
0d9c,
01a3,
f8b1,
f731,
f538,
f113,
efa2,
f124,
f2df,
f582,
fabc,
fff8,
0308,
054a,
0804,
09d4,
0a0c,
091b,
06d6,
03f0,
0133,
ff49,
fdac,
fba7,
fa0f,
f90c,
f91a,
fa32,
fc4f,
fedf,
00fc,
022c,
034f,
042e,
0444,
03c6,
02ed,
01e5,
009f,
ff88,
fe6b,
fd0b,
fc1e,
fc17,
fc2c,
fc69,
fd43,
fe82,
ffc5,
00fa,
01d4,
0228,
0227,
0212,
01dd,
01ac,
017b,
00ee,
0029,
ff7a,
ff00,
febd,
fec6,
0004,
0003,
0003,
ffff,
fffe,
fffe,
ffff,
0000,
ffff,
fffe,
ffff,
0001,
0003,
0003,
0002,
0000,
fffe,
ffff,
ffff,
0002,
0002,
fff9,
0002,
0000,
0004,
0001,
fff9,
000d,
ffde,
0022,
ffbf,
0053,
ff8c,
0082,
0104,
184f,
11de,
d6ee,
e13a,
0638,
03e0,
0908,
247d,
342f,
16bd,
fcc8,
0f89,
15a5,
f770,
e49c,
d970,
d64a,
e427,
ea4c,
eaf3,
eb3e,
f286,
005b,
0c7b,
14fc,
1a48,
17b7,
12f2,
14f2,
11fa,
062a,
fa45,
f7af,
f6ff,
f26b,
ef8f,
f03c,
f170,
f36c,
f88e,
fe47,
01cb,
03fc,
06cf,
094d,
0a4f,
09e8,
0812,
0593,
02fd,
0083,
fe79,
fc6e,
fadf,
f96e,
f857,
f89e,
fa9d,
fd83,
0016,
01d3,
0359,
0467,
0499,
0468,
03c5,
0287,
00e0,
ffc2,
feee,
fda4,
fc50,
fbed,
fbed,
fc0f,
fcd1,
fdec,
ff13,
005d,
019a,
0244,
0251,
0231,
01fc,
01d7,
01c5,
014e,
0075,
ffa1,
ff1b,
fecc,
feb5,
feb3,
0002,
0003,
0002,
fffd,
fffd,
0000,
0001,
ffff,
fffe,
fffe,
0002,
0001,
0003,
0002,
0001,
fffd,
ffff,
fffd,
0002,
0003,
fffc,
fffb,
0007,
fffc,
0010,
ffea,
0020,
ffce,
0033,
ffb1,
005c,
ff8a,
0094,
ff79,
11be,
1e22,
e064,
d0d8,
03a9,
0a97,
0440,
1d26,
38a9,
2341,
f87a,
0065,
19e7,
07da,
ebd8,
da2b,
d0d0,
de82,
eb85,
edd2,
eb94,
ed0e,
f940,
0877,
145c,
1b26,
194d,
11ff,
1334,
1513,
0c02,
fcf4,
f6ce,
f82c,
f535,
f058,
ef63,
f08f,
f203,
f617,
fc65,
00e7,
02c0,
050c,
0811,
0a36,
0aa1,
0986,
0718,
0428,
0168,
ffab,
fdcd,
fb75,
f978,
f83f,
f83e,
f980,
fbd5,
fe98,
00cf,
02ac,
0453,
050b,
052d,
04a5,
0373,
01b7,
003f,
ff2e,
fde0,
fc7e,
fbf3,
fbf7,
fbe5,
fc3d,
fd43,
fe87,
ffe1,
0117,
01e1,
0242,
0263,
0252,
021c,
0215,
01b5,
00d8,
ffe6,
ff2c,
fecc,
feac,
fea5,
fe86,
0005,
0002,
ffff,
ffff,
ffff,
ffff,
0001,
0001,
fffc,
fffe,
0001,
0005,
0001,
0002,
fffd,
ffff,
fffc,
0002,
0003,
0000,
fff5,
000c,
fff6,
0013,
ffe6,
0020,
ffd9,
001b,
ffd3,
0020,
ffe4,
001c,
ffa6,
08b1,
24b0,
f5cd,
c337,
f485,
1325,
0536,
11b5,
369d,
3428,
0079,
eea1,
104f,
169d,
fb10,
e001,
ccef,
d54f,
e8bd,
f0f4,
ef64,
ea5e,
f10a,
022d,
1233,
1b46,
1b6a,
12d8,
10ac,
1536,
1192,
01f5,
f69e,
f7a4,
f784,
f257,
efb7,
f037,
f09e,
f3c3,
fa20,
0007,
0241,
038d,
0600,
0938,
0b80,
0b07,
0822,
04d7,
0258,
00b2,
feef,
fc5b,
fa03,
f84f,
f7cd,
f8d6,
fafe,
fd9e,
ffdd,
018e,
035d,
04b2,
0578,
0565,
046a,
02b8,
00ff,
ffc3,
fe8a,
fcec,
fbd2,
fbc0,
fbd6,
fc04,
fcc1,
fdec,
ff35,
008e,
0189,
0212,
0233,
023e,
0246,
0275,
025f,
016e,
003e,
ff49,
feca,
fea8,
fe97,
fe7a,
fe51,
0002,
ffff,
fffd,
fffd,
fffe,
0000,
0001,
fffe,
fffc,
0000,
0003,
0003,
0001,
fffe,
fffd,
fffc,
fffd,
0003,
0002,
fff6,
0003,
ffff,
0006,
fffb,
fffc,
000c,
ffda,
0027,
ffad,
0073,
ff62,
00bd,
0114,
2010,
12a6,
c489,
d8d0,
138a,
0edb,
080c,
2a75,
4174,
173a,
e5c4,
f981,
1ae6,
0d7e,
edb5,
cf29,
cb56,
e050,
f046,
f52a,
ece4,
eaa5,
f9b6,
0d71,
18e9,
1d2b,
16cf,
0f57,
1215,
1439,
0943,
f8dc,
f5ff,
f876,
f4fb,
f082,
f071,
f084,
f1c5,
f758,
fe4e,
0200,
02f5,
04bb,
07b1,
0ac6,
0b95,
0988,
063e,
032c,
00f8,
ff7b,
fd63,
fb04,
f8f4,
f7b9,
f80d,
fa19,
fce9,
ff76,
0111,
027e,
03be,
04ba,
057b,
0536,
03b4,
01ba,
0036,
ff29,
fded,
fc81,
fbd3,
fb8c,
fba8,
fc5a,
fd7b,
fe9f,
ffd5,
0100,
01cb,
022b,
023d,
022a,
024c,
029a,
022f,
0100,
ffb2,
fecc,
fe80,
fe8d,
fe91,
fe69,
fe4c,
0001,
fffd,
fffe,
ffff,
0001,
0001,
0000,
fffd,
0000,
0002,
0006,
0000,
0000,
fffc,
ffff,
fffb,
0004,
0003,
fffd,
fff5,
000d,
fff3,
0019,
ffdc,
0033,
ffbb,
0045,
ff99,
0072,
ff7b,
00ab,
fef4,
10d2,
2902,
df20,
bbd0,
0108,
1abf,
093a,
17b2,
4087,
3592,
f2c7,
df6f,
0d35,
1b26,
0084,
dca3,
c5b3,
d313,
e969,
f82d,
f425,
e968,
f190,
0592,
13b2,
1bd9,
1cc6,
119e,
0e1f,
12cd,
0fbc,
fec3,
f500,
f806,
f740,
f1f4,
f088,
f150,
f11f,
f4c2,
fb57,
00ff,
0324,
0457,
0674,
0923,
0ae7,
0a79,
0827,
0484,
0129,
ff94,
fe41,
fc0d,
f9b5,
f80d,
f7b6,
f930,
fc00,
ff00,
00db,
01f8,
032c,
0414,
04f8,
0533,
045c,
028f,
00c5,
ff91,
fe8d,
fd2f,
fc5b,
fc1d,
fbd0,
fbdf,
fcb9,
fe0b,
ff53,
0077,
0148,
01d6,
022b,
024d,
024f,
0289,
0266,
0185,
0061,
ff40,
fe81,
fe55,
fe85,
fe9d,
fe7e,
fe6b,
0000,
fffa,
fffb,
0003,
0003,
ffff,
fffc,
0000,
0001,
0002,
0003,
0000,
fffc,
fffd,
fffc,
fffe,
0004,
0004,
fff3,
0005,
fff9,
0010,
fff8,
0003,
0003,
ffe2,
0026,
ffac,
007a,
ff53,
00cb,
0206,
2791,
0e1a,
b5d5,
d920,
1a28,
15bc,
0c14,
2cce,
49c1,
1863,
d7a7,
edd3,
1995,
11eb,
f300,
cde2,
c562,
dbb7,
f36c,
fbad,
ef18,
ecee,
fc69,
0c0e,
1645,
1f78,
1922,
0d0d,
0e36,
11dc,
0764,
f75a,
f631,
f83a,
f445,
f0fe,
f1e8,
f1cf,
f2d2,
f7fa,
febc,
0320,
0450,
058f,
078c,
09bc,
0aa1,
0991,
0658,
0212,
ffb6,
fed3,
fd00,
fa8c,
f892,
f7aa,
f855,
fae0,
fe06,
009f,
01d0,
02d1,
03a6,
0469,
0522,
04bd,
0340,
013e,
ffd5,
fefb,
fddc,
fcb7,
fc5c,
fc43,
fc29,
fc81,
fd70,
fe8f,
ffcc,
00d1,
0186,
01f2,
0225,
0239,
0279,
02ae,
020e,
00db,
ffa9,
feb2,
fe46,
fe6d,
fea2,
fe96,
fe74,
fe89,
ffff,
fffd,
fffd,
0000,
0002,
0002,
fffc,
ffff,
0000,
0004,
0002,
0005,
fffc,
fffe,
fff9,
0004,
0004,
0002,
fff3,
0010,
fff2,
0020,
ffd1,
0038,
ffb4,
004c,
ff94,
006e,
ff86,
009e,
fee8,
1055,
2f98,
de9e,
afc6,
fd91,
20b7,
11a7,
1577,
409c,
4332,
f534,
d1f7,
001b,
1866,
0840,
e60f,
c481,
c982,
e573,
fb3d,
f971,
ef02,
f56f,
0330,
0e28,
1aff,
20c5,
130e,
0a42,
0e6d,
0dc4,
ff0e,
f53f,
f702,
f67f,
f2bf,
f1f9,
f306,
f27b,
f4de,
fb42,
01d9,
0455,
0536,
068a,
0833,
09f4,
0a60,
0847,
03f4,
0051,
ff07,
fdaa,
fb7c,
f982,
f800,
f792,
f959,
fc95,
ffd4,
01d1,
029f,
0384,
0418,
04ec,
0512,
0407,
0209,
0018,
ff02,
fe39,
fd2c,
fc89,
fc80,
fc58,
fc70,
fd3f,
fe57,
ff55,
0038,
00f0,
0193,
020c,
0240,
023a,
026e,
0271,
01ae,
0065,
ff11,
fe3a,
fe30,
fe8e,
feae,
fe7a,
fe6d,
fecf,
fffa,
fffd,
0000,
0002,
0000,
ffff,
ffff,
0001,
0005,
0006,
fffe,
fffc,
fffb,
fffe,
fffb,
0005,
0002,
fff5,
0001,
0002,
0000,
000b,
ffe9,
002c,
ffb5,
0058,
ff6e,
00c3,
ff02,
0149,
ff5e,
2411,
1fb6,
b68d,
c444,
15a2,
1fa4,
1100,
2212,
4ef0,
2ef0,
dc1c,
da3d,
0861,
1294,
009d,
dabb,
bfbe,
cffa,
ee7b,
fe28,
f817,
f48a,
fc0b,
0518,
1148,
2071,
1e27,
0cff,
08d6,
0d82,
083c,
f95c,
f4ce,
f6f2,
f542,
f2d0,
f37e,
f38d,
f345,
f742,
fe68,
0376,
0540,
066b,
06f2,
085c,
0a41,
09ed,
0673,
0218,
ff66,
fdfb,
fc29,
fa7d,
f8e9,
f793,
f7f3,
fa7f,
fdfc,
013d,
02b6,
036e,
040a,
0494,
0548,
04e9,
0340,
00d5,
ff19,
fe49,
fd79,
fc91,
fc70,
fc87,
fc80,
fce5,
fded,
ff05,
0007,
00c6,
012e,
0197,
01f4,
0225,
023d,
026c,
021d,
0125,
ffdf,
feb3,
fe38,
fe4b,
fe76,
fe73,
fe61,
fea5,
ff30,
0000,
fffd,
fffc,
0000,
0005,
ffff,
fffe,
fffe,
0004,
0003,
0004,
fffe,
fffd,
fffb,
0000,
0005,
0004,
fff1,
0010,
fff5,
0018,
ffe1,
0018,
ffea,
fffd,
0002,
ffcd,
005d,
ff80,
0074,
0539,
327e,
012d,
a3a5,
df85,
20b7,
1e30,
117f,
3083,
540d,
1796,
d194,
e287,
0871,
0d4a,
fad9,
d177,
be83,
d745,
f467,
fed0,
fa98,
fb4a,
fe74,
0627,
161c,
23b8,
192a,
0825,
081e,
0bc4,
026e,
f5b8,
f571,
f6c3,
f4c2,
f3cd,
f478,
f3b6,
f490,
f98c,
0030,
04ce,
06d5,
06f2,
06d9,
08c3,
0a69,
08ed,
051f,
00ea,
fe3a,
fc9e,
fb1f,
f9dd,
f856,
f78d,
f88c,
fb84,
ff48,
0247,
0373,
0439,
04ab,
0505,
054a,
0476,
026b,
000f,
fe61,
fd84,
fcba,
fc29,
fc52,
fc77,
fcc4,
fd7f,
fe95,
ffaa,
00a5,
0134,
0172,
01be,
01ef,
01da,
0208,
0253,
01e4,
00ad,
ff54,
fe82,
fe52,
fe66,
fe6b,
fe57,
fe75,
fed5,
ff7f,
fffe,
fffe,
ffff,
0002,
0004,
ffff,
fffe,
0002,
0008,
0002,
0000,
fff9,
ffff,
fffa,
0004,
0003,
ffff,
fff2,
0015,
ffed,
0022,
ffce,
003e,
ffb8,
0041,
ffa3,
004d,
ffba,
0059,
ff2a,
0eac,
3715,
e2a5,
a1d4,
f497,
2557,
1d2d,
12f0,
3e09,
51b7,
06b7,
cee8,
e5ad,
04fa,
09b3,
f6b8,
ca60,
bfa9,
dcf9,
f780,
fffb,
ffc7,
fff3,
fefe,
0803,
1a6f,
24bc,
13c8,
0504,
0785,
08ab,
fd68,
f47e,
f62c,
f68e,
f51c,
f475,
f4e8,
f44f,
f5a6,
faf3,
0202,
0683,
078d,
070c,
0737,
0908,
0a06,
0836,
042f,
ff8c,
fcfa,
fb7a,
fa57,
f95a,
f82a,
f7ab,
f90d,
fc8d,
0076,
031b,
042c,
04f1,
0516,
053a,
051c,
03e9,
01ad,
ff63,
fdd7,
fcf8,
fc0a,
fbc4,
fc3a,
fc8a,
fd0a,
fdf6,
ff24,
0047,
0135,
0186,
019e,
01e5,
01e2,
01a4,
01e0,
0216,
017c,
0038,
ff14,
fe70,
fe50,
fe67,
fe79,
fe83,
feb1,
ff06,
ff97,
fff9,
fffd,
0003,
0002,
0001,
ffff,
0002,
fffe,
0002,
0002,
0002,
fffb,
ffff,
fff7,
0002,
0005,
0001,
fff5,
000c,
fff2,
0026,
ffcc,
0040,
ff9f,
0067,
ff71,
0098,
ff45,
00f3,
fe88,
17ba,
34a6,
cce6,
a725,
0127,
27b2,
1bfd,
156a,
4739,
4d81,
fedb,
ce3f,
e473,
0015,
0774,
f3c8,
c615,
c19d,
e006,
f924,
0265,
0539,
02c4,
ffc0,
09f6,
1d29,
23f7,
0ff9,
0353,
058c,
0541,
faa4,
f47d,
f683,
f67b,
f4fb,
f4c9,
f5c6,
f49c,
f656,
fce7,
03c3,
073f,
0825,
078b,
0745,
0900,
09dd,
078a,
02d6,
fe58,
fc01,
fa75,
f9ba,
f91a,
f821,
f7d4,
f9d6,
fd83,
0170,
03f0,
04fb,
057f,
052b,
0526,
04c2,
035c,
00fa,
fec6,
fd6d,
fc79,
fb93,
fb8d,
fc2c,
fcb0,
fd62,
fe68,
ff98,
00ca,
01a7,
01de,
01cd,
01d1,
01ad,
018c,
01ce,
01d8,
0106,
ffb7,
fec9,
fe6a,
fe70,
fe76,
fe8c,
fec1,
ff0c,
ff47,
ffb1,
fffe,
fffc,
fffd,
0003,
0004,
fffe,
fffe,
0000,
0006,
0001,
0002,
fff9,
fffc,
fff9,
0005,
0003,
fff9,
fffb,
000e,
fff6,
0016,
ffd0,
0040,
ffa2,
0068,
ff5d,
00b7,
ff1f,
012a,
fe8f,
1d94,
30cc,
c1c7,
abba,
0693,
28c0,
1bb4,
17d0,
4aa4,
4c63,
fed0,
cda7,
e01b,
fa40,
05d0,
f235,
c4fc,
c2d2,
e037,
fa44,
05c3,
09b5,
04c6,
013b,
0b77,
1daf,
22c4,
0e66,
0189,
02ec,
02cf,
f967,
f4dd,
f665,
f5b1,
f4c6,
f57b,
f61b,
f530,
f832,
fe7d,
045c,
0809,
08fc,
079c,
072b,
0914,
0966,
0677,
01b3,
fd59,
fafd,
f9d5,
f97b,
f8d9,
f80d,
f852,
fad3,
fe8d,
024b,
0498,
05ab,
05d6,
0520,
04db,
0449,
02b5,
004f,
fe40,
fcf2,
fc0f,
fb4e,
fb7d,
fc52,
fd02,
fdc0,
fec9,
0004,
013e,
0202,
0202,
01c4,
01bc,
0197,
016d,
0194,
018e,
00b8,
ff73,
fe81,
fe41,
fe71,
fea2,
fee6,
ff12,
ff41,
ff68,
ffea,
ffff,
fffb,
fffc,
0003,
0004,
ffff,
ffff,
0000,
0004,
0002,
0004,
fffc,
fffd,
fff9,
0004,
0004,
fffa,
fffc,
000d,
fffb,
0013,
ffd4,
0037,
ffaa,
0063,
ff66,
00b0,
ff24,
0125,
fece,
1f51,
2f32,
c014,
acad,
062a,
2850,
1d7b,
18e9,
4876,
4f9e,
0552,
cdd9,
d9d3,
f352,
033a,
f24f,
c755,
c2ef,
ddb8,
fa8b,
0962,
0d13,
06d5,
03a6,
0bd9,
1c81,
21e4,
0e54,
005b,
0085,
0122,
f928,
f4ad,
f528,
f4f1,
f4c6,
f57d,
f6e7,
f748,
f9db,
ff15,
0504,
08ad,
093a,
07db,
074f,
08a0,
0867,
0585,
00a8,
fc63,
fa7d,
f98b,
f91d,
f89c,
f856,
f917,
fbee,
ffa0,
02fe,
051f,
0604,
05fe,
050e,
0472,
03b1,
0205,
ffb8,
fdab,
fc7a,
fbb8,
fb30,
fba6,
fc9d,
fd5f,
fe26,
ff39,
006c,
01a4,
0242,
0205,
019d,
0198,
017c,
013c,
013f,
0129,
007c,
ff69,
fe83,
fe2c,
fe58,
feb5,
ff24,
ff6f,
ff8f,
ffa0,
0019,
fffd,
fffc,
fffe,
0003,
0002,
ffff,
0001,
fffe,
0001,
0002,
0004,
fffc,
fffd,
fff6,
0001,
0005,
fffc,
fffb,
000a,
fffa,
0016,
ffd6,
0030,
ffaf,
005a,
ff78,
0093,
ff42,
00fb,
feee,
1d02,
30df,
c6ee,
a9d0,
0012,
2654,
217a,
18b5,
40ef,
557b,
1274,
d08c,
d2ec,
eb11,
fe0a,
f3ca,
ccff,
c2bd,
d8b3,
f96f,
0cbd,
0f76,
0971,
06d0,
0b93,
1996,
215d,
100a,
ffc6,
fe8f,
0015,
f871,
f353,
f424,
f43f,
f40b,
f63a,
f900,
f92d,
fb2c,
ffff,
053d,
0880,
097d,
0840,
071e,
07ae,
074e,
0478,
ffb2,
fbfa,
fa4c,
f94d,
f8a7,
f897,
f900,
fa2b,
fd18,
0064,
036f,
0556,
065c,
0634,
04cc,
03dc,
0301,
0176,
ff27,
fd2d,
fc00,
fb62,
fb3c,
fbe9,
fcf5,
fdbc,
fe9f,
ffac,
00d5,
01f2,
025f,
0206,
017f,
0165,
0124,
00d5,
00e7,
00e7,
005f,
ff64,
fe96,
fe48,
fe7d,
fec3,
ff14,
ff88,
ffef,
0018,
005d,
0000,
fffc,
fffb,
0001,
0006,
0002,
fffd,
0002,
000a,
0003,
0000,
fff9,
fffb,
fffa,
0004,
0003,
fff8,
fff8,
0011,
fff8,
0015,
ffd6,
0033,
ffc3,
0044,
ff90,
006a,
ff81,
00b2,
ff01,
171c,
33e8,
d6b0,
a5d6,
f391,
21c5,
26ae,
1986,
346b,
5965,
2693,
d8d4,
ccf5,
e150,
f50f,
f541,
d602,
c3e1,
d1eb,
f56d,
0e7e,
1207,
0c54,
0a69,
0b3a,
156f,
2114,
12ed,
00e6,
fd22,
fe2a,
f718,
f214,
f2e5,
f31e,
f46a,
f779,
faa5,
fb3e,
fd27,
0075,
04cc,
0847,
0959,
086d,
06ea,
0692,
05ba,
0385,
ff7f,
fbce,
fa21,
f90c,
f864,
f8e5,
fa09,
fb68,
fdf3,
00db,
037d,
0566,
06a9,
0673,
04af,
0336,
022e,
00c8,
fec8,
fcee,
fba1,
fb2a,
fb35,
fc12,
fd62,
fe46,
ff0d,
0004,
0129,
022e,
0289,
0212,
0160,
010d,
00c5,
0068,
0070,
0099,
005e,
ff99,
feba,
fe6c,
fe9c,
fee5,
ff2a,
ff8e,
0012,
0064,
00c0,
fffc,
fffb,
ffff,
0002,
0002,
0001,
0004,
0001,
0000,
0001,
0002,
fffd,
fffe,
fff7,
fffc,
0003,
0002,
fff7,
000a,
fff5,
001d,
ffe0,
001f,
ffcd,
0029,
ffc5,
0028,
ffcb,
0042,
ff60,
0ef6,
34a8,
ee60,
a58b,
e130,
1904,
2aab,
1dde,
25f8,
5566,
3f09,
ea22,
c97f,
d7bf,
e86e,
f3ed,
e071,
c8ac,
cb72,
ed23,
0d8b,
1517,
0fb0,
0cf4,
0cca,
116a,
1f03,
1740,
03c4,
fb57,
fb42,
f648,
f04b,
f116,
f331,
f586,
f7d6,
fc31,
fe11,
febf,
00c0,
0494,
07a8,
0862,
0869,
06e3,
0539,
03ef,
02ce,
ff9a,
fbe5,
fa24,
f8d5,
f866,
f97a,
fb50,
fc80,
fe68,
00db,
034e,
0584,
06b1,
06af,
04c4,
02b7,
015a,
001c,
fe74,
fcb6,
fb94,
fb13,
fb18,
fc0c,
fdad,
fec3,
ff6e,
004b,
0157,
025a,
02c9,
0245,
014c,
00af,
005d,
000a,
fffb,
0024,
0034,
ffce,
ff19,
fe96,
fea3,
fef7,
ff4e,
ffb8,
0034,
008d,
00d6,
fffe,
fffb,
fffc,
fffe,
0002,
0001,
0002,
0000,
0000,
0001,
0001,
fffd,
fffc,
fff8,
fff9,
0001,
0003,
fff5,
0008,
fff9,
0015,
ffed,
0009,
ffec,
0000,
fffd,
ffdb,
0028,
ffc3,
0010,
06ad,
2f33,
0a80,
af70,
cb8f,
09c2,
2a0c,
266f,
1b8b,
45fa,
5332,
085d,
cbf8,
cf93,
dafc,
ec28,
e9fb,
d1c4,
c85b,
e0eb,
07a3,
17d0,
13c8,
0f1c,
0f89,
0f02,
1ba8,
1b50,
071c,
fa8d,
f88c,
f4e6,
ee85,
f043,
f348,
f621,
f8a7,
fd4c,
007b,
004b,
0173,
03eb,
06eb,
0786,
07af,
06a3,
0460,
02a8,
018b,
ffd4,
fc61,
fa39,
f918,
f8cd,
fa1d,
fc35,
fd76,
fe89,
0092,
02f1,
055c,
06b6,
06d8,
0507,
0283,
00d5,
ff98,
fe2d,
fc94,
fb83,
fb19,
fb38,
fc06,
fd90,
fefd,
ffd0,
0084,
0169,
0260,
02f4,
0285,
0171,
0082,
0002,
ffb4,
ff9f,
ffc2,
fff1,
ffe1,
ff4e,
fec9,
fedd,
ff17,
ff59,
ffcd,
0064,
00b8,
00d5,
ffff,
fffe,
fffd,
ffff,
0003,
0002,
0004,
0004,
0002,
0003,
0002,
0000,
fffd,
fffc,
fff8,
ffff,
0004,
fff8,
0003,
0001,
0009,
0004,
fff2,
000e,
ffd9,
002f,
ffa8,
0063,
ff76,
00a2,
0101,
2254,
230a,
c81a,
b98f,
f3a5,
20b1,
2f87,
1b53,
2fe9,
572e,
2e96,
dcb1,
ca20,
d081,
dd9b,
ed0c,
de6b,
cb8b,
d4b5,
fa55,
1619,
1a32,
12e0,
1164,
0fc7,
1767,
1d52,
0b77,
fb2d,
f5f5,
f348,
ee0f,
eeec,
f316,
f668,
f9a0,
fdbb,
027f,
022f,
01f4,
0364,
0602,
06fa,
06b4,
0641,
03e0,
01a4,
0061,
ffb7,
fcda,
fa96,
fa06,
f99c,
fa7f,
fc8b,
fe10,
fe91,
0028,
0279,
04e5,
0684,
06cd,
0586,
02f5,
00b1,
ff38,
fe10,
fca5,
fb78,
fb15,
fb4f,
fbf4,
fd40,
fedb,
ffed,
00b3,
0177,
0252,
02f6,
02df,
01e6,
00a3,
ffd6,
ff68,
ff5b,
ff6a,
ffa1,
ffbf,
ff53,
feec,
ff11,
ff65,
ff71,
ffb6,
005f,
00de,
0110,
ffff,
0000,
fffe,
fffb,
fffe,
0004,
0004,
0002,
0001,
0006,
0004,
0002,
fffb,
fffc,
fff9,
ffff,
0002,
fffb,
fff9,
000b,
0000,
0014,
ffe2,
001c,
ffd1,
0035,
ffb1,
0043,
ffa4,
0079,
ff54,
11e7,
2e37,
ec9e,
b4e0,
db1d,
0d40,
30c7,
2629,
1f5a,
46df,
4c6f,
fe59,
ccde,
cc3f,
cda8,
e4d1,
e915,
d66d,
ce13,
e831,
0ced,
1daf,
1927,
14fc,
12e4,
1230,
1c32,
117f,
fd49,
f4d8,
f203,
edea,
ed1c,
f2dc,
f619,
f9cf,
fe20,
033e,
0434,
0279,
0371,
04e8,
0662,
05f5,
05e5,
03fc,
0106,
ff46,
ff0e,
fdb2,
fb33,
fad9,
fab5,
fad1,
fc4c,
fe22,
fe9c,
ffb2,
01fd,
043f,
05e5,
06a1,
0611,
03d1,
0114,
ff4c,
fe13,
fccb,
fb9f,
fb0b,
fb31,
fbc5,
fcdd,
fe71,
ffc6,
00ac,
0177,
0235,
02fb,
0329,
0266,
010a,
fff5,
ff52,
ff24,
ff27,
ff40,
ff76,
ff57,
ff05,
ff20,
ff85,
ff90,
ffb0,
003f,
00e6,
013e,
fffe,
fffe,
fffc,
fffd,
ffff,
0002,
0003,
0004,
0003,
0003,
0002,
0001,
fffd,
fffc,
fff9,
fffb,
ffff,
0001,
fff7,
0009,
fffa,
0013,
fff5,
0008,
fff1,
ffff,
0002,
ffd9,
002a,
ffba,
002b,
04b7,
27d3,
1236,
c3ce,
c704,
f43e,
22f7,
32dd,
1f57,
2c82,
51ba,
2ae6,
db85,
cece,
c79a,
d18d,
ea35,
e3db,
d1c5,
d7ca,
fcda,
18bc,
1edc,
1a9c,
1931,
1130,
14d8,
1682,
0377,
f667,
f0b7,
ed24,
ebd9,
f0e8,
f572,
f934,
fe87,
025a,
0583,
0434,
040c,
0489,
0579,
05bb,
04f2,
0460,
0156,
fea3,
fde5,
fe46,
fc39,
fb41,
fb99,
fb49,
fbc8,
fd63,
feab,
ff86,
0166,
035f,
0531,
066f,
0660,
04b3,
0216,
ffed,
fe6b,
fd0a,
fbd7,
fb0c,
faf4,
fb50,
fc4a,
fdc7,
ff55,
006b,
0154,
0236,
0315,
036f,
02d5,
01aa,
0075,
ff80,
feeb,
fee2,
fee6,
ff12,
ff39,
ff2a,
ff14,
ff4f,
ff8a,
ffc0,
0040,
00dc,
013f,
fffe,
ffff,
fffe,
fffc,
ffff,
0000,
0003,
0004,
0005,
0004,
0004,
0002,
ffff,
fffb,
fffc,
fff9,
ffff,
0001,
fffb,
ffff,
0006,
0000,
0012,
ffeb,
0019,
ffd2,
0036,
ffaa,
0053,
ff8b,
008f,
ffa5,
15e5,
2879,
e525,
bec9,
df18,
0947,
3235,
2ccc,
1dae,
39ff,
4b7d,
0064,
ce17,
d1b8,
c557,
da52,
ec4b,
dd85,
d0be,
e875,
0dfc,
1e87,
1dc8,
1e23,
194e,
0f2a,
13fc,
0cca,
fa95,
f1d4,
ed30,
ea9e,
ed44,
f3db,
f847,
fdb4,
0124,
0481,
0636,
052b,
056b,
052b,
0591,
045b,
03e2,
0260,
ff2e,
fd9c,
fdf7,
fd35,
fb9f,
fc16,
fbc5,
fb08,
fc49,
fe51,
ff4f,
008d,
02ab,
0498,
05f1,
0682,
0597,
037a,
010e,
ff1e,
fd86,
fc1e,
fb37,
facc,
fad4,
fb92,
fce1,
fe72,
ffe7,
0130,
0243,
02fd,
0385,
035f,
0272,
0117,
ffe2,
feef,
feaf,
fec4,
fed4,
ff0b,
ff1b,
fef4,
fef3,
ff68,
ffd0,
0027,
00b5,
0132,
fffd,
fffe,
ffff,
fffe,
fffd,
fffe,
0001,
0003,
0005,
0004,
0004,
0004,
0002,
fffd,
fffd,
fffb,
fffc,
0000,
0001,
fff7,
0008,
fffd,
0013,
fff5,
0007,
fff0,
fffe,
0006,
ffd6,
002b,
ffba,
0030,
04c5,
2582,
1055,
c99b,
cde9,
ef30,
1b26,
3841,
262b,
1ef6,
4372,
371d,
e105,
cea5,
d160,
c815,
e167,
ec07,
d7c4,
d53a,
f932,
19ce,
1faa,
1c71,
2049,
1693,
0f41,
1142,
03a3,
f4f2,
eef2,
eac8,
e9a3,
ef4a,
f5dd,
faca,
0028,
02cb,
0668,
0780,
06d0,
05f6,
05c4,
0545,
031d,
0265,
00d5,
fe3d,
fce9,
fda9,
fca2,
fbc1,
fbb0,
fb06,
fb48,
fd22,
fea8,
ffd9,
01f5,
03fc,
055f,
0660,
0669,
0515,
02bd,
0028,
fe1a,
fc9b,
fb84,
faaf,
fa8f,
fae1,
fbcb,
fd1e,
ff07,
00d5,
0221,
02ed,
037b,
03da,
0352,
01f7,
007b,
ff41,
fe99,
fea2,
fec6,
fed7,
fecf,
feb2,
fe99,
ff2f,
ffd2,
0007,
0057,
0117,
fffd,
fffd,
fffe,
ffff,
fffe,
fffe,
0000,
0002,
0004,
0005,
0003,
0004,
0002,
0001,
fffb,
fffd,
fffa,
ffff,
0001,
fffc,
fffb,
0008,
fffd,
0016,
ffe9,
0019,
ffd2,
0030,
ffbe,
0034,
ffb6,
0058,
ffa9,
103b,
281a,
ef5f,
c4c2,
df30,
fc14,
2a57,
37a3,
1ec0,
2183,
4749,
1bc8,
cfa4,
d32f,
cfd2,
cf21,
e78b,
e84e,
d37c,
dedb,
07f6,
2069,
1dde,
1b26,
1f3d,
152b,
11af,
0d72,
fc14,
f00c,
ebf2,
ea3d,
eb20,
f023,
f590,
fcef,
020d,
04af,
0902,
08b5,
06f9,
068a,
0715,
0488,
01d5,
01f4,
ffd2,
fcc0,
fcd4,
fdcb,
fba2,
faaa,
fb25,
fb02,
fba6,
fd69,
fefe,
00e2,
032a,
050f,
0637,
06da,
0641,
0487,
01e3,
ff34,
fd41,
fbcc,
fad4,
fa70,
fa89,
facd,
fbd7,
fdb5,
0001,
019c,
02a1,
035f,
0407,
03fc,
02f1,
0173,
000b,
fee6,
fe86,
fec5,
fead,
fe79,
fe71,
fe6d,
feb0,
ff7e,
0000,
0020,
00b2,
fffd,
fffd,
fffd,
fffd,
fffd,
fffd,
fffe,
0001,
0003,
0004,
0005,
0005,
0003,
0000,
fffe,
fffb,
fffb,
fffb,
0000,
0000,
fff8,
0004,
0000,
0006,
0008,
fff7,
000a,
ffdc,
002e,
ffb2,
0050,
ff8c,
007e,
0184,
1d12,
1af3,
d519,
cfc3,
ec1f,
084d,
348a,
329e,
1621,
266b,
458e,
ffad,
c95b,
d972,
cf0a,
d4ac,
ed8d,
e434,
d146,
eb04,
1366,
2118,
1ab9,
1c32,
1c23,
1439,
15ca,
0b39,
f3c2,
e97d,
ebd1,
ec47,
eb8b,
ee8e,
f570,
ff26,
03f9,
07c3,
0a9f,
084d,
075e,
088c,
07be,
035c,
01ab,
0177,
fe5e,
fc22,
fd4a,
fc47,
f9cd,
fa83,
fb17,
fa94,
fbd5,
fe13,
ffa6,
01c5,
044e,
0637,
0717,
06fd,
05c7,
03b3,
0111,
fe75,
fc84,
fb3c,
fa60,
fa43,
fa53,
fae0,
fc50,
fe95,
00b8,
0202,
02f6,
03b9,
045c,
03f0,
0294,
010c,
ffbe,
fecc,
fea8,
fea9,
fe31,
fe17,
fe64,
fe82,
fed5,
ff98,
0020,
0070,
0000,
fffe,
fffd,
fffd,
ffff,
fffe,
ffff,
0000,
0002,
0004,
0006,
0006,
0005,
0003,
0002,
fffe,
fffd,
fffc,
ffff,
0001,
ffff,
fff9,
000a,
fffb,
0013,
fff6,
000c,
ffec,
0005,
0002,
ffe2,
001d,
ffd4,
0018,
06ff,
24c7,
03de,
c9d6,
e09e,
f3dd,
13bf,
3976,
2948,
0e74,
2f82,
3c81,
e74a,
ccf1,
df96,
cc3a,
d832,
f532,
e0dc,
d11e,
f665,
1a8c,
1ef6,
1826,
1d43,
19d6,
1444,
1839,
08ef,
ec46,
e44e,
ed3e,
ee24,
ea72,
ece8,
f6fd,
015b,
054f,
09ee,
0b34,
081c,
089d,
0a9c,
079d,
0240,
01ee,
0131,
fd21,
fb9d,
fcb0,
fa83,
f8db,
fa73,
fab2,
fa42,
fc3c,
fed2,
00b0,
02ca,
0547,
070f,
076e,
06c2,
052c,
02fc,
0032,
fdee,
fc4d,
fad3,
f9e5,
f9ea,
fa67,
fb5a,
fcf6,
ff28,
0103,
0248,
0333,
041d,
048f,
03b6,
0234,
00ca,
ff8f,
febb,
feac,
fe4d,
fdd1,
fe14,
fe7c,
fe7c,
fef9,
fff0,
005b,
0001,
fffd,
fffc,
fffa,
fffb,
fffc,
fffd,
fffd,
fffd,
0000,
0001,
0005,
0003,
0003,
0002,
0001,
fffb,
fffb,
fffb,
fffd,
ffff,
fffb,
fff9,
0006,
fffa,
0013,
ffea,
0015,
ffd5,
0026,
ffd1,
001d,
ffd3,
0032,
ffec,
0ee7,
23b8,
ec08,
cd80,
ef01,
f805,
1e03,
388b,
1d9e,
0c54,
390d,
2cbe,
d6ff,
d64c,
e203,
c8c7,
dd7e,
fa5b,
dec4,
d40e,
ff36,
1e6b,
1a10,
16c8,
1fff,
185d,
130f,
1810,
05ec,
e82d,
e310,
ece4,
ed7d,
ea61,
edf0,
f8e8,
01c1,
060f,
0b6f,
0b9d,
08c3,
09e2,
0b4c,
06d9,
025d,
0279,
0058,
fbb2,
fb36,
fc20,
f94f,
f82b,
fa11,
fa61,
fa7d,
fcdd,
ff82,
019d,
03bc,
05eb,
0737,
075f,
0669,
04b4,
0267,
ffbc,
fda4,
fbf9,
fa69,
f9a8,
f9f3,
faa4,
fbb2,
fd72,
ff99,
013a,
0269,
0374,
0471,
047a,
035f,
01ea,
0092,
ff3f,
feaa,
feb8,
fe29,
fdb0,
fe0d,
fe86,
feaf,
ff74,
004d,
0002,
0000,
fffe,
fffd,
fffb,
fffb,
fffd,
fffc,
fffd,
0000,
0003,
0003,
0005,
0005,
0003,
ffff,
0000,
fffe,
fffd,
fffb,
0000,
ffff,
fff8,
0002,
0004,
ffff,
000d,
fff2,
0013,
ffd3,
0033,
ffb9,
0045,
ffa4,
0065,
00da,
1701,
19e6,
da76,
daee,
f705,
fc04,
25d8,
3271,
12d1,
10a6,
3f17,
181b,
cfea,
e116,
e062,
c7c5,
e540,
fa61,
dcae,
dcb2,
0672,
1c80,
152d,
18e6,
20f3,
1608,
12b4,
14e7,
00ab,
e87e,
e62b,
ea8d,
eb2d,
ec06,
f100,
faa6,
00d6,
0622,
0cbf,
0bf8,
0935,
0ab8,
0ad5,
060c,
02ed,
02d4,
ff7b,
fad7,
fafc,
fb3d,
f879,
f828,
f9df,
fa20,
fb11,
fdb7,
0009,
0206,
0423,
065f,
076a,
0722,
05ed,
0461,
0205,
ff56,
fd44,
fb9f,
fa3f,
f9c2,
fa27,
fae6,
fc37,
fe16,
ffe8,
0142,
027c,
03ac,
0480,
041a,
02d6,
0195,
007a,
ff45,
fec4,
fe9c,
fdf6,
fdc8,
fe65,
fec0,
ff03,
ffda,
0004,
0003,
0000,
fffe,
fffd,
fffc,
fffd,
fffd,
fffd,
fffe,
0000,
0001,
0004,
0005,
0004,
0004,
0003,
ffff,
fffc,
fffe,
fffd,
ffff,
ffff,
fff9,
0004,
fffe,
0008,
0000,
fffe,
0002,
ffe8,
0023,
ffc5,
0041,
ffab,
004f,
0359,
1c43,
0aca,
d3dc,
ea4b,
f8cf,
011f,
295e,
29c8,
0c39,
18e1,
3dc4,
044c,
d173,
e979,
dd09,
c9ff,
ec68,
f739,
dbc7,
e7bd,
0ba6,
1784,
12aa,
1ad0,
1fa0,
144d,
11fe,
0fa2,
fb6c,
eb88,
eab0,
e976,
e8c3,
ed49,
f526,
fc76,
ff74,
0611,
0d06,
0b95,
09b0,
0aef,
097a,
0508,
03b5,
0342,
fed2,
fa9e,
fab9,
fa1e,
f831,
f923,
fa33,
f9e4,
fb6a,
fe29,
005a,
023d,
0477,
0663,
072a,
06f2,
05c6,
03f1,
015d,
fef1,
fd13,
fb7d,
fa49,
fa1f,
faa9,
fb69,
fcb0,
fe72,
000b,
0142,
026a,
039f,
042b,
0389,
0278,
0199,
0088,
ff39,
fec4,
fe82,
fe0a,
fe26,
fec0,
fef2,
ff36,
0004,
0003,
0001,
ffff,
fffd,
fffd,
fffd,
fffe,
fffc,
fffd,
fffe,
0000,
0001,
0004,
0004,
0004,
0003,
0002,
fffe,
fffc,
fffc,
fffe,
0000,
fffb,
fffa,
0007,
fff9,
000d,
fff7,
0009,
ffee,
0005,
0002,
ffe8,
0018,
ffdc,
001b,
0700,
1cf7,
fbb9,
d718,
f58a,
f7d2,
06e9,
28b7,
21b7,
09e8,
20aa,
35d8,
f57b,
d835,
ee85,
d998,
ce5f,
f221,
f34b,
dcbe,
f0ef,
0fca,
1348,
1022,
1bdb,
1d47,
1206,
0fee,
0ae2,
f86c,
eead,
ee9f,
ea00,
e874,
eefd,
f86c,
fd50,
feed,
05f8,
0bec,
0aa4,
0952,
0a20,
0826,
04c2,
0444,
0338,
fe4e,
fab0,
fae8,
f9dd,
f8cd,
fa03,
fa80,
f9e3,
fb7a,
fe69,
00bd,
027a,
0457,
0608,
06a8,
0661,
057a,
0388,
00c8,
fe8e,
fd25,
fbe7,
face,
faae,
fb11,
fbea,
fd16,
fe92,
fff5,
010e,
0233,
0353,
03ca,
0335,
025d,
019c,
0067,
ff38,
feeb,
fea4,
fe36,
fe7b,
ff01,
ff05,
0004,
0004,
0003,
0001,
0001,
0000,
ffff,
ffff,
fffe,
fffc,
fffd,
fffd,
fffd,
0000,
0002,
0002,
0004,
0004,
0002,
fffd,
ffff,
fffd,
ffff,
0000,
fffc,
fffe,
0005,
fffb,
000e,
ffed,
0013,
ffdd,
0026,
ffce,
002c,
ffcd,
003b,
001c,
0de1,
18e8,
eba9,
e763,
ffca,
f545,
1003,
24f9,
11fd,
1095,
30db,
11cb,
d7cf,
eced,
f421,
ce16,
d866,
f83f,
ea3a,
e616,
0662,
16f9,
0d7c,
0ff9,
1d25,
1700,
0eb5,
10cc,
079f,
f7d6,
f540,
f504,
eeb4,
ead5,
ee1a,
f1b8,
f361,
f7fd,
fdbf,
01cc,
0629,
0af0,
0de2,
0d90,
0c9b,
0bea,
088c,
03b3,
00ae,
fdba,
f957,
f6ec,
f606,
f528,
f570,
f775,
fa1c,
fcd5,
000d,
039d,
05ff,
0768,
0859,
0852,
06e2,
04a5,
0292,
002c,
fd9a,
fb8e,
fa49,
f98d,
f9b0,
fa82,
fba2,
fd0f,
fec2,
00cd,
02aa,
03bf,
0441,
0419,
0399,
02ec,
0224,
011d,
ffbe,
fe86,
fd76,
fcd7,
0003,
0004,
0004,
0003,
0002,
0002,
0000,
0000,
0000,
ffff,
fffd,
fffd,
fffe,
fffe,
0000,
0003,
0002,
0004,
0003,
0002,
ffff,
0000,
fffe,
ffff,
0000,
fffc,
0000,
0003,
fffc,
000a,
fff2,
0010,
ffe3,
0023,
ffd2,
002d,
ffcb,
0041,
0052,
0dd9,
1496,
ecbe,
ed07,
fef9,
f60e,
0f6f,
2028,
1031,
10b2,
2ba8,
0eef,
debf,
f021,
f36b,
d372,
dd5c,
f6ee,
eaee,
e91c,
046e,
129e,
0bbc,
0f00,
19f7,
14a4,
0ede,
1074,
06b3,
f930,
f6d6,
f573,
f000,
eda8,
f0d9,
f300,
f48f,
f9a3,
feae,
00ae,
0398,
088a,
0b87,
0ae7,
0a42,
0aa0,
084d,
0439,
018e,
fe8c,
faa3,
f8a5,
f77c,
f622,
f63b,
f80e,
fa63,
fcf3,
fffb,
0324,
0525,
0680,
0774,
0757,
05ec,
0420,
0268,
002e,
fdc5,
fc09,
fb20,
fa70,
fa69,
fb19,
fc3f,
fd84,
feda,
0070,
01e6,
02f7,
039a,
0391,
0333,
02b0,
0212,
0130,
0004,
fedf,
fde0,
0003,
0003,
0003,
0004,
0003,
0002,
0000,
0001,
0000,
ffff,
ffff,
fffe,
fffd,
ffff,
ffff,
0000,
0002,
0002,
0003,
0003,
0002,
ffff,
ffff,
fffd,
0000,
0000,
fffc,
0000,
0001,
ffff,
0006,
fff7,
000c,
ffea,
001c,
ffd7,
002a,
ffcd,
0042,
00ae,
0e2d,
0ff2,
ed91,
f1bd,
fdb7,
f87b,
0f71,
1b7d,
0eb1,
113c,
2732,
0b1c,
e420,
f28f,
f23e,
d85f,
e22f,
f5b3,
eb71,
ec2e,
03b5,
0f7e,
0a7d,
0e8c,
174f,
12a3,
0e75,
0f8c,
05f6,
f982,
f721,
f5d1,
f196,
f011,
f2b4,
f485,
f637,
fb19,
ff90,
007a,
0208,
0639,
0948,
093c,
091b,
0942,
06d8,
0367,
0183,
ff0b,
fbbe,
f9d5,
f8a6,
f772,
f791,
f945,
fb42,
fd5f,
fff9,
02dd,
04ba,
05cb,
065e,
0622,
04f1,
035f,
01d0,
ffe9,
fdcf,
fc4a,
fb84,
fb1c,
fb3f,
fbcc,
fcc3,
fdf5,
ff41,
0099,
01b3,
0293,
0330,
0338,
02de,
024f,
01b8,
00e2,
ffd8,
fed2,
0002,
0001,
0002,
0003,
0002,
0002,
0001,
0000,
0000,
0000,
ffff,
fffe,
fffd,
fffd,
fffe,
fffe,
0000,
0002,
0002,
0003,
0003,
0001,
fffe,
ffff,
fffd,
ffff,
ffff,
fffc,
0000,
ffff,
0000,
0003,
fffa,
0007,
fff1,
0013,
ffe0,
0020,
ffda,
0030,
00fc,
0d81,
0ca1,
ef9b,
f467,
fd88,
fab7,
0daf,
17aa,
0d9a,
1097,
2307,
09be,
e8d9,
f421,
f2ff,
dd77,
e561,
f49f,
ec68,
ee01,
021f,
0cf7,
0953,
0d25,
1516,
11b5,
0df6,
0d9f,
0562,
fb03,
f829,
f6cb,
f347,
f1da,
f426,
f62b,
f77f,
fb33,
ff15,
0047,
016f,
047a,
079a,
0834,
079c,
070a,
0557,
0318,
0196,
ff8e,
fced,
fb48,
fa16,
f90b,
f918,
fa30,
fbc8,
fd8a,
ffbe,
0249,
040a,
04f9,
0548,
051b,
0419,
02a6,
013f,
ffb8,
fe0a,
fcbc,
fc13,
fbc8,
fbf2,
fc74,
fd45,
fe4f,
ff7c,
00ba,
01c0,
025a,
02a4,
02a8,
0279,
0201,
0152,
007d,
ffa2,
0000,
0001,
0002,
0002,
0002,
0002,
0001,
0000,
0000,
0000,
ffff,
ffff,
fffe,
fffe,
fffe,
fffe,
ffff,
0000,
0002,
0002,
0003,
0002,
0000,
fffe,
fffe,
fffd,
ffff,
fffe,
fffc,
0000,
ffff,
0001,
0002,
fffb,
0005,
fff5,
000d,
ffe8,
0019,
ffe6,
001e,
012d,
0c52,
0a62,
f1d5,
f64a,
fe11,
fbfa,
0b65,
14a3,
0c7b,
0f53,
1f7b,
09a4,
ecf7,
f5bc,
f4ad,
e208,
e788,
f3e4,
ed83,
eec3,
0098,
0ad6,
07e1,
0bf8,
13b4,
1085,
0c5a,
0c38,
05ac,
fcc4,
f9b6,
f825,
f4a9,
f33b,
f59f,
f70e,
f793,
faa6,
fe91,
004c,
01a9,
03ed,
05ce,
05ec,
05cd,
05ef,
0499,
02c9,
01c3,
0057,
fe3a,
fcb2,
fb78,
fa3e,
fa0e,
fafd,
fc3b,
fd93,
ff7b,
01af,
0320,
0407,
0470,
043d,
034f,
021a,
00ec,
ff8d,
fe3c,
fd5e,
fcda,
fc73,
fc75,
fcf8,
fdd5,
fec2,
ffaf,
00b4,
0190,
020b,
0241,
022f,
01ff,
019a,
0109,
0043,
ffff,
0001,
0001,
0001,
0001,
0002,
0002,
0001,
0000,
0000,
ffff,
ffff,
ffff,
fffe,
fffe,
fffe,
ffff,
ffff,
0001,
0002,
0002,
0003,
0002,
0000,
fffe,
fffe,
fffe,
ffff,
fffe,
fffc,
0000,
fffe,
0001,
0001,
fffd,
0006,
fff8,
0009,
ffee,
0013,
ffec,
0012,
0137,
0ae5,
08e1,
f419,
f7e2,
feb2,
fc71,
092c,
1217,
0b40,
0dc1,
1c8d,
0a3d,
f0bd,
f76e,
f6a9,
e5cd,
e90d,
f3b4,
ee33,
ef1c,
ff5c,
08f9,
06ea,
0acb,
119b,
0eec,
0bab,
0bb8,
05e7,
fe2a,
fba2,
f9bf,
f5dc,
f438,
f5e3,
f6e9,
f788,
fad5,
fea1,
007a,
0155,
0284,
041c,
049c,
04ee,
0524,
0436,
02b5,
0220,
014c,
ff3a,
fd62,
fc1a,
fb50,
fb27,
fbaa,
fc89,
fd86,
ff14,
0100,
0257,
031b,
0392,
0392,
02be,
01ad,
00bf,
ffc0,
fea6,
fdda,
fd63,
fd08,
fd14,
fd8b,
fe40,
ff0a,
ffcb,
008c,
0135,
01aa,
01e7,
01cf,
0191,
0133,
00bc,
fffe,
ffff,
0001,
0002,
0002,
0002,
0002,
0002,
0002,
0001,
0001,
0000,
0000,
0000,
ffff,
fffe,
ffff,
ffff,
0000,
0001,
0002,
0003,
0004,
0003,
0001,
ffff,
ffff,
fffe,
ffff,
ffff,
fffd,
0000,
0000,
0002,
0001,
0000,
0006,
fff9,
0009,
fff3,
000f,
fff2,
000e,
011c,
0958,
07f4,
f66d,
f93a,
ff20,
fc7b,
072d,
0fc7,
09fd,
0c33,
19f5,
0b58,
f46f,
f908,
f87c,
e8dc,
ea90,
f389,
ee9b,
efcb,
fe99,
072e,
0544,
093a,
1023,
0e1b,
0b25,
0b26,
0651,
fffc,
fd8a,
faac,
f611,
f438,
f5ea,
f74e,
f866,
fb59,
fe23,
ff35,
0074,
0259,
03b4,
03dc,
0427,
04ab,
040c,
02f8,
0275,
016f,
ff81,
fdf1,
fcf8,
fc2d,
fbf2,
fc29,
fc96,
fd57,
feb8,
006d,
01a3,
0267,
02da,
02ef,
0266,
01a2,
00e5,
fffe,
feee,
fe2d,
fdca,
fda0,
fdbb,
fe04,
fe8c,
ff21,
ffb9,
004b,
00cb,
0139,
017f,
0181,
0143,
00e3,
fffc,
fffd,
fffe,
ffff,
0001,
0002,
0001,
0001,
0002,
0002,
0001,
0001,
0000,
ffff,
ffff,
ffff,
fffe,
ffff,
ffff,
ffff,
0000,
0001,
0003,
0002,
0002,
0001,
ffff,
ffff,
fffe,
fffe,
ffff,
fffc,
ffff,
0000,
0001,
0001,
0000,
0004,
fffa,
0007,
fff6,
000b,
fff6,
000b,
00e7,
07c7,
075f,
f8c9,
fa53,
ff3e,
fc6f,
0568,
0d74,
08ea,
0ac3,
178c,
0cbf,
f7fa,
fa61,
f9ca,
ebd6,
ec10,
f308,
efbc,
f118,
fcc3,
0489,
048a,
08b2,
0e8d,
0d14,
0acd,
0b1b,
0789,
0157,
fd79,
fa13,
f666,
f525,
f6c5,
f82e,
f8b9,
fa59,
fcfb,
ff57,
00cb,
022c,
0356,
036a,
03b5,
0464,
0411,
02d8,
0232,
0154,
ffd2,
fea8,
fda5,
fcb0,
fc35,
fc5f,
fcaf,
fd3c,
fe81,
0006,
011e,
01db,
025c,
0283,
0237,
01b5,
0106,
0022,
ff36,
fe9f,
fe48,
fe03,
fe16,
fe63,
feb0,
ff01,
ff6c,
fff5,
007c,
00e7,
012c,
0123,
00f7,
fffd,
fffd,
fffe,
ffff,
0000,
0002,
0002,
0002,
0003,
0002,
0002,
0001,
0000,
0000,
0000,
ffff,
ffff,
ffff,
ffff,
ffff,
0000,
0001,
0002,
0003,
0002,
0002,
0000,
ffff,
ffff,
fffe,
ffff,
fffe,
fffd,
0000,
0000,
0002,
0002,
0000,
0003,
fffc,
0007,
fff5,
000c,
fff9,
0009,
00ae,
063f,
06f8,
fb29,
fb2e,
ff15,
fc8a,
03c9,
0b17,
0833,
099f,
151a,
0e13,
fb80,
fb37,
faca,
ef0b,
ed6a,
f307,
f0df,
f0fc,
fae5,
0381,
0492,
0787,
0cc7,
0ccc,
0b46,
0b2c,
0742,
0072,
fc98,
fa9c,
f827,
f6a9,
f706,
f78f,
f82b,
fa8d,
fdb1,
ffac,
00a7,
01d8,
0328,
035f,
037a,
03ec,
0398,
0296,
01f6,
0160,
0031,
ff00,
fded,
fce7,
fc5a,
fc7a,
fcdf,
fd6c,
fe6b,
ffb5,
00bf,
017e,
020a,
023e,
0209,
01b8,
0145,
007f,
ff93,
fee4,
fe70,
fe37,
fe45,
fe69,
fe9a,
feda,
ff44,
ffc7,
004c,
00ad,
00d7,
00dc,
fffe,
fffd,
fffd,
fffe,
ffff,
0000,
0001,
0002,
0002,
0002,
0002,
0001,
0001,
0000,
ffff,
ffff,
ffff,
ffff,
ffff,
ffff,
ffff,
0000,
0001,
0001,
0002,
0002,
0001,
0000,
0000,
ffff,
fffe,
ffff,
fffe,
fffd,
ffff,
ffff,
0001,
0002,
ffff,
0001,
fffe,
0002,
fff9,
000d,
fff8,
000e,
006f,
04ce,
0696,
fd83,
fbd9,
febb,
fce7,
021f,
08d8,
07f6,
08a3,
1273,
0f29,
fed1,
fbbf,
fc17,
f2b7,
ee52,
f1c9,
f1b4,
f21b,
fa34,
0296,
041a,
066e,
0c12,
0d2d,
0a6c,
08d2,
0587,
0065,
fdb7,
fc20,
f92e,
f665,
f66a,
f7fb,
f970,
fb6d,
fde7,
ff9f,
0091,
01d9,
030d,
0324,
02f1,
032c,
032d,
027f,
01e6,
014c,
002f,
ff07,
fe0c,
fd2c,
fc8b,
fc9e,
fd29,
fdae,
fe6c,
ff8c,
0087,
0135,
01c1,
0232,
0223,
01cc,
0159,
0099,
ffaf,
fee9,
fe7f,
fe3e,
fe41,
fe67,
fe96,
feef,
ff4a,
ffb2,
001a,
0076,
00b0,
fffe,
fffc,
fffc,
fffd,
fffd,
fffe,
0000,
0000,
0001,
0001,
0002,
0000,
0000,
ffff,
ffff,
ffff,
ffff,
ffff,
ffff,
ffff,
ffff,
ffff,
ffff,
0000,
0001,
0001,
0001,
0001,
0000,
ffff,
ffff,
fffe,
fffe,
fffe,
fffd,
fffe,
ffff,
0002,
0002,
fffc,
0003,
fffe,
fffe,
0000,
0009,
fffd,
000d,
003f,
037f,
0625,
ffbc,
fc63,
fe52,
fd4c,
00a1,
06f2,
07e9,
07bf,
0fa8,
0fd2,
0202,
fd14,
fd8f,
f45b,
edf1,
f1f9,
f416,
f3a0,
f95a,
0166,
043b,
0689,
0ad8,
0aaf,
0789,
071c,
05fa,
01d8,
fe3b,
fba9,
f8c3,
f703,
f7d7,
f94d,
fa4b,
fbf4,
fe2d,
ffb4,
00d0,
01c3,
025d,
027d,
0278,
02b6,
02d2,
0251,
01a0,
00fd,
001d,
ff16,
fe22,
fd5a,
fcdd,
fcf5,
fd70,
fdf4,
fe9a,
ff8a,
006d,
0124,
01c3,
021f,
01fe,
0195,
0118,
007c,
ffa4,
fef0,
fe86,
fe57,
fe5f,
fe7b,
febe,
ff07,
ff5a,
ffad,
0003,
005a,
ffff,
ffff,
fffe,
fffd,
fffd,
fffe,
ffff,
0000,
0001,
0001,
0001,
0002,
0001,
0001,
0000,
0000,
ffff,
fffe,
ffff,
ffff,
ffff,
ffff,
ffff,
0000,
0000,
0000,
0001,
0001,
0001,
0001,
0000,
ffff,
fffe,
fffe,
fffe,
ffff,
ffff,
0000,
0003,
ffff,
fffe,
0003,
fffd,
0001,
0004,
0008,
0000,
0011,
0016,
025a,
059a,
01b3,
fcfc,
fdcb,
fdca,
ff7f,
054d,
07be,
06f7,
0d14,
1061,
05d4,
fd73,
fc68,
f617,
f02b,
f356,
f5ce,
f4e5,
f92f,
0135,
042f,
0451,
06d0,
0827,
0756,
074d,
05dc,
0149,
fd41,
fb96,
fa64,
f901,
f8ef,
fa27,
fb49,
fc98,
fe89,
0001,
0093,
00f7,
01a6,
0213,
020f,
023f,
025a,
01d7,
0145,
00db,
000b,
fef1,
fe39,
fdbe,
fd63,
fd79,
fde4,
fe58,
feda,
ffae,
007c,
0102,
016e,
01ae,
0196,
013f,
00cf,
004c,
ffb0,
ff20,
feb4,
fe7e,
fe83,
feb6,
fef6,
ff2a,
ff6c,
ffb0,
fffd,
0001,
0000,
0000,
ffff,
fffe,
fffe,
fffe,
0000,
0000,
0001,
0001,
0001,
0002,
0001,
0001,
0000,
0000,
0000,
0000,
0000,
0000,
ffff,
0001,
0000,
0000,
0001,
0001,
0001,
0002,
0002,
0001,
0000,
0000,
ffff,
ffff,
0000,
0000,
ffff,
0001,
0003,
ffff,
ffff,
0002,
0000,
0004,
0005,
0007,
000a,
0007,
fffc,
0181,
04f5,
0338,
fd9a,
fd57,
fe41,
fed7,
03ce,
074a,
070c,
0bea,
0fb0,
0665,
fd6a,
fd58,
f939,
f284,
f3fa,
f7b1,
f78f,
f95b,
febc,
0114,
01a8,
055d,
0812,
06e4,
0554,
03da,
00c3,
fe46,
fd4f,
fbed,
fa32,
fa11,
fb4c,
fc6b,
fd82,
fe97,
ff83,
0014,
0087,
0120,
017e,
0184,
0179,
01aa,
0187,
0106,
0080,
ffc5,
ff1e,
febd,
fe7e,
fe32,
fe15,
fe50,
fea7,
ff20,
ffb4,
0036,
0087,
00d9,
012b,
013b,
0100,
009f,
0040,
ffc9,
ff4b,
fef1,
feca,
fed6,
fefb,
ff23,
ff49,
ff7f,
ffc3,
0002,
0001,
0000,
0000,
ffff,
ffff,
fffe,
ffff,
0000,
0000,
0001,
0001,
0001,
0001,
0001,
0000,
0000,
0000,
0000,
0000,
0000,
0000,
0000,
0000,
0000,
0001,
0001,
0002,
0002,
0002,
0001,
0001,
0000,
0000,
0000,
0000,
0000,
ffff,
0000,
0002,
0001,
ffff,
0000,
0001,
0003,
0000,
0008,
000c,
0004,
fffc,
fff9,
00f2,
0435,
041d,
fe64,
fd0d,
fe95,
fea4,
02a8,
07c9,
07ea,
083f,
0c16,
089e,
007d,
fe29,
fad8,
f53a,
f661,
f9f7,
f801,
f66d,
faeb,
0036,
0255,
0416,
0562,
0445,
0353,
0398,
0273,
ffe6,
fe13,
fd02,
fbda,
fbb5,
fca5,
fd45,
fd7b,
fe32,
ff4c,
ffcb,
fff7,
004a,
00a1,
00ad,
00c2,
0129,
011a,
009c,
004e,
001e,
ffea,
ffa2,
ff4b,
fec9,
fe7c,
fea0,
fee9,
ff1f,
ff50,
ffaf,
000d,
006e,
00cd,
00ea,
00c1,
0083,
003d,
ffe8,
ff96,
ff5d,
ff39,
ff26,
ff32,
ff4d,
ff77,
ff93,
0001,
0001,
0000,
0000,
0000,
ffff,
ffff,
ffff,
ffff,
ffff,
0000,
0000,
0000,
0001,
0000,
0000,
0000,
ffff,
ffff,
0000,
0000,
0000,
0000,
0000,
0000,
0000,
0001,
0001,
0001,
0001,
0001,
0001,
0001,
0000,
0000,
ffff,
0000,
0000,
ffff,
ffff,
0002,
0000,
ffff,
0002,
0001,
0001,
0004,
000b,
0002,
0000,
0004,
fffc,
008d,
0387,
0466,
ff1f,
fd13,
fee8,
ffa9,
0302,
0608,
0557,
0638,
0bcb,
0b10,
0250,
fe71,
fd89,
f9a0,
f77e,
f7e5,
f5d0,
f598,
fb80,
004e,
0000,
000b,
0269,
0392,
03de,
046d,
033a,
00c0,
ff58,
fed0,
fdde,
fd13,
fd07,
fd50,
fda1,
fe29,
fed2,
ff1a,
ff18,
ff42,
ffb5,
fff8,
002b,
0098,
00d8,
00bb,
00d2,
0100,
00c7,
003e,
ffac,
ff2f,
fede,
feca,
fec7,
fec9,
fefa,
ff56,
ffab,
0008,
0061,
009d,
00a1,
0081,
005b,
0032,
0007,
ffd2,
ff98,
ff6c,
ff63,
ff74,
ff73,
0001,
0001,
0001,
0001,
0000,
0000,
0000,
0000,
ffff,
ffff,
ffff,
ffff,
ffff,
ffff,
0000,
0000,
0000,
0000,
ffff,
0000,
0000,
0000,
0000,
ffff,
ffff,
0000,
0000,
0000,
0000,
0000,
0000,
0001,
0001,
0001,
0001,
0000,
0000,
0000,
ffff,
ffff,
0000,
0001,
ffff,
0000,
0000,
0001,
0004,
0003,
0003,
0002,
000d,
ffff,
fffb,
006e,
02e7,
0402,
ffd5,
fe3d,
00c2,
ffc9,
ff6c,
03dc,
06bf,
06f0,
0a3e,
0b2a,
0519,
013f,
ff79,
f989,
f503,
f660,
f7f8,
f7f3,
f99b,
fbdc,
fcaa,
feaf,
025e,
0415,
0406,
0468,
042e,
02a3,
013d,
0044,
fed0,
fd80,
fd42,
fd97,
fda2,
fd97,
fdf4,
fe29,
fe33,
fe6b,
fefc,
ff6b,
ffcb,
008c,
0132,
016e,
0188,
0190,
012c,
0097,
000b,
ff71,
fef8,
feb7,
fea3,
fe98,
feaa,
fee8,
ff3e,
ffb0,
001b,
0072,
00a7,
00b6,
00a7,
0094,
006a,
0023,
ffe3,
ffaa,
ff72,
ff4d,
0000,
0000,
0000,
0001,
0001,
0001,
0000,
ffff,
ffff,
ffff,
fffe,
ffff,
ffff,
ffff,
ffff,
ffff,
0000,
ffff,
0000,
0000,
0000,
ffff,
0000,
0000,
0000,
0000,
ffff,
ffff,
ffff,
0000,
0000,
0000,
0001,
0001,
0001,
0001,
0000,
0000,
ffff,
0000,
0000,
0000,
0000,
fffe,
0001,
0003,
0002,
ffff,
0000,
000a,
0006,
0008,
0006,
fffe,
0060,
0257,
039e,
023c,
0018,
fde5,
fd7b,
0085,
053c,
071f,
064b,
0925,
0cfe,
08a7,
0064,
fb83,
f860,
f791,
f92f,
f868,
f53a,
f54f,
f992,
fd37,
ff7d,
01d1,
03a0,
049c,
0595,
05d9,
0444,
021a,
0081,
ff41,
fe05,
fd6a,
fd4d,
fd0c,
fcd7,
fd18,
fd65,
fd8b,
fddd,
fe87,
ff55,
0019,
0104,
01b3,
01e2,
01da,
01c8,
0181,
00d9,
002e,
ff90,
ff01,
fea3,
fe66,
fe51,
fe49,
fe80,
fef3,
ff89,
0020,
008c,
00da,
00f4,
00f4,
00d8,
00a4,
0063,
0003,
ff99,
ff34,
0000,
0001,
0001,
0001,
0002,
0002,
0001,
0001,
0000,
ffff,
ffff,
fffe,
ffff,
ffff,
ffff,
0000,
0000,
0000,
0000,
0000,
0001,
0000,
0000,
0000,
0000,
0000,
0000,
0000,
0000,
0000,
0000,
0000,
0001,
0001,
0001,
0001,
0001,
0000,
0000,
0000,
0000,
0001,
0001,
fffe,
0002,
0004,
0001,
fffc,
0005,
0009,
0005,
0004,
0013,
fff3,
fffe,
00ae,
0331,
04d2,
00b8,
fd15,
fe67,
009f,
0208,
042d,
06da,
089b,
0ae1,
0b50,
0493,
fc4c,
fb8e,
fd5a,
fabc,
f6a6,
f41a,
f377,
f5f2,
fab0,
fdb6,
ff06,
0185,
047e,
063b,
06d0,
0657,
045e,
0222,
00b8,
ff8b,
fe0b,
fd01,
fcb8,
fc80,
fc53,
fc7b,
fce0,
fd41,
fdcc,
fec0,
ffcc,
00a0,
0149,
01da,
020b,
0200,
0210,
01b8,
00f7,
0020,
ff7b,
feee,
fe76,
fe33,
fdf0,
fdf5,
fe6c,
ff20,
ffc3,
003f,
00ad,
00fc,
0126,
011c,
00f4,
00b0,
003f,
ffcd,
ff5e,
0000,
0000,
0001,
0001,
0002,
0002,
0002,
0001,
0001,
0000,
ffff,
ffff,
ffff,
ffff,
ffff,
ffff,
ffff,
ffff,
0000,
0000,
0000,
0000,
0000,
0001,
0001,
0001,
0000,
0000,
0000,
0000,
0001,
0001,
0001,
0001,
0001,
0001,
0001,
0000,
0000,
0001,
0000,
0001,
0000,
fffd,
0002,
0005,
fffd,
ffff,
0006,
000e,
fffd,
000b,
0001,
fffa,
0007,
0126,
0359,
01e5,
ff85,
ffe7,
00e0,
0138,
00d2,
01db,
05ae,
0a64,
0a0e,
05ae,
02e9,
00af,
ff87,
0052,
fe14,
f74e,
f2e3,
f3f8,
f66f,
f856,
fab6,
fd4a,
ffb7,
02c3,
05ae,
06df,
0680,
057f,
03e0,
0236,
00b9,
ff29,
fda2,
fcb2,
fc66,
fc2d,
fc0a,
fc44,
fccc,
fd82,
fe5c,
ff4e,
0031,
00b8,
0138,
01c7,
0244,
0264,
021d,
0181,
00a1,
fffa,
ff69,
fece,
fe39,
fde3,
fdf8,
fe3e,
fec6,
ff5a,
ffe0,
0058,
00b6,
0107,
0119,
00ff,
00bd,
0071,
000c,
ff9d,
ffff,
0000,
0001,
0001,
0001,
0002,
0002,
0001,
0000,
0001,
ffff,
ffff,
ffff,
ffff,
ffff,
ffff,
ffff,
ffff,
0000,
0000,
0000,
0001,
0000,
0000,
0001,
0001,
0001,
0000,
0001,
0001,
0001,
0001,
0001,
0001,
0001,
0001,
0001,
0000,
0001,
0001,
0001,
0001,
0000,
ffff,
0002,
0003,
fffe,
fffd,
000c,
000a,
0006,
fffe,
fff4,
fffb,
00a4,
02d3,
0229,
fe7b,
fe48,
01e0,
03b7,
0214,
00e9,
0257,
065f,
08be,
0790,
0391,
fe21,
fec5,
033c,
037a,
ff74,
fa0f,
f5b3,
f4dd,
f76c,
f93c,
f989,
faf3,
fe16,
0132,
0389,
054e,
05d5,
0538,
045c,
036b,
0211,
003b,
fe9d,
fd78,
fcca,
fc6b,
fc28,
fc24,
fc79,
fd46,
fe42,
ff0c,
ff86,
fff9,
00a2,
015f,
021c,
0263,
0214,
0194,
010d,
0087,
ffcf,
ff2f,
feb4,
fe64,
fe48,
fe51,
fea0,
ff10,
ff81,
ffe8,
0044,
0087,
00b4,
00cb,
00be,
0094,
0043,
ffe3,
0000,
0000,
0001,
0001,
0001,
0001,
0001,
0001,
0001,
0000,
0000,
0000,
0000,
0000,
ffff,
ffff,
ffff,
ffff,
ffff,
ffff,
0000,
0000,
0000,
0001,
0001,
0000,
0001,
0000,
0000,
0000,
0001,
0001,
0001,
0001,
0000,
0000,
0000,
0000,
0001,
0000,
0001,
0001,
0000,
0001,
0000,
0001,
ffff,
fffe,
000a,
0006,
0012,
fff1,
ffe7,
0042,
0287,
0337,
feb0,
fce8,
001a,
028b,
0377,
0336,
02d9,
0561,
0748,
05a3,
02e1,
0162,
fe43,
faf2,
ff38,
0426,
0230,
fd71,
fa40,
f89f,
f8a9,
fa68,
fb0f,
fae6,
fc20,
fee9,
0122,
0289,
03e3,
041f,
03c8,
0382,
02d6,
017c,
ffcf,
fe7a,
fdd6,
fd51,
fca5,
fc65,
fcaa,
fd50,
fe0d,
feaf,
ff11,
ff74,
002a,
00e0,
0169,
01be,
01cd,
0183,
0121,
00b6,
0036,
ffd9,
ff83,
ff22,
febf,
fe99,
fec9,
fefc,
ff26,
ff5b,
ff9d,
ffe6,
0032,
0077,
0090,
008c,
006d,
0034,
0000,
0000,
0000,
0000,
0000,
0000,
0000,
0001,
0000,
ffff,
0000,
0000,
0000,
0000,
ffff,
ffff,
ffff,
ffff,
ffff,
ffff,
ffff,
0000,
0000,
0000,
0000,
0001,
0001,
0001,
0000,
0001,
0001,
0001,
0001,
0000,
ffff,
0000,
0000,
0000,
0001,
0000,
0001,
0000,
0000,
0003,
ffff,
0002,
fffb,
0006,
0001,
000f,
0003,
fffa,
fff6,
01dc,
042f,
0004,
fbea,
fe77,
0239,
0313,
0239,
038f,
0708,
087b,
05da,
01e4,
ffac,
ff20,
fd77,
fa45,
fa53,
fedd,
02be,
0290,
ffdc,
fd36,
fbd9,
fc26,
fcd0,
fcb0,
fc11,
fc38,
fdc6,
ffb3,
011d,
020f,
0292,
02b6,
02a2,
021e,
0137,
0006,
ff13,
fe72,
fdb1,
fd46,
fd58,
fd88,
fdbd,
fe43,
fef1,
ff63,
ffad,
0001,
006d,
00de,
0136,
0136,
00ea,
00c1,
00bd,
009a,
0047,
ffe1,
ff7a,
ff2a,
ff0b,
ff00,
fedf,
fec3,
fefa,
ff67,
ffb6,
fff4,
0035,
0067,
007c,
0066,
0000,
0001,
0001,
0000,
0000,
0000,
0000,
0000,
0000,
0001,
0001,
0001,
0001,
0001,
0001,
0000,
0000,
0000,
0000,
ffff,
0000,
0000,
0000,
0001,
0001,
0001,
0001,
0002,
0001,
0001,
0002,
0001,
0001,
0000,
0000,
0000,
ffff,
0001,
0000,
0000,
0002,
ffff,
0004,
0001,
0003,
0000,
0001,
0001,
0009,
000b,
0001,
fff3,
0133,
048a,
01cc,
fba5,
fcef,
0160,
0309,
0291,
02f9,
0643,
09f3,
082a,
0241,
fef0,
fe7c,
fd4e,
faf3,
f933,
f8b3,
fab8,
fffb,
04d0,
055e,
02be,
003f,
ff08,
fed9,
fe59,
fcc1,
fb04,
fac8,
fc6b,
fe23,
ff7a,
00b6,
016b,
01ba,
020d,
0238,
01b4,
008a,
ff98,
ff2c,
fec5,
fe38,
fde2,
fde2,
fe38,
fec9,
ff17,
ff1c,
ff25,
ff73,
ffe7,
0052,
00a8,
00df,
00e9,
00f1,
0111,
010e,
00bd,
003b,
ffc9,
ff63,
fef1,
fea7,
fe92,
fe9a,
fed5,
ff2e,
ff82,
ffc8,
0020,
0056,
0046,
0001,
0000,
0000,
ffff,
ffff,
ffff,
ffff,
ffff,
ffff,
0000,
0000,
0000,
0001,
0001,
0000,
0000,
0000,
ffff,
ffff,
ffff,
ffff,
ffff,
0000,
0000,
0000,
0000,
0000,
0001,
0001,
0002,
0001,
0001,
0001,
0000,
0000,
0000,
0000,
0001,
ffff,
0001,
0001,
0001,
0002,
0002,
0002,
0001,
0002,
0000,
000c,
0005,
0001,
008e,
0484,
03eb,
fbd6,
fb1b,
00b2,
031c,
0259,
02c0,
06c7,
0ae7,
08e6,
02e6,
ff40,
fdd2,
fd02,
faec,
f873,
f7ca,
f86b,
fabc,
fed3,
03a0,
0727,
07ab,
05a3,
0322,
0110,
ff2b,
fcfb,
fad3,
f99e,
f988,
fafc,
fcd3,
fe5c,
ffb7,
00c6,
01ac,
0271,
02a3,
0205,
0147,
00a3,
001c,
ff7b,
fed3,
fe77,
fe5e,
fe6a,
fe70,
fe6b,
fe73,
fe88,
fef7,
ffae,
0034,
007d,
00cc,
0130,
018b,
019b,
0154,
00e7,
0055,
ffa9,
ff10,
feb6,
fe7c,
fe57,
fe66,
feb3,
ff12,
ff5d,
ffa2,
ffe9,
0026,
0002,
0001,
0000,
ffff,
ffff,
fffe,
fffe,
ffff,
0000,
0000,
0001,
0001,
0002,
0002,
0001,
0000,
0000,
0000,
ffff,
0000,
0000,
ffff,
ffff,
0000,
0000,
0001,
0001,
0001,
0001,
0001,
0001,
0000,
0000,
0000,
ffff,
0000,
0000,
0000,
0000,
0001,
0002,
0002,
0000,
0004,
ffff,
0007,
fffa,
000e,
fffb,
0015,
002c,
03da,
0606,
fd38,
f8f5,
ff48,
0384,
02aa,
0222,
0699,
0c9d,
0b32,
0367,
fe35,
fd0f,
fd14,
fa6d,
f740,
f6f4,
f797,
f99a,
fce0,
001d,
02fa,
063b,
0959,
09f1,
0793,
0376,
ff6a,
fc9d,
fb16,
f969,
f81a,
f88c,
fa44,
fc15,
fdf5,
ffd2,
012f,
0226,
02e2,
031a,
02af,
024a,
01a4,
00c6,
ffdf,
ff3d,
feba,
fe10,
fdb3,
fd91,
fd9f,
fe05,
fea2,
ff18,
ff60,
fff3,
00de,
019e,
01dd,
01ce,
01a9,
0141,
00b9,
002c,
ff76,
fec3,
fe56,
fe2d,
fe33,
fe53,
fe93,
fecd,
ff25,
ffb2,
003c,
0001,
0000,
0000,
ffff,
fffe,
fffe,
fffe,
ffff,
0001,
0000,
0001,
0001,
0001,
0001,
0001,
0001,
0000,
0000,
0000,
0000,
0000,
0000,
0000,
0000,
0000,
0001,
0002,
0002,
0002,
0002,
0001,
0000,
0000,
ffff,
0000,
0000,
0000,
0000,
0002,
0001,
0003,
ffff,
0007,
fffe,
0008,
fffc,
000c,
fffe,
0016,
0005,
02e4,
079a,
ffaa,
f716,
fd14,
03b7,
034f,
01d2,
0646,
0de6,
0d79,
04da,
fe4a,
fc26,
fbc4,
f9ed,
f68d,
f4e7,
f61b,
f94b,
fc90,
ff84,
0229,
0411,
05fc,
08e8,
0b19,
0986,
0519,
0031,
fcca,
fab8,
f942,
f80f,
f77a,
f870,
fa6e,
fc88,
fe87,
00a9,
01d8,
0288,
0399,
042e,
03c6,
02b7,
01c6,
0107,
0002,
fefa,
fde2,
fd1e,
fcf7,
fd41,
fda4,
fddd,
fe4f,
ff09,
0002,
00ea,
019e,
01fe,
01f6,
01bf,
0172,
011d,
0095,
ffbe,
fee4,
fe43,
fe03,
fe00,
fe01,
fe1a,
fe79,
ff0f,
ffa2,
0031,
0000,
ffff,
ffff,
fffe,
fffe,
fffe,
fffe,
0000,
0000,
0000,
0001,
0001,
0001,
0001,
0000,
0000,
0000,
0000,
0000,
0000,
ffff,
ffff,
ffff,
ffff,
0000,
0001,
0001,
0002,
0001,
0000,
0000,
ffff,
ffff,
0000,
ffff,
ffff,
fffe,
0002,
0001,
0003,
ffff,
0005,
fffe,
0004,
fffd,
0004,
0007,
000b,
0008,
01de,
0867,
02f5,
f600,
f9e7,
037d,
0456,
01cb,
05c9,
0f4c,
0ff0,
05f6,
fe89,
fbec,
fb0c,
f944,
f4ef,
f2cf,
f4a5,
f7d7,
fbbb,
ffd6,
02b5,
044e,
05cb,
077a,
08c6,
08e6,
07f0,
04f0,
0117,
fd9a,
fa6b,
f8de,
f860,
f7eb,
f7fc,
f95f,
fb94,
fdb8,
ff79,
0167,
02f7,
042f,
04ac,
042b,
037d,
02d9,
01e6,
0054,
fef3,
fe0b,
fd5f,
fccd,
fc99,
fcc5,
fd38,
fe1d,
ff23,
0016,
00e9,
017c,
01dd,
01f7,
01f4,
01c0,
014c,
0099,
ffc4,
feea,
fe3e,
fde8,
fdb9,
fdc2,
fe03,
fe7b,
ff12,
ffae,
004a,
ffff,
ffff,
fffe,
fffe,
fffe,
ffff,
0000,
0000,
0000,
0000,
0000,
0001,
0002,
0001,
0000,
0000,
0001,
0000,
0000,
0000,
ffff,
ffff,
ffff,
0000,
0001,
0001,
0002,
0002,
0001,
0000,
ffff,
0000,
0000,
0000,
ffff,
fffe,
0001,
0001,
0003,
ffff,
0004,
0004,
fffe,
0005,
fff9,
0011,
fffd,
001f,
0103,
085c,
0696,
f633,
f61d,
0264,
057d,
0233,
056c,
1093,
1286,
0744,
febe,
fba5,
fa38,
f8e8,
f437,
f095,
f209,
f673,
fb4a,
feea,
02ac,
05a3,
069b,
0815,
097c,
080b,
05a8,
0440,
0307,
00cd,
fda6,
fb28,
f94b,
f8a1,
f8c7,
f8ee,
f94b,
fae6,
fd32,
ff33,
0168,
0348,
0421,
043e,
0457,
043a,
0343,
01d8,
009f,
ff76,
fe4c,
fd37,
fc8b,
fc4f,
fc68,
fcfe,
fe1c,
ff4e,
0037,
00dc,
0158,
01ba,
0210,
0231,
01db,
0124,
0058,
ff82,
feb1,
fe2c,
fde5,
fdbe,
fdc6,
fe23,
feae,
ff55,
fff8,
0080,
ffff,
fffe,
fffe,
fffe,
ffff,
0000,
0000,
0000,
0001,
0000,
0001,
0001,
0000,
0001,
0001,
0002,
0000,
0000,
0000,
0000,
0001,
0000,
0000,
0000,
0001,
0002,
0003,
0002,
0000,
ffff,
ffff,
ffff,
0001,
0000,
fffe,
0001,
0002,
0001,
0002,
fffd,
0009,
fffa,
000a,
fff2,
0016,
fff1,
0033,
0074,
07a7,
09fa,
f7c8,
f23d,
0049,
067b,
02e6,
0540,
11fc,
1542,
0867,
ff02,
fbf1,
f928,
f7d0,
f3af,
ef0b,
efec,
f4a9,
f9f5,
fe58,
02c4,
05f0,
0732,
0939,
0ae8,
096f,
0618,
02e8,
00b0,
ffdf,
fe9d,
fd21,
fc06,
fab9,
f99b,
f962,
f9bd,
fa89,
fb9c,
fd62,
ff7b,
0147,
02ea,
03ce,
0420,
0430,
0407,
0344,
0205,
0078,
ff25,
fe22,
fd58,
fcb9,
fc3a,
fc6f,
fd45,
fe5c,
ff74,
0046,
00f2,
0176,
01cc,
0209,
0205,
0193,
00c2,
ffe1,
ff06,
fe79,
fe2a,
fdf9,
fdec,
fe1c,
fe99,
ff24,
ffaa,
002b,
00aa,
fffe,
fffe,
fffe,
ffff,
0000,
0001,
0001,
0000,
0000,
0001,
0001,
0000,
0000,
0000,
0000,
0000,
ffff,
0000,
0000,
ffff,
0000,
0000,
0000,
0001,
0001,
0002,
0001,
0000,
fffe,
fffe,
fffe,
0000,
0000,
fffd,
fffd,
0003,
ffff,
0002,
fffa,
0009,
fff7,
000b,
fff0,
0016,
ffeb,
0034,
002c,
069e,
0cbf,
fa77,
eebd,
fd52,
072d,
03b9,
052e,
13a8,
1839,
0953,
ff0c,
fca9,
f88f,
f657,
f28c,
ed46,
ee1f,
f385,
f905,
fd56,
01fe,
06be,
083c,
0952,
0beb,
0b45,
073c,
039e,
0096,
fe14,
fc27,
fbec,
fc90,
fc6e,
fbab,
fafc,
faaf,
fb3c,
fc59,
fd06,
fe14,
ffc8,
018b,
027e,
030c,
03ea,
0460,
0397,
0246,
0114,
0001,
fef7,
fdff,
fd42,
fccd,
fca8,
fcfe,
fdd2,
fed3,
ffdd,
00b5,
013f,
0184,
01b8,
01c4,
0160,
00c4,
0021,
ff54,
fea5,
fe4f,
fe3d,
fe3a,
fe69,
febb,
ff12,
ff80,
000f,
009b,
00e2,
fffd,
fffe,
fffe,
ffff,
0001,
0001,
0000,
0000,
0000,
0000,
0000,
0000,
ffff,
0000,
ffff,
ffff,
ffff,
0000,
ffff,
ffff,
ffff,
0000,
0001,
0002,
0002,
0001,
0000,
fffe,
fffe,
fffd,
ffff,
ffff,
fffe,
fffd,
0003,
ffff,
0004,
fff9,
0008,
fff7,
0009,
fff0,
0013,
fff0,
0025,
0015,
0578,
0eb7,
fe0a,
ebff,
f983,
0780,
04c2,
04fd,
155a,
1bad,
0a21,
feb1,
fdc3,
f87d,
f4ca,
f155,
eb3c,
ebac,
f279,
f89f,
fcb9,
0163,
06fb,
08df,
0a01,
0cf5,
0c43,
081e,
0476,
0140,
fe4d,
fb6e,
f9e2,
fa75,
fb22,
fbb8,
fcb9,
fce2,
fc9b,
fcf8,
fde7,
fece,
ff71,
009d,
0180,
0232,
0355,
03d1,
02f2,
01f9,
014b,
0059,
ff2f,
fe43,
fdd9,
fd4c,
fce0,
fd42,
fe1f,
ff03,
ffd0,
008d,
011d,
015a,
0184,
016d,
0105,
006c,
ffd4,
ff31,
feb7,
fe89,
fe78,
fe85,
fea3,
fedf,
ff25,
ffa2,
003f,
00ad,
00f0,
0102,
fffe,
fffe,
0001,
0002,
0002,
0002,
0002,
0002,
0002,
0001,
0001,
0001,
0001,
0000,
ffff,
0000,
0000,
0000,
0001,
0000,
0001,
0002,
0003,
0003,
0003,
0002,
ffff,
ffff,
fffe,
0000,
0001,
ffff,
fffd,
0003,
0000,
0006,
fffa,
0008,
fff8,
0007,
fff4,
000b,
ffff,
0014,
0017,
047f,
0fd7,
01e5,
ea63,
f527,
0736,
060a,
04eb,
16d5,
1f8b,
0b22,
fda5,
fef4,
f91f,
f341,
efef,
e95c,
e8e2,
f0f4,
f84f,
fc44,
00e7,
0791,
0a12,
0a45,
0d76,
0dc1,
090c,
0496,
018b,
fe87,
fb87,
f9aa,
f920,
f96e,
fa75,
fbd1,
fcb3,
fd9c,
fefb,
ff8c,
ffb1,
0029,
0122,
0207,
026c,
0279,
0284,
021b,
0177,
00d7,
ffcf,
fedf,
fe33,
fdd2,
fd62,
fd1f,
fdad,
fec4,
ffaf,
006a,
0110,
0148,
0130,
013c,
0143,
00d0,
fffa,
ff50,
fecd,
fe73,
fe72,
fe95,
fea6,
feb3,
fef3,
ff56,
ffdd,
008d,
0119,
014c,
0122,
00dc,
fffd,
ffff,
0001,
0002,
0001,
0001,
0001,
0001,
0000,
0000,
0000,
ffff,
ffff,
fffe,
fffe,
ffff,
0000,
ffff,
ffff,
0000,
0001,
0002,
0003,
0002,
0001,
ffff,
fffd,
fffd,
ffff,
0000,
ffff,
fffc,
0002,
ffff,
0005,
fffb,
0005,
fffa,
0002,
fff8,
0001,
0006,
000a,
0018,
03ce,
104f,
056b,
ea10,
f0b7,
060a,
0766,
0522,
1825,
235e,
0caf,
fc42,
ff8c,
fa5d,
f21e,
ee65,
e778,
e60c,
ef28,
f7ed,
fbc1,
003a,
07f9,
0b88,
0b7a,
0e28,
0e79,
09c8,
053a,
01cc,
fe41,
fab8,
f8d0,
f98a,
f9e4,
f977,
fa18,
fb2e,
fca5,
fee9,
00f0,
0183,
0169,
02d5,
03e7,
02e9,
022e,
026e,
01d9,
005b,
ff6b,
fedc,
fe28,
fd6e,
fd2e,
fd21,
fd27,
fdf8,
ff45,
007e,
0175,
01ee,
01e7,
0183,
014f,
0113,
0071,
ffa7,
fef5,
fe6c,
fe14,
fe1c,
fe33,
fe52,
fea2,
ff00,
ff75,
001c,
00ec,
0180,
01a9,
018a,
010f,
006c,
ffff,
0001,
0002,
0003,
0002,
0002,
0001,
0001,
0000,
0000,
0000,
0000,
fffe,
ffff,
ffff,
ffff,
ffff,
0000,
0000,
0001,
0003,
0003,
0002,
0002,
ffff,
fffe,
fffd,
ffff,
0000,
fffe,
fffb,
0001,
fffe,
0004,
fffc,
0004,
fffb,
ffff,
fffb,
fffb,
0008,
0005,
0017,
035d,
106c,
083c,
ead2,
ecf7,
03d9,
0879,
05be,
1944,
26f9,
0ea5,
fb39,
ff78,
fb83,
f195,
ecf9,
e5cb,
e328,
ecfd,
f786,
fb77,
ff4f,
07e5,
0cdd,
0cd8,
0f56,
0fb5,
0a92,
056e,
0221,
fdab,
f9a9,
f8d0,
f943,
f94e,
f92a,
fa16,
fac8,
fb71,
fd83,
ffa2,
01b9,
03ed,
0539,
04df,
0407,
03ca,
0374,
01d3,
ffae,
fe4f,
fd57,
fcb2,
fc53,
fc53,
fc83,
fcc4,
fdc4,
ff99,
0153,
0262,
02d4,
02b3,
0238,
01ca,
0159,
0081,
ff6b,
fe8e,
fe06,
fdc1,
fdb3,
fdaa,
fdb5,
fe22,
feec,
ffc4,
006f,
00fe,
018d,
01f5,
01e9,
0150,
008c,
fff5,
0000,
0002,
0002,
0002,
0002,
0001,
0001,
0000,
0000,
ffff,
fffe,
fffd,
fffd,
fffe,
ffff,
fffe,
fffe,
ffff,
0000,
0002,
0003,
0002,
0001,
ffff,
fffd,
fffd,
fffe,
0000,
ffff,
fffb,
0000,
fffe,
0004,
fffb,
0004,
fffb,
fffe,
fffa,
fffc,
0004,
0004,
0014,
0321,
1069,
0a1f,
ec22,
ea7c,
0128,
08b1,
06ac,
1a5d,
2a21,
10fa,
faaa,
ff2c,
fc32,
f13b,
ebd0,
e45a,
e093,
ea8c,
f6ca,
fb3d,
fea9,
07a1,
0da1,
0ddf,
109f,
1150,
0c17,
0604,
0110,
fd71,
fa36,
f831,
f826,
f852,
f870,
f9da,
fb4e,
fb75,
fc31,
feed,
0239,
03ac,
04f0,
0680,
0666,
0560,
047c,
02e6,
0021,
fd9e,
fc37,
fb72,
fafe,
fb05,
fb6d,
fbf5,
fd58,
ffaf,
01b9,
02f3,
0390,
0394,
02f9,
025f,
0213,
012f,
ffab,
fe61,
fd9f,
fd3a,
fd1e,
fd38,
fd49,
fdb3,
fe98,
ff95,
0077,
012d,
01c1,
01f5,
01cc,
016a,
00ee,
0074,
ffed,
0002,
0002,
0002,
0002,
0002,
0001,
0001,
0000,
ffff,
ffff,
fffe,
fffe,
ffff,
ffff,
fffe,
fffe,
ffff,
0000,
0002,
0003,
0003,
0002,
ffff,
fffd,
fffd,
fffe,
0000,
ffff,
fffb,
0000,
fffe,
0004,
fffb,
0004,
fff9,
ffff,
fff7,
fffe,
0001,
0005,
000d,
030e,
107b,
0b21,
ed80,
e94c,
fea2,
07f0,
0765,
1b89,
2cb5,
13d7,
faef,
fe7e,
fca0,
f105,
ea9a,
e32a,
de76,
e7ef,
f5ac,
fb1c,
fe05,
073f,
0e6f,
0eb7,
1134,
1332,
0d88,
05f9,
021d,
fe3a,
f932,
f6fc,
f788,
f7b9,
f788,
f917,
fa83,
fb0e,
fd3d,
0014,
01be,
0300,
04f7,
06b4,
06f1,
068c,
05f1,
03db,
00c1,
fe27,
fc5b,
faf3,
fa05,
f9c9,
fa25,
faf3,
fc87,
ff19,
0182,
031e,
0400,
043a,
03dc,
0344,
02bf,
01d9,
005f,
feba,
fd70,
fcbc,
fc94,
fcd6,
fd18,
fd6b,
fe18,
ff17,
0035,
0114,
01ad,
01ff,
01f4,
019a,
0116,
00a5,
0045,
ffe3,
0003,
0002,
0002,
0002,
0002,
0000,
0001,
0001,
ffff,
fffe,
fffe,
fffe,
ffff,
fffe,
ffff,
ffff,
0000,
0003,
0004,
0002,
0002,
ffff,
fffe,
fffd,
fffe,
ffff,
0000,
fffb,
0001,
fffe,
0005,
fffa,
0007,
fff7,
0002,
fff5,
0001,
fffd,
0006,
0003,
031a,
10d0,
0b35,
ee73,
e969,
fcf6,
06b6,
077e,
1c71,
2e46,
16b1,
fca4,
fdd4,
fc30,
f14c,
e9c3,
e1e3,
dd04,
e595,
f402,
fad7,
fdca,
0655,
0e68,
1037,
123c,
1293,
0e1a,
08db,
039c,
fe30,
f8ea,
f65e,
f696,
f71a,
f72a,
f77d,
f90f,
fb88,
fde3,
ffd2,
0218,
0401,
056e,
065c,
0699,
0670,
0602,
0498,
01f1,
ff09,
fcc0,
fb42,
fa2e,
f9a2,
f986,
f9ed,
fb65,
fdf8,
00a3,
0293,
03e3,
0498,
0496,
041d,
0378,
027e,
00fd,
ff43,
fdb9,
fcc5,
fc82,
fca0,
fcd3,
fd13,
fdb6,
feab,
ffa8,
009f,
016e,
01f8,
0209,
01b9,
014a,
00d8,
0081,
0027,
ffc9,
0003,
0003,
0002,
0002,
0001,
0001,
0001,
0000,
ffff,
ffff,
ffff,
ffff,
ffff,
ffff,
ffff,
0001,
0003,
0004,
0002,
0002,
ffff,
fffe,
fffc,
ffff,
0000,
0000,
fffb,
0002,
fffd,
0007,
fff8,
0009,
fff7,
0003,
fff4,
0001,
fffd,
0001,
0004,
0300,
116e,
0aeb,
eedc,
ea68,
fbb6,
0596,
0746,
1c88,
2e99,
19c5,
006d,
fdab,
fa9d,
f133,
e99f,
e0d7,
dbc0,
e34a,
f1b8,
fa61,
fdf3,
05bc,
0e25,
116a,
1259,
128d,
0f94,
0a22,
04a8,
ff13,
f935,
f5d6,
f636,
f663,
f58a,
f6a6,
f967,
fb30,
fcd9,
ffc5,
02ec,
04cb,
05e4,
06cc,
06ce,
05fc,
054e,
0433,
0227,
ffc2,
fd8c,
fbe0,
faaa,
fa09,
f9c7,
f9de,
fabf,
fcd7,
ff88,
01cf,
037a,
0477,
04a3,
0464,
03f1,
031f,
0195,
ffc7,
fe3c,
fd46,
fcd5,
fc8f,
fc80,
fcc0,
fd72,
fe43,
ff39,
004f,
012f,
01c6,
01f4,
01d2,
0176,
00fc,
00a6,
0049,
ffed,
ff6c,
0002,
0003,
0002,
0001,
0001,
0000,
0000,
fffe,
fffe,
ffff,
ffff,
ffff,
ffff,
ffff,
0001,
0002,
0004,
0003,
0003,
0000,
fffe,
fffc,
fffe,
ffff,
ffff,
fffb,
0003,
fffd,
0008,
fff9,
0009,
fff8,
0001,
fff9,
fff9,
000a,
ffec,
0019,
02a6,
1244,
0ae1,
ee16,
ec3e,
fb3e,
0419,
0749,
1c34,
2d35,
1ba9,
0673,
ff86,
f80c,
f033,
e9e7,
e04e,
dafe,
e151,
ee97,
f8ff,
fe54,
0656,
0d55,
106e,
13dc,
13f9,
0f79,
0ab1,
05e5,
ffeb,
f9bf,
f64b,
f5c8,
f4ff,
f55d,
f73e,
f851,
f9bf,
fcdc,
0044,
02bc,
044f,
0615,
0764,
0748,
0672,
053e,
0378,
0176,
ffa4,
fdfc,
fca7,
fb6c,
fa9d,
fa09,
f9f8,
faf6,
fcd0,
fef6,
010d,
02d1,
03fc,
044f,
0410,
03aa,
0313,
0217,
00ac,
ff11,
fd93,
fcd3,
fcd2,
fce5,
fcc0,
fcf9,
fddd,
ff0d,
0026,
0103,
018a,
01bf,
01b6,
017f,
0123,
00bc,
005b,
ffea,
ff68,
feeb,
0002,
0002,
0001,
0000,
0000,
ffff,
ffff,
fffe,
fffe,
ffff,
fffe,
ffff,
ffff,
0001,
0002,
0003,
0003,
0002,
ffff,
fffe,
fffc,
fffe,
ffff,
ffff,
fffa,
0003,
fffd,
0006,
fffa,
0006,
fffd,
fff8,
0005,
ffe9,
001f,
ffcf,
0037,
0214,
1308,
0bdd,
ebc3,
ede9,
fcc8,
01f7,
06f5,
1c95,
2ac3,
1a76,
0d41,
0550,
f5a7,
ed60,
ea36,
e063,
da8c,
e05e,
eb28,
f601,
fec6,
071b,
0bf4,
1073,
155a,
1446,
0f9e,
0b38,
06c0,
00bd,
faae,
f620,
f511,
f5b4,
f655,
f6a4,
f73c,
f96a,
fc95,
ffb6,
023e,
0430,
058e,
06de,
07bb,
073c,
0576,
036e,
018b,
ff80,
fdbc,
fcb6,
fbc9,
fafb,
fa7a,
fa84,
fb5b,
fd0a,
ff00,
00d6,
0272,
039f,
03f1,
0374,
0302,
02ac,
021c,
00eb,
ff67,
fe1d,
fd4e,
fcf4,
fcec,
fd11,
fd5c,
fdeb,
fec9,
ffd8,
00e2,
0191,
01ae,
016e,
013b,
010c,
00c4,
006b,
ffe7,
ff5a,
feda,
feb0,
0002,
0001,
0000,
0000,
ffff,
fffe,
ffff,
fffe,
fffe,
fffe,
ffff,
ffff,
0000,
0002,
0003,
0002,
0002,
0000,
fffd,
fffd,
fffd,
ffff,
fffe,
fffa,
0002,
ffff,
0004,
fffe,
0000,
0004,
ffed,
0013,
ffd7,
0032,
ffb5,
0055,
015a,
134c,
0e94,
e89f,
ed49,
00ed,
007f,
04ba,
1dcb,
29b4,
15ba,
113a,
0fb8,
f658,
e875,
e965,
e104,
da6a,
e031,
e871,
f267,
fce0,
0716,
0daf,
102b,
1511,
14ed,
0ffb,
0ba0,
075c,
01b7,
fac1,
f5b6,
f622,
f6fd,
f5c2,
f6b1,
f7e0,
f926,
fbc8,
fedc,
017e,
0357,
0523,
0692,
072a,
0735,
061f,
03d6,
01a5,
0025,
fe41,
fc84,
fb3e,
faf1,
fb15,
fb19,
fbd6,
fd4d,
ff04,
00bc,
0260,
0367,
03ab,
0381,
031d,
022a,
0117,
003c,
ff72,
fe84,
fdb7,
fd35,
fd14,
fd55,
fdc5,
fe46,
fee5,
ffcc,
00c1,
017d,
01ad,
0165,
0110,
00cd,
0098,
004d,
ffc9,
ff3c,
fed5,
fec3,
febe,
0002,
0001,
0000,
ffff,
ffff,
ffff,
ffff,
fffe,
fffe,
ffff,
ffff,
0001,
0003,
0004,
0003,
0002,
0001,
fffd,
fffd,
fffd,
0000,
fffe,
fffa,
0001,
0002,
0001,
0003,
fffa,
000d,
ffe2,
001f,
ffcb,
0040,
ffa3,
006b,
008d,
127d,
1345,
e694,
e86d,
0628,
025d,
004c,
1d7a,
2c10,
1039,
0e75,
1bdd,
fe00,
e31c,
e615,
e1ae,
da5b,
e09f,
e7f5,
ed8d,
f823,
07d9,
0fe9,
0fcb,
14ae,
1560,
0fb0,
0c4e,
08f5,
0185,
fa19,
f719,
f79e,
f716,
f5b1,
f74e,
f873,
f913,
fb6f,
fe42,
0054,
0237,
0442,
05c2,
068c,
073a,
0675,
0406,
0201,
009e,
fecc,
fd27,
fbe5,
fafa,
faad,
faef,
fc45,
fe01,
ff3b,
003f,
01cc,
035f,
042f,
03d3,
02d1,
01b3,
00d7,
001f,
ff09,
fdee,
fd75,
fd84,
fda3,
fdba,
fdfc,
fe76,
ff23,
0013,
00d8,
0158,
0174,
015a,
0124,
00d7,
0080,
001d,
ffa8,
ff0e,
feaa,
feae,
fed3,
fee1,
0001,
0000,
ffff,
fffe,
ffff,
0000,
fffe,
fffe,
ffff,
0000,
0000,
0003,
0004,
0003,
0001,
0001,
fffd,
fffe,
fffc,
0000,
fffe,
fffa,
fffe,
0005,
fffd,
0008,
fff3,
0016,
ffd8,
0026,
ffc6,
0044,
ff9f,
0070,
ffd7,
1015,
1947,
e85a,
df06,
08c4,
0946,
fc0d,
18f5,
30bd,
0eb7,
04b8,
2326,
0dde,
e24d,
df86,
e142,
da1a,
e147,
e8d7,
e983,
f2cc,
056d,
11ac,
1173,
13cc,
1541,
0f85,
0cc0,
0a40,
0212,
fa70,
f7f9,
f826,
f815,
f666,
f72d,
f8e0,
f911,
fb12,
fe0c,
ffc0,
00ed,
02be,
04c5,
05ef,
06c7,
06a9,
047d,
01e5,
00b6,
ffc0,
fe56,
fcd5,
fb6c,
fab5,
fab6,
fc04,
fe00,
ff47,
0001,
0199,
036b,
0421,
039f,
02cd,
01e7,
00c8,
ffd1,
feef,
fe0c,
fd67,
fd45,
fd71,
fdcc,
fe46,
fed7,
ff65,
0017,
00d5,
0165,
0186,
0133,
00fa,
00ed,
00a5,
0030,
ffaa,
ff0b,
fe79,
fe74,
fec9,
fedb,
fefc,
0001,
0000,
fffe,
ffff,
0000,
ffff,
fffd,
ffff,
0000,
ffff,
0003,
0003,
0003,
0001,
0002,
fffd,
fffe,
fffd,
0000,
fffe,
fffb,
fff9,
0009,
fffa,
000d,
ffec,
001c,
ffd6,
0023,
ffcd,
0039,
ffb5,
0053,
ff81,
0bd5,
1ef5,
f065,
d359,
0403,
140f,
fc28,
0fcb,
345b,
143b,
f861,
1fc4,
2179,
eb6b,
d85d,
dd9c,
d991,
e0ec,
e9c3,
e912,
ede7,
ff3a,
1146,
1445,
142f,
14f9,
0f67,
0c24,
0af6,
0455,
fbf0,
f7bd,
f7df,
f969,
f7b6,
f711,
f8ce,
f93a,
fa8b,
fd98,
ffb8,
0055,
0142,
036b,
0535,
0619,
065b,
04a6,
0220,
0102,
0079,
ff62,
fdcf,
fc21,
fb3b,
fb03,
fba0,
fd57,
ff20,
001a,
014c,
02d0,
03a1,
0391,
031b,
024f,
00ee,
ffac,
feec,
fe37,
fd86,
fd4a,
fd7d,
fdc3,
fe14,
feb3,
ff5d,
002c,
00f9,
016d,
0166,
0117,
0111,
0115,
00cb,
0044,
ffb5,
ff13,
fe7f,
fe7d,
fec5,
fec1,
fec4,
ff18,
0001,
fffe,
ffff,
0002,
0000,
fffe,
fffe,
0000,
0000,
0003,
0005,
0004,
0001,
0002,
fffe,
fffe,
fffd,
0000,
ffff,
fffd,
fff6,
000c,
fffb,
000f,
ffee,
0019,
ffe3,
000d,
ffec,
000d,
fffa,
fff6,
ffda,
0644,
218e,
ff7d,
cabb,
f51a,
1d5b,
043e,
04d0,
32f1,
2090,
efe3,
1035,
3048,
000b,
d675,
d6d5,
d759,
dea9,
ea8e,
eb57,
eada,
f7c3,
0cd8,
161f,
160e,
15c6,
0fa8,
0a7f,
0ae5,
076e,
fee1,
f7bb,
f6bb,
f9d3,
f9a5,
f789,
f835,
f913,
fa14,
fd11,
ff9f,
005c,
0053,
01cc,
0435,
057a,
05e8,
04d7,
027f,
011a,
0106,
0059,
fed8,
fcf0,
fbbc,
fb21,
fb6a,
fd67,
ff67,
ffc3,
0010,
01ba,
034d,
03b2,
0354,
0285,
0130,
0014,
ff7a,
fea0,
fd7f,
fd12,
fd4c,
fdbf,
fe33,
fec0,
ff36,
ffb8,
009c,
0172,
01bb,
013b,
00c9,
00e6,
0110,
00cf,
000a,
ff0c,
fe4b,
fe57,
fef1,
ff0b,
fecc,
fecf,
ff2a,
fffe,
fffd,
ffff,
0000,
fffe,
fffe,
ffff,
ffff,
0001,
0003,
0004,
0001,
0000,
ffff,
fffc,
fffd,
fffe,
0000,
fffd,
fff4,
0004,
0001,
0007,
fffc,
0000,
0007,
ffdd,
0026,
ffbf,
0060,
ff70,
009f,
0119,
1ddb,
13c8,
cc17,
dd5d,
1d24,
141a,
fdcc,
294f,
30cb,
f21d,
f801,
30bb,
1c17,
e06a,
d039,
d1a0,
da28,
ea3b,
ee94,
eb1a,
f07d,
04fd,
1592,
1859,
1726,
112e,
0967,
09a6,
0a0b,
02a0,
f90d,
f566,
f94f,
fb46,
f856,
f772,
f8d0,
f9b0,
fc4a,
ff9a,
008e,
ffcb,
0063,
02d4,
0486,
05c2,
058a,
0308,
00da,
0102,
014a,
0007,
fdca,
fc0b,
fb4c,
fb62,
fd2d,
ff84,
ffd8,
ff45,
006c,
026f,
036a,
0358,
02ef,
01dc,
0092,
ffcf,
ff31,
fe19,
fd4b,
fd22,
fd5b,
fdba,
fe52,
ff14,
ffc2,
0097,
013b,
0183,
014b,
00ef,
00fa,
010d,
00d5,
0052,
ff88,
fe9a,
fe26,
fea2,
ff1c,
ff10,
fef0,
fef7,
ff44,
fffd,
ffff,
0003,
0000,
fffd,
ffff,
0000,
0000,
0004,
0005,
0003,
ffff,
0001,
fffb,
fffe,
fffc,
0003,
fffe,
fff8,
fff8,
000e,
fff9,
0012,
ffe3,
002d,
ffb9,
0046,
ffa0,
007d,
ff64,
00bd,
fef7,
12af,
2622,
de79,
c3f3,
0c8e,
24bd,
023d,
17b4,
3d40,
04a2,
e17a,
1c6f,
3361,
f9f1,
d103,
c9f1,
d140,
e764,
f1ae,
ee05,
ec03,
fb00,
1133,
19b8,
1957,
1374,
0a24,
0814,
0b2f,
0622,
fbd1,
f53b,
f7d2,
fc28,
f976,
f6bb,
f82b,
f9c6,
fb70,
fee6,
00d2,
0014,
ff3a,
0121,
0396,
054b,
0630,
0448,
0129,
00a6,
018f,
0105,
fee6,
fca0,
fb95,
fb5a,
fc69,
fecb,
ffeb,
ff5d,
ffce,
017d,
02c9,
030d,
0315,
0289,
0162,
0052,
ff96,
fe9e,
fdb7,
fd6f,
fd62,
fd6e,
fda8,
fe59,
ff32,
003c,
0147,
01ea,
01be,
00e5,
008f,
00fa,
0144,
00de,
ffce,
fe95,
fdf4,
fe86,
ff69,
ff5b,
fed9,
feba,
ff0f,
ffad,
fffe,
0002,
0002,
ffff,
ffff,
0002,
0000,
0004,
0006,
0006,
0000,
0001,
fffd,
fffe,
fffe,
0003,
0001,
fffd,
fff1,
000e,
fffb,
0015,
ffea,
001c,
ffe4,
0003,
fffd,
fff2,
0032,
ffaa,
0036,
052d,
2a4c,
02c8,
b791,
ea41,
2989,
1427,
073b,
39f5,
25b1,
dcb0,
f774,
357c,
1c30,
e123,
c748,
c533,
dd6e,
f2cb,
f2c7,
ec7b,
f14e,
07ec,
1890,
1b77,
16c7,
0cfe,
078a,
0a43,
088c,
ffad,
f760,
f5bb,
fb47,
fb1f,
f6d6,
f71b,
f988,
fabf,
fdad,
00ae,
0093,
ff0f,
ffc7,
0251,
0450,
0646,
05ce,
027f,
009f,
0154,
0168,
001a,
fdc4,
fbf5,
fb14,
fb5f,
fd83,
ff9c,
ffb3,
ffa0,
00c1,
0230,
02e9,
0334,
031a,
01f8,
00a5,
ffe8,
ff4f,
fe44,
fda4,
fd78,
fd6e,
fd67,
fddf,
fea3,
ff80,
0093,
019f,
020f,
0190,
00fc,
00d5,
00f5,
010e,
00aa,
ff68,
fdfb,
fdbd,
fec4,
ff93,
ff7a,
ff00,
feab,
ff02,
000e,
fffe,
0002,
0001,
ffff,
ffff,
0000,
0001,
0005,
0005,
0003,
fffe,
0000,
fffa,
ffff,
fffe,
0005,
fffe,
fff6,
fffa,
000e,
fffb,
0014,
ffe0,
0033,
ffa8,
005d,
ff7e,
00b0,
ff21,
0115,
feb3,
1a46,
284c,
cc1e,
bf87,
1677,
28fe,
074a,
22f7,
4270,
f92e,
d466,
18af,
351f,
00a8,
d1b2,
bebd,
cbcc,
eb0f,
f71a,
f277,
ecd5,
fa57,
129b,
1c4d,
1a08,
1245,
09ba,
084c,
089a,
0353,
fbbc,
f565,
f807,
fc00,
f84e,
f677,
f8d0,
fa16,
fc06,
ffb6,
00ee,
ffc3,
ff15,
0105,
0331,
0586,
06ba,
048f,
0183,
0101,
0158,
00f9,
ff55,
fc97,
fad5,
fa4e,
fbd0,
fe91,
0001,
ffbb,
0019,
0180,
02f6,
038f,
0393,
02b0,
012c,
ffff,
ff72,
feca,
fe03,
fd90,
fd69,
fd66,
fd8d,
fe3b,
ff0e,
0006,
00ff,
01c8,
01b7,
0112,
00ed,
0143,
0164,
0100,
0009,
feb2,
fdd1,
fe30,
ff07,
ff3a,
ff09,
fedb,
fef5,
ff89,
0073,
0001,
0002,
0000,
fffd,
fffe,
fffe,
0004,
0004,
0005,
ffff,
fffe,
fffb,
fffd,
fffd,
0002,
0001,
fffc,
ffed,
000f,
fff8,
0017,
ffe8,
0019,
ffe6,
fff7,
000c,
ffd9,
0055,
ff7a,
006f,
04bc,
3003,
04ab,
ab0f,
e5b8,
2d89,
1b26,
0c6f,
3e62,
2e78,
d5e6,
e4d3,
2ea5,
2497,
eb0a,
c6b7,
be16,
d6b3,
f2a2,
fa2f,
f1b3,
ef4c,
054d,
19b7,
1bbf,
17cf,
1044,
0865,
06b3,
04b8,
0048,
f8b5,
f4d7,
f9f1,
fa60,
f703,
f7d3,
f9b7,
fa7e,
fd7c,
0079,
00d5,
ff7c,
ffb2,
025c,
0476,
0683,
0683,
03ab,
011f,
00e5,
0146,
00b8,
fde0,
fb01,
f9ae,
f9fd,
fc8f,
ff8c,
003d,
ffdb,
00c9,
0296,
03da,
0424,
03b3,
0227,
0063,
ff56,
fedb,
fe36,
fdbb,
fd66,
fd51,
fd67,
fdf9,
fec6,
ff91,
0083,
016a,
01dd,
0145,
00ad,
00d4,
014b,
0194,
0125,
ffbc,
fe1f,
fda9,
fe9a,
ff52,
ff16,
fe85,
fe5f,
ff04,
0028,
0129,
0003,
0002,
fffe,
fffe,
ffff,
0000,
0005,
0005,
0004,
fffc,
fffe,
fff9,
ffff,
fffc,
0007,
ffff,
fff6,
fff3,
0015,
fff1,
0020,
ffd2,
0042,
ff9e,
005d,
ff85,
0096,
ff55,
00d1,
fe8d,
14d1,
3438,
d519,
ac4a,
0c37,
3024,
10c1,
1d61,
4b99,
0ef0,
c601,
fc6f,
3430,
0fed,
dc55,
c1f6,
c1be,
de99,
f8a5,
fc5d,
f01c,
f550,
0fdf,
1b50,
19d9,
1851,
0f30,
057e,
038f,
0243,
fdf5,
f5ca,
f53e,
fa6b,
f900,
f778,
f921,
f9ea,
fab9,
fe93,
011c,
00ad,
ff65,
0134,
03e3,
054c,
074d,
06a7,
02ce,
005b,
00d8,
0149,
ff59,
fbfd,
f9d3,
f8e4,
fa06,
fd8e,
0049,
004a,
007d,
0206,
03b6,
046a,
047e,
03ac,
0194,
ff99,
feb2,
fe2a,
fd8b,
fd5c,
fd51,
fd43,
fd7c,
fe78,
ff64,
003a,
0110,
01bc,
01b5,
00f1,
00a1,
00ce,
0123,
0161,
00df,
ff83,
fe08,
fdda,
fecb,
ff40,
fef8,
fe68,
fe44,
fef7,
005d,
0191,
0002,
0002,
ffff,
ffff,
ffff,
0001,
0005,
0006,
0002,
fffe,
fffd,
fff8,
0000,
ffff,
0007,
0000,
fff1,
0002,
0007,
0003,
0009,
ffe7,
002d,
ffa5,
0066,
ff68,
00d9,
fee6,
015f,
ff36,
2779,
24b4,
b0d6,
c23a,
2437,
2a81,
0d9f,
2fc8,
4bed,
f1db,
c57a,
0ee0,
2e1e,
fdea,
d580,
c0ec,
c450,
e565,
fdc7,
fc48,
efd8,
fe75,
1647,
1941,
1a56,
19fd,
0cd5,
01b1,
0158,
00b7,
fb2c,
f337,
f62e,
fa8c,
f82c,
f897,
f9f1,
f909,
faf0,
000d,
0155,
0059,
00ae,
0317,
0472,
066d,
08bf,
061d,
0163,
0022,
00c7,
0003,
fd58,
faa5,
f8f0,
f86a,
fa91,
fe7f,
0096,
00d8,
01c9,
034f,
0472,
04c0,
04bd,
0352,
00dd,
fef6,
fe11,
fd57,
fcee,
fd0b,
fd2a,
fd3b,
fdd0,
feee,
ffec,
00e7,
019f,
01fe,
018e,
00c9,
009a,
00c6,
0107,
0123,
006b,
fee9,
fddf,
fe4a,
ff0f,
ff16,
fec0,
fe75,
fe7d,
ff39,
007c,
0180,
0002,
fffe,
fffe,
0000,
fffe,
0002,
0005,
0007,
fffe,
fffd,
fffc,
fffb,
fffd,
0003,
0005,
fffc,
ffeb,
000f,
fff9,
0014,
ffeb,
0011,
fff9,
ffdc,
0028,
ffac,
0093,
ff32,
00cf,
038d,
34d6,
0c0e,
9f37,
db4e,
2f1c,
2490,
0e25,
3f2e,
4579,
ddc8,
cc4c,
17a1,
22d9,
f1f3,
d462,
bfd1,
c642,
eb90,
00f9,
faf4,
f280,
07c0,
17bb,
176d,
1cc8,
1aec,
096a,
fece,
007f,
fe98,
f772,
f230,
f7da,
f9b4,
f7f0,
f997,
f939,
f83d,
fc0b,
00bc,
0160,
019b,
0278,
0402,
059b,
0861,
091a,
04d0,
00ab,
ffc6,
ff81,
fe25,
fb9e,
f97f,
f844,
f876,
fb53,
ff45,
013a,
020d,
0335,
0463,
04d7,
04fe,
04b2,
02b1,
0028,
fe58,
fd4f,
fc81,
fc83,
fcd1,
fd03,
fd4d,
fe30,
ff5b,
0076,
016d,
0210,
0248,
019b,
00c4,
0083,
00af,
00fb,
00f6,
fff0,
fe51,
fd8b,
fe4a,
ff2d,
ff39,
fede,
fe83,
feac,
ff91,
00bf,
018a,
0001,
0002,
fffe,
fffe,
ffff,
0005,
0005,
0005,
ffff,
fffe,
fff8,
fffc,
fffd,
0005,
0004,
fffd,
ffec,
0013,
fff2,
0021,
ffd9,
002d,
ffcd,
0014,
ffe7,
ffff,
002a,
ffba,
fff6,
096a,
3b92,
f667,
9981,
ec79,
33ba,
20cc,
0fb5,
4af4,
3f33,
d391,
d1bd,
17aa,
18d9,
ec99,
d4d7,
bdd0,
c79c,
ef75,
02b9,
faaa,
f759,
0e2b,
1743,
178a,
1f6c,
1af5,
066f,
fd73,
fefb,
fb1f,
f4d2,
f29b,
f848,
f8f0,
f809,
f8f1,
f8bb,
f8d7,
fc91,
0130,
02e8,
02e1,
0369,
05c2,
074b,
08cf,
089c,
044a,
fff4,
fe7d,
fe19,
fc86,
fa0e,
f8b9,
f804,
f881,
fbd7,
002d,
024e,
0366,
0473,
052f,
0528,
0524,
0483,
0240,
ff90,
fd99,
fc83,
fbd3,
fc0a,
fc81,
fce9,
fd56,
fe6b,
ffc2,
00f8,
01ee,
0291,
02ac,
01c0,
00d0,
0090,
00a8,
00d9,
009f,
ff7c,
fdd5,
fd2a,
fe09,
fefb,
ff54,
ff33,
fedc,
fee9,
ffbe,
010a,
01cf,
0001,
fffd,
fffe,
0001,
fffe,
0002,
0005,
0007,
fffc,
fffe,
fff8,
fffc,
fffb,
0007,
0004,
fff9,
ffed,
0016,
ffef,
001f,
ffd1,
003c,
ffba,
002f,
ffbe,
0036,
ffe5,
0018,
ff6a,
0dd3,
3d64,
ea05,
996e,
f49c,
3544,
1e73,
10d9,
5150,
3d13,
d2c1,
d36f,
117b,
1184,
ebd9,
d587,
bcf3,
c84c,
f012,
035e,
fc5c,
fc3c,
10f1,
16d8,
18a6,
2136,
1afc,
05b0,
fc3b,
fc40,
f951,
f38e,
f248,
f80c,
f801,
f6a5,
f83e,
f90e,
f8e9,
fd5c,
02c9,
03f4,
03e0,
05ca,
07b9,
07c0,
08d5,
087b,
037a,
feac,
fd2d,
fc6f,
fabc,
f904,
f872,
f7c2,
f889,
fc8a,
0135,
03b3,
04d1,
056f,
05a6,
055c,
052c,
0448,
01e2,
fedd,
fcd2,
fbcc,
fb4d,
fbb0,
fc47,
fcc9,
fd52,
feae,
0016,
0156,
0263,
030a,
02fd,
01e5,
0100,
00ba,
00a8,
00ac,
0041,
ff0f,
fd6d,
fcd6,
fdd1,
fed4,
ff48,
ff4d,
ff20,
ff45,
0010,
0159,
0209,
0000,
0001,
ffff,
ffff,
ffff,
0005,
0004,
0005,
0000,
ffff,
fff8,
fffd,
fffd,
0006,
0004,
fffd,
ffef,
0013,
fff2,
0023,
ffd2,
0039,
ffb9,
0035,
ffb8,
003e,
ffd5,
0033,
ff4f,
0f11,
3d4d,
e8c5,
99e5,
f3f5,
34d6,
1e6b,
10ce,
5192,
419d,
d9d8,
d147,
0729,
0c99,
edc2,
d66f,
bdde,
c7d8,
ece8,
0331,
0043,
ffe2,
113d,
1730,
19f6,
2292,
1c3a,
05f8,
faa4,
fa65,
f88a,
f273,
f165,
f644,
f5e7,
f5c3,
f808,
f8d3,
f9ff,
ff0d,
035c,
0512,
067b,
07f2,
0868,
0821,
08e3,
07bc,
0291,
fdb1,
fb80,
fa91,
f992,
f862,
f811,
f7c8,
f8df,
fd12,
022a,
0523,
060a,
061a,
05fe,
05a3,
0541,
0411,
0174,
fe4f,
fc2a,
fb2c,
fae7,
fb5f,
fbfc,
fc92,
fd4e,
fec6,
0059,
01bb,
02cb,
0364,
0350,
0240,
014c,
00db,
0093,
0073,
fff0,
feb5,
fd16,
fc97,
fd9d,
feaf,
ff45,
ff4e,
ff2a,
ff7a,
0072,
01b4,
023f,
ffff,
0000,
fffe,
ffff,
fffe,
0003,
0003,
0005,
0000,
0000,
fff8,
fffb,
fffc,
0005,
0004,
fffd,
ffef,
0010,
fff3,
001f,
ffd7,
002e,
ffc8,
0022,
ffcc,
001f,
fff6,
0009,
ff8a,
0cf4,
3c24,
f1f2,
9a99,
eb30,
31cc,
2130,
0fc4,
4b48,
4bb2,
e891,
cdea,
fa2c,
07cc,
f0ce,
d851,
c0ec,
c672,
e620,
01de,
0529,
02a0,
0fff,
17fd,
1ba7,
23a0,
1dba,
07b1,
fade,
f862,
f7c3,
f1da,
eeac,
f307,
f470,
f4c9,
f784,
fa15,
fb87,
ff74,
0451,
07c1,
0884,
08e0,
095f,
0862,
0809,
06e3,
0243,
fca9,
f9c9,
f91d,
f894,
f7d6,
f7ee,
f821,
f920,
fd7a,
02f4,
0621,
06d8,
06a3,
067f,
0602,
0554,
03d7,
0126,
fdfb,
fbbb,
fabd,
fa7a,
fae4,
fb9f,
fc5f,
fd47,
fec3,
006e,
01f0,
0316,
03cb,
03cc,
02b6,
0189,
00ea,
0083,
0034,
ffa3,
fe74,
fcf5,
fc6e,
fd58,
fe84,
ff2a,
ff54,
ff49,
ffa4,
0088,
01b9,
0276,
fffe,
ffff,
fffe,
ffff,
fffe,
0002,
0004,
0006,
0001,
ffff,
fff8,
fff9,
fffb,
0001,
0004,
ffff,
ffee,
000d,
fff7,
0018,
ffe2,
001c,
ffe4,
0000,
fff4,
ffe8,
0035,
ffbb,
0001,
087f,
3855,
03b9,
9f32,
dae6,
2a59,
2676,
0faf,
3dd5,
5673,
0010,
cd8d,
ebda,
00c2,
f36b,
dc30,
c5af,
c5bd,
dcdf,
fd5a,
09a0,
052b,
0e16,
18f3,
1da5,
230d,
2040,
0c6f,
fc82,
f677,
f667,
f084,
eae9,
f005,
f2a2,
f394,
f819,
fb62,
fbe1,
0066,
068b,
09b1,
09b8,
09e2,
0a32,
0820,
071e,
063f,
01cf,
fc15,
f8d5,
f7c1,
f782,
f78f,
f7f8,
f879,
f96b,
fd9d,
0335,
0693,
076c,
0737,
070b,
0658,
0561,
03d0,
0128,
fdf0,
fba0,
fa76,
f9fd,
fa49,
fb2b,
fc33,
fd37,
fea8,
004d,
01e1,
0340,
042e,
0459,
033f,
01d2,
00fd,
006e,
fffe,
ff6c,
fe67,
fcfc,
fc4e,
fd10,
fe3a,
fef8,
ff5d,
ff7a,
ffc1,
0077,
018a,
025d,
fffe,
ffff,
fffe,
ffff,
fffe,
0002,
0005,
0006,
0003,
0000,
fffb,
fff8,
fffa,
fffe,
0005,
0001,
fff0,
0008,
fffe,
000f,
fff6,
0003,
0007,
ffdd,
0021,
ffb2,
006e,
ff73,
0083,
038d,
2fc2,
19ce,
ad1f,
c5ec,
1bac,
2ba4,
13c6,
2b81,
5a54,
1f81,
d548,
de40,
f71a,
f292,
e251,
cbf3,
c672,
d4a1,
f328,
0b8a,
0869,
0cf3,
194d,
1e8e,
223d,
23a0,
133d,
0036,
f5a6,
f29a,
ef06,
e830,
ec02,
f0ff,
f375,
f7c8,
fb98,
fd24,
01ee,
07d6,
0aed,
0b41,
0a78,
0a5b,
0868,
0669,
054b,
01a7,
fc32,
f85a,
f6e1,
f6e4,
f73d,
f7bb,
f8c1,
f9d4,
fd30,
02a0,
0699,
0802,
07c9,
0790,
06bc,
057e,
03df,
0190,
fe73,
fbc1,
fa45,
f98c,
f9b6,
faa4,
fbf0,
fd02,
fe5c,
000c,
01c5,
0352,
045e,
04af,
03cd,
0250,
0149,
006c,
ffc9,
ff53,
fe8b,
fd37,
fc3c,
fcab,
fdd8,
fed0,
ff67,
ff96,
ffc2,
0058,
0149,
0232,
fffe,
ffff,
ffff,
ffff,
ffff,
0001,
0005,
0007,
0006,
0000,
fffd,
fff8,
fffb,
fffc,
0005,
0003,
fff4,
ffff,
0007,
0003,
0009,
ffeb,
0022,
ffc8,
0039,
ff9b,
007a,
ff68,
00bb,
0015,
21cd,
2cf4,
c8ba,
b337,
0378,
2b8a,
1dd4,
1a9d,
4fb7,
40b8,
eb79,
d3d7,
ec70,
edbe,
e5d7,
d60e,
c891,
cf83,
e560,
064e,
0d1c,
0cd4,
183a,
1efd,
214f,
25f6,
1bf9,
05e2,
f686,
ee96,
ecff,
e6eb,
e818,
ef5d,
f2b1,
f628,
fb95,
ff1e,
02b0,
080c,
0b59,
0ca5,
0b77,
0a65,
08d6,
0646,
049a,
01c3,
fcb7,
f854,
f6a4,
f6d1,
f6ef,
f736,
f876,
fa00,
fc6e,
015f,
0604,
083a,
0865,
081f,
075c,
05c2,
041f,
021c,
ff44,
fc47,
fa58,
f943,
f93e,
fa1e,
fb72,
fc9b,
fdeb,
ff9f,
017d,
0331,
0451,
04cf,
0446,
02e2,
01b0,
00b2,
ffde,
ff55,
feae,
fd88,
fc53,
fc50,
fd66,
fe86,
ff39,
ff94,
ffbc,
002c,
00fb,
0208,
fffc,
fffe,
0000,
ffff,
ffff,
0000,
0004,
0005,
0006,
0002,
0000,
fffa,
fffa,
fffa,
0002,
0004,
fffd,
fff7,
000b,
fffb,
0017,
ffe2,
0025,
ffcf,
002b,
ffb8,
0041,
ffb4,
0066,
ff3e,
1185,
3444,
efbd,
ae22,
e409,
1f8d,
299c,
1573,
36ba,
5496,
1272,
d419,
e029,
e9dc,
e198,
df70,
d0ae,
cc76,
d8fd,
f99b,
0eac,
0eb0,
16d8,
1ef8,
2058,
2578,
240a,
0e49,
f9b0,
ed8c,
ea08,
e733,
e5b7,
ebed,
f108,
f495,
fa49,
0021,
035b,
078b,
0aeb,
0ce1,
0cef,
0b5c,
0990,
06c1,
0456,
0214,
fdba,
f8f8,
f6e1,
f6bb,
f6b3,
f6c3,
f7cd,
f95b,
fb99,
ffe2,
0486,
07ad,
08fc,
08ea,
0824,
067b,
04ac,
02ad,
002d,
fd1c,
faba,
f966,
f8ee,
f97d,
faba,
fc25,
fd6a,
fef7,
00e0,
02c6,
0424,
04d4,
04b0,
0375,
021a,
0140,
0059,
ff8b,
fec4,
fdcc,
fca1,
fc30,
fcf9,
fdf5,
feba,
ff4f,
ffbc,
0026,
00c9,
01c6,
fffb,
fffc,
ffff,
0000,
fffe,
fffe,
0003,
0006,
0007,
0004,
0001,
fffb,
fffa,
fff9,
fffe,
0003,
0002,
fff5,
0008,
fffa,
0014,
fff3,
000b,
fff6,
fff9,
0003,
ffd8,
0037,
ffb1,
0034,
04ac,
2b9b,
162a,
bf6e,
c7c7,
05b9,
2b80,
2010,
1e59,
4cb2,
3cfa,
eba9,
d36c,
e712,
ddd1,
dd3e,
dbae,
d0b2,
d050,
e8d3,
0916,
1167,
1587,
1e5c,
213d,
2156,
266a,
1968,
014a,
f00c,
e91d,
e766,
e475,
e85c,
ee7b,
f2aa,
f77f,
fed4,
037e,
06a2,
0a2a,
0c6b,
0db5,
0c91,
0b46,
0893,
04ca,
0249,
ff45,
faa2,
f76e,
f6d0,
f60f,
f5ca,
f6fd,
f8f4,
faa3,
fda6,
025d,
068c,
090f,
099c,
0929,
07a2,
058e,
037f,
012d,
fe42,
fb7c,
f9b5,
f8c5,
f8f3,
fa0d,
fb78,
fcc6,
fe33,
fffa,
01fa,
03c6,
04b5,
04e4,
0412,
02ce,
01ea,
0104,
fffa,
fef0,
fe1a,
fd24,
fc57,
fc6e,
fd37,
fe0e,
fecf,
ff92,
0035,
00c0,
0169,
fffd,
fffb,
fffd,
0000,
ffff,
fffe,
ffff,
0005,
0005,
0006,
0002,
fffe,
fff9,
fffb,
fffa,
0002,
0003,
fffb,
fffd,
0005,
ffff,
0012,
ffe8,
0020,
ffcc,
003a,
ff9f,
006a,
ff74,
00b4,
ff58,
17a6,
2d3c,
e56e,
bb4c,
e5d7,
19ca,
2dea,
1a45,
2f58,
4f49,
1c30,
d5b1,
dc44,
e277,
d5b2,
dbe5,
d9de,
d2e2,
d870,
fae8,
110e,
1537,
1c20,
225a,
1fff,
1fff,
20ed,
0e8e,
f8fe,
eb26,
e734,
e485,
e56c,
ebfb,
f01b,
f36d,
fa56,
0242,
05a5,
08b3,
0b8e,
0de8,
0e3a,
0c80,
0b07,
074b,
0386,
008c,
fcd2,
f913,
f6e4,
f578,
f47d,
f595,
f7d9,
fa00,
fbee,
ff93,
044d,
085b,
0a2f,
0a0a,
08d5,
06ed,
04b7,
025b,
ffc8,
fcba,
fa44,
f8cd,
f88b,
f954,
fa9b,
fbed,
fd48,
fef6,
00fe,
0314,
045f,
04d6,
04b9,
03b9,
02ac,
01ba,
009f,
ff76,
fe82,
fdb0,
fc97,
fbfd,
fc5b,
fd4c,
fe3f,
ff2c,
000f,
00a6,
0134,
fffe,
fffe,
fffe,
ffff,
fffe,
ffff,
0000,
0004,
0004,
0008,
0006,
0002,
fffc,
fffb,
fffb,
ffff,
0004,
0003,
fff5,
0009,
fffb,
0016,
ffee,
000f,
fff0,
0006,
fff8,
ffe6,
0029,
ffc3,
0026,
054f,
29c7,
11fe,
c7bc,
cd67,
fade,
27d0,
2a59,
1b6a,
3af5,
44fa,
fda4,
cf14,
e302,
d93b,
d2b5,
db69,
da68,
d718,
e657,
0870,
15d4,
18cc,
1f56,
21e4,
1b63,
1e1a,
1ac2,
0665,
f4ba,
ea12,
e4cb,
e322,
e942,
eea8,
eecf,
f37d,
fdb9,
03fa,
0680,
0a7f,
0d56,
0f1c,
0e7f,
0d3b,
0ac3,
062f,
029a,
ff6e,
fb58,
f760,
f530,
f3cf,
f3e1,
f5c7,
f855,
fa8a,
fd67,
01d6,
0678,
0998,
0a99,
0a2d,
0871,
062a,
03d4,
018a,
fe84,
fb65,
f961,
f862,
f88b,
f982,
faec,
fc46,
fdd6,
ffc2,
01e9,
03d7,
04c4,
051e,
0497,
0377,
027d,
017a,
0057,
ff26,
fe20,
fcee,
fbe6,
fbb9,
fc74,
fd87,
fe88,
ff8f,
0082,
011b,
fffe,
fffe,
fffc,
fffc,
fffe,
ffff,
fffe,
ffff,
0004,
0005,
0007,
0003,
0000,
fffa,
fffc,
fffa,
0002,
0003,
fffd,
fffb,
0008,
fffb,
0016,
ffe4,
0022,
ffca,
003c,
ffa5,
005c,
ff8b,
0096,
ff55,
130c,
2bd0,
ee44,
c3bc,
e119,
0a3e,
304b,
257e,
1e25,
3fd3,
35af,
e635,
d096,
e3b7,
d297,
d1cc,
dcb8,
dd14,
dcf3,
f64a,
1164,
1810,
1945,
1e17,
1e49,
1b01,
1cb9,
1262,
01c1,
f3df,
e9c0,
e348,
e479,
eade,
ed83,
ee9b,
f4eb,
feb2,
0474,
085f,
0c46,
0ef6,
103f,
0f33,
0e10,
0a9a,
0590,
01b1,
fe29,
f95c,
f562,
f3cc,
f2ba,
f37d,
f5eb,
f89c,
fb2a,
ff26,
0431,
0841,
0a4f,
0abd,
09ea,
080a,
0588,
0324,
009e,
fd6e,
fa8e,
f8c7,
f824,
f865,
f99b,
fb0f,
fc99,
fe59,
0066,
02ce,
0490,
0551,
0550,
0467,
0359,
0259,
014d,
fff3,
fea7,
fd68,
fc1d,
fb89,
fbbd,
fca6,
fda8,
fecf,
0010,
00fa,
0000,
fffe,
fffd,
fffb,
fffc,
fffc,
fffd,
fffe,
0002,
0004,
0006,
0006,
0003,
fffe,
fffb,
fffc,
fffc,
0002,
0001,
fff7,
0004,
ffff,
000a,
0001,
fff6,
000b,
ffe0,
002b,
ffab,
0066,
ff78,
00a1,
01a9,
215f,
1ca2,
d3db,
cfa2,
f004,
15e7,
33ec,
204d,
1f5c,
419b,
25a8,
d460,
d434,
e51a,
ce08,
d01c,
e275,
e10d,
e1d9,
0463,
191a,
147d,
14a4,
1f2b,
1df8,
1942,
19e3,
0e21,
fcf9,
f2f0,
ed62,
e441,
e1cb,
e96b,
ee77,
eefb,
f537,
ff14,
0525,
09c7,
0e47,
1128,
1112,
0fd8,
0f25,
0abd,
0498,
009a,
fc55,
f6ee,
f410,
f31a,
f1ff,
f303,
f61b,
f922,
fc33,
00de,
05e6,
096d,
0abe,
0ac2,
099a,
0795,
0509,
0291,
ffc1,
fc7c,
f9ff,
f886,
f7f1,
f84c,
f99c,
fb1f,
fcde,
fee2,
012f,
038e,
051f,
05b7,
0578,
0467,
034c,
022a,
00e1,
ff60,
fdff,
fcc2,
fbb3,
fb66,
fbe0,
fcdf,
fdec,
ff1f,
0068,
0001,
ffff,
fffe,
fffd,
fffb,
fffc,
fffc,
fffe,
fffe,
0004,
0004,
0005,
0004,
0002,
fffc,
fffd,
fffb,
fffe,
0003,
0001,
fff6,
0009,
fff7,
0014,
ffec,
0011,
ffe3,
000e,
fff2,
fff0,
0017,
ffe0,
0004,
082e,
298a,
039f,
c90d,
e195,
f8da,
1ecb,
3444,
19e9,
206f,
42fd,
12b4,
c75b,
ddc4,
e5ee,
c6a0,
d2ba,
ec04,
e22e,
e638,
0f28,
1c94,
0e86,
12fe,
2231,
1b80,
174d,
190a,
0a24,
f7c6,
f44f,
f114,
e40c,
df4f,
e7cc,
eeae,
f049,
f634,
fe7d,
05a7,
0c03,
1020,
128c,
1206,
10c8,
0fa4,
0a2a,
0392,
ff17,
fa7c,
f531,
f316,
f280,
f1e1,
f2fe,
f62b,
fa01,
fda6,
0222,
06ee,
0a00,
0aa7,
0a77,
0999,
0773,
047c,
01da,
fef5,
fbed,
f9b6,
f875,
f7c8,
f836,
f98c,
fb47,
fd5a,
ff66,
01c0,
040b,
0577,
0607,
05a0,
046f,
031a,
01d6,
0074,
fed0,
fd73,
fc41,
fb81,
fb6b,
fc2b,
fd3c,
fe22,
ff41,
0002,
0002,
ffff,
fffe,
fffd,
fffb,
fffc,
fffd,
fffd,
ffff,
0005,
0004,
0005,
0004,
0002,
fffc,
fffe,
fffb,
0000,
0002,
fffd,
fffb,
0009,
fff8,
0016,
ffe4,
001f,
ffcb,
0038,
ffb9,
003b,
ffbc,
0059,
ffbb,
1144,
282c,
e9fb,
ce11,
f105,
fc38,
26bd,
3156,
12e6,
22fd,
41bc,
ff0e,
c317,
e93c,
e267,
c0b6,
daa8,
f41b,
e164,
e916,
147c,
1f6e,
0bfd,
1235,
23ac,
192c,
1539,
17e5,
0742,
f490,
f3c9,
f259,
e5fd,
dee1,
e55c,
ee93,
f241,
f714,
fee4,
0696,
0cc9,
118c,
142b,
12a6,
10e4,
0f61,
0971,
023a,
fda5,
f941,
f421,
f257,
f236,
f204,
f352,
f6dd,
fafe,
fee9,
0318,
0749,
09b9,
0a57,
0a5c,
0962,
0733,
0425,
0153,
fe47,
fb96,
f9b7,
f873,
f7bc,
f839,
f9bc,
fbaf,
fdc0,
ffb3,
0219,
0455,
059f,
0624,
0586,
0447,
02f2,
01ab,
0030,
fe6e,
fd08,
fbe3,
fb76,
fbbb,
fc8c,
fd5e,
fe1f,
0002,
0001,
0001,
fffe,
fffd,
fffc,
fffa,
fffb,
fffb,
fffc,
0001,
0004,
0003,
0005,
0004,
0000,
fffb,
ffff,
fffb,
0001,
0001,
fff9,
0000,
0003,
fffe,
000d,
ffe7,
001a,
ffca,
0045,
ff99,
006c,
ff7e,
009c,
0095,
1a41,
1d9d,
d7da,
dd3a,
f832,
feb6,
2d8d,
2a8e,
0c7e,
27c8,
3e60,
ec3b,
c62b,
f39e,
db3c,
bea2,
e6af,
f7a5,
dbfa,
ee3b,
1aef,
1c90,
0b57,
16dd,
2136,
14e0,
1545,
1739,
02ab,
f212,
f456,
f1a7,
e711,
e19d,
e57f,
ec89,
f354,
fa40,
0028,
05c6,
0ce9,
1325,
14c7,
125b,
10bd,
0e90,
0806,
012e,
fcfd,
f82c,
f36d,
f261,
f258,
f253,
f440,
f7e0,
fbd4,
ff9b,
0374,
0742,
0941,
09e6,
0a0c,
0918,
06a1,
03ce,
0136,
fe24,
fb5c,
f9ad,
f89d,
f7fb,
f882,
f9f1,
fbea,
fdda,
fffc,
027c,
0468,
0568,
05ce,
0552,
0440,
02fb,
01a2,
ffec,
fe20,
fccb,
fbeb,
fba5,
fbe0,
fc90,
fd54,
0003,
0002,
0002,
0000,
fffe,
fffe,
fffc,
fffb,
fffc,
fffb,
fffd,
0002,
0003,
0004,
0005,
0003,
ffff,
fffc,
0000,
fffc,
0002,
ffff,
fff9,
0007,
fffd,
0008,
ffff,
fff7,
0007,
ffe3,
002f,
ffa8,
0069,
ff80,
0089,
0305,
2066,
0d64,
d16c,
eda7,
f861,
040c,
3016,
20a6,
0a69,
2ed5,
34cf,
dd54,
d09c,
f859,
d33e,
c3e1,
f0a8,
f31c,
da46,
f7be,
1c49,
1739,
0dfa,
1b64,
1cbe,
11d1,
1670,
139f,
fd85,
f2ae,
f4d6,
ef75,
e7bf,
e5c2,
e7fd,
eb95,
f386,
fd1f,
0187,
050f,
0cbf,
1375,
1445,
117b,
1076,
0d54,
0643,
008b,
fcc3,
f754,
f36e,
f33f,
f2d0,
f30f,
f579,
f8ca,
fbe9,
ff9b,
03f6,
0733,
0871,
0960,
09b4,
088c,
061b,
03ae,
0127,
fe1e,
fb8f,
f9e8,
f8bf,
f838,
f8db,
fa21,
fbf9,
fe10,
0054,
0296,
0420,
0525,
059a,
0522,
0439,
02e7,
0178,
ffab,
fe11,
fcf1,
fc17,
fbbc,
fbd6,
fc92,
0004,
0003,
0002,
0002,
0000,
ffff,
ffff,
fffc,
fffc,
fffc,
fffd,
fffe,
0003,
0003,
0004,
0004,
0002,
fffe,
fffe,
fffe,
fffd,
0000,
fffc,
fff9,
0008,
fff8,
000f,
fff2,
0009,
ffef,
0004,
0006,
ffda,
0038,
ffbe,
0038,
06a7,
21aa,
fdb5,
d53c,
f8c3,
f6d1,
09ab,
2c94,
19c0,
0c91,
31cc,
28a7,
d6f9,
db40,
f851,
d013,
ca97,
f458,
ef40,
dd9c,
fdb3,
1ba6,
146f,
0dd4,
1da9,
1bd2,
0f64,
145a,
0fcb,
fae2,
f320,
f4c7,
eeba,
e856,
e902,
ebda,
ed3a,
f3cf,
fdc4,
0279,
0597,
0c24,
1226,
12ad,
107d,
0f94,
0bbc,
04df,
fff9,
fc9f,
f79e,
f48d,
f43c,
f39e,
f3e3,
f638,
f950,
fc45,
ff89,
03a9,
06d9,
0818,
08e8,
092c,
0819,
05b9,
038b,
011e,
fe25,
fbac,
fa1a,
f902,
f87f,
f90d,
fa71,
fc54,
fe3f,
0056,
028a,
040d,
050b,
0559,
04cf,
03d0,
0291,
0154,
ffaf,
fe3a,
fd18,
fc44,
fbdd,
fc09,
0005,
0005,
0004,
0002,
0002,
0000,
ffff,
ffff,
fffd,
fffd,
fffd,
fffd,
ffff,
0003,
0003,
0005,
0004,
0003,
fffe,
0000,
ffff,
ffff,
0001,
fffd,
fffb,
0007,
fff9,
0010,
ffed,
0013,
ffe0,
001b,
ffe1,
000d,
fff9,
0007,
fffb,
0a72,
1ead,
f27f,
dda0,
fe63,
f5d7,
0cae,
289d,
161a,
0e09,
3228,
1d74,
d56c,
e45d,
f78d,
ce92,
d064,
f717,
ecfa,
e105,
0289,
1a7e,
1065,
0e34,
1e76,
1a46,
0e37,
11ed,
0c30,
f904,
f3b7,
f507,
ef01,
e948,
eb4d,
ef40,
f08d,
f567,
fd4b,
0256,
0635,
0bcb,
0ffe,
102a,
0efb,
0e05,
09f3,
03da,
0012,
fd34,
f8a3,
f5e7,
f51f,
f449,
f499,
f6f0,
f9ca,
fc67,
ff87,
0373,
0653,
07c8,
08c1,
08c9,
077b,
0555,
0347,
00cd,
fdfd,
fb97,
fa24,
f92e,
f914,
f9bf,
fae4,
fc8c,
fe67,
009a,
0298,
03f6,
04ce,
04cc,
042f,
0343,
0255,
0139,
ffbd,
fe71,
fd48,
fc87,
fc32,
0002,
0001,
0000,
0000,
0000,
0000,
0000,
0001,
0001,
0000,
0000,
0000,
0000,
0002,
0004,
0003,
0004,
0001,
fffe,
fffa,
fffd,
fffa,
0000,
0000,
fffc,
0000,
0004,
fffd,
000d,
fff2,
0018,
ffdd,
002b,
ffc2,
0045,
ffb0,
005e,
0039,
101f,
179a,
f0e3,
f4a8,
fcba,
f1cc,
0fdd,
1886,
0c18,
1e27,
2784,
f4cd,
e260,
ffd2,
e7c0,
c78b,
e111,
f643,
e8c3,
f514,
114f,
113d,
0d51,
1a8d,
1c69,
0f59,
0cda,
08ff,
fc5a,
f846,
fa9c,
f539,
f11e,
f334,
f5b9,
f756,
f6e6,
f70a,
fa1f,
fd62,
0058,
0441,
068c,
06ca,
0965,
0c23,
0a2a,
06cd,
04b1,
017e,
fd9c,
fbb3,
f9e5,
f79f,
f71a,
f7e8,
f917,
fb3d,
fe1f,
006f,
023d,
03f4,
0510,
0587,
054e,
0492,
0336,
0163,
ff8f,
fe44,
fd82,
fcb9,
fc2e,
fc19,
fca5,
fd8d,
fe95,
ffa3,
009e,
017a,
01c6,
018d,
018b,
01aa,
0197,
0138,
00a0,
fff4,
ff59,
ff0f,
0003,
0003,
0001,
0002,
0000,
0000,
0001,
ffff,
0000,
0000,
0001,
ffff,
ffff,
ffff,
0002,
0004,
0001,
0003,
0002,
ffff,
fffa,
ffff,
fffc,
ffff,
0001,
fffd,
ffff,
0003,
0001,
0007,
fff5,
0013,
ffe2,
0022,
ffce,
003b,
ffb9,
0055,
007f,
0f55,
140b,
f2bf,
f74f,
fc98,
f38f,
0d8e,
158a,
0c03,
1b73,
233c,
f7fd,
e749,
fdd7,
e966,
ce8c,
e356,
f576,
eb21,
f5c8,
0df7,
0f56,
0c50,
16e5,
18d3,
0e40,
0bcf,
091e,
fe84,
f9c7,
fb8b,
f7b8,
f30c,
f39c,
f5e6,
f69c,
f657,
f821,
fb92,
fd99,
0004,
0470,
06cc,
05f1,
0743,
09f2,
08a3,
058d,
03b2,
013e,
fe18,
fc3f,
faa5,
f8d5,
f852,
f910,
fa0d,
fbcb,
fe68,
00b1,
0245,
03a5,
04b1,
050f,
04a9,
03b9,
027b,
00ed,
ff39,
fe0b,
fd60,
fce1,
fcb0,
fcd1,
fd55,
fe19,
ff02,
ffce,
009d,
014d,
017a,
0157,
015b,
016b,
0136,
00d3,
0057,
ffc6,
ff5c,
0000,
0000,
0001,
0002,
0000,
0001,
0001,
0000,
0000,
0000,
0001,
0001,
0000,
fffe,
0000,
0003,
0003,
0003,
0004,
0001,
fffd,
fffb,
fffd,
fffc,
0000,
ffff,
fffc,
0002,
0001,
0000,
0007,
fff8,
000e,
ffec,
001b,
ffd8,
0030,
ffc5,
004a,
00d5,
0eda,
1087,
f40c,
f968,
fc36,
f5a9,
0c4c,
1331,
0bed,
19a4,
1f2b,
f943,
eacd,
fc76,
ead3,
d42f,
e5f9,
f55a,
ecfa,
f6f5,
0bfd,
0d8d,
0ad8,
1438,
15f5,
0cd9,
0b63,
0949,
ff99,
fac5,
fbd4,
f8b0,
f4e2,
f4cd,
f5c7,
f624,
f704,
f978,
fc2c,
fdd3,
001c,
0449,
06be,
05d1,
05cf,
0749,
06a8,
04ae,
0311,
009b,
fe17,
fccf,
fb5b,
f9c4,
f986,
fa28,
fafe,
fcac,
ff2e,
013a,
027c,
0380,
0424,
044a,
03b4,
02c7,
01a0,
0053,
fef7,
fde5,
fd5d,
fd16,
fd34,
fd80,
fdef,
fe7b,
ff42,
0021,
00c3,
0132,
0140,
0120,
0128,
0134,
010a,
0095,
0019,
ffac,
0001,
0000,
0000,
0002,
0001,
0000,
0000,
0000,
0000,
0000,
0000,
0000,
0000,
ffff,
ffff,
0000,
0001,
0002,
0002,
0002,
0001,
fffe,
fffc,
fffd,
fffd,
ffff,
0000,
fffd,
0001,
0001,
0001,
0003,
fffc,
000a,
ffee,
0016,
ffe0,
0023,
ffd2,
003f,
00fc,
0db4,
0e35,
f59c,
fa9f,
fc82,
f716,
0aec,
113d,
0b4d,
176c,
1c28,
fae0,
ed58,
fc4a,
ed35,
d930,
e832,
f57b,
ee7e,
f738,
09d6,
0b34,
0924,
11e8,
136e,
0c48,
0b9e,
0976,
0051,
fbc1,
fc3d,
f934,
f667,
f62b,
f60f,
f688,
f7be,
f996,
fc37,
fe47,
0060,
03a4,
05ac,
04ff,
04e8,
05d9,
0535,
03aa,
0251,
0084,
fe80,
fd5a,
fc46,
fad1,
fa79,
fb2b,
fc1d,
fdaf,
ffaa,
0139,
022e,
02ed,
035e,
0354,
02d5,
0211,
0123,
0004,
fee1,
fe1c,
fda6,
fd7e,
fd95,
fdd9,
fe48,
fee3,
ff95,
0028,
00b4,
010a,
0113,
00f2,
0106,
0118,
00e7,
0090,
000a,
0001,
0001,
0001,
0000,
0000,
0001,
0000,
0000,
0000,
0000,
0000,
0001,
0000,
ffff,
ffff,
0001,
0001,
0001,
0003,
0003,
0002,
0000,
ffff,
fffd,
fffc,
fffd,
0000,
fffe,
fffd,
0003,
0000,
0000,
0003,
fffe,
0009,
fff2,
0014,
ffe6,
001c,
ffdd,
0035,
00f7,
0c47,
0c99,
f737,
fb89,
fce1,
f84e,
098d,
0f3d,
0a84,
150b,
19c7,
fcad,
efc4,
fca7,
efec,
ddd3,
ea0f,
f5ad,
ef7f,
f707,
074d,
08dd,
07ce,
0fab,
11cd,
0c52,
0b6d,
094b,
0122,
fcbc,
fcb8,
fa02,
f796,
f74d,
f6d9,
f6ed,
f7da,
f9ad,
fc92,
fe87,
ffd3,
0215,
0423,
0497,
04cb,
04e2,
03d9,
02c8,
023f,
010c,
ff37,
fdf0,
fcfe,
fc07,
fbb1,
fbf6,
fcb8,
fdfc,
ff75,
00bb,
0197,
0244,
02ad,
02c0,
025d,
01a9,
00d7,
fff8,
ff10,
fe6f,
fe19,
fddd,
fdd7,
fe14,
fe83,
ff04,
ff99,
001c,
0090,
00f3,
0113,
00f3,
00ec,
00f9,
00d0,
0064,
ffff,
0000,
0000,
0000,
0001,
0001,
0002,
0002,
0002,
0001,
0001,
0001,
0001,
0001,
0001,
0000,
ffff,
0000,
0002,
0002,
0001,
0002,
0001,
ffff,
fffd,
ffff,
fffe,
0000,
0000,
fffe,
0001,
0001,
0002,
0004,
ffff,
0008,
fff4,
0012,
ffe9,
0017,
ffe8,
0031,
00d0,
0a9f,
0b84,
f906,
fc02,
fd81,
f97c,
07c3,
0d69,
099a,
1283,
17d6,
fedd,
f22e,
fd1e,
f2ea,
e23a,
eb7e,
f590,
f06b,
f671,
0474,
0719,
06c5,
0dee,
1078,
0bea,
0b26,
093b,
01f8,
fdbf,
fda0,
fb15,
f84b,
f782,
f767,
f7b7,
f86e,
fa0f,
fc21,
fd77,
fe9e,
0128,
0385,
03f8,
0416,
0438,
0383,
02e0,
02e4,
01cb,
ffcb,
fead,
fde7,
fce3,
fc4c,
fc23,
fc64,
fd80,
ff1b,
0050,
011a,
01df,
0256,
025b,
0212,
019c,
00eb,
001b,
ff5e,
feca,
fe60,
fe25,
fe16,
fe2b,
fe76,
fefa,
ff86,
0003,
0081,
00f3,
011a,
00f4,
00d8,
00c2,
008c,
fffe,
ffff,
ffff,
0000,
0000,
0000,
0001,
0001,
0002,
0001,
0000,
0002,
0001,
0000,
0001,
0000,
0000,
0000,
0000,
0000,
0001,
0000,
0002,
0001,
ffff,
fffe,
ffff,
fffe,
0000,
0000,
ffff,
0000,
0001,
0001,
0003,
fffe,
0007,
fff6,
000f,
ffeb,
0012,
fff3,
0029,
0093,
08da,
0ac6,
fae4,
fc3e,
fe58,
fa66,
05d5,
0bb0,
08a0,
0ffb,
161a,
017a,
f488,
fd9c,
f5f4,
e645,
ec5f,
f57a,
f172,
f549,
01f8,
0621,
05d8,
0bcc,
0f20,
0bd9,
0ac9,
0928,
0315,
ff35,
fe52,
fb3c,
f860,
f7fd,
f877,
f8cc,
f8ae,
f90a,
fae0,
fccb,
fe41,
0070,
027d,
0323,
03b4,
04a0,
0475,
03b8,
035c,
0250,
0095,
ff4e,
fe27,
fcc2,
fbf0,
fbd2,
fc0d,
fd09,
feaf,
0018,
00f2,
0197,
0214,
0245,
0231,
01df,
0131,
0055,
ff82,
feef,
fe94,
fe54,
fe32,
fe2e,
fe64,
fecd,
ff5c,
ffee,
0079,
00e9,
0107,
00e4,
00c4,
00a7,
fffe,
fffe,
ffff,
ffff,
ffff,
ffff,
0000,
0001,
0001,
0001,
0002,
0002,
0001,
0000,
0001,
0000,
0000,
0000,
ffff,
ffff,
0000,
0000,
0000,
0001,
0000,
0000,
fffe,
ffff,
ffff,
0000,
0000,
ffff,
0000,
0002,
0001,
0003,
fffd,
0008,
fff6,
000d,
ffef,
000f,
fffb,
001a,
0064,
0702,
0a28,
fcdf,
fc58,
ff31,
fb4a,
03d8,
09ed,
07ca,
0d6e,
1465,
0470,
f70e,
fdd3,
f8b1,
ea27,
ed16,
f588,
f254,
f468,
000c,
04c8,
04a2,
0a0c,
0e24,
0bbf,
0a6e,
097d,
044f,
ffb6,
fe16,
fba0,
f967,
f90a,
f8cf,
f841,
f7f1,
f895,
fa96,
fc3d,
fd7d,
ffb2,
0207,
033f,
0468,
05be,
057c,
0458,
03ac,
02ae,
00cd,
ff06,
fd9a,
fc29,
fb71,
fb77,
fbee,
fce7,
fe67,
ffeb,
00db,
01a3,
024a,
0297,
0267,
01fd,
0167,
007d,
ff9b,
ff02,
feac,
fe69,
fe34,
fe22,
fe3f,
fea5,
ff3e,
ffcb,
0053,
00d1,
0107,
00e1,
00c1,
fffc,
fffd,
fffd,
fffe,
ffff,
fffe,
ffff,
0000,
0002,
0002,
0002,
0002,
0002,
0002,
0001,
0001,
0000,
0000,
ffff,
ffff,
fffe,
ffff,
0000,
0000,
0000,
0000,
0000,
ffff,
0000,
0000,
0000,
0001,
ffff,
ffff,
0002,
0000,
0002,
fffe,
0006,
fff6,
000b,
fff3,
000d,
fffc,
0017,
0038,
0534,
098e,
fed6,
fc67,
fffe,
fc40,
01d1,
082f,
0717,
0af0,
12ad,
0792,
f991,
fd8d,
fb37,
ee0f,
ede6,
f5c3,
f366,
f362,
fda4,
03c1,
040b,
0875,
0d43,
0bd5,
0a18,
0918,
04b7,
0036,
fe84,
fcbd,
fa15,
f853,
f7b6,
f80a,
f84d,
f86f,
f9cb,
fbb2,
fd8f,
0015,
02aa,
042b,
0544,
064b,
0619,
04aa,
0377,
023f,
0037,
fe39,
fcc9,
fbc1,
fb37,
fb58,
fbf9,
fcfa,
fe64,
ffef,
012a,
0205,
0292,
02bb,
0281,
020f,
016d,
0096,
ffaf,
ff0b,
fea5,
fe49,
fe0e,
fe06,
fe33,
fe99,
ff23,
ffb3,
003b,
00b7,
00f5,
00f4,
fffe,
fffe,
fffe,
fffe,
fffe,
ffff,
ffff,
0000,
0000,
0001,
0003,
0002,
0002,
0003,
0002,
0001,
0001,
0001,
0000,
0000,
ffff,
ffff,
0000,
0000,
0001,
0002,
0002,
0001,
0000,
0000,
ffff,
0000,
0001,
ffff,
0000,
0002,
fffe,
0004,
0000,
0005,
fffb,
000a,
fffb,
0008,
0004,
0012,
0017,
039b,
08b3,
00bb,
fca0,
00a1,
fd3e,
fff2,
0673,
067a,
08cc,
10d9,
0a5c,
fc08,
fd3c,
fd80,
f22b,
ef5a,
f577,
f388,
f2c9,
fc24,
02e8,
038f,
074d,
0c48,
0b1a,
0920,
08f2,
05c2,
0129,
fe70,
fc10,
f94f,
f7de,
f7ce,
f830,
f824,
f82f,
f9f0,
fc9a,
fee2,
012b,
035c,
04ca,
05ab,
065b,
05d7,
0429,
02ab,
012a,
ff36,
fd7d,
fc7d,
fbac,
fb45,
fb8b,
fc42,
fd64,
fed4,
0054,
0168,
022e,
02a1,
02c0,
028c,
01fe,
0152,
0092,
ffc1,
fef6,
fe63,
fe16,
fe01,
fe16,
fe46,
fe9c,
ff18,
ff9c,
0022,
00a3,
00f4,
ffff,
fffe,
fffc,
fffc,
fffc,
fffc,
fffe,
ffff,
0000,
0000,
0002,
0002,
0002,
0002,
0001,
0001,
0000,
0000,
ffff,
ffff,
ffff,
fffe,
fffe,
ffff,
ffff,
0000,
0001,
0001,
0001,
0001,
0000,
0000,
ffff,
ffff,
ffff,
fffe,
0001,
ffff,
0002,
fffe,
0002,
fffc,
0004,
0001,
0001,
0009,
000b,
0009,
0241,
0790,
0278,
fd1e,
00ff,
fe3e,
fe62,
04b7,
05f1,
0716,
0ece,
0c63,
fea8,
fd4e,
ffdb,
f61e,
eff2,
f497,
f480,
f332,
fab2,
0221,
0359,
05af,
0a52,
0a9f,
0965,
0941,
05be,
ffb5,
fccb,
fbe5,
f9a9,
f7c8,
f78b,
f850,
f8db,
f977,
fb81,
fe3e,
0043,
01de,
03b5,
04ec,
0540,
056b,
04b7,
02fc,
015e,
0015,
fe93,
fd38,
fc8c,
fc00,
fbbf,
fc28,
fd03,
fe11,
ff52,
009a,
016f,
020c,
0291,
02b3,
0255,
01c6,
012d,
0064,
ff87,
fed0,
fe57,
fe16,
fe0e,
fe2e,
fe59,
fea6,
ff1d,
ff9f,
001f,
00a2,
0000,
ffff,
fffe,
fffd,
fffd,
fffe,
fffe,
ffff,
0001,
0001,
0001,
0002,
0002,
0002,
0002,
0001,
0001,
0000,
ffff,
0000,
ffff,
fffe,
fffe,
ffff,
ffff,
ffff,
0001,
0001,
0002,
0001,
0001,
0001,
0000,
ffff,
ffff,
ffff,
ffff,
0000,
ffff,
0001,
ffff,
0001,
0000,
0004,
0004,
fffd,
000e,
0004,
0008,
0134,
0628,
03eb,
fe02,
010f,
ff2a,
fd49,
02ff,
0567,
05e7,
0c90,
0d93,
021d,
fe2a,
0086,
f8eb,
f1a0,
f476,
f568,
f3ea,
f9ac,
00d7,
0249,
046d,
099f,
0b00,
08cf,
0695,
033e,
feef,
fcf7,
fbdb,
f954,
f7ef,
f896,
fa06,
faef,
fb9a,
fd25,
ff86,
013b,
020b,
0324,
03f9,
03f9,
03b4,
0310,
01c0,
0051,
ff64,
fe7e,
fd90,
fd09,
fcbf,
fcc0,
fd1d,
fdd4,
feab,
ff9c,
0092,
0143,
01dd,
0241,
0252,
0201,
0171,
00d1,
0018,
ff74,
fee0,
fe70,
fe27,
fe1c,
fe4c,
fe84,
fed7,
ff45,
ffbf,
0038,
0001,
0000,
ffff,
fffe,
fffd,
fffd,
fffd,
fffd,
fffe,
0000,
0000,
0000,
0001,
0002,
0001,
0001,
0001,
0000,
ffff,
ffff,
ffff,
fffe,
ffff,
ffff,
fffe,
fffe,
ffff,
0000,
0000,
0001,
0001,
0001,
0000,
ffff,
fffe,
fffe,
ffff,
ffff,
ffff,
ffff,
ffff,
ffff,
fffe,
0004,
0003,
0003,
fff9,
0013,
0004,
0003,
0084,
0499,
04e9,
ff52,
00d6,
ffd6,
fcc2,
0177,
04ce,
0537,
0ac0,
0e5e,
04ce,
fe4c,
011c,
fc66,
f3bf,
f425,
f64c,
f4c3,
f84a,
ff64,
02bd,
0491,
07cd,
083f,
0574,
0419,
0283,
fec4,
fc5f,
fbce,
fa92,
f9f8,
fb32,
fca2,
fd1a,
fd40,
fe6f,
0037,
010e,
011b,
01aa,
0246,
022c,
01f4,
0199,
00bb,
ffd9,
ff73,
fef5,
fe51,
fe07,
fde9,
fdd0,
fe05,
fe86,
ff03,
ff96,
0052,
00fd,
016c,
01ad,
01c7,
0180,
0102,
0080,
0001,
ff88,
fefb,
fe8b,
fe50,
fe5c,
fe9e,
fede,
ff2b,
ff85,
ffde,
0004,
0003,
0002,
0002,
0002,
0001,
0001,
0001,
0002,
0002,
0003,
0004,
0004,
0004,
0004,
0004,
0004,
0003,
0003,
0003,
0003,
0002,
0003,
0002,
0002,
0002,
0002,
0003,
0003,
0004,
0004,
0004,
0004,
0003,
0002,
0001,
0002,
0003,
0003,
0002,
0004,
0001,
0004,
0002,
0009,
0005,
0002,
0006,
0018,
fffe,
0002,
0030,
0315,
054d,
00f7,
0079,
0033,
fcff,
0036,
0462,
05b9,
0897,
0c68,
0771,
00c1,
01bf,
fe90,
f620,
f42b,
f64a,
f5fa,
f8fe,
ff4d,
01c1,
016c,
0330,
053e,
0416,
0243,
00bd,
feb3,
fdc4,
fdcc,
fd4f,
fd3f,
fe24,
feba,
fe94,
fe58,
fead,
ff84,
ffbf,
ff6d,
ffc5,
0068,
008d,
0083,
00a6,
0083,
001a,
0001,
ffef,
ff8b,
ff28,
fef2,
fecc,
fec5,
fee6,
ff07,
ff5d,
fff5,
0073,
00be,
00fc,
0117,
00fd,
00b8,
005f,
0007,
ffa2,
ff32,
feda,
fec2,
fee7,
ff1a,
ff45,
ff6c,
ff99,
0001,
0001,
0001,
0002,
0001,
0000,
ffff,
ffff,
ffff,
ffff,
ffff,
0000,
0000,
0000,
0000,
0001,
0001,
0001,
0001,
0000,
0001,
0001,
0000,
0001,
0000,
0000,
0000,
0000,
0000,
0000,
0001,
0002,
0002,
0001,
0001,
0000,
ffff,
0000,
0000,
ffff,
0001,
0001,
ffff,
0004,
fffd,
0009,
0002,
0003,
0009,
000c,
fffe,
fffd,
0012,
01c6,
0503,
029d,
0047,
003c,
fdee,
0060,
03e5,
0402,
0617,
0bac,
0a9c,
0356,
017d,
ffb7,
f84f,
f4d3,
f7f0,
f90d,
f8ca,
fb01,
fd31,
fe5e,
00c9,
02df,
0198,
0037,
00ef,
0169,
00e3,
00a9,
0081,
003b,
004e,
fff9,
fef2,
fe04,
fda9,
fdd8,
fdd0,
fdab,
fe0a,
febd,
ff66,
ffec,
008d,
00d9,
00dc,
0105,
010d,
00a7,
0026,
ffd8,
ff78,
ff11,
fedd,
fedc,
ff08,
ff44,
ff9f,
fff9,
004a,
008d,
009d,
008c,
005b,
002e,
fff3,
ffa5,
ff78,
ff6b,
ff78,
ff79,
ff69,
ff69,
0000,
0000,
0001,
0001,
0001,
0001,
0001,
0000,
ffff,
ffff,
ffff,
ffff,
ffff,
0000,
0000,
0000,
ffff,
0000,
0000,
0000,
0000,
0001,
0000,
0000,
0001,
0000,
0000,
0000,
ffff,
ffff,
0000,
0000,
0001,
0001,
0002,
0001,
0000,
0000,
0000,
0000,
0000,
0000,
ffff,
ffff,
0002,
fffc,
000a,
0006,
fffc,
000b,
000e,
ffff,
fff9,
0006,
00da,
0449,
040e,
008a,
00e4,
001a,
fef2,
014f,
0403,
05ea,
0a6e,
0c2a,
059e,
0101,
0083,
fc89,
f840,
f84c,
f76a,
f4c9,
f66c,
fab5,
fcb2,
fdb8,
ffab,
00b6,
019a,
03ca,
04ee,
0433,
0363,
0304,
0269,
0154,
ff9f,
fdc9,
fcac,
fc0b,
fbe2,
fc08,
fc39,
fcc2,
fdeb,
ff42,
002b,
00f5,
019f,
01f0,
020f,
0207,
0193,
00db,
0044,
ffae,
ff14,
fead,
fe6b,
fe52,
fe7f,
fee9,
ff5e,
ffc8,
0028,
006e,
008f,
0099,
0094,
0088,
0067,
0027,
ffeb,
ffb5,
ff86,
ff5e,
0000,
0001,
0002,
0002,
0003,
0002,
0002,
0001,
0000,
ffff,
fffe,
fffd,
fffe,
ffff,
ffff,
ffff,
ffff,
0000,
0000,
0001,
0001,
0001,
0001,
0001,
0001,
0001,
0000,
ffff,
ffff,
ffff,
ffff,
ffff,
0000,
0000,
0001,
0001,
0001,
0000,
0000,
0002,
0001,
0000,
ffff,
ffff,
0000,
0001,
0001,
0008,
0003,
fffe,
0015,
000e,
fff6,
ffef,
fff9,
007a,
0384,
0583,
0290,
002b,
ff1e,
ff1a,
01a3,
03ca,
0506,
08ce,
0c22,
080f,
0398,
037b,
ff1f,
f737,
f436,
f446,
f31b,
f3f7,
f780,
fa2f,
fc39,
ffa0,
02f5,
04e4,
06c2,
07d5,
06e6,
0578,
0476,
02e5,
0072,
fdf2,
fc17,
fafa,
fa5a,
fa37,
fabe,
fb8f,
fca2,
fe19,
ff9e,
00df,
01cf,
029e,
02f5,
02df,
0297,
01f1,
012b,
0060,
ff95,
feaf,
fe15,
fdde,
fdc7,
fdf7,
fe57,
fee8,
ff7d,
000b,
0084,
00d8,
0122,
014a,
013c,
00e6,
0076,
0011,
ffb4,
ff61,
ffff,
0000,
0001,
0002,
0002,
0003,
0003,
0002,
0002,
0000,
0000,
ffff,
fffe,
fffe,
fffe,
ffff,
ffff,
0000,
0000,
0001,
0001,
0001,
0002,
0001,
0001,
0001,
0001,
0000,
ffff,
ffff,
ffff,
0000,
0000,
0000,
0001,
0002,
0002,
0001,
0001,
0001,
0000,
0000,
fffe,
fffe,
ffff,
0002,
0003,
fffd,
0009,
0009,
0007,
0012,
0006,
ffe6,
ffec,
0025,
00f1,
0482,
05c6,
00d6,
ff7f,
0170,
00c9,
00d0,
0270,
03c7,
0746,
0de0,
0dd7,
0629,
0075,
fba1,
f4ef,
f266,
f310,
f13c,
f0f5,
f57a,
fab9,
fe41,
01f7,
05a5,
07bd,
0910,
09c8,
0894,
061a,
03e7,
0184,
feb8,
fc0d,
fa3a,
f971,
f925,
f977,
fa94,
fbf4,
fd32,
feb5,
0086,
01e2,
02c5,
0365,
0380,
0317,
02a3,
0212,
0113,
fffd,
ff04,
fe36,
fdb0,
fd77,
fd6e,
fd95,
fe0b,
febc,
ff81,
004b,
0104,
017e,
01b9,
01c3,
0181,
0107,
007f,
ffee,
ff6a,
fffe,
ffff,
0000,
0001,
0002,
0002,
0003,
0002,
0001,
0001,
0000,
fffe,
fffd,
fffe,
fffd,
fffc,
fffd,
ffff,
ffff,
0000,
0000,
0002,
0001,
0001,
0001,
0000,
0000,
ffff,
ffff,
ffff,
ffff,
ffff,
ffff,
0000,
0000,
0001,
0001,
0000,
0001,
0001,
0000,
0000,
fffe,
fffe,
fffe,
0002,
0002,
fffe,
0003,
000f,
000b,
0002,
0009,
fff4,
ffec,
0066,
021c,
0250,
0174,
0323,
02f9,
01b2,
023c,
01a7,
0050,
0031,
02f1,
0a55,
1182,
0d92,
019d,
fad0,
f940,
f5aa,
f1d5,
f075,
ef9c,
f171,
f75e,
fd8e,
013c,
0442,
079b,
098c,
0a63,
0a4d,
0847,
04de,
0207,
ffb7,
fcc6,
fa3f,
f8eb,
f8b8,
f910,
f9d0,
fb48,
fcd6,
fe50,
ffd1,
0173,
02bf,
035b,
0397,
035f,
02eb,
0252,
019b,
00a4,
ff80,
fe96,
fdd0,
fd61,
fd46,
fd5b,
fd81,
fdf8,
fefb,
0017,
00f5,
017d,
01d6,
01fd,
01d6,
0162,
00cb,
003b,
ffa8,
fffe,
ffff,
0000,
0000,
0002,
0002,
0002,
0003,
0002,
0001,
0000,
ffff,
fffe,
fffd,
fffd,
fffd,
fffd,
fffe,
ffff,
0000,
0000,
0001,
0002,
0001,
0001,
0001,
ffff,
ffff,
ffff,
ffff,
ffff,
ffff,
ffff,
0000,
0000,
0000,
0000,
0001,
0001,
0001,
0001,
0000,
fffe,
fffe,
fffe,
0001,
fffe,
0000,
0005,
000b,
000a,
000b,
fffa,
fffa,
0023,
01b8,
02da,
006f,
ff13,
01a5,
046e,
0412,
029b,
03c3,
03f5,
fe20,
fd8c,
067d,
0d36,
0d38,
0690,
fd57,
f8c5,
f912,
f65e,
f11d,
ef92,
f1b9,
f57a,
fa8f,
0045,
03b9,
0586,
0810,
0a21,
0a3b,
08cd,
0645,
02e6,
002f,
fdc9,
fb39,
f954,
f8c0,
f925,
f9c6,
fafa,
fc93,
fe30,
ff74,
00b7,
021f,
0318,
035b,
0310,
02b2,
0253,
01dd,
012e,
0022,
fefe,
fe1c,
fdb0,
fd81,
fd5f,
fd64,
fdcf,
feb3,
ffb2,
0097,
013f,
01ad,
01da,
01c1,
016d,
00f5,
0089,
0005,
fffe,
ffff,
0000,
0001,
0001,
0001,
0002,
0002,
0002,
0002,
0001,
0000,
ffff,
ffff,
fffd,
fffe,
fffe,
fffe,
ffff,
0000,
0001,
0001,
0001,
0002,
0001,
0001,
0001,
0000,
ffff,
ffff,
0000,
0000,
0000,
0000,
0000,
0000,
0000,
0001,
0002,
0001,
0002,
0001,
0001,
ffff,
0000,
0000,
ffff,
0002,
0008,
0006,
000b,
000a,
0005,
fffc,
0152,
0358,
0157,
fe9c,
ffda,
01b5,
0207,
0351,
05d2,
0733,
0658,
fff3,
fa89,
0047,
07f5,
0824,
04f3,
018b,
fc7a,
f96a,
f9c9,
f705,
f281,
f27b,
f60d,
f99e,
fdc0,
01d6,
03d6,
0565,
07dc,
090d,
0813,
0651,
0406,
0128,
fe9a,
fc82,
faac,
f9bb,
f999,
fa2f,
fb55,
fcad,
fdf4,
ff25,
0051,
0157,
0241,
029e,
0264,
023a,
022d,
01f0,
0156,
0074,
ff77,
feb5,
fe4b,
fdef,
fdb1,
fdd1,
fe39,
feab,
ff49,
0013,
00c7,
0133,
015c,
0160,
0145,
0108,
00a9,
002e,
ffff,
ffff,
0000,
0000,
0001,
0000,
0001,
0001,
0001,
0001,
0001,
0001,
0000,
ffff,
fffe,
fffe,
fffe,
fffe,
ffff,
ffff,
0000,
0000,
0001,
0001,
0001,
0001,
0001,
0000,
0001,
0001,
0000,
0001,
0000,
0000,
0000,
0000,
0000,
0000,
0000,
0001,
0001,
0001,
0001,
0001,
0000,
0000,
fffe,
0009,
0002,
0006,
000b,
000c,
0001,
00e1,
038a,
0279,
fea9,
ff0f,
0145,
015a,
00d1,
0291,
07e6,
0b15,
0634,
ffc7,
fcc6,
fcbf,
ffb9,
01fb,
0170,
0092,
004a,
fe77,
fbd4,
faab,
f92e,
f6a9,
f6d6,
fa26,
fcb9,
fe72,
00bc,
033b,
04d9,
05e4,
066a,
05af,
0425,
021e,
fff2,
fdeb,
fc5d,
fb5a,
fae7,
fb26,
fbf0,
fcfc,
fdf5,
fedc,
ffe9,
00b0,
0106,
0156,
01bc,
01cf,
01b1,
0194,
0126,
0085,
ffee,
ff76,
fefb,
feac,
fe97,
fe91,
fea3,
fed7,
ff34,
ff9b,
0000,
0067,
00af,
00e5,
00fc,
00cf,
007f,
0033,
0000,
ffff,
0000,
0000,
ffff,
0000,
0000,
0000,
0001,
0001,
0001,
0001,
0001,
0000,
0000,
ffff,
fffe,
fffe,
ffff,
ffff,
ffff,
0000,
0001,
0000,
0001,
0001,
0000,
0000,
0001,
0001,
0001,
0001,
0000,
0000,
0000,
0000,
ffff,
0000,
0000,
0000,
0002,
0001,
0001,
0001,
0002,
fffd,
0001,
0009,
0001,
0006,
000b,
000a,
0083,
037f,
03c2,
fefd,
fe24,
0107,
0177,
002e,
016c,
066d,
09e3,
07bc,
042a,
00da,
fdff,
fc2f,
fa0f,
fa90,
fd6b,
ff51,
010c,
0244,
00fc,
fe43,
fd2d,
fcab,
fb5e,
fa99,
fb40,
fc64,
fdaf,
ffd2,
01ac,
02b8,
038e,
042d,
03bb,
026e,
012b,
ffc9,
fe42,
fd2f,
fcce,
fcbd,
fcc6,
fd4f,
fe2b,
fee8,
ff41,
ff97,
0018,
0071,
00d6,
010a,
00fd,
00d9,
00bc,
008b,
0034,
001b,
0015,
ffd2,
ff78,
ff45,
ff39,
ff2c,
ff35,
ff33,
ff46,
ff8e,
ffff,
0054,
005d,
0058,
0035,
0010,
0000,
0000,
0000,
ffff,
fffe,
ffff,
ffff,
ffff,
0000,
0001,
0002,
0001,
0001,
0001,
0001,
0000,
0000,
ffff,
fffe,
ffff,
fffe,
ffff,
0000,
0000,
0000,
0001,
0001,
0001,
0001,
0002,
0001,
0001,
0001,
0000,
0000,
ffff,
0000,
0001,
ffff,
0000,
0002,
0001,
0001,
0002,
0004,
fffd,
0005,
0003,
0008,
0004,
0014,
003c,
032c,
0510,
ffd7,
fd1b,
006b,
01bb,
0016,
00af,
0655,
0ad2,
07a5,
02ac,
0123,
00ba,
fe5b,
fa45,
f794,
f731,
f98e,
fe2d,
01ab,
0354,
0481,
03bc,
013d,
008e,
0009,
fce8,
fa26,
fa7c,
fbeb,
fc81,
fdcb,
ffb7,
00fd,
01c9,
027f,
0286,
01f3,
0158,
0073,
ff6e,
fec5,
fe65,
fe0c,
fe01,
fe49,
fe90,
febe,
fee5,
ff4f,
ffb9,
ffce,
ffe4,
0017,
0037,
0028,
0048,
00bc,
011b,
0110,
00b0,
0042,
0005,
ffd9,
ff83,
ff28,
feec,
fed6,
fef2,
ff3b,
ff84,
ffa3,
ffad,
ffd0,
0015,
0001,
0000,
ffff,
ffff,
fffe,
fffe,
fffe,
ffff,
0000,
0001,
0001,
0001,
0001,
0002,
0001,
0000,
0000,
ffff,
ffff,
ffff,
ffff,
ffff,
0000,
0000,
0000,
0001,
0001,
0001,
0001,
0002,
0002,
0001,
0000,
ffff,
ffff,
ffff,
0000,
0000,
ffff,
0001,
0001,
0002,
0001,
0006,
ffff,
0005,
fffd,
000a,
ffff,
001c,
0019,
02a2,
0621,
0143,
fc34,
ff58,
0202,
001e,
0002,
06aa,
0c3f,
085a,
029b,
00bb,
ff0e,
fd7b,
fba3,
f858,
f693,
f7ab,
f9d8,
fd1b,
0148,
0499,
0628,
06b4,
0672,
0448,
0137,
fe8b,
fbaf,
f9bd,
f9a7,
fa4b,
fb06,
fc86,
fe53,
ffc2,
00df,
01ed,
028a,
028b,
0248,
01a5,
00ce,
000d,
ff65,
feab,
fe59,
fe6c,
fe85,
fe8e,
fe89,
fe9e,
fece,
ff0a,
ff20,
ff3f,
ffd9,
00be,
0161,
0195,
018b,
0162,
010f,
00a4,
003d,
ffce,
ff46,
fecb,
fe8c,
fe7d,
fe8e,
fea8,
fece,
ff21,
ffa8,
0037,
0000,
ffff,
fffe,
fffd,
fffd,
fffd,
fffe,
fffe,
0000,
ffff,
0000,
0000,
0001,
0001,
0001,
0000,
0000,
ffff,
ffff,
fffe,
ffff,
ffff,
fffe,
fffe,
ffff,
0000,
0001,
0001,
0002,
0001,
0001,
0000,
ffff,
ffff,
ffff,
ffff,
fffe,
fffe,
0000,
ffff,
0001,
fffe,
0006,
fffe,
0004,
fffe,
0007,
0000,
0013,
0012,
020b,
06db,
0315,
fb9a,
fde9,
020b,
006d,
ff67,
06c2,
0e20,
0993,
024e,
00c2,
ff11,
fc5c,
f99b,
f693,
f64e,
f824,
fa09,
fc41,
fe75,
0193,
0508,
072a,
0887,
08d2,
0646,
01f2,
fec7,
fd05,
faa3,
f886,
f884,
f97a,
fa48,
fbbf,
fdd6,
ffa3,
0133,
0294,
0359,
0384,
0367,
02b1,
0166,
0051,
ff9f,
ff00,
fe80,
fe25,
fdf0,
fdca,
fdc8,
fdef,
fe02,
fe4d,
ff27,
003b,
010e,
016e,
01b8,
01ec,
01c4,
017a,
0129,
00a8,
ffee,
ff4a,
fec1,
fe6a,
fe38,
fe04,
fdf7,
fe3f,
fef6,
ffaa,
0034,
ffff,
ffff,
ffff,
fffd,
fffd,
fffe,
ffff,
0000,
ffff,
0000,
0001,
0001,
0001,
0001,
0001,
0000,
0000,
0000,
ffff,
ffff,
ffff,
ffff,
fffe,
ffff,
0000,
0001,
0001,
0002,
0002,
0001,
0000,
ffff,
ffff,
ffff,
0000,
ffff,
fffe,
0000,
ffff,
0003,
ffff,
0003,
0002,
0002,
0000,
0004,
0006,
000b,
0015,
017f,
0743,
052f,
fb6f,
fc1b,
01c0,
00e3,
fefa,
06e3,
101c,
0aef,
021e,
00e9,
ff28,
fb97,
f8c0,
f4db,
f357,
f65e,
fa64,
fcdf,
fefd,
0215,
03f3,
0521,
07d3,
0982,
07bd,
0515,
0292,
ff86,
fcd2,
fb06,
f98d,
f839,
f820,
f91c,
fa6a,
fc47,
feb5,
00c7,
0231,
0382,
047c,
0432,
036d,
02b9,
01c7,
0098,
ff6d,
fe81,
fdb9,
fd52,
fd39,
fd16,
fd08,
fda1,
fe9e,
ff79,
003b,
00ea,
0187,
01d0,
01da,
01e7,
01cd,
016a,
00b5,
ffdf,
ff33,
fec5,
fe7a,
fe18,
fdc0,
fdc3,
fe36,
fef6,
ffa5,
0025,
ffff,
fffe,
fffe,
fffe,
fffe,
ffff,
0000,
0000,
ffff,
ffff,
0001,
0001,
0000,
0000,
0001,
0000,
0000,
0000,
0000,
0000,
ffff,
ffff,
ffff,
0000,
0000,
0001,
0002,
0001,
0000,
ffff,
ffff,
ffff,
ffff,
ffff,
ffff,
fffd,
0000,
0000,
0001,
ffff,
0002,
0003,
ffff,
0001,
fffd,
000c,
ffff,
0020,
010e,
0751,
0755,
fbd2,
fa2b,
0111,
0149,
feb3,
0723,
1241,
0c6b,
01b8,
00f9,
ffb5,
fae5,
f7b6,
f3a6,
f115,
f467,
f934,
fbfb,
fedc,
0338,
05d2,
0653,
077b,
0843,
0710,
0503,
032d,
0176,
ff6c,
fcee,
fb38,
fa77,
f937,
f81a,
f8b9,
fa4e,
fbff,
fdf4,
0038,
01fd,
031b,
0411,
0486,
045c,
03c4,
028f,
0103,
ffa1,
fe82,
fd8e,
fcd6,
fc9d,
fcd3,
fd3b,
fdd9,
fec0,
ffa5,
005c,
00d7,
0146,
01a8,
01eb,
01f9,
01ae,
011a,
005d,
ffad,
ff34,
feec,
fe8e,
fe1e,
fde3,
fe16,
fe9c,
ff1a,
ff88,
fffc,
ffff,
fffe,
fffe,
fffe,
0000,
0000,
ffff,
0000,
0001,
0000,
0000,
0001,
0001,
0000,
0000,
0000,
0000,
0001,
0000,
0000,
ffff,
ffff,
0000,
0001,
0001,
0001,
0001,
0000,
ffff,
fffe,
ffff,
ffff,
ffff,
0000,
ffff,
ffff,
0000,
0001,
0001,
0000,
0004,
fffe,
0005,
fff8,
000e,
fff8,
0029,
00bb,
0735,
095d,
fca7,
f83a,
0017,
01b3,
fe6e,
0762,
1496,
0e19,
014d,
00dd,
002e,
fa67,
f6d6,
f27e,
eee1,
f272,
f86b,
fb81,
fde4,
02b6,
06df,
0807,
0971,
09f9,
06e7,
0361,
0223,
00f8,
ff16,
fdd7,
fd53,
fc2d,
fa94,
f9f4,
f9e7,
f9f4,
fade,
fc85,
fe1d,
ff50,
011d,
02e5,
03cd,
047a,
0490,
03c4,
0272,
0122,
ffb5,
fe57,
fd89,
fd3a,
fce7,
fcc5,
fd59,
fe4f,
ff33,
ffd0,
004c,
00c8,
012c,
0182,
01bd,
01a3,
012c,
0080,
ffd6,
ff7b,
ff56,
ff0f,
fe9b,
fe55,
fe7c,
fecf,
ff15,
ff48,
ff90,
ffdb,
fffe,
fffd,
fffe,
ffff,
0001,
0000,
ffff,
0001,
0000,
0000,
0000,
0001,
0001,
ffff,
0000,
0000,
0000,
0000,
0000,
0000,
fffe,
0000,
0001,
0002,
0001,
0001,
0000,
fffe,
fffd,
fffe,
fffe,
ffff,
ffff,
ffff,
fffe,
0000,
0001,
0002,
ffff,
0005,
fffa,
0009,
fff4,
0011,
ffef,
002a,
0081,
0703,
0b40,
fdbf,
f650,
fed4,
021e,
fe43,
07b8,
171a,
0fac,
00c6,
00f9,
00b0,
f988,
f5d9,
f1bd,
ecd0,
f043,
f7bb,
fb24,
fd3a,
02ac,
074d,
085f,
0aa1,
0bed,
08a2,
0433,
0181,
ff68,
fdab,
fc9a,
fc7a,
fcf9,
fc82,
fb45,
fb21,
fbe9,
fc53,
fc9d,
fd1f,
fe04,
ff74,
0110,
025d,
0336,
03be,
03ac,
02e8,
01c8,
0097,
ffc3,
ff1a,
fe2f,
fd4b,
fd00,
fd5e,
fe16,
fee1,
ff78,
ffe6,
0069,
00da,
010e,
012c,
0137,
00f6,
005d,
ffd0,
ff89,
ff6d,
ff40,
ff00,
fed9,
fef7,
ff39,
ff65,
ff80,
ffa9,
ffd0,
ffdc,
fffd,
fffe,
ffff,
0001,
0001,
0001,
0000,
0000,
0000,
0000,
0001,
0000,
ffff,
ffff,
0000,
0000,
0000,
0000,
0000,
ffff,
ffff,
0001,
0002,
0002,
0002,
0001,
ffff,
fffd,
fffe,
fffe,
fffe,
ffff,
fffe,
fffe,
0000,
0000,
0004,
fffe,
0007,
fff8,
0009,
fff2,
0015,
ffed,
0028,
0054,
06c4,
0cf9,
ff1f,
f48d,
fd3e,
0282,
fe35,
07ff,
19d7,
1158,
fffc,
0108,
01a3,
f89d,
f45f,
f116,
eb0b,
ee15,
f6fd,
fae8,
fcaa,
027f,
0807,
0926,
0b36,
0cfe,
09d4,
04e4,
0258,
fffb,
fca5,
fab1,
fad2,
fbb5,
fbd7,
fc23,
fcdb,
fd37,
fd86,
fe22,
febb,
fead,
ff1a,
0021,
00cd,
018c,
0264,
028c,
01b1,
0114,
011c,
00f5,
001c,
ff17,
fe42,
fda9,
fdc1,
fe60,
ff15,
ff71,
ffc0,
002a,
0074,
00c0,
00fa,
00cb,
0051,
ffee,
ff97,
ff5a,
ff50,
ff46,
ff24,
ff15,
ff45,
ff8c,
ffc0,
fffc,
0027,
0030,
0022,
fff7,
fffe,
ffff,
0001,
0001,
0000,
0001,
0001,
0001,
0001,
0001,
0001,
0000,
0000,
ffff,
0000,
0001,
0000,
ffff,
ffff,
0001,
0002,
0003,
0003,
0002,
0001,
ffff,
fffe,
fffe,
fffe,
ffff,
0000,
fffe,
fffe,
0002,
0001,
0004,
fffd,
0008,
fff6,
000a,
fff1,
0014,
fff0,
0027,
0036,
067e,
0e79,
00a8,
f30b,
fb7b,
02bc,
fe49,
083a,
1c9c,
132c,
ff1a,
00fa,
02ba,
f7ee,
f284,
f05b,
e999,
ebb5,
f63e,
fae4,
fc1b,
0264,
08d4,
09c7,
0be9,
0e48,
0acf,
0525,
0262,
0053,
fd09,
fa71,
f973,
f9f4,
fa9a,
fb39,
fc91,
fdc2,
fe7c,
ffab,
00af,
00a4,
0068,
008c,
0091,
00d5,
013a,
00ca,
fffc,
001e,
009a,
0067,
0010,
ffaf,
ff08,
fe61,
fe6b,
ff21,
ffb5,
ffe0,
fff8,
0038,
007a,
00aa,
00b7,
0081,
0016,
ff77,
fee0,
feb4,
ff09,
ff4c,
ff1d,
fefa,
ff31,
ffaf,
002b,
007d,
00b0,
00bc,
009e,
0051,
fff2,
0000,
0000,
0000,
0001,
0002,
0001,
0001,
0002,
0002,
0001,
ffff,
0000,
0000,
0000,
0000,
0000,
0000,
ffff,
0000,
0002,
0004,
0003,
0003,
0001,
ffff,
fffd,
fffe,
fffe,
ffff,
ffff,
fffe,
fffd,
0001,
0001,
0006,
fffd,
0009,
fff6,
000a,
fff0,
0014,
ffef,
0029,
0025,
064c,
0fc1,
0225,
f1d9,
f99e,
02ca,
fe76,
0873,
1f75,
151d,
fe2d,
00dc,
03d3,
f76f,
f088,
ef34,
e86f,
e981,
f52f,
fae7,
fba6,
0270,
09c5,
0a92,
0c75,
0f41,
0c18,
05c9,
0242,
0015,
fc98,
fa19,
f974,
f96b,
f96b,
fa38,
fb4f,
fc8e,
fe92,
00ed,
0242,
01f7,
01ee,
0252,
01db,
0128,
00c3,
0040,
ff7b,
fece,
feb3,
ff1f,
ff76,
ff38,
fe8f,
fe5d,
ff0a,
fff0,
0089,
00b6,
00b4,
00bf,
00d1,
00d1,
00d8,
0099,
ffe6,
ff0b,
fe51,
fe1b,
fe6c,
fec6,
fec9,
feba,
ff12,
ffb9,
0053,
00d3,
012c,
0156,
011e,
009c,
001e,
ffe6,
0000,
0001,
0001,
0001,
0002,
0003,
0003,
0002,
0001,
0000,
ffff,
ffff,
0000,
0001,
ffff,
ffff,
ffff,
0000,
0001,
0003,
0004,
0003,
0001,
0000,
fffe,
fffe,
fffe,
0000,
ffff,
fffe,
fffd,
0001,
ffff,
0005,
fffc,
0009,
fff3,
0008,
fff0,
0012,
ffef,
0027,
001d,
0628,
10d5,
0396,
f100,
f7d2,
0294,
feb9,
088a,
220b,
175f,
fd64,
009c,
04e4,
f718,
eeae,
ede4,
e72e,
e773,
f416,
faf8,
fb1e,
0230,
0af5,
0b9b,
0d01,
1033,
0d0b,
0673,
0293,
fff6,
fc09,
f952,
f8ca,
f946,
f93a,
f904,
fa6d,
fc95,
fe02,
ffe6,
0252,
035d,
0357,
0373,
032e,
027e,
0242,
0180,
ff48,
fd94,
fd8b,
fe0d,
fe0f,
fda9,
fd7d,
fdb8,
fe8f,
ffde,
0129,
01a9,
01bc,
01cb,
019e,
0180,
015f,
00dd,
ffdb,
fecf,
fe03,
fdaa,
fdd8,
fe18,
fe0f,
fe2f,
fed6,
ffa9,
006a,
0111,
0173,
018f,
0167,
00f5,
0081,
004a,
002f,
0001,
0000,
0000,
0001,
0003,
0003,
0001,
0001,
0001,
ffff,
fffe,
0000,
0002,
0000,
fffd,
fffe,
ffff,
0000,
0002,
0004,
0003,
0001,
ffff,
fffe,
fffd,
fffe,
0000,
0000,
fffe,
fffc,
0001,
fffe,
0004,
fffc,
000a,
fff3,
0008,
ffef,
0012,
ffed,
0024,
0019,
062e,
11b8,
04b3,
f073,
f64b,
0223,
ff01,
08bd,
2440,
19b8,
fd04,
0047,
05bf,
f6d4,
ecd5,
ec8e,
e610,
e54e,
f2b6,
fb1f,
faff,
01d9,
0bc7,
0cd9,
0dba,
1126,
0e30,
06e0,
0284,
fff5,
fbee,
f8bb,
f829,
f848,
f7c7,
f908,
fb28,
fc67,
fd37,
ff3d,
0202,
0329,
03a3,
040b,
0419,
047b,
0495,
02c8,
ffe4,
fe13,
fd6a,
fceb,
fc80,
fc4f,
fc0f,
fc23,
fd68,
ff67,
0129,
0205,
0242,
028c,
02d0,
02c8,
0263,
0183,
0032,
fec4,
fdb3,
fd41,
fd67,
fdb0,
fd9c,
fd98,
fe39,
ff4e,
004e,
011b,
0186,
018b,
0170,
0145,
0118,
00df,
0096,
003e,
0001,
0000,
0001,
0001,
0002,
0002,
0002,
0002,
0000,
ffff,
0000,
0002,
0000,
fffe,
fffe,
ffff,
0000,
0002,
0004,
0005,
0001,
ffff,
fffd,
fffd,
fffd,
0000,
0000,
fffe,
fffc,
0002,
ffff,
0004,
fffc,
000b,
fff2,
0009,
fff0,
0012,
ffea,
0022,
0014,
0656,
1261,
0584,
f052,
f51f,
017f,
ff3a,
0903,
25b3,
1bf7,
fd80,
0006,
0636,
f6b5,
eb38,
eaf3,
e53d,
e38b,
f0cc,
fad7,
fb35,
01cc,
0c62,
0e0f,
0e66,
11cd,
0f87,
07ae,
0254,
ffb5,
fbe5,
f87d,
f6e2,
f739,
f7f0,
f8ab,
fa64,
fc54,
fd85,
ff12,
01a7,
02d4,
02ce,
03b6,
0582,
064c,
0554,
03c5,
01af,
ff87,
fdc0,
fc98,
fbf6,
fb27,
fa72,
fa90,
fc0e,
fe60,
00a2,
01e3,
026a,
0300,
0389,
03bc,
0375,
027b,
00e5,
ff27,
fdb1,
fd11,
fd2c,
fd69,
fd4d,
fd4b,
fdd6,
febf,
ffc2,
00ba,
015e,
0186,
0186,
0180,
0168,
014c,
011b,
00c0,
0037,
ffff,
0001,
0002,
0002,
0001,
0001,
0001,
0000,
fffe,
0000,
0002,
0000,
fffe,
fffd,
fffe,
ffff,
0002,
0004,
0003,
0001,
ffff,
fffc,
fffc,
fffd,
0000,
0000,
fffe,
fffc,
0001,
fffe,
0004,
fffb,
000b,
fff1,
0009,
ffed,
0015,
ffe5,
0025,
0008,
06a5,
12e3,
05d4,
f09f,
f46b,
0096,
ff6b,
0980,
2657,
1dbf,
feff,
0010,
0636,
f6a5,
e9f8,
e929,
e456,
e25c,
eeab,
f9f4,
fb61,
01f7,
0cf5,
0f53,
0f9a,
1213,
1007,
08dd,
02e8,
ff88,
fb42,
f702,
f64a,
f7c5,
f7c6,
f806,
f9b7,
fba7,
fd5b,
ff92,
01ac,
01fb,
02a2,
04cc,
05d4,
05d3,
0603,
0550,
02d3,
0017,
fe74,
fd46,
fbfa,
fab7,
f9cb,
f996,
fad2,
fd17,
ff71,
0137,
026c,
0348,
03ea,
044f,
0430,
0329,
0159,
ff8f,
fe2d,
fd6c,
fd3d,
fd51,
fd42,
fd1d,
fd79,
fe3d,
ff26,
0029,
0123,
01b1,
01ab,
0173,
0159,
017e,
018c,
0142,
008c,
ff9e,
0002,
0001,
0001,
0003,
0002,
0000,
0000,
0001,
0000,
0000,
0000,
0000,
fffe,
fffe,
0000,
0003,
0003,
0003,
0002,
fffe,
fffb,
fffd,
fffe,
0000,
ffff,
ffff,
fffc,
0000,
ffff,
0007,
fffb,
000c,
ffef,
000d,
ffe7,
001a,
ffde,
002c,
fff3,
0701,
1369,
057f,
f14a,
f4a5,
ff4e,
ff43,
0a53,
2634,
1e97,
019f,
00d8,
0580,
f6c2,
e95e,
e741,
e347,
e1ae,
ec7f,
f864,
fb7e,
020a,
0d40,
10a7,
1138,
127f,
101c,
09dd,
0409,
ff23,
f9b9,
f67c,
f67e,
f7a4,
f785,
f78d,
f925,
fb69,
fd33,
fed3,
00e3,
029d,
0411,
050b,
0577,
061c,
0662,
0575,
032c,
00d3,
fee8,
fd40,
fc3b,
fb44,
fa14,
f95b,
fa2c,
fc33,
fe9d,
008b,
01d1,
02dd,
03d0,
048d,
0481,
036f,
01e1,
003a,
feab,
fda7,
fd6a,
fd71,
fd4b,
fd20,
fd45,
fdd3,
fec7,
0010,
0106,
0179,
018a,
017f,
017c,
0188,
018a,
0145,
00b6,
ffe3,
ff08,
0001,
0001,
0001,
0001,
0001,
ffff,
fffe,
0000,
0001,
ffff,
fffe,
fffe,
fffe,
ffff,
0001,
0003,
0003,
0000,
ffff,
fffc,
fffd,
fffd,
ffff,
0000,
fffe,
fffc,
0002,
fffd,
0007,
fff9,
0010,
ffeb,
0011,
ffe2,
001f,
ffd8,
0031,
ffdc,
072f,
1444,
04ad,
f1a4,
f622,
fe21,
fe2c,
0b37,
25f3,
1e42,
04dc,
0310,
042c,
f674,
e9e3,
e59c,
e1b4,
e165,
ea7d,
f5f6,
fb72,
022d,
0d05,
11bc,
131d,
1350,
108d,
0adc,
0463,
fe2a,
f991,
f6a4,
f5bb,
f74c,
f750,
f73d,
f8ee,
fb43,
fc64,
fe0a,
0143,
0370,
041f,
0520,
0664,
06d3,
0657,
04fb,
02f9,
00b4,
fece,
fd94,
fc90,
fb73,
fa5b,
f9b9,
fa6f,
fc50,
fe72,
fff8,
0137,
027f,
0377,
03f5,
03fc,
037a,
025e,
00dc,
ff42,
fe06,
fd8a,
fd6d,
fd45,
fd03,
fd19,
fdc6,
fed2,
0020,
010b,
017d,
0182,
0174,
017c,
017f,
0167,
0112,
0096,
ffdd,
ff21,
fea8,
0004,
0003,
0002,
0000,
0000,
ffff,
0000,
0001,
0000,
fffe,
fffe,
0000,
0000,
0002,
0003,
0003,
0001,
0001,
fffe,
fffe,
fffd,
0000,
ffff,
ffff,
fffc,
0003,
fffd,
0009,
fff5,
0012,
ffe9,
0012,
ffdf,
001f,
ffda,
002c,
ffd2,
06ff,
15a0,
03cd,
f0ad,
f8f6,
fe38,
fbdc,
0b65,
264a,
1cce,
0767,
0763,
032f,
f4ab,
eb44,
e525,
df9e,
e107,
e93b,
f2cb,
fa8c,
02b9,
0c95,
11c1,
150c,
1530,
1122,
0b18,
045f,
fede,
f999,
f5ee,
f519,
f6a7,
f6f7,
f74d,
f8e1,
fa55,
fb9f,
fe8c,
021e,
036c,
03fe,
056e,
06df,
0784,
069c,
049a,
0270,
005b,
fe8e,
fd54,
fc6d,
fb7b,
faae,
fa47,
fb11,
fcbe,
fec0,
0022,
0137,
0233,
02d8,
0358,
03b0,
0355,
0234,
00d1,
ff3e,
fe2e,
fddf,
fdac,
fd34,
fcfc,
fd53,
fdf3,
feb5,
ffe0,
00fe,
01c2,
0209,
01ce,
016e,
013b,
012b,
00e2,
004e,
ff94,
fef6,
fea6,
fea0,
0003,
0002,
0000,
0000,
0000,
ffff,
fffe,
0000,
ffff,
fffd,
ffff,
ffff,
0002,
0003,
0003,
0002,
0001,
fffd,
fffd,
fffd,
fffe,
fffe,
ffff,
fffb,
0003,
fffc,
000b,
fff5,
0012,
ffeb,
0010,
ffe6,
0012,
ffe8,
0016,
ffdd,
0633,
1750,
042f,
ed92,
fbb4,
0103,
f8fc,
0967,
2758,
1b83,
07f6,
0d46,
049c,
f11d,
ec1b,
e6c8,
dd79,
dffb,
e89d,
ef8c,
f83a,
0346,
0c63,
10cc,
16ab,
17c7,
114b,
0b43,
0606,
ff84,
f94a,
f5a9,
f40e,
f596,
f6af,
f744,
f822,
f9d0,
fc48,
ff29,
01ea,
0373,
04b9,
05d6,
06af,
075e,
06d7,
046c,
0210,
0061,
fe77,
fcbf,
fbe9,
fb34,
fab9,
fad0,
fbb6,
fd38,
ff29,
009f,
016d,
0240,
02ff,
035f,
0360,
02cb,
01b8,
008d,
ff2f,
fdf2,
fd56,
fd54,
fd5c,
fd99,
fde1,
fe1e,
fe9e,
ffd7,
0120,
01d2,
021d,
0202,
01c1,
0184,
0128,
0094,
ffea,
ff46,
febd,
fe70,
fe7a,
fe99,
0003,
0001,
0001,
0001,
ffff,
ffff,
0000,
0000,
fffe,
ffff,
0001,
0003,
0004,
0005,
0003,
0001,
fffd,
fffe,
fffe,
fffe,
ffff,
ffff,
fffa,
0004,
fffc,
000a,
fff7,
0010,
fff2,
0008,
fff6,
0000,
0002,
fff3,
fffb,
04ce,
18ab,
0722,
e8c4,
fbcb,
0730,
f7bb,
0442,
2804,
1bd0,
05cc,
12ce,
0a78,
ed58,
e9e5,
eaa5,
dccd,
dd93,
e882,
ece4,
f467,
02da,
0ce2,
0f98,
16d1,
1a24,
1268,
0bf4,
0809,
00c0,
f914,
f520,
f313,
f4da,
f600,
f5e0,
f77c,
fa86,
fd33,
ff53,
01e9,
0388,
0529,
0661,
06a7,
06dc,
0687,
0456,
01d5,
0058,
fe7f,
fc8b,
fb9e,
faf0,
fa96,
fabf,
fbdf,
fd8b,
ff75,
00ed,
01f2,
0304,
0399,
03b4,
0354,
027b,
0139,
0022,
fec2,
fd63,
fcee,
fd2a,
fd33,
fd4a,
fdc3,
fe71,
ff4b,
008f,
0186,
01c3,
01e1,
01f3,
01eb,
01b6,
0143,
0085,
ffc6,
ff24,
fe9b,
fe44,
fe2d,
fe3e,
fe83,
fffe,
ffff,
0001,
fffe,
fffd,
fffe,
ffff,
fffd,
fffd,
0000,
0003,
0002,
0003,
0004,
0000,
fffc,
fffe,
fffe,
fffb,
fffe,
ffff,
fff8,
0002,
fffd,
0007,
fff9,
0009,
fffb,
fffa,
0008,
ffe8,
001d,
ffcb,
0026,
02ee,
18ba,
0d58,
e491,
f656,
0ef0,
fb41,
fca7,
261c,
1ef3,
0196,
14d7,
152a,
ed5a,
e31e,
edce,
e008,
da2e,
e7a4,
eba0,
efa1,
0010,
0e4a,
0f43,
146d,
1bd1,
1572,
0d0a,
096c,
0320,
f938,
f44b,
f29f,
f3e7,
f4ac,
f458,
f72f,
fafa,
fdb7,
ffb6,
0271,
03be,
0509,
06b4,
06bf,
064d,
0636,
0477,
017f,
ffd2,
feb7,
fcd7,
fb89,
fad5,
fa85,
fa87,
fb92,
fd5b,
ff5b,
013d,
0282,
03af,
0447,
0454,
03c7,
029f,
00f9,
ff8e,
fe5a,
fd38,
fcb6,
fca6,
fc6c,
fc9c,
fda0,
feca,
ffa2,
00b8,
01d4,
025f,
0294,
024a,
01a1,
0134,
011e,
00b4,
fff6,
ff19,
fe6e,
fe1e,
fe2b,
fe3f,
fe38,
fe60,
0000,
fffd,
fffe,
0001,
fffe,
fffb,
fffd,
0001,
ffff,
0000,
0005,
0004,
0001,
0002,
0002,
fffc,
fffd,
fffe,
fffe,
fffd,
fff8,
0001,
ffff,
0002,
fffe,
fffe,
0007,
ffe8,
001c,
ffd2,
003d,
ffa2,
0068,
00f0,
1684,
161e,
e4b2,
eaa8,
1352,
058b,
f60c,
1f77,
249f,
fdf0,
101e,
21f3,
f5c9,
da63,
eb73,
e6e0,
d8c3,
e4dd,
ebb1,
eaef,
fa8d,
0e9b,
10ac,
118f,
1b6e,
190f,
0f9c,
0aa3,
0548,
fa95,
f3e7,
f228,
f276,
f382,
f359,
f659,
fae9,
fe06,
ffd3,
02f7,
048f,
04ed,
0651,
06d3,
0650,
05e2,
0443,
0166,
ffb4,
fed6,
fd13,
fb9c,
fad7,
fa65,
fa67,
fb44,
fd0a,
ff27,
0137,
02a5,
0406,
04c6,
04ce,
045b,
0346,
0148,
ff7f,
fe57,
fd3a,
fc5a,
fbf2,
fbc2,
fbf8,
fd26,
fea3,
ffba,
00d2,
020c,
02b2,
02e5,
02b0,
022a,
0195,
0111,
0048,
ff85,
ff04,
fea0,
fe52,
fe31,
fe29,
fe25,
fe4a,
feac,
0000,
0000,
fffd,
fffd,
ffff,
fffe,
fffd,
0001,
0003,
0005,
0003,
0004,
0002,
0000,
fffd,
0001,
fffd,
fffc,
fffd,
fffc,
fffb,
0004,
fffe,
0009,
fff0,
0019,
ffd7,
0030,
ffbe,
0054,
ff89,
008f,
ff84,
115b,
1f2f,
ec4f,
dc05,
0e79,
144f,
f5d4,
13f5,
2a72,
fea3,
03e4,
2a0a,
08a1,
d6a5,
e144,
ec70,
dc24,
e0fd,
ebfe,
e81e,
f276,
0b7f,
137b,
1083,
18e2,
1bea,
12ff,
0c44,
0779,
fd0f,
f423,
f159,
f12d,
f2aa,
f2ca,
f511,
fa11,
fddc,
ffe3,
033c,
055f,
04f6,
05ac,
06d4,
069a,
05c9,
0433,
016d,
ff7e,
ff03,
fdc7,
fbd6,
fa9e,
fa14,
fa33,
fb0e,
fd0d,
ff24,
00e5,
0222,
03a9,
04fd,
0550,
04e4,
03c4,
01f0,
002f,
fee3,
fd5c,
fc08,
fb86,
fb65,
fb75,
fc74,
fe0d,
ff66,
00aa,
021b,
02dc,
030c,
02ed,
027a,
01ec,
017b,
00c6,
ffac,
fea9,
fe13,
fe19,
fe6d,
fe99,
fe61,
fe24,
fe42,
ff10,
fffd,
ffff,
0000,
fffc,
fffb,
ffff,
0001,
0000,
0004,
0005,
0004,
0000,
0003,
fffe,
ffff,
fffd,
0001,
fffc,
fffc,
fff6,
0009,
fff9,
0010,
ffe7,
0020,
ffd4,
0029,
ffd1,
0035,
ffbf,
003f,
ff7c,
099c,
24a0,
fcd1,
d10a,
fde3,
1fc0,
ffdb,
06fa,
2cd1,
068f,
f447,
25b9,
20e5,
e060,
d395,
ea59,
e2d8,
df40,
eb20,
e84a,
e9c5,
0328,
1573,
1253,
15c9,
1cd3,
1695,
0e3e,
0a3f,
00a5,
f4e4,
f096,
f080,
f203,
f24a,
f3cf,
f878,
fcfd,
ffc1,
0335,
05d4,
051c,
0508,
068f,
06e1,
062d,
04b6,
01b9,
ff2f,
fee4,
fe82,
fc99,
fac7,
f9a9,
f9bc,
fad8,
fce6,
fefd,
00a9,
019e,
02e3,
048f,
0564,
0549,
048b,
0308,
00fc,
ff45,
fd9b,
fc45,
fbb0,
fb74,
fb28,
fbaa,
fd31,
fed0,
004d,
01e3,
02c2,
02e3,
02e5,
02c2,
0260,
01e7,
0121,
ffe8,
fee8,
fe57,
fe23,
fe2b,
fe60,
fe72,
fe5d,
fe61,
fed4,
ffc3,
ffff,
0006,
fffe,
fff7,
fffd,
0001,
0001,
0004,
0005,
0003,
0001,
ffff,
fffe,
0000,
fffd,
fffd,
0000,
fffb,
fff0,
0007,
0001,
0006,
fff6,
0009,
fffc,
fff1,
0020,
ffcc,
004e,
ff7c,
008e,
01f7,
2171,
147b,
d186,
e449,
1ec5,
121f,
fece,
2860,
1697,
e90f,
11f2,
32ba,
faa9,
ccd4,
df20,
e6a2,
e0c9,
ea28,
eaad,
e3b0,
f60c,
12fc,
1643,
1466,
1b7f,
197c,
112f,
0cd3,
0548,
f727,
efdf,
efe0,
f21c,
f204,
f20c,
f641,
fbf4,
ff66,
0251,
05cc,
05ad,
0493,
05be,
06e4,
06b3,
05c1,
02c7,
ff3b,
fe59,
feec,
fda2,
fb72,
f9c3,
f976,
fa3a,
fc30,
fe93,
0047,
0127,
0217,
03e1,
0516,
0571,
053a,
042a,
01e5,
ffca,
fe29,
fcd1,
fc03,
fbb0,
fb40,
fb37,
fc6e,
fe2b,
ff9f,
0127,
025f,
02bc,
02c2,
02b2,
0281,
023a,
01b5,
0094,
ff55,
fe58,
fe10,
fe6b,
fed7,
fea4,
fe13,
fdee,
fe6f,
ff9e,
00c2,
fffc,
fffb,
fffe,
fffc,
ffff,
0000,
0000,
0005,
0004,
0002,
ffff,
0003,
fffa,
0001,
ffff,
ffff,
fff9,
fffd,
fff7,
0008,
fffb,
0014,
ffde,
002a,
ffb8,
0050,
ff99,
0087,
ff4e,
00d3,
fedd,
13a3,
296a,
e65d,
caa0,
0b60,
22f7,
028f,
1b18,
2a94,
ed1b,
f35b,
30cd,
1da3,
d821,
d108,
e337,
e1bf,
e9bc,
eeea,
e32d,
e79b,
0887,
197e,
15a2,
196a,
1b1a,
146f,
0f1f,
0a5c,
fbf7,
f018,
eef7,
f1fd,
f2a1,
f084,
f333,
f9fb,
ff0f,
0106,
04d1,
0650,
049e,
04da,
0687,
06e9,
068d,
0486,
0081,
fe11,
fe9a,
fe95,
fc9c,
fa7e,
f95a,
f992,
fafd,
fd9e,
ffa7,
00ba,
014f,
02e1,
04a8,
0595,
05c9,
0503,
02d5,
0077,
fee6,
fd9b,
fc93,
fc02,
fb7c,
fb06,
fbd0,
fd88,
ff13,
005b,
01ac,
0255,
0281,
028c,
0274,
0243,
020e,
0149,
0012,
feeb,
fe2f,
fe30,
feb8,
ff14,
feba,
fe25,
fdd9,
fe91,
0019,
0142,
fffb,
ffff,
0002,
fffb,
fffd,
0004,
0009,
0003,
0003,
0003,
fffd,
fff9,
0002,
0003,
fffd,
fffb,
ffff,
fff3,
0008,
fffb,
0014,
ffef,
0011,
ffef,
fffd,
0012,
ffd9,
004a,
ff80,
0075,
03bc,
2a85,
0f32,
c307,
e64a,
243a,
13c9,
0ae0,
3400,
0a37,
da41,
1329,
370d,
f992,
cb7c,
d9d1,
df2f,
e5e3,
f381,
e9c0,
de66,
f634,
15fe,
1943,
17f5,
1bda,
178a,
110d,
0e74,
03c8,
f2f7,
ee08,
f102,
f33a,
f081,
f042,
f684,
fd6a,
0036,
0319,
065b,
052a,
042a,
05d2,
06e7,
06ce,
061d,
02be,
fef9,
fe40,
ff18,
fdf0,
fbca,
f9d3,
f8eb,
f977,
fbfd,
fece,
0036,
00b1,
019d,
03ca,
057a,
064b,
05e1,
0408,
0166,
ff9a,
fe67,
fd45,
fc7a,
fbed,
fb31,
fb4b,
fcb7,
fe67,
ffb0,
00fe,
01ef,
021d,
0227,
0237,
023c,
0227,
01ce,
00e2,
ffb4,
fea6,
fe48,
fe97,
ff21,
ff13,
fe76,
fddf,
fe22,
ff5e,
00a2,
010e,
fffa,
0001,
fffe,
fffb,
0000,
0003,
0006,
0002,
0003,
fffe,
ffff,
fff9,
0004,
0000,
fffd,
fff9,
fffe,
fff4,
000b,
fff8,
001c,
ffd7,
0035,
ffab,
005b,
ff8d,
0093,
ff49,
00d9,
fea6,
143d,
310d,
e3fe,
bf6f,
0931,
2650,
08dc,
23f9,
3289,
e569,
e33f,
2e3f,
25cf,
dc8a,
ceb3,
dbbd,
dca8,
f089,
f60c,
e0fe,
e360,
0699,
1b0c,
1870,
1b44,
1b36,
1379,
0feb,
0bc0,
fb18,
eeb7,
ef47,
f22a,
f1de,
ef2b,
f245,
f98d,
fef3,
016e,
0513,
061e,
0444,
04b8,
0686,
0706,
06f1,
052c,
0127,
fe95,
ff12,
ff32,
fd62,
faf0,
f8c7,
f82d,
f9b9,
fd02,
ff65,
006a,
00bb,
0264,
04c9,
0653,
06a3,
0589,
030e,
0082,
ff05,
fde0,
fcec,
fc67,
fbc9,
fb19,
fbb6,
fd67,
ff0f,
0051,
0182,
01ee,
01d9,
01dc,
01fd,
0218,
020b,
0190,
0089,
ff53,
fe8a,
fe84,
ff12,
ff63,
feed,
fe18,
fd97,
fe5f,
0011,
014b,
00f2,
fffd,
fffe,
fffc,
0001,
0001,
0005,
0007,
0004,
ffff,
0000,
fffe,
fffb,
0003,
0000,
fffe,
fffc,
fff5,
0001,
0001,
000b,
0000,
fff6,
0012,
ffc6,
004e,
ff91,
00ac,
ff09,
0124,
0064,
28b6,
20bb,
c136,
d341,
205e,
1c77,
0c48,
39fe,
1d6b,
cf5b,
f963,
3941,
0ad4,
ceb1,
d549,
d821,
dff0,
fa89,
f1ec,
dcb8,
ee60,
1212,
1b64,
1917,
1d62,
18d5,
10e2,
0f0c,
0694,
f4ad,
ee95,
eff1,
f151,
f0bf,
efb0,
f419,
fb5a,
fffb,
02a3,
05fe,
059f,
0423,
0567,
0723,
0764,
06d9,
0459,
006f,
fe9c,
ffa0,
ff2f,
fcc0,
f992,
f78b,
f7a9,
fa32,
fd9f,
ffc1,
0087,
0130,
0366,
05b0,
06fd,
06c9,
0523,
0254,
0000,
fe79,
fd52,
fc98,
fc44,
fb8e,
fb27,
fc15,
fde5,
ff89,
00e0,
01d9,
01e5,
01b9,
01ae,
01cf,
0205,
021c,
0168,
0020,
feee,
fe7d,
fed0,
ff74,
ff77,
fea3,
fdaf,
fd89,
febf,
0085,
0163,
00e2,
fffc,
fff9,
fffd,
0005,
fffd,
0003,
0006,
0003,
fffa,
0005,
fffc,
fffa,
0000,
0003,
fffa,
fffd,
fff1,
000b,
fff3,
001d,
ffdc,
0022,
ffcf,
0015,
ffed,
000b,
0019,
ffbd,
ffff,
07f2,
3683,
0422,
b1b8,
ece4,
2933,
12cb,
186f,
448e,
044b,
c935,
0e99,
3573,
f2ee,
cc63,
d891,
d3f7,
e6d3,
001e,
ecf2,
ddde,
f99a,
1859,
1a0d,
1a65,
1e4f,
1698,
0f20,
0d60,
016f,
f1cd,
eede,
ef29,
f0e7,
f03f,
f01e,
f574,
fc81,
0030,
03a0,
0694,
0533,
048f,
0695,
07a3,
07a3,
0751,
0409,
ffa5,
fec2,
000d,
fe9d,
fb85,
f841,
f693,
f730,
fa97,
fe1d,
0009,
00cd,
01f8,
0450,
0686,
0790,
06e6,
04bb,
01db,
ffa3,
fdee,
fcca,
fc48,
fc0a,
fb3a,
fb2a,
fc69,
fe4a,
ffd6,
0144,
0217,
01ff,
01c9,
01a5,
01ba,
021c,
022b,
0130,
ffb8,
fe9c,
fe71,
fefa,
ffac,
ff62,
fe4c,
fd5d,
fd9d,
ff36,
00e4,
0152,
0099,
fff9,
fff5,
0002,
0004,
fffe,
0007,
0009,
0002,
fffa,
0006,
fffa,
fffc,
fffe,
0007,
fffb,
fff9,
fff3,
0012,
fff2,
0020,
ffd2,
003b,
ffa4,
0056,
ff9c,
0080,
ff75,
0099,
fece,
1263,
3a88,
e938,
b0cb,
0089,
2a16,
0d5d,
2541,
46f6,
f0fb,
cc12,
1b7d,
2a84,
e3c5,
ce8c,
d810,
d1b5,
ed49,
027d,
ea8b,
e1a0,
02a3,
1ad4,
1841,
1c03,
1eea,
14e9,
0d6c,
0b68,
fe33,
f078,
ee1d,
ef1a,
f0b2,
ef2c,
f089,
f63d,
fc8a,
002f,
04b2,
06bf,
0556,
05db,
0783,
0809,
08cd,
0807,
0345,
ff12,
ff17,
ffb7,
fd6d,
fa43,
f730,
f5a1,
f6df,
fb01,
fe83,
007b,
013b,
02ab,
0538,
0756,
0803,
06f0,
0481,
019a,
ff41,
fd6c,
fc52,
fc0b,
fbad,
fad7,
fb13,
fc94,
fe8e,
0014,
019b,
0249,
0231,
01f4,
01c6,
01ff,
0254,
0214,
00dd,
ff59,
fe69,
fe57,
fefd,
ff9f,
ff34,
fe11,
fd2d,
fdc9,
ff8e,
012a,
0151,
008d,
fff5,
fff4,
0004,
0003,
fffe,
0007,
0009,
ffff,
fffb,
0006,
fff9,
fffc,
fffe,
0007,
fffa,
fff6,
fff7,
000f,
fff4,
0019,
ffd5,
003c,
ff98,
006e,
ff75,
00bd,
ff17,
0118,
fe6c,
1b66,
38a3,
d76b,
b52e,
0ba3,
28aa,
0aa0,
2eab,
46e9,
e6b2,
d0e9,
1f16,
1f88,
dcbe,
d0bb,
d5b9,
d105,
f13f,
03c5,
eb40,
e5b2,
08aa,
1ae1,
16dd,
1da8,
1f86,
13a3,
0bb5,
0a2b,
fc71,
efe4,
edb4,
eee8,
efba,
ee4f,
f04f,
f5bf,
fc31,
0055,
0570,
0764,
064c,
06d7,
0896,
097b,
0a00,
0815,
02cb,
fec3,
feb6,
fed5,
fc3c,
f8e0,
f617,
f51d,
f6cf,
fb30,
ff00,
010b,
01a9,
0366,
061b,
07eb,
0843,
0707,
0478,
016b,
feda,
fcf6,
fc03,
fbcf,
fb40,
fa73,
fad2,
fc8d,
fea5,
0054,
01e9,
0285,
0271,
022d,
021e,
025d,
028b,
01f7,
0087,
ff01,
fe28,
fe2c,
fed9,
ff6b,
fefd,
fde7,
fd28,
fde5,
ffc3,
0158,
017b,
00bf,
0001,
fffd,
fffa,
0000,
0006,
0008,
0001,
0003,
fffe,
fffb,
fff7,
0006,
0000,
ffff,
fffd,
fffb,
fff6,
0007,
fffe,
0019,
ffd8,
0036,
ff9f,
0070,
ff69,
00cc,
fefd,
0144,
fe93,
20af,
3610,
cf5d,
b876,
0fad,
2752,
091a,
33a8,
4827,
e52a,
d3ca,
1bb7,
17b1,
db43,
d17d,
d2d7,
d101,
f245,
04a2,
eee9,
e93c,
0b5b,
1a56,
166d,
1ec3,
1fe0,
130c,
0a77,
08cb,
fcc8,
f0d6,
ec3c,
edda,
eefb,
ece9,
eeff,
f50d,
fb9e,
0083,
06c9,
0880,
06f8,
083e,
0a6e,
0a9f,
0a9d,
086a,
0276,
fe02,
fe0d,
fdd6,
fade,
f78d,
f560,
f4c8,
f6d3,
fb84,
ff64,
0181,
025e,
042a,
06ab,
083e,
087b,
073e,
047b,
0135,
fe8a,
fcab,
fbc0,
fb85,
fae2,
fa03,
fa7d,
fc6b,
fe96,
0082,
0241,
02dc,
02c4,
02a0,
0285,
029b,
02ac,
01ed,
005c,
feb3,
fdcf,
fdd6,
fe97,
ff35,
fedd,
fdd4,
fd12,
fdeb,
fff9,
019e,
01ad,
00f6,
fff8,
fff7,
0001,
0002,
0002,
0008,
0008,
0002,
fffd,
0001,
fff9,
0000,
0000,
0005,
fffc,
fff6,
fffa,
000b,
fffb,
0012,
ffde,
0034,
ffa0,
006b,
ff71,
00c8,
ff02,
013a,
feca,
217d,
35d5,
d015,
b881,
0dd0,
267a,
0862,
332e,
4c16,
ec19,
d401,
1394,
132d,
dd78,
d0f7,
d07e,
d0ce,
f031,
04a2,
f531,
ec7e,
0a80,
1a69,
16dd,
1e6f,
204e,
137e,
08f3,
08a1,
ff59,
f1e7,
ea4a,
ebfc,
ede4,
eb0c,
ed2f,
f3e7,
fb5a,
015a,
0783,
0980,
08d5,
09ee,
0b70,
0b93,
0b56,
087c,
0224,
fda8,
fd2d,
fc5e,
f9ad,
f6c6,
f4bf,
f493,
f711,
fb8e,
ff8f,
020f,
0321,
04cc,
070c,
086f,
089c,
0765,
0489,
0131,
fe63,
fc60,
fb78,
fb44,
fa95,
f9b9,
fa2f,
fc23,
fe76,
009b,
0275,
0335,
034c,
0312,
02bb,
02c0,
02cd,
01f2,
0041,
fe8b,
fd8a,
fd73,
fe32,
fefc,
fecd,
fdc6,
fd13,
fdf6,
0010,
01c0,
01ee,
0143,
fffc,
fffb,
fff6,
ffff,
0009,
000b,
0005,
0006,
fffc,
fff3,
fff7,
0004,
fffd,
0003,
ffff,
fff5,
fff5,
000c,
fff8,
0018,
ffde,
0036,
ffa7,
0064,
ff7d,
00aa,
ff28,
0109,
fecf,
1dba,
385d,
d93d,
b589,
05f2,
260c,
0933,
2c68,
5188,
fb91,
d31b,
0820,
10c3,
e22a,
d052,
cf10,
cfad,
eb53,
02be,
fcb9,
f10e,
06fb,
1a53,
17fd,
1d2d,
2054,
14a0,
096a,
08ba,
01dc,
f446,
e8c2,
e873,
ec39,
e9cc,
eac5,
f2f4,
fb92,
0154,
07ea,
0b75,
0ab7,
0ac5,
0c6b,
0c6b,
0b5a,
0883,
02c1,
fd90,
fbe1,
fb3f,
f8f3,
f61b,
f46e,
f4b3,
f6e5,
fb29,
ffb3,
029c,
03b5,
053c,
073c,
0872,
08ab,
078b,
04c0,
0161,
fe6e,
fc23,
fb26,
fb00,
fa71,
f9a0,
f9f1,
fbd1,
fe30,
0083,
028f,
038f,
03bc,
0371,
02fe,
02d0,
02dc,
020d,
004c,
fe69,
fd53,
fd3f,
fdda,
fe9b,
fe9c,
fddb,
fd33,
fdf0,
fff7,
01b9,
0225,
01a9,
fffd,
fffc,
fff7,
fffc,
0006,
000b,
0005,
0005,
0000,
fff8,
fff4,
0001,
fffe,
0001,
ffff,
fffb,
fff2,
000a,
fff6,
001d,
ffdb,
0033,
ffb1,
004c,
ff9e,
0075,
ff78,
00a3,
feff,
1608,
3ae2,
eb4b,
b2ee,
f7a2,
2425,
0cdf,
1fd9,
53f5,
13d9,
d50c,
fa51,
0e3b,
e86e,
d14e,
cea6,
cda6,
e40f,
fe03,
035d,
f81c,
034f,
1803,
19de,
1b5e,
1f41,
186f,
0b55,
079d,
0375,
f83f,
e8f4,
e3ec,
e94e,
e989,
e983,
f155,
fad4,
0100,
088c,
0cfe,
0c0e,
0b9c,
0d13,
0cbd,
0b2b,
08ea,
03b4,
fe02,
fb38,
fa60,
f854,
f5ec,
f48f,
f48c,
f66f,
fa7b,
ff4d,
02da,
045f,
0593,
0726,
0854,
08ba,
07c4,
0525,
01a7,
fea3,
fc26,
fada,
faae,
fa55,
f9b9,
f9e7,
fb8e,
fdd2,
0034,
0286,
03c5,
0403,
03b9,
0339,
02e1,
02ce,
0232,
0085,
fe92,
fd47,
fcf7,
fd6c,
fe31,
fe8b,
fe16,
fd6c,
fdce,
ff99,
0196,
0259,
0216,
fffc,
fffb,
fff9,
fffd,
0002,
0008,
0006,
0005,
0001,
fffd,
fff6,
fffd,
ffff,
0001,
ffff,
fffe,
fff1,
0008,
fff7,
001b,
ffe2,
0023,
ffcf,
001e,
ffd9,
0020,
fff0,
000a,
ff9f,
0c89,
38b2,
0489,
b666,
e3df,
1d3e,
1428,
120d,
4c8c,
31cd,
e015,
eb86,
0947,
ef6b,
d44b,
cf9d,
cbb0,
db72,
f5f8,
063c,
00ea,
020d,
1488,
1a1f,
1a1a,
1eb8,
1cc1,
0e57,
0621,
0329,
fbd4,
ec25,
e120,
e534,
e9a6,
e9eb,
ee8f,
f945,
0101,
07bb,
0d0d,
0d8e,
0c7b,
0ce1,
0cf0,
0b76,
0939,
04d4,
ff73,
fb68,
f9b8,
f847,
f62a,
f4a3,
f45b,
f5d0,
f940,
fe27,
0299,
050f,
05cd,
06d0,
081b,
08d2,
0829,
058b,
0223,
ff08,
fc70,
fac3,
fa5a,
fa3c,
f9e7,
fa0a,
fb4d,
fd6d,
ffc9,
021e,
03b0,
0429,
03fa,
035c,
02d7,
02c0,
025b,
0100,
ff00,
fd6f,
fcbf,
fce3,
fdbd,
fe81,
fe70,
fdb3,
fd95,
ff10,
0134,
0276,
027b,
0002,
fff8,
fff9,
fffc,
0002,
0007,
0009,
000a,
0004,
fffb,
fff5,
fffb,
fffe,
0000,
0004,
fffe,
fff0,
0006,
fffe,
000d,
fff5,
000c,
fffe,
ffe7,
001c,
ffca,
005a,
ff86,
0063,
0453,
2e8f,
1efb,
c634,
cf4d,
0db9,
1bd6,
0add,
378f,
4b59,
fa60,
dff2,
002c,
f68f,
d872,
d1ce,
cba2,
d2ea,
ebbf,
0232,
08b3,
051e,
10e8,
1930,
1a1a,
1dd8,
1fb2,
12e0,
0547,
017e,
fcb8,
f155,
e381,
e27b,
e79d,
ea58,
edb4,
f6ad,
ff4f,
05b9,
0bb9,
0dd7,
0d46,
0d09,
0d0c,
0bb6,
09f2,
06ac,
015f,
fc6b,
f9f3,
f895,
f697,
f4ef,
f43b,
f4da,
f7ab,
fc71,
0195,
04fe,
0609,
06ad,
07e8,
08c7,
0864,
062b,
02fb,
ffb6,
fce6,
fae9,
fa49,
fa47,
fa1b,
fa2f,
fb16,
fcfe,
ff2b,
016d,
0344,
0428,
041c,
0377,
02cb,
02af,
0294,
019f,
ffb3,
fdcb,
fcc7,
fc9a,
fd57,
fe49,
fe92,
fdf9,
fd92,
fe8c,
008e,
023f,
02b4,
fff5,
0000,
fffe,
fff9,
fffd,
0006,
000a,
0002,
0002,
0002,
fffd,
fff7,
fffe,
0000,
fffe,
ffff,
fffd,
fffb,
fffb,
0005,
0011,
ffea,
001c,
ffc5,
003d,
ffa5,
0076,
ff6b,
00b6,
ffe2,
1d91,
30f7,
e4a7,
c2c1,
f52e,
1bcf,
101c,
1c26,
507b,
232a,
e18b,
f133,
fc6f,
df26,
d2a2,
cee3,
cc6d,
e0ac,
f80a,
09c6,
0bf2,
0fb3,
186d,
1ac8,
1c8f,
1fb9,
17fc,
0749,
fed1,
faa2,
f604,
eb67,
e310,
e465,
e9f6,
ee2e,
f3bd,
fc24,
028e,
0859,
0c9f,
0dce,
0d4e,
0d23,
0c79,
0b06,
0891,
0418,
feb8,
fab6,
f8d0,
f765,
f5d6,
f40f,
f3ac,
f623,
fa7d,
ff66,
03b2,
060c,
06b5,
07d5,
08bd,
0861,
06cb,
041a,
00e7,
fd9c,
fb55,
fa7c,
fa7b,
fa57,
fa47,
fae4,
fc50,
fe56,
0087,
029d,
03dd,
041c,
03ab,
02e9,
029a,
02a8,
021f,
0083,
fe7f,
fd1c,
fca7,
fd0d,
fde3,
fe67,
fe22,
fda9,
fe19,
ffd6,
01bd,
029c,
0000,
fffe,
fff8,
fff9,
0000,
0001,
0004,
0005,
0006,
ffff,
0002,
fffe,
fffc,
fffb,
0002,
ffff,
fffb,
fff5,
0007,
fff8,
0017,
ffe3,
0020,
ffd3,
001f,
ffcb,
0031,
ffda,
0031,
ff81,
0bf2,
31cb,
0a3d,
c89b,
db73,
0c3c,
1b16,
0d3c,
38f1,
46c3,
fd6c,
e2ab,
fa14,
eba6,
d295,
d1e7,
cc00,
d4ff,
ebff,
0296,
0f0b,
1276,
196d,
1c42,
1aaf,
1d05,
1c4b,
0b24,
fe23,
f994,
f693,
f228,
ea87,
e54b,
e6fe,
ed73,
f222,
f819,
fe08,
0385,
0999,
0cd6,
0d4c,
0d70,
0d95,
0c9c,
0ac2,
074e,
01ea,
fcad,
f96e,
f80b,
f677,
f494,
f35c,
f45e,
f803,
fcd9,
0197,
04fb,
0668,
078a,
0898,
08a1,
078b,
053a,
021e,
ff05,
fc7f,
fada,
fa99,
fab3,
faa3,
faab,
fb88,
fd61,
ff77,
0178,
0318,
03e0,
03c9,
032b,
02ae,
02aa,
026c,
016b,
ff9c,
fdee,
fd0a,
fce5,
fd6e,
fe1a,
fe39,
fdc5,
fdb8,
feed,
00d4,
0240,
ffff,
0001,
fffe,
fffc,
fff9,
fffe,
0005,
0009,
0009,
0006,
ffff,
fff6,
fff6,
fffc,
ffff,
0000,
0001,
fff8,
0001,
fffd,
000c,
0003,
fffd,
0012,
ffdd,
0028,
ffb6,
0069,
ff71,
00a8,
00ff,
2184,
27fd,
e356,
cd25,
f110,
18e9,
14e2,
1890,
4834,
2cc2,
ea09,
ea3d,
f793,
db1a,
cf28,
cfac,
cdc8,
df2a,
f77d,
0b48,
1234,
1bd3,
2055,
1b2c,
18c7,
1b57,
11bd,
0109,
fa9c,
f5dc,
f38c,
f1f5,
ed64,
e83a,
e992,
ef33,
f482,
f9fa,
fe3d,
0415,
09c7,
0c53,
0d73,
0eae,
0e9c,
0d2e,
0aad,
05c6,
ffd4,
fb2f,
f8f8,
f6ea,
f4c4,
f3dd,
f3b8,
f558,
f996,
ff0c,
032b,
0575,
06b1,
07d9,
0887,
084d,
06be,
03c3,
00a9,
fe09,
fbf7,
fb0c,
faf6,
faed,
fabf,
fb01,
fc4a,
fe24,
001e,
01d4,
0323,
03a1,
0372,
02f5,
02b0,
02af,
023e,
00ef,
ff19,
fdba,
fd1e,
fd2c,
fdb5,
fe22,
fdf2,
fd7d,
fdec,
ff9c,
016a,
0000,
0003,
0001,
fffc,
fffa,
fffe,
0001,
0005,
0005,
0006,
0001,
0000,
fffc,
ffff,
fffb,
0001,
0001,
fffe,
fff6,
0009,
fff7,
0018,
ffe3,
0022,
ffd0,
0028,
ffc2,
0037,
ffcc,
0041,
ff7e,
0b63,
2e3c,
0a5b,
d2c0,
db63,
0111,
1e3b,
110f,
27b5,
46e2,
14c8,
e26a,
efe9,
eed3,
d074,
cd0a,
cdfe,
d6b9,
e96f,
014c,
1189,
15e0,
220c,
23f4,
17e8,
13fb,
167d,
09a9,
fba0,
f71f,
f508,
f32e,
f275,
f149,
ec27,
e97f,
ee44,
f6a2,
fb2d,
fd85,
03ef,
09a5,
0ca6,
0ed4,
1089,
0fed,
0d5d,
09ce,
041e,
fe20,
fa46,
f83e,
f572,
f39a,
f389,
f42e,
f6bf,
fb75,
0074,
03ee,
059c,
06d7,
07cf,
083c,
079d,
05d4,
02ff,
ffe3,
fd64,
fbe5,
fb9d,
fb50,
fae6,
fac3,
fb6d,
fce7,
fe8f,
0049,
01ef,
0300,
035b,
0317,
02d8,
02e9,
02e8,
021f,
0079,
fed0,
fdb1,
fd4b,
fd72,
fde6,
fdfa,
fd77,
fd4f,
fe4f,
0022,
ffff,
0001,
0001,
ffff,
fffa,
fffb,
fffd,
0001,
0005,
0004,
0005,
0000,
fffe,
fffc,
fffd,
fffb,
0001,
0000,
fff8,
ffff,
0003,
0003,
000b,
ffed,
001a,
ffcb,
003a,
ff9d,
007d,
ff61,
00cd,
ffe2,
1af0,
2938,
ed6b,
d459,
e8b3,
0d20,
1e24,
1227,
31da,
3dc1,
03f7,
df66,
f1b0,
e518,
c93e,
cb3e,
d40e,
e10d,
f0f8,
09a8,
15ad,
188b,
2354,
246e,
145a,
10ad,
1209,
02c9,
f7ea,
f6fc,
f5d7,
f28c,
f363,
f3bf,
eecd,
e983,
ed57,
f726,
fb6b,
fd8d,
0369,
0a1c,
0e9c,
1062,
1199,
10ca,
0d55,
0863,
0279,
fcd5,
f9ae,
f747,
f455,
f30c,
f355,
f4f2,
f827,
fcfe,
016e,
044d,
0587,
06b8,
07a7,
07ca,
06de,
04ec,
0270,
ffce,
fd7b,
fc24,
fbdb,
fb8c,
fb12,
fae1,
fb8f,
fd09,
febe,
005f,
01d7,
02b0,
0305,
02f4,
0325,
0351,
0302,
01e8,
002f,
feb8,
fddd,
fd92,
fd98,
fdcb,
fd9f,
fd10,
fd44,
feb4,
0000,
0002,
0001,
fffe,
fffe,
fffc,
fffb,
fffd,
0004,
0007,
0005,
0003,
0000,
fffa,
fffa,
fffa,
ffff,
0001,
0000,
fff8,
0008,
fff6,
0014,
fff6,
000c,
fff2,
fffb,
0008,
ffd7,
003c,
ffaa,
0051,
04be,
27ad,
1617,
dbf0,
df74,
f2a9,
14c8,
1cb0,
1518,
35c1,
34fe,
f6e1,
dbfe,
f190,
ddfa,
c42d,
cd10,
dfe9,
e811,
f4ec,
1172,
1940,
1619,
20ac,
2642,
13f1,
0d09,
0d80,
fe33,
f574,
f878,
f724,
f19d,
f1db,
f4c1,
f24d,
eb20,
ebd3,
f5f7,
fbc0,
fe0e,
0480,
0bec,
0f69,
10d9,
12c0,
1148,
0c41,
06b2,
0168,
fbf2,
f8cf,
f6a7,
f3e0,
f296,
f397,
f5f5,
f93e,
fde6,
0246,
048b,
0549,
0672,
0777,
073c,
05fc,
043d,
022b,
ffe6,
fdcc,
fcb7,
fc2a,
fbb2,
fb27,
faea,
fb8b,
fceb,
febc,
0064,
01b9,
0275,
02cd,
0318,
036f,
038b,
0303,
01a8,
000a,
fed2,
fe25,
fdaf,
fd96,
fd9d,
fd36,
fcc6,
fd66,
0001,
0001,
0001,
0001,
0000,
fffd,
fffb,
fffc,
0000,
0004,
0004,
0006,
0001,
fffe,
fff8,
fffc,
fffa,
0001,
0001,
fffd,
fff9,
000a,
fff6,
001a,
ffe3,
0024,
ffce,
0031,
ffbe,
0035,
ffc9,
0044,
ff9f,
0dff,
2bc1,
fce9,
d988,
ec10,
f761,
1b1f,
1b2b,
16d4,
3860,
2c9a,
e71e,
da27,
f5a6,
d6d8,
bfdc,
d6a9,
ea6a,
e853,
fb2a,
1850,
1649,
13c0,
21ef,
2463,
1418,
0dd9,
0750,
f97a,
f610,
f9a2,
f5de,
f09e,
f135,
f47d,
f4cd,
ee98,
ebb0,
f368,
fbc0,
00d4,
06fb,
0c45,
0e9b,
118b,
13e1,
1068,
0a78,
058b,
0071,
fb3e,
f86d,
f60e,
f36a,
f2e6,
f45f,
f69c,
fa45,
feb8,
026c,
0469,
0591,
0668,
06c7,
0682,
0588,
040c,
01e9,
ffb2,
fdfd,
fd5d,
fcb0,
fbc6,
fafc,
facd,
fb84,
fcfa,
feb7,
0065,
01be,
027b,
02b0,
0313,
039d,
0398,
02e8,
0181,
fffd,
fedb,
fe41,
fdd1,
fd91,
fd64,
fcdd,
fcb6,
0002,
0001,
0000,
0000,
0004,
0002,
fffb,
fffa,
0000,
0004,
ffff,
0003,
000a,
0001,
fffb,
fff7,
ffff,
fffa,
0001,
0001,
fffa,
fffd,
0006,
ffff,
0010,
ffe3,
0026,
ffc7,
0048,
ff8e,
007f,
ff70,
00b3,
0001,
18db,
2491,
e7d8,
e40d,
f256,
fa81,
20fc,
17cb,
18fa,
3980,
2070,
d959,
dffa,
f8b9,
cefd,
c0b6,
e204,
efb8,
e75f,
011d,
1abd,
13ba,
131b,
2297,
221d,
14b2,
0ea5,
0264,
f689,
f5d7,
f90f,
f4d1,
f074,
f0d2,
f3ea,
f630,
f223,
ee32,
f1b9,
fb03,
0406,
0908,
0b4f,
0daa,
1247,
13a5,
0e91,
092f,
04f0,
ff7b,
fabc,
f84c,
f58e,
f39d,
f3d7,
f4e5,
f73d,
fb2e,
ff41,
022c,
0423,
05b8,
0648,
0657,
0619,
0558,
03d0,
01a1,
ff7e,
fe28,
fdb6,
fcdf,
fbd8,
faf0,
fac5,
fb9f,
fd2a,
feeb,
0088,
01bb,
0256,
0297,
0317,
0398,
0387,
02b1,
013c,
ffe5,
fef7,
fe58,
fdd3,
fd8d,
fd4d,
fcd5,
0002,
0001,
ffff,
0001,
0000,
0001,
0000,
fffd,
fffa,
0002,
0004,
0000,
0007,
0007,
fffe,
fff9,
fff8,
fffb,
fffc,
0003,
fffc,
fffa,
0006,
fffc,
0009,
0004,
fff6,
0014,
ffdf,
0034,
ff9a,
0084,
ff5f,
00b3,
0234,
2122,
15b8,
deaf,
f195,
f179,
ff7b,
2443,
146d,
19c1,
3884,
14af,
d098,
e9a1,
fa40,
c76c,
c48d,
ed97,
ef3f,
e51c,
0872,
1c12,
0f4f,
13b2,
25f9,
1e86,
1140,
1103,
017a,
f13c,
f5a7,
fa0e,
f28e,
efc0,
f242,
f41d,
f5a8,
f549,
f270,
f280,
fa08,
04c8,
0a18,
0afe,
0d0a,
11ad,
120d,
0cfc,
08a1,
0467,
fe80,
fa6a,
f885,
f5c0,
f425,
f48c,
f584,
f7d4,
fbcc,
ff97,
01f1,
03cb,
057d,
063a,
0666,
060d,
0518,
0353,
0157,
ff74,
fe56,
fd98,
fc96,
fbba,
fb21,
fb53,
fc1e,
fd76,
ff00,
0095,
01c2,
0233,
0274,
0307,
0375,
0341,
024f,
00fe,
ffcf,
ff01,
fe69,
fde5,
fda7,
fd6b,
0003,
0002,
0000,
0000,
0002,
0003,
fffe,
fffe,
0001,
0000,
fffd,
0005,
0008,
0002,
0000,
ffff,
fffd,
fffa,
fff9,
ffff,
0003,
fffd,
fffa,
000b,
fff5,
0011,
fff9,
0010,
fff1,
0000,
000c,
ffd2,
0046,
ffa3,
0055,
05e2,
242b,
0643,
e057,
fa7f,
eeb5,
05e3,
2440,
101e,
1a76,
3757,
0863,
cf23,
f4a1,
f721,
c255,
cc8e,
f3d2,
ead2,
e83f,
0e4a,
1916,
0cd1,
1746,
2682,
1915,
1019,
10d7,
ff8e,
f092,
f662,
f8bf,
f0b8,
f078,
f32f,
f4e4,
f67e,
f63c,
f52b,
f637,
fa8a,
02cd,
0a0f,
0b6c,
0c3b,
1040,
102d,
0b9f,
07ce,
03b6,
fe35,
fab1,
f8d6,
f619,
f49d,
f522,
f65e,
f899,
fc3d,
ff89,
01c2,
03bc,
0568,
063c,
064c,
05c1,
04cd,
0322,
0106,
ff36,
fe40,
fd57,
fc58,
fbb8,
fb89,
fbf5,
fcc3,
fddb,
ff1e,
00a4,
01c1,
021c,
024a,
02d2,
0315,
02d1,
01ec,
00b9,
ffb2,
ff0b,
fe8a,
fe09,
fde5,
fffe,
fffe,
0002,
ffff,
0000,
0001,
0000,
ffff,
0000,
fffe,
fffe,
0002,
0003,
0002,
0005,
0001,
fffd,
fff9,
fffb,
fff9,
ffff,
ffff,
fffc,
fffd,
0009,
fff4,
0017,
ffed,
001a,
ffe2,
0020,
ffd9,
0012,
fffc,
0000,
ffed,
0a18,
2250,
fa6d,
e739,
fdc3,
ee01,
0b9c,
2071,
0d7a,
1c57,
330d,
fea8,
d428,
fbc5,
f1c3,
c1f4,
d38c,
f5ad,
e965,
ec77,
1056,
1689,
0c8f,
199e,
244c,
156a,
0f19,
0d8f,
fe3d,
f397,
f70c,
f65e,
f075,
f106,
f420,
f6b0,
f719,
f5d3,
f713,
f9e8,
fc72,
0203,
085a,
0aa5,
0bf1,
0eed,
0de6,
09da,
06e1,
033c,
fe59,
fb2b,
f8e6,
f635,
f556,
f622,
f73c,
f946,
fc94,
ffa9,
01df,
03e7,
0557,
060a,
060c,
0560,
045a,
02d5,
00cf,
fed7,
fdd7,
fd25,
fc69,
fbda,
fbcf,
fc51,
fd35,
fe70,
ffb1,
00ea,
01a8,
01e1,
0225,
028a,
0298,
0238,
0177,
0083,
ff9c,
ff0f,
fea9,
fe50,
ffff,
0000,
0001,
0000,
0000,
0000,
0001,
0001,
ffff,
ffff,
0001,
0000,
ffff,
0005,
0004,
0002,
0000,
ffff,
fffb,
fffc,
fffa,
0000,
0001,
fffd,
fffe,
0008,
fff9,
0013,
ffee,
001e,
ffd6,
002b,
ffc7,
0037,
ffc5,
0045,
ffdc,
0d73,
1d96,
f419,
ee60,
fdff,
ef7f,
0e07,
1c74,
0c80,
1d03,
2dd4,
f90c,
dadb,
ff18,
ed36,
c35a,
d9e6,
f702,
e8ac,
f02b,
117e,
1414,
0c7f,
1ac7,
20fc,
1203,
0dc8,
0b39,
fcd0,
f64a,
f95c,
f4d4,
f036,
f268,
f532,
f73a,
f73e,
f63a,
f844,
fbff,
ff0b,
02d8,
06b0,
08d3,
0b05,
0d91,
0be4,
084b,
05f1,
02a7,
fe1a,
fb47,
f94a,
f6e6,
f636,
f6fa,
f80c,
fa29,
fd3c,
0009,
0219,
03ed,
0526,
05b7,
05bb,
050d,
03e0,
022d,
0045,
fea5,
fdbb,
fce7,
fc4c,
fc06,
fc0d,
fcab,
fddd,
ff21,
0044,
0145,
01c0,
01a7,
01c9,
022a,
0215,
01a2,
00f6,
0040,
ff8d,
ff2b,
fec8,
0003,
0001,
0001,
0002,
0000,
ffff,
fffe,
0000,
0000,
fffe,
fffe,
ffff,
ffff,
0000,
0004,
0005,
0003,
0001,
fffe,
fffb,
fffb,
fffb,
fffd,
0000,
fffd,
fffc,
0006,
fffa,
000d,
fff7,
0010,
fff0,
0007,
fffb,
fff7,
0010,
ffe7,
0013,
05c2,
1a56,
0643,
f048,
f943,
edae,
0267,
1799,
117f,
1fb6,
23c9,
fbfe,
e838,
ffa8,
f1d5,
cd0b,
d69a,
f07a,
ece1,
f0cb,
0a16,
0f82,
0cc6,
1757,
1a7a,
0fe5,
0dc3,
0d3d,
0315,
fb66,
fa38,
f6a5,
f276,
f45d,
f75c,
f6e3,
f527,
f86c,
fec0,
0184,
0077,
0096,
01ce,
0297,
046e,
0672,
0548,
0390,
03e9,
032a,
005a,
feae,
fdca,
fb9a,
fa14,
f9f9,
fa96,
fc3d,
feee,
00e6,
01c3,
0292,
0334,
033c,
031a,
027e,
0125,
ffbc,
fe95,
fdce,
fdad,
fdd5,
fdd9,
fddd,
fe3f,
fef7,
ffd0,
00c1,
015d,
017d,
014a,
011a,
00f2,
00d5,
008b,
002a,
ffbc,
ff33,
fed5,
fec3,
0000,
0001,
0001,
0001,
0000,
ffff,
ffff,
ffff,
ffff,
0000,
ffff,
fffe,
fffd,
fffe,
0000,
0002,
0003,
0003,
0002,
ffff,
fffb,
fffb,
fffb,
fffc,
ffff,
fffe,
fffc,
0004,
fffa,
000b,
fff9,
000e,
fff1,
0009,
fff7,
fffa,
0009,
fff4,
000c,
05b8,
177d,
055b,
f31e,
fa1e,
ef57,
01df,
142b,
1036,
1da4,
2053,
fe14,
ed08,
ff09,
f15d,
d2ce,
db10,
ef98,
ed59,
f297,
0824,
0cbf,
0bd8,
14fb,
171a,
0f5a,
0de8,
0bcd,
025f,
fc96,
fbd1,
f852,
f4a7,
f582,
f76c,
f7c5,
f6b1,
f8da,
fda1,
ff40,
ff19,
0136,
02d3,
02cd,
0406,
0659,
05a9,
0354,
0239,
0155,
ffab,
fe68,
fd6b,
fba8,
fae2,
fb1a,
fbb6,
fd4d,
ff83,
0106,
01b1,
026e,
0302,
02f7,
0290,
01d5,
00e9,
ffcd,
fec0,
fde0,
fda8,
fde3,
fdf2,
fe07,
fe61,
ff0c,
ffd4,
00b2,
0157,
0193,
0160,
00fe,
00da,
00d1,
007c,
0008,
ff92,
ff28,
fee4,
0001,
0001,
0002,
0002,
0001,
0002,
0001,
0000,
ffff,
0000,
0000,
0000,
ffff,
fffe,
ffff,
0001,
0003,
0003,
0004,
0002,
ffff,
fffc,
fffc,
fffb,
fffd,
ffff,
fffe,
fffe,
0004,
fffb,
000b,
fff9,
000e,
fff0,
0010,
ffee,
0007,
fffa,
000e,
0002,
066e,
1524,
0335,
f58c,
f9d6,
f185,
02f1,
1101,
10a3,
1c5d,
1b83,
fe5c,
f162,
fd6d,
effa,
d86a,
def5,
ef2b,
eef5,
f54b,
068d,
0af5,
0bc5,
129a,
141b,
0f1e,
0d07,
0935,
0215,
fe15,
fcd1,
f94c,
f612,
f65a,
f795,
f839,
f858,
f9f7,
fca2,
fe0a,
ff4d,
01eb,
02fb,
0264,
0347,
056a,
053d,
0312,
0136,
000f,
ff0c,
fe5c,
fd68,
fc13,
fbce,
fc2d,
fca3,
fddb,
ffd6,
0133,
01c0,
0237,
028d,
028a,
0240,
01ac,
00ce,
ffc4,
feb5,
fde0,
fdb7,
fdde,
fe00,
fe26,
fe81,
ff24,
fff2,
00c0,
014c,
0182,
0164,
0107,
00b9,
009d,
0059,
fffd,
ff8f,
ff1f,
0000,
0001,
0001,
0001,
0002,
0001,
0001,
0001,
0000,
ffff,
ffff,
0000,
ffff,
ffff,
ffff,
ffff,
0000,
0003,
0003,
0003,
0001,
fffe,
fffb,
fffc,
fffb,
fffe,
0000,
fffe,
fffe,
0003,
fffc,
000a,
fffa,
000d,
fff2,
000f,
ffeb,
000e,
fff4,
001a,
ffff,
0677,
12de,
0287,
f6f1,
fa07,
f3d5,
0257,
0f22,
10d6,
19b0,
1810,
0005,
f3c3,
fbd9,
f191,
dd6e,
e113,
efbe,
f131,
f60c,
04a0,
0a07,
0a97,
0f90,
127e,
0eaf,
0af6,
0828,
036d,
ff35,
fd38,
fa62,
f76a,
f70c,
f7b5,
f842,
f997,
fb47,
fc1c,
fd84,
fff4,
01a4,
019c,
0173,
02a3,
0446,
0446,
02f9,
015e,
ffff,
ff14,
fe94,
fdc9,
fcdc,
fc99,
fca1,
fcf4,
fe1b,
ffe3,
0112,
018e,
01f9,
0227,
0222,
0219,
01ac,
00bc,
ffac,
fec5,
fe13,
fde9,
fe11,
fe31,
fe43,
fe94,
ff37,
ffec,
009c,
0117,
0154,
013d,
00ea,
00b0,
008d,
0054,
0008,
ffa5,
0001,
0000,
0000,
0001,
0001,
0002,
0001,
0001,
0001,
0000,
0000,
0000,
0000,
0000,
0000,
ffff,
ffff,
0001,
0003,
0003,
0003,
0001,
ffff,
fffc,
fffd,
fffc,
ffff,
0000,
ffff,
ffff,
0002,
fffe,
0009,
fffb,
000b,
fff4,
000c,
ffef,
000d,
fff5,
001a,
0003,
05fc,
10e7,
0284,
f7e2,
fad3,
f56e,
015e,
0e0d,
1015,
16ba,
1606,
01b5,
f4f2,
fb91,
f439,
e12d,
e309,
f134,
f28a,
f5ca,
035e,
08e6,
084f,
0d67,
1185,
0d20,
09c8,
08a5,
042b,
ff9d,
fe44,
fbb0,
f805,
f750,
f80a,
f94a,
fae9,
fb90,
fbde,
fd86,
ff79,
002a,
000b,
006e,
01d2,
0371,
03cb,
0359,
0273,
00e7,
ff66,
fee1,
fe71,
fd5f,
fcaf,
fc9e,
fd24,
fe45,
ffaa,
00b0,
0142,
01ab,
01d0,
01cc,
01d7,
0193,
00cb,
ffe5,
ff1b,
fe76,
fe45,
fe51,
fe54,
fe5f,
fea6,
ff17,
ffa6,
004e,
00d4,
0115,
010d,
00d4,
00a0,
008f,
0064,
0021,
0001,
0001,
0000,
0000,
0000,
0000,
0001,
0001,
0001,
0001,
0000,
0000,
0001,
0002,
0002,
0002,
0002,
0002,
0002,
0004,
0004,
0004,
0002,
0000,
fffc,
fffd,
fffd,
fffe,
0000,
ffff,
ffff,
0003,
ffff,
0008,
fffc,
0009,
fff6,
000b,
fff3,
000b,
fffa,
0018,
0008,
0527,
0f37,
02d4,
f8c6,
fbd4,
f674,
008a,
0cfe,
0ea1,
1430,
14b5,
02fd,
f602,
fc48,
f6a6,
e477,
e57a,
f242,
f327,
f5a8,
023a,
06f1,
064f,
0c40,
0fff,
0bc9,
095a,
08b2,
04d6,
00ce,
ff1a,
fbbc,
f899,
f889,
f941,
fa83,
fb5f,
faa4,
fb0a,
fd76,
fe85,
fe3d,
fe6d,
ffb4,
0194,
0369,
0447,
0424,
0376,
01fb,
0014,
ff0b,
fe9b,
fd95,
fc9c,
fc97,
fd30,
fe1f,
ff43,
0025,
00c0,
012f,
0173,
0195,
01bf,
01b1,
012f,
0062,
ff94,
fee2,
fe89,
fe8e,
fe8b,
fe64,
fe6c,
fec3,
ff56,
fffe,
0088,
00da,
00d8,
00b3,
00a4,
00a6,
008c,
fffe,
ffff,
0000,
0000,
ffff,
ffff,
0000,
0001,
0001,
0001,
0001,
0000,
0000,
0000,
0001,
0001,
0000,
0000,
ffff,
0000,
0002,
0002,
0002,
0001,
fffe,
fffc,
fffc,
fffd,
ffff,
0000,
ffff,
ffff,
0003,
ffff,
0007,
fffc,
0008,
fff9,
0006,
fff9,
0005,
fffd,
0015,
fffd,
042e,
0d95,
0366,
f9cd,
fc9f,
f754,
ffc0,
0b9f,
0d1a,
120b,
138a,
041d,
f776,
fd1d,
f8cf,
e815,
e7bc,
f2ca,
f3b6,
f598,
00a4,
04f7,
0575,
0aff,
0dca,
0ab6,
093a,
0944,
05a8,
0118,
ff16,
fcbe,
fa84,
f9d0,
fa46,
fae1,
f9e0,
f904,
faf5,
fd1e,
fcba,
fc88,
fdfb,
fffe,
0212,
0425,
04fa,
04b9,
0435,
02d2,
009a,
ff2f,
fe90,
fd90,
fcb1,
fc84,
fce2,
fd9b,
fe9e,
ff8f,
0027,
00bf,
0146,
01b4,
020a,
01fd,
018c,
00d9,
001b,
ff52,
fedb,
fea7,
fe79,
fe3d,
fe2e,
fe81,
fef7,
ff9d,
003e,
00a0,
00c2,
00b3,
00af,
00c4,
fffd,
fffe,
ffff,
ffff,
ffff,
ffff,
0000,
0001,
0001,
0001,
0001,
0001,
0001,
0000,
0001,
0001,
0000,
0000,
ffff,
ffff,
0000,
0001,
0001,
0001,
0000,
ffff,
fffd,
fffe,
fffe,
ffff,
0000,
ffff,
ffff,
0002,
ffff,
0005,
fffc,
0006,
fffa,
0006,
fffe,
fffd,
0005,
000b,
ffff,
032c,
0bea,
043d,
fad5,
fd3c,
f84f,
fee7,
0a11,
0bb1,
1008,
1244,
0559,
f928,
fdd1,
faec,
ebb4,
e9ae,
f30c,
f449,
f58f,
ff23,
03dc,
0484,
0881,
0c0b,
0ab9,
0936,
08ef,
05c2,
01fb,
005c,
fe8c,
fbe4,
fa11,
f9c4,
f9b7,
f89a,
f848,
fa47,
fbf6,
fbe0,
fc63,
fe9a,
0100,
02e5,
04b1,
0569,
0526,
049b,
034e,
00f2,
ff34,
fe6e,
fd83,
fc89,
fc0e,
fc4e,
fd05,
fe0e,
ff14,
ffd6,
0098,
0168,
0204,
025c,
0262,
01f8,
0149,
007b,
ffaa,
ff04,
fe82,
fe39,
fe13,
fe05,
fe31,
feac,
ff59,
0007,
0087,
00ba,
00ba,
00ca,
fffe,
fffe,
fffe,
fffe,
ffff,
0000,
ffff,
ffff,
0000,
0000,
0001,
0001,
0001,
0001,
0000,
0001,
0001,
0000,
0000,
ffff,
ffff,
ffff,
0000,
0000,
0001,
0000,
ffff,
fffe,
fffe,
fffe,
ffff,
0000,
ffff,
0000,
0002,
ffff,
0004,
fffd,
0004,
fffd,
0005,
0001,
fff9,
0008,
0007,
0001,
0237,
0a38,
052b,
fbe5,
fdab,
f973,
fdf0,
0870,
0a67,
0e1a,
1103,
06ac,
fb1a,
fe5a,
fcd1,
ef31,
eb76,
f321,
f52a,
f60b,
fd9b,
0233,
030c,
06f7,
0b31,
09c3,
0851,
095e,
074d,
038d,
0187,
feff,
fb1d,
f93b,
f957,
f8a9,
f74c,
f79a,
f9e1,
fbe7,
fc77,
fd47,
ff8a,
01e5,
039b,
050a,
058c,
0559,
04b8,
032e,
00f3,
ff41,
fe26,
fcfd,
fc11,
fbc1,
fbf4,
fc92,
fdb7,
fee9,
ffca,
00af,
01b5,
0276,
02b8,
02b0,
024f,
0186,
009b,
ffb2,
feec,
fe52,
fe0d,
fdef,
fde3,
fe15,
fe89,
ff33,
ffe2,
006b,
00b1,
00cc,
0000,
fffe,
fffd,
fffd,
fffe,
ffff,
ffff,
ffff,
0000,
0000,
0001,
0001,
0002,
0002,
0002,
0000,
0001,
0001,
0000,
0000,
ffff,
ffff,
0000,
0000,
0001,
0001,
0000,
0000,
fffe,
ffff,
0000,
0000,
0001,
0001,
0000,
0001,
0000,
0003,
fffe,
0002,
0002,
0003,
0002,
fff7,
000e,
0000,
0007,
016a,
0866,
0604,
fd19,
fe07,
faa8,
fd0c,
06b8,
091f,
0c3e,
0fbc,
081b,
fd28,
feb5,
fe65,
f299,
ed73,
f3b4,
f636,
f5bd,
fbbe,
0127,
022c,
0502,
091e,
0977,
096d,
0abd,
0898,
03a4,
0053,
fdf6,
fab9,
f8cc,
f851,
f76c,
f6e9,
f837,
fac1,
fcd9,
fd68,
fe1f,
0070,
02cf,
0410,
04ee,
0558,
0519,
0447,
02c4,
00b4,
fed4,
fda4,
fcb6,
fbe7,
fb96,
fbd4,
fc94,
fdb5,
fee8,
0004,
0118,
0223,
02c5,
02e4,
02ba,
0243,
0175,
007d,
ff96,
fecf,
fe46,
fe02,
fde5,
fdf0,
fe15,
fe78,
ff14,
ffc4,
005b,
00b3,
0000,
ffff,
fffe,
fffd,
fffd,
fffe,
ffff,
ffff,
ffff,
0000,
0001,
0001,
0001,
0001,
0001,
0001,
0000,
0000,
0000,
0000,
ffff,
ffff,
fffe,
fffe,
ffff,
0000,
0000,
0000,
0000,
ffff,
ffff,
ffff,
ffff,
0000,
0001,
ffff,
ffff,
0000,
0000,
ffff,
0001,
0007,
fffd,
0005,
fff7,
000a,
ffff,
0011,
00c9,
0682,
06a6,
fe7a,
fe39,
fbec,
fc6a,
04de,
07c9,
0aa3,
0e79,
0949,
ff57,
ff0a,
ffaa,
f65c,
effa,
f38c,
f65c,
f631,
fac2,
ff22,
0012,
03e7,
0952,
0aa3,
0a88,
0a4c,
06b5,
0229,
ffca,
fd45,
f9a9,
f80d,
f7ec,
f7aa,
f851,
f9fd,
fbe5,
fd98,
fe5e,
ff39,
012d,
031d,
03fb,
044a,
0498,
046e,
0371,
01e5,
002f,
fe9f,
fd6a,
fc8d,
fc04,
fbe2,
fc21,
fccd,
fdf0,
ff3b,
0083,
018e,
0242,
02a5,
02a9,
0272,
01f6,
0141,
005f,
ff77,
fecc,
fe5c,
fe1f,
fdf0,
fdea,
fe23,
fe89,
ff1b,
ffb9,
004f,
0002,
0001,
ffff,
fffe,
ffff,
fffe,
fffe,
ffff,
0000,
0000,
0001,
0002,
0002,
0002,
0002,
0002,
0001,
0001,
0001,
0001,
0000,
0000,
0000,
0000,
0000,
0000,
0001,
0001,
0002,
0001,
0000,
0000,
0000,
0000,
0001,
0001,
ffff,
0000,
0001,
ffff,
0000,
0001,
0008,
fffd,
0009,
fff6,
0006,
0007,
001a,
0054,
04b9,
06db,
ffff,
fe77,
fd1e,
fc1e,
02e2,
067f,
0932,
0d1a,
0a3e,
01a5,
fff7,
011b,
f940,
f1d1,
f40b,
f742,
f5fd,
f81f,
fd57,
00ed,
052a,
0980,
09c6,
080d,
078e,
05a0,
01b5,
fe53,
fbc0,
f98a,
f8f3,
f947,
f988,
fa2e,
fb48,
fd1a,
feca,
ff22,
ffa1,
015b,
02c9,
0311,
0350,
037e,
031b,
0272,
016f,
ffeb,
fe67,
fd84,
fcfa,
fc97,
fc77,
fcb2,
fd5b,
fe77,
ffba,
00c0,
016d,
01ed,
023a,
0236,
01fe,
01a0,
0105,
0047,
ff86,
fee4,
fe78,
fe35,
fe1c,
fe1d,
fe58,
feba,
ff2f,
ffb8,
0002,
0001,
0000,
ffff,
fffe,
fffe,
fffd,
fffe,
ffff,
0000,
0000,
0000,
0000,
0001,
0001,
0001,
0001,
0001,
0001,
0000,
0000,
0000,
0000,
0000,
ffff,
0000,
0000,
0000,
0000,
0001,
0000,
0000,
0000,
ffff,
ffff,
0000,
0000,
ffff,
0000,
0000,
ffff,
0001,
0002,
0008,
fffc,
0009,
fff4,
0005,
0011,
0013,
0016,
0323,
0689,
01a1,
fec4,
fe0e,
fc48,
0103,
050a,
07e4,
0bec,
0b43,
0499,
00b7,
00d7,
fbfa,
f534,
f41d,
f5b8,
f5c3,
f8ca,
fe96,
026d,
0429,
0545,
063c,
0689,
0610,
03af,
001e,
fd87,
fc29,
fb98,
fb90,
fb24,
fae5,
fbe2,
fd4c,
fe4f,
fef7,
ff27,
ff89,
00ad,
01c3,
01ea,
01b7,
0203,
0247,
01ee,
0106,
ffdc,
febc,
fe0f,
fdc7,
fd84,
fd50,
fd75,
fe0f,
fede,
ffb5,
0077,
00fa,
016d,
01a4,
01a0,
018c,
0150,
00de,
0045,
ff9d,
ff01,
feb1,
fe93,
fe7c,
fe6f,
fe95,
fee7,
ff42,
0001,
0002,
0002,
0001,
0000,
ffff,
ffff,
ffff,
fffe,
ffff,
0000,
0000,
0000,
0000,
0000,
0001,
0001,
0001,
0000,
0000,
0000,
0000,
0000,
0000,
0000,
0000,
0000,
0000,
0000,
0000,
0000,
0001,
0000,
ffff,
fffe,
ffff,
0000,
ffff,
ffff,
0000,
ffff,
0000,
0001,
0004,
0005,
ffff,
0007,
fff5,
000b,
0013,
0006,
fff7,
01f1,
05c7,
030c,
ff4c,
fec9,
fcd3,
ff3f,
0371,
0715,
0be4,
0c08,
059e,
0170,
01f0,
fdff,
f628,
f3dd,
f762,
f973,
fac8,
fd36,
fe92,
ffe7,
0269,
0440,
0401,
035a,
0248,
0088,
ff35,
fed3,
fe6f,
fd3c,
fcad,
fd39,
fddd,
fe21,
fe55,
fe8d,
fe62,
feb7,
ff9e,
0024,
0033,
0086,
0153,
01bf,
01a7,
0117,
0039,
ff80,
ff1f,
fee0,
fe6c,
fe1f,
fe2f,
fe67,
fecc,
ff4a,
ffe4,
0060,
00bd,
0102,
0121,
012d,
010a,
00d1,
0062,
ffd7,
ff6c,
ff2b,
ff02,
fecc,
feb4,
fecd,
ff02,
0001,
0002,
0002,
0002,
0001,
0000,
ffff,
ffff,
fffe,
fffe,
ffff,
ffff,
ffff,
ffff,
0000,
ffff,
0000,
0000,
0000,
0001,
0000,
0000,
0000,
0000,
0000,
0000,
0000,
ffff,
0000,
0000,
0000,
0000,
0000,
0000,
ffff,
ffff,
ffff,
0000,
ffff,
0000,
ffff,
ffff,
0000,
0000,
0004,
0000,
0004,
0003,
fffc,
000c,
0009,
fffc,
fffc,
011f,
04ac,
0420,
0016,
ff4d,
fd90,
fdf3,
02ab,
06f5,
0aa1,
0b8e,
07d0,
029c,
002d,
fe42,
fa7b,
f942,
fadd,
f97b,
f66c,
f806,
fc41,
fdcb,
fe93,
009b,
0231,
0300,
038c,
036e,
020e,
00d3,
0031,
ffa3,
ff20,
fe7d,
fe1a,
fdfc,
fdb8,
fd52,
fd30,
fd71,
fdf1,
fea1,
ff55,
0013,
00f8,
01a3,
01d1,
018d,
012e,
00bd,
0028,
ffa3,
ff31,
fecd,
fe78,
fe44,
fe47,
fe98,
ff33,
ffb4,
0023,
0080,
00b9,
00ee,
010e,
0108,
00c0,
004f,
ffe1,
ff8b,
ff47,
ff0e,
fef2,
feef,
0001,
0002,
0002,
0002,
0002,
0002,
0002,
0001,
0000,
ffff,
ffff,
ffff,
ffff,
ffff,
ffff,
0000,
0000,
0001,
0001,
0001,
0001,
0001,
0001,
0001,
0001,
0001,
0001,
0000,
0000,
0000,
0000,
0000,
0001,
0001,
0001,
0000,
0000,
0000,
0000,
0001,
0001,
fffe,
0000,
0001,
0001,
0003,
ffff,
0009,
0005,
0000,
0006,
0004,
fffe,
000a,
00a6,
0382,
0484,
0129,
000e,
ff1b,
fe02,
0093,
0521,
0ad3,
0c32,
069d,
016e,
0253,
04a1,
01de,
fb32,
f5de,
f40a,
f445,
f624,
f858,
f98c,
fbca,
ffbc,
0355,
0592,
0661,
059c,
03eb,
0304,
02e1,
01a6,
ff80,
fe10,
fd9b,
fd35,
fc5e,
fbae,
fba2,
fc1c,
fcee,
fe00,
ff1e,
001f,
011f,
01f3,
0277,
0293,
0248,
019f,
00d8,
0046,
ffaf,
fee5,
fe1f,
fdab,
fda0,
fdf8,
fe87,
ff1c,
ffb0,
0036,
00af,
0118,
0163,
016b,
011f,
00a5,
0028,
ffca,
ff8a,
ff4d,
ff02,
0000,
0001,
0002,
0003,
0003,
0003,
0003,
0002,
0001,
ffff,
fffe,
ffff,
fffe,
fffe,
ffff,
ffff,
0000,
0000,
0000,
0001,
0001,
0001,
0001,
0001,
0001,
0001,
0001,
0001,
0001,
ffff,
ffff,
0000,
0000,
0000,
0001,
0001,
0000,
0000,
0000,
ffff,
0000,
0000,
fffd,
0001,
0001,
0001,
0003,
ffff,
000f,
0003,
0000,
0000,
fffb,
0015,
0023,
0047,
0242,
048f,
0347,
0281,
ffba,
fb89,
feec,
0514,
08dc,
0994,
0846,
086a,
0992,
06d9,
feb8,
f67d,
f2f1,
f239,
f0cb,
f185,
f523,
f88e,
fcbe,
022a,
0631,
07de,
0836,
0798,
065a,
054a,
03d3,
011b,
fe8a,
fd42,
fc94,
fbaa,
faa6,
fa3c,
fa9f,
fb8f,
fcb6,
fe13,
ff71,
00a3,
01c4,
02bc,
035a,
036c,
0303,
023d,
0149,
005c,
ff59,
fe4c,
fd87,
fd2c,
fd14,
fd4f,
fe01,
fee0,
ffaf,
0069,
0107,
0177,
01aa,
01a2,
0146,
00cd,
006f,
0013,
ffa5,
ff27,
ffff,
0000,
0002,
0003,
0003,
0003,
0003,
0002,
0001,
0000,
ffff,
fffe,
fffe,
fffe,
fffe,
ffff,
ffff,
0000,
0000,
0001,
0000,
0001,
0001,
0001,
0002,
0001,
0001,
0000,
0000,
ffff,
ffff,
ffff,
ffff,
0000,
0001,
0001,
0001,
0000,
0000,
ffff,
ffff,
ffff,
fffe,
fffd,
0001,
0002,
0000,
0002,
0000,
0015,
0003,
fff0,
fffe,
0019,
002a,
fff9,
fff6,
01eb,
0639,
05b4,
022b,
fefe,
fafb,
fb98,
00bc,
09f8,
1194,
10d3,
0a7a,
04a7,
0142,
fd19,
f620,
eec0,
ec37,
eddc,
f145,
f616,
fb1f,
000e,
0485,
0812,
0a11,
0a5f,
094d,
0768,
052d,
0293,
ffc4,
fd54,
fbee,
fb15,
fa2e,
f970,
f99b,
fa90,
fbcb,
fd14,
fead,
005c,
01a0,
02a4,
0369,
03f9,
0403,
036e,
0248,
00da,
ff9d,
fe91,
fdc3,
fd21,
fcab,
fc95,
fd12,
fe1b,
ff33,
0023,
00dd,
015e,
01a0,
01ae,
01a1,
016d,
011e,
0096,
ffe8,
ff52,
0000,
0001,
0002,
0003,
0003,
0004,
0004,
0003,
0002,
0002,
0000,
ffff,
fffe,
fffd,
fffe,
ffff,
0000,
0000,
0001,
0001,
0001,
0002,
0002,
0002,
0002,
0001,
0001,
0002,
0001,
0000,
0001,
0000,
ffff,
0000,
0001,
0001,
0003,
0002,
0001,
0000,
ffff,
0000,
0000,
ffff,
0000,
0002,
0001,
0002,
0003,
000c,
0015,
fff2,
fff7,
0024,
0019,
fffa,
0022,
019d,
035e,
050e,
05a3,
044c,
fcba,
f370,
f901,
0a9a,
17a7,
1472,
08c0,
02b7,
02d0,
0158,
f9cd,
efd4,
e9c3,
eb6b,
f07c,
f4cf,
f976,
fe16,
0282,
06c2,
0a87,
0bfa,
0abd,
08a8,
064a,
03c8,
00c3,
fde4,
fbdc,
fad0,
f9f6,
f92e,
f959,
fa2a,
fb19,
fc5e,
fe23,
000f,
017e,
0273,
0336,
03e3,
045b,
0407,
02e6,
0154,
ffe2,
fecb,
fdfb,
fd5f,
fccc,
fc74,
fcb7,
fd96,
fec1,
ffce,
009e,
0120,
015a,
018c,
01bc,
01d1,
018e,
00f4,
0030,
ff84,
ffff,
0000,
0001,
0002,
0003,
0003,
0003,
0003,
0002,
0001,
0000,
ffff,
fffe,
fffe,
fffe,
fffe,
fffe,
ffff,
0000,
0000,
0001,
0001,
0001,
0002,
0002,
0001,
0001,
0001,
0000,
0000,
0000,
0000,
ffff,
ffff,
0000,
0000,
0001,
0001,
0000,
0001,
ffff,
ffff,
ffff,
ffff,
0001,
fffe,
0002,
0000,
0005,
0007,
0005,
000b,
0000,
000d,
000e,
001c,
015b,
02c5,
0113,
0136,
0603,
0754,
ff33,
f34c,
f8c2,
0c50,
14ad,
0f6e,
0828,
042e,
028f,
012f,
fb0c,
f2b0,
ed5b,
ec84,
f034,
f4ce,
f8d6,
fc86,
008e,
0549,
096b,
0b20,
0a99,
0910,
06d7,
0460,
0194,
fea3,
fc68,
fb0b,
fa17,
f988,
f9ac,
fa2a,
fae2,
fc1d,
fde5,
ffb8,
012e,
022d,
02e6,
0395,
03fd,
03ce,
02e9,
01a3,
0041,
ff00,
fe33,
fdb3,
fd3a,
fce0,
fcfd,
fd91,
fe76,
ff71,
0032,
00b0,
0116,
0170,
01aa,
01b8,
018c,
0119,
0071,
ffc9,
ffff,
0000,
0001,
0002,
0003,
0002,
0002,
0002,
0002,
0001,
0000,
0000,
ffff,
ffff,
fffe,
fffe,
fffe,
ffff,
0000,
0000,
0000,
0001,
0001,
0002,
0002,
0002,
0001,
0001,
0000,
0000,
0000,
0000,
0000,
ffff,
0000,
0000,
0000,
0000,
0001,
0001,
0000,
0000,
fffe,
0000,
0003,
ffff,
ffff,
0002,
0007,
0008,
fffb,
000f,
0019,
0002,
0001,
0136,
0323,
01e6,
ff8e,
010e,
039a,
03dc,
001d,
fc3f,
01d3,
0a07,
0b1a,
0896,
06e2,
0548,
01b6,
fded,
fa69,
f638,
f304,
f1f6,
f272,
f503,
f912,
fc3d,
ff81,
0392,
06e0,
087a,
08e0,
0864,
068b,
0430,
01fc,
ffa8,
fd31,
fbad,
faed,
fa7e,
fa5d,
fa84,
fb47,
fc72,
fdf0,
ff6f,
00ba,
01c5,
0285,
0309,
032a,
02f8,
026b,
017c,
0060,
ff65,
fea4,
fe0e,
fdc1,
fd9f,
fdb9,
fe0b,
fe85,
ff1a,
ffaa,
0054,
00f1,
0144,
0155,
0145,
012a,
00f5,
008c,
fff5,
0000,
0001,
0001,
0001,
0002,
0002,
0001,
0001,
0001,
0000,
0000,
0000,
0000,
0000,
ffff,
fffe,
ffff,
ffff,
ffff,
0000,
0000,
0000,
0000,
0001,
0001,
0000,
0001,
0000,
0001,
0000,
0000,
0000,
0000,
0000,
ffff,
ffff,
ffff,
ffff,
0000,
0000,
ffff,
0002,
0000,
ffff,
0001,
0000,
0001,
ffff,
0008,
0003,
0000,
0008,
001a,
000b,
00d6,
036a,
02e6,
ff86,
ffbd,
01d0,
0118,
ff25,
01db,
0819,
0900,
0556,
03ac,
03d0,
0385,
0200,
ff43,
fbf5,
f99a,
f948,
f8f1,
f7a7,
f760,
f811,
f9a5,
fc9d,
ff90,
01a7,
0367,
0511,
063b,
062e,
051e,
0380,
01f6,
003a,
fe44,
fcdc,
fc32,
fbd6,
fb6a,
fb83,
fc23,
fd1f,
fe49,
ff4c,
004e,
0134,
01de,
021e,
0216,
01fb,
0178,
00d7,
0057,
ffd1,
ff2c,
fe9a,
fe64,
fe6e,
fea5,
fec3,
fec5,
ff00,
ff8b,
0033,
009f,
00d1,
00c7,
00a8,
00a4,
0085,
0050,
fff0,
0000,
0000,
0000,
0001,
0000,
0000,
0000,
0000,
ffff,
0000,
0000,
0000,
0000,
0000,
0000,
ffff,
ffff,
0000,
ffff,
ffff,
0000,
0000,
0000,
0001,
0001,
0001,
0000,
0000,
0000,
0000,
0001,
0001,
0001,
0000,
ffff,
ffff,
ffff,
ffff,
0000,
0000,
0000,
0001,
0000,
0001,
ffff,
0002,
0002,
0000,
0004,
0005,
0004,
0009,
000d,
00a1,
0388,
03ee,
ffcc,
feda,
00ef,
0099,
fe90,
0151,
089a,
0aaf,
071f,
044a,
0222,
ffd7,
fe57,
fc97,
faee,
faea,
fba4,
fbdf,
fc51,
fd2b,
fd0d,
fc67,
fca8,
fde9,
fee1,
ff9a,
00a9,
01b7,
0299,
0305,
02f4,
0242,
0147,
0060,
ff5c,
fe6b,
fdaa,
fd45,
fd09,
fd07,
fd65,
fe00,
fec4,
ff69,
000d,
007b,
00c4,
00fa,
00fa,
00b4,
0068,
0055,
0025,
fff2,
ff9f,
ff48,
ff40,
ff59,
ff5b,
ff3e,
ff53,
ff97,
ffd2,
0006,
0023,
0025,
001b,
0010,
0008,
ffe8,
ffd7,
ffdd,
0001,
0002,
0001,
0001,
0001,
0000,
0000,
ffff,
0000,
0001,
0001,
0002,
0001,
0001,
0001,
0001,
0001,
0000,
0000,
0000,
0000,
0000,
0001,
0001,
0001,
0001,
0001,
0001,
0002,
0002,
0002,
0002,
0001,
0001,
0000,
0000,
0000,
0000,
0000,
0000,
0002,
0002,
0002,
0002,
0002,
0004,
0000,
0004,
0002,
000b,
0001,
0010,
0064,
0369,
051e,
0067,
fdeb,
002e,
006b,
fe4d,
0181,
09e8,
0ac0,
053e,
03e0,
0407,
0140,
fd55,
f94a,
f706,
f83a,
fadb,
fd4e,
fe85,
ff79,
0114,
019a,
0143,
00d5,
ffa6,
fe39,
fde1,
fe60,
feb9,
feee,
ff9c,
0063,
0063,
002f,
0040,
0032,
ffcb,
ff3c,
fef8,
fee5,
fee5,
feeb,
ff05,
ff58,
ffab,
ffc7,
ff9b,
ff8d,
ff93,
ff90,
ffb7,
ffc3,
ffc9,
ffcd,
ffd4,
fff2,
001e,
002b,
fff2,
ffd1,
0002,
0045,
0044,
0013,
ffd6,
ff9b,
ff78,
ff6a,
ff64,
ff54,
ff5b,
ff8c,
ffc9,
0001,
0001,
0000,
ffff,
ffff,
fffe,
fffd,
fffe,
ffff,
ffff,
0000,
0000,
0001,
0001,
0001,
0001,
0000,
0000,
0000,
ffff,
ffff,
ffff,
0000,
0000,
0000,
ffff,
0000,
0000,
0001,
0001,
0001,
0001,
0000,
ffff,
ffff,
ffff,
ffff,
0000,
ffff,
ffff,
0001,
0001,
0001,
0000,
0005,
ffff,
0000,
ffff,
0010,
0000,
000d,
003e,
0334,
060e,
0151,
fd30,
ff49,
0034,
fe2b,
01cb,
0b27,
0bd0,
04eb,
02df,
02b1,
001e,
fe0a,
fab6,
f620,
f528,
f82c,
fb7c,
fda9,
0088,
0349,
03f1,
049f,
0563,
03d7,
00eb,
feb2,
fd34,
fc21,
fbcc,
fc2e,
fcde,
fd87,
fe40,
ff22,
ffe7,
0072,
00cc,
00d7,
00c0,
00ca,
00cb,
007f,
0026,
0006,
ffca,
ff55,
feb4,
fe23,
fe33,
feb0,
ff0e,
ff21,
ff24,
ff58,
ffdb,
0079,
00a8,
0081,
0085,
00cc,
00ee,
00e1,
00a8,
0033,
ffa2,
ff2a,
feec,
fec3,
feb6,
fed0,
ff0d,
ff63,
ffb3,
0001,
0001,
0000,
ffff,
fffe,
fffe,
fffe,
ffff,
0000,
0000,
0001,
0001,
0001,
0002,
0002,
0001,
0001,
0001,
0000,
0000,
0000,
0000,
0000,
0000,
0000,
0000,
0000,
0002,
0002,
0002,
0002,
0001,
ffff,
0000,
0000,
0000,
0000,
ffff,
0000,
0000,
0000,
0002,
0001,
0004,
0000,
0004,
fffa,
000d,
0004,
0015,
0022,
02f1,
06f0,
0267,
fc7f,
fe44,
001a,
fe00,
01fd,
0ca2,
0cf4,
04af,
02b7,
02f9,
feec,
fb90,
f947,
f648,
f5ea,
f844,
f9ef,
fb93,
ff38,
02cf,
04c4,
06a1,
07c1,
069f,
046e,
023a,
ff9f,
fcd1,
fab3,
f9d0,
fa17,
faae,
fb62,
fc9d,
fdff,
ff49,
007b,
0178,
021a,
027a,
028d,
0246,
01f6,
0171,
00a0,
ff96,
fe68,
fda0,
fd7c,
fdb6,
fe06,
fe33,
fe4d,
fea9,
ff66,
002a,
0085,
00c1,
0138,
017b,
017a,
016b,
013c,
00c6,
000b,
ff5b,
fed4,
fe80,
fe64,
fe69,
fe8a,
fed6,
ff49,
ffb4,
0000,
ffff,
fffe,
fffd,
fffc,
fffc,
fffd,
fffe,
fffe,
ffff,
ffff,
ffff,
0000,
0001,
0001,
0000,
ffff,
0000,
fffe,
fffe,
fffe,
fffe,
fffe,
fffe,
fffe,
ffff,
0000,
0000,
0001,
0000,
ffff,
ffff,
fffe,
ffff,
ffff,
ffff,
fffe,
fffe,
0000,
ffff,
0001,
fffe,
0004,
fffd,
0003,
fffa,
0009,
0003,
0012,
001d,
02af,
07ac,
03a5,
fbf8,
fd09,
ffdb,
fe02,
0224,
0e1e,
0e40,
0480,
029d,
0393,
fe84,
f9f2,
f7be,
f41a,
f3e3,
f8aa,
fb9c,
fbf0,
fe55,
021a,
0402,
05c6,
0864,
08ab,
0635,
0419,
026e,
ffad,
fc89,
fa66,
f943,
f8a8,
f8f8,
fa4b,
fbbe,
fcff,
fea9,
0078,
01e7,
0301,
03b5,
03bc,
0374,
033d,
026c,
0086,
feb6,
fdd3,
fd7f,
fd81,
fd62,
fd18,
fd32,
fdee,
fec9,
ff74,
0015,
00d9,
0172,
01bb,
01df,
01d0,
01a7,
0132,
0074,
ffad,
ff07,
feac,
fe7b,
fe5e,
fe51,
fe69,
febd,
ff4a,
fff3,
0000,
ffff,
fffe,
fffd,
fffd,
fffe,
ffff,
ffff,
ffff,
ffff,
0000,
0000,
0002,
0001,
0001,
0001,
0001,
0000,
0000,
0000,
ffff,
fffe,
fffe,
fffe,
ffff,
0000,
0001,
0002,
0001,
0000,
ffff,
ffff,
ffff,
0000,
0000,
ffff,
fffe,
0000,
ffff,
0002,
ffff,
0003,
fffd,
0003,
fff9,
0007,
0004,
0014,
0012,
0273,
0859,
04fb,
fba2,
fbb2,
ff85,
fe04,
0250,
0fb3,
0f92,
042f,
0281,
048d,
fe92,
f867,
f622,
f2bb,
f238,
f718,
faeb,
fc43,
ffa5,
03b9,
0476,
0529,
0773,
07ec,
0686,
056b,
03c4,
00f3,
fe74,
fc8e,
fb03,
f970,
f853,
f88f,
f9ce,
fb46,
fcc0,
fe90,
0076,
021f,
0374,
0419,
046a,
0485,
03a0,
01c9,
0015,
fed6,
fe24,
fdc6,
fd39,
fc9d,
fc76,
fd0d,
fde6,
feca,
ffd5,
00b7,
0143,
01a9,
01e4,
01fc,
01c7,
0157,
00b7,
ffe2,
ff41,
feef,
fed6,
fea3,
fe69,
fe5a,
fe84,
fef9,
ff9e,
0046,
ffff,
fffe,
fffd,
fffd,
fffe,
ffff,
ffff,
0000,
ffff,
0000,
0001,
0001,
0001,
0001,
0001,
0001,
0001,
ffff,
0000,
ffff,
ffff,
fffe,
fffe,
ffff,
0000,
0001,
0001,
0001,
0000,
ffff,
ffff,
ffff,
0000,
0000,
ffff,
fffe,
0000,
ffff,
0001,
ffff,
0004,
fffc,
0003,
fffb,
0001,
0003,
0012,
0015,
0231,
08f6,
0669,
fb60,
fa49,
ff11,
fe23,
0268,
1153,
1135,
03bd,
0215,
0589,
ff20,
f73b,
f478,
f10e,
f078,
f655,
fac7,
fb31,
fe83,
04d2,
071b,
0701,
07be,
0758,
057e,
0455,
03ad,
01bc,
ff15,
fd33,
fc8b,
fb7f,
f9fe,
f949,
f960,
f9ec,
fb5c,
fd71,
ff0f,
007a,
0217,
0370,
0449,
046e,
03f0,
02db,
014c,
0017,
ff61,
fea5,
fd9c,
fcb4,
fc4f,
fc6e,
fd27,
fe88,
ffc5,
0063,
00e6,
0168,
01c2,
01d0,
01a0,
0144,
009a,
ffea,
ff6c,
ff34,
ff19,
fef0,
feae,
fe88,
feb0,
ff0c,
ff96,
000a,
0042,
fffd,
fffd,
fffc,
fffe,
ffff,
ffff,
ffff,
ffff,
0000,
0001,
0001,
0001,
0001,
0001,
0000,
0000,
ffff,
0000,
0000,
fffe,
fffe,
fffe,
ffff,
0000,
0001,
0002,
0001,
0000,
ffff,
fffe,
fffe,
0000,
0001,
0000,
fffe,
0000,
ffff,
0002,
fffd,
0003,
fffd,
0000,
fffd,
0000,
0002,
000b,
001b,
0200,
0989,
07de,
fb2e,
f8c6,
fe89,
fe59,
02b1,
12ee,
12d3,
0359,
018c,
0653,
ffa4,
f665,
f315,
ef62,
ee7f,
f555,
fad9,
fb07,
fde1,
0454,
079d,
08c4,
0a03,
08b2,
0578,
0392,
028a,
0065,
fe4c,
fd57,
fcf1,
fc2e,
fb66,
fb21,
faed,
faa4,
fb46,
fce3,
fe47,
ff6b,
00d3,
0234,
02f5,
037c,
03af,
02c5,
01a0,
00f5,
0060,
ff87,
fe7d,
fd63,
fc73,
fc6d,
fd76,
feb1,
ff74,
0016,
00b7,
013a,
0173,
016f,
0151,
00ef,
005d,
ffb8,
ff4a,
ff2f,
ff43,
ff30,
fef3,
fed2,
feed,
ff56,
ffe1,
0039,
002f,
001a,
fffd,
fffd,
fffe,
ffff,
0000,
0000,
0000,
0001,
0001,
0002,
0002,
0002,
0001,
0001,
0000,
0000,
0000,
0000,
ffff,
fffe,
ffff,
ffff,
0001,
0001,
0003,
0001,
0000,
ffff,
ffff,
ffff,
0000,
0001,
0000,
fffe,
0000,
ffff,
0003,
ffff,
0003,
fffe,
0000,
fffe,
0000,
0004,
0003,
001c,
01d4,
0a1e,
0956,
fb0b,
f73a,
fde4,
fe8c,
0313,
14bd,
147c,
02c2,
00fd,
0733,
000e,
f578,
f1dd,
edef,
ec7f,
f424,
faf9,
fae4,
fd68,
0469,
083d,
0977,
0ac4,
09f2,
06e1,
0455,
0274,
ff84,
fca9,
fb89,
fbf8,
fc45,
fbcd,
fbc4,
fc3e,
fc5c,
fceb,
fe1e,
fe9e,
feff,
0046,
0104,
0179,
028a,
02e9,
020f,
00f9,
009d,
0086,
0020,
ff2b,
fdc8,
fcf6,
fd6d,
fe56,
ff06,
ffa3,
0030,
009c,
00df,
0124,
0141,
0101,
0083,
fffc,
ff68,
fefc,
fef5,
ff13,
ff1c,
ff13,
ff19,
ff45,
ffa2,
002b,
007d,
0071,
0050,
003f,
fffc,
fffe,
0000,
0000,
0000,
0001,
0001,
0002,
0002,
0002,
0002,
0001,
0000,
0001,
0001,
0001,
0000,
ffff,
ffff,
ffff,
0000,
0001,
0003,
0003,
0002,
0001,
ffff,
ffff,
ffff,
0000,
0000,
0001,
fffe,
0000,
0000,
0003,
ffff,
0004,
fffd,
fffe,
0001,
fffd,
0009,
fffd,
001e,
01a9,
0ab2,
0adb,
faef,
f5a4,
fd2c,
feb8,
0371,
16ac,
165e,
022e,
003e,
07f8,
0090,
f48f,
f098,
ec83,
ea92,
f2bd,
fb22,
fb14,
fd06,
0479,
08a3,
0a89,
0c1c,
0a6f,
06c0,
04e1,
03a2,
0009,
fbff,
fa2d,
fa50,
fa66,
faf2,
fbf0,
fc97,
fd22,
fe7e,
0030,
0077,
003d,
0023,
006c,
014f,
01fc,
01c4,
00cc,
0017,
ffd3,
ffc5,
ff9b,
fee3,
fe1a,
fdea,
fe52,
fef0,
ffc5,
0079,
00b0,
00b8,
00dc,
010e,
0100,
00b3,
0047,
ffac,
ff0d,
fea4,
fe8d,
febb,
fed5,
feea,
ff1a,
ff72,
ffef,
0072,
00c1,
00c8,
00b0,
0088,
004c,
fffe,
ffff,
ffff,
0000,
0000,
0000,
0001,
0002,
0002,
0001,
0000,
0000,
0000,
0000,
0000,
ffff,
ffff,
fffe,
fffe,
ffff,
0001,
0002,
0002,
0001,
0000,
fffe,
fffe,
fffe,
ffff,
0000,
0000,
fffd,
ffff,
ffff,
0003,
ffff,
0002,
fffd,
fffb,
0001,
fff9,
000c,
fff7,
0023,
017e,
0b47,
0c61,
fad6,
f40f,
fc61,
fed7,
03cc,
18a8,
1863,
01a5,
ff81,
08a2,
00dd,
f3a9,
ef8f,
eb1e,
e885,
f137,
faff,
fb67,
fcf9,
04db,
08fe,
0afe,
0d76,
0bba,
071e,
0462,
0359,
0091,
fca4,
fa00,
f966,
f8f8,
f90e,
fa79,
fc2c,
fd6a,
fef9,
0172,
027c,
01a1,
0169,
01e7,
01d9,
01be,
014e,
ffe8,
febb,
feb8,
fece,
fe5b,
fe14,
fe30,
fe1a,
fe6c,
ff82,
00b2,
0140,
0132,
0139,
0149,
0144,
0116,
00ba,
001b,
ff5f,
febb,
fe48,
fe36,
fe57,
fe72,
fe8f,
fed7,
ff5e,
fff8,
008d,
00f3,
0116,
010d,
00dc,
0099,
0058,
ffff,
ffff,
ffff,
ffff,
0000,
0001,
0002,
0002,
0002,
0001,
0000,
0000,
0000,
0001,
0000,
fffe,
fffd,
fffd,
ffff,
0001,
0002,
0003,
0002,
0000,
ffff,
fffd,
fffe,
ffff,
ffff,
ffff,
fffd,
ffff,
ffff,
0003,
0000,
0002,
ffff,
fffa,
0003,
fff6,
000f,
ffee,
002a,
0156,
0bc5,
0dfe,
fad9,
f278,
fb91,
fee6,
040e,
1a8c,
1aa3,
0143,
feae,
0940,
0127,
f2b3,
ee8d,
ea1f,
e68c,
ef73,
faac,
fb94,
fcdc,
056e,
09f3,
0b4f,
0e39,
0d02,
07c5,
0486,
034a,
0012,
fc34,
fa20,
f9a9,
f882,
f7c6,
f913,
faf9,
fca5,
fee9,
01a3,
02bc,
0324,
03a1,
038b,
0336,
02ce,
019d,
ff95,
fe2f,
fd85,
fd1c,
fd80,
fdec,
fd66,
fcfa,
fe09,
ffd7,
0124,
01a8,
01c3,
01d3,
01ca,
01c8,
01a2,
010e,
003a,
ff5e,
fe8f,
fe05,
fdde,
fdfa,
fe09,
fe2f,
fe8c,
ff10,
ffb3,
0067,
0106,
0143,
014c,
0139,
0100,
00bd,
007a,
ffff,
ffff,
ffff,
0000,
0001,
0002,
0002,
0002,
0001,
0000,
0000,
0000,
0000,
0000,
fffe,
fffd,
fffd,
ffff,
0001,
0002,
0003,
0002,
0000,
fffe,
fffd,
fffe,
fffe,
ffff,
ffff,
fffc,
fffe,
ffff,
0003,
0000,
0002,
ffff,
fff7,
0005,
fff3,
0012,
ffe7,
002d,
013f,
0c3d,
0f84,
faf2,
f0e8,
fac5,
fee0,
044a,
1c68,
1cea,
0126,
fdec,
09c0,
0131,
f1ad,
ed97,
e935,
e4d0,
ed93,
fa34,
fbd7,
fca5,
05ab,
0b1d,
0c4f,
0eef,
0df2,
086a,
048c,
035d,
003a,
fbb9,
f90e,
f924,
f8ad,
f78b,
f83a,
fa3d,
fc29,
fdd2,
0084,
031b,
0418,
0480,
04ec,
04eb,
0437,
02a8,
0055,
fe1e,
fcf1,
fcb8,
fcf0,
fcad,
fc4a,
fc64,
fd53,
fef1,
00ab,
01ec,
0231,
021b,
024c,
028b,
0258,
01a5,
00a8,
ff9e,
fea5,
fdf7,
fda6,
fda4,
fdc1,
fdde,
fe1d,
fe99,
ff54,
001c,
00cd,
014b,
018b,
018a,
0150,
010f,
00cb,
0072,
ffff,
ffff,
0001,
0001,
0002,
0002,
0002,
0001,
0000,
0000,
0000,
0000,
0000,
ffff,
fffd,
fffe,
ffff,
0001,
0002,
0003,
0002,
0000,
fffe,
fffd,
fffe,
fffe,
0000,
0000,
fffc,
fffe,
ffff,
0003,
0001,
0002,
0000,
fff6,
0007,
fff2,
0015,
ffe5,
002c,
0130,
0c95,
10dd,
fb63,
ef93,
f9dc,
fec9,
044e,
1de4,
1f34,
0198,
fd47,
0a16,
0132,
f091,
ecb4,
e884,
e365,
eb83,
f941,
fc4b,
fcd1,
0583,
0bb5,
0d89,
0fff,
0ee2,
093f,
0485,
032f,
006a,
fb99,
f852,
f843,
f827,
f716,
f7e6,
fa13,
fba8,
fd29,
0043,
02d5,
03de,
04cb,
0599,
05ca,
0564,
03e5,
015c,
fef5,
fdca,
fd2d,
fc7e,
fbe2,
fb66,
fb5d,
fc2d,
fdf1,
0002,
0163,
01ec,
024a,
02ba,
030b,
030a,
0274,
014f,
0021,
ff06,
fe1a,
fd8c,
fd74,
fd7f,
fd8b,
fdcc,
fe33,
fecb,
ffb6,
00b0,
0147,
0187,
01a0,
0186,
014a,
0111,
00bb,
0022,
ffff,
0000,
0000,
0002,
0003,
0001,
0000,
ffff,
0000,
0000,
0000,
0001,
fffe,
fffe,
fffe,
ffff,
0001,
0002,
0003,
0002,
ffff,
fffd,
fffc,
fffe,
fffe,
ffff,
ffff,
fffc,
fffe,
ffff,
0003,
0001,
0001,
0000,
fff5,
0005,
fff1,
0014,
ffe3,
0027,
0128,
0ce0,
11ed,
fc1a,
eea2,
f8ca,
fe7e,
0430,
1efa,
2165,
02cb,
fcdc,
0a15,
0156,
ef6f,
ebac,
e7dc,
e247,
e98d,
f7b1,
fc72,
fd81,
05bc,
0bdd,
0e4f,
1154,
0ff2,
0a0f,
050f,
02ee,
0027,
fb6d,
f7bb,
f7a7,
f793,
f662,
f742,
f949,
fb3f,
fdd4,
00de,
0295,
0338,
0487,
05c7,
05fe,
05b0,
0493,
0262,
0085,
ff34,
fdb3,
fcb5,
fbfc,
fb14,
fa52,
fae6,
fcd8,
fee7,
008e,
01a8,
0255,
02a9,
0328,
037f,
0323,
0223,
00d0,
ff7f,
fe5f,
fdc2,
fd8e,
fd4d,
fd24,
fd49,
fdb8,
fe7d,
ff97,
009e,
0130,
0171,
0184,
017c,
015f,
0139,
00dd,
0050,
ffc7,
0000,
0001,
0002,
0002,
0002,
0001,
0000,
0000,
0000,
0001,
0000,
ffff,
fffe,
fffe,
ffff,
0001,
0003,
0003,
0002,
0000,
fffe,
fffc,
fffd,
fffe,
0000,
ffff,
fffd,
fffe,
ffff,
0004,
0002,
0003,
0000,
fff5,
0005,
fff1,
0016,
ffe1,
0027,
011b,
0d33,
129b,
fce6,
ee72,
f7c9,
fde6,
03ca,
1fa3,
2331,
04a5,
fd28,
0997,
016f,
eeaf,
ea80,
e748,
e16d,
e7c2,
f5d1,
fc29,
fe1c,
062a,
0c4e,
0ebb,
1231,
1143,
0afd,
05a6,
0317,
ffc5,
fb39,
f767,
f6f1,
f6c4,
f5cd,
f655,
f87d,
fb3e,
fe24,
0147,
02d3,
037b,
0458,
054b,
05bb,
059e,
04fe,
037c,
0190,
ffd5,
fe8e,
fd9d,
fc7f,
faef,
f9de,
fa3c,
fbae,
fdd2,
ffde,
0129,
01e8,
027b,
0338,
03c7,
039b,
02a4,
0159,
fffe,
fecf,
fe0d,
fdb4,
fd57,
fcec,
fce6,
fd61,
fe37,
ff6d,
0087,
0115,
014d,
0174,
0179,
014f,
0124,
00ee,
0099,
001d,
ff98,
0002,
0003,
0003,
0002,
0001,
0000,
0000,
0001,
0001,
0001,
ffff,
fffe,
ffff,
ffff,
0001,
0003,
0004,
0003,
0000,
fffe,
fffd,
fffd,
ffff,
0000,
0000,
fffd,
ffff,
0000,
0004,
0002,
0003,
0001,
fff4,
0007,
ffec,
001b,
ffd8,
002f,
00eb,
0d81,
1323,
fd72,
ef12,
f731,
fcf6,
02ba,
1fc2,
24c2,
06fc,
fe69,
08d7,
0130,
ee88,
e97e,
e695,
e0e9,
e5fc,
f364,
fb7f,
fed1,
064b,
0cb3,
0f8e,
12ba,
1249,
0c79,
0646,
030d,
ff94,
fb6a,
f73b,
f5d7,
f5f4,
f4b9,
f588,
f890,
fb48,
fdb6,
010e,
037d,
0401,
044e,
050d,
059b,
05c0,
0592,
0403,
01aa,
002d,
ff38,
fe45,
fcc9,
fb2b,
f9db,
f9c1,
fb48,
fd7b,
ff36,
0058,
0177,
0259,
0323,
03c9,
03d6,
0308,
01c8,
005b,
ff19,
fe44,
fdc2,
fd3d,
fcd4,
fcef,
fd66,
fe24,
ff2f,
003c,
00e8,
0137,
0150,
014e,
014d,
015e,
0133,
00b6,
0019,
ff9e,
ff6d,
0002,
0002,
0002,
0001,
0000,
ffff,
ffff,
0001,
0000,
ffff,
fffe,
fffe,
ffff,
0001,
0003,
0004,
0003,
0000,
fffd,
fffd,
fffd,
fffd,
ffff,
0000,
fffd,
fffe,
ffff,
0002,
0003,
0000,
0004,
ffef,
000d,
ffe2,
0026,
ffc7,
0044,
0094,
0da4,
13fc,
fd56,
f01f,
f7bd,
fbea,
00ad,
1f05,
261b,
096b,
00e8,
089c,
002d,
ee9b,
e924,
e592,
e0b5,
e4b1,
f05b,
f9eb,
ffa2,
06b0,
0c71,
1057,
138e,
1300,
0e27,
076b,
02ad,
ffbc,
fbda,
f6e3,
f4ea,
f4c0,
f3ef,
f510,
f85c,
fb11,
fd36,
00c7,
03c3,
0475,
0458,
04da,
0615,
06fb,
0604,
03ea,
01d9,
003e,
ff1b,
fe49,
fced,
fb10,
f9c9,
f9e5,
fb54,
fd50,
ff13,
001e,
0114,
022e,
0322,
03b2,
03c9,
0325,
01fc,
00a2,
ff57,
fe52,
fda9,
fd34,
fcf0,
fcfc,
fd52,
fdf5,
ff06,
003a,
00e8,
0115,
011c,
0136,
0172,
019b,
0158,
00b7,
0018,
ffb2,
ff7e,
ff8b,
0003,
0003,
0002,
0001,
0000,
0000,
0001,
0001,
ffff,
fffe,
fffe,
ffff,
0001,
0003,
0004,
0004,
0001,
ffff,
fffd,
fffe,
fffe,
0000,
ffff,
fffe,
fffd,
0001,
0001,
0006,
fffd,
000c,
ffe9,
0018,
ffd7,
0034,
ffb7,
0059,
002a,
0d2f,
15c6,
fcdb,
f046,
f9e9,
fbb5,
fd43,
1ced,
279d,
0b67,
043a,
0a0c,
fedb,
edd6,
e9e2,
e4ce,
dfde,
e474,
ed47,
f6ec,
ffd3,
07b3,
0c03,
1074,
148c,
13d4,
0f97,
0924,
033d,
ff53,
fc07,
f726,
f40e,
f357,
f36a,
f4f4,
f7ba,
fa40,
fcca,
00a6,
038e,
049d,
04b1,
0534,
06ae,
07ee,
06e8,
044a,
01ea,
0045,
fedb,
fd9a,
fc51,
fabf,
f9c9,
f9ff,
fb57,
fd48,
ff25,
0063,
015c,
024d,
0322,
03a8,
03c6,
031e,
0202,
00ab,
ff49,
fe40,
fdbc,
fd5d,
fcec,
fcdd,
fd20,
fdc2,
fed2,
0010,
00e0,
0129,
0158,
018d,
01a4,
018b,
014a,
00de,
0041,
ffb3,
ff60,
ff54,
ff6c,
0003,
0002,
0001,
0001,
0000,
0000,
0000,
ffff,
fffe,
fffe,
ffff,
0000,
0003,
0003,
0004,
0001,
ffff,
fffc,
fffe,
fffc,
ffff,
ffff,
fffe,
fffc,
0003,
fffe,
0009,
fff8,
0012,
ffe2,
001e,
ffd1,
0035,
ffb7,
0055,
ffd8,
0bb5,
1886,
fd5b,
ede6,
fcde,
fe2b,
f910,
1850,
298b,
0cc5,
06e5,
0e14,
fecf,
eb64,
ea88,
e5db,
ddd8,
e45b,
ebaf,
f29e,
fe5a,
090f,
0c13,
0f9e,
1579,
14e7,
1061,
0b2e,
056a,
fec0,
fb7c,
f7c1,
f3ac,
f29d,
f28d,
f442,
f6ec,
f97d,
fc42,
004b,
02e1,
045f,
05a5,
063f,
073b,
0854,
07b9,
04fe,
027b,
009a,
fe51,
fcb1,
fbab,
fa3e,
f93d,
f9b9,
fb2b,
fd22,
ff5b,
00d0,
01dc,
02b3,
0387,
03ec,
03cf,
0334,
01fd,
008f,
ff31,
fe3d,
fdad,
fd33,
fcbb,
fc9f,
fcf0,
fd8c,
fe8e,
ffd0,
00d0,
017d,
01c9,
01bc,
01a6,
01c0,
019c,
0108,
0057,
ffb3,
ff31,
ff06,
ff1d,
ff2c,
0002,
0002,
0001,
0001,
0001,
0000,
ffff,
fffd,
fffd,
fffe,
ffff,
0003,
0003,
0003,
0001,
0001,
fffd,
fffe,
fffd,
ffff,
ffff,
fffe,
fffb,
0005,
fffc,
000a,
fff5,
0014,
ffe3,
001a,
ffda,
0025,
ffd0,
0033,
ffc1,
091c,
1b56,
00f0,
e8be,
fd9f,
0494,
f672,
100d,
2b31,
0ebf,
06e3,
1408,
028a,
e81f,
e8b8,
e929,
dc4e,
e255,
ec0b,
ee8f,
fa4c,
09d7,
0d74,
0e2d,
1570,
167a,
1130,
0cb1,
0818,
000c,
fa94,
f79a,
f40c,
f2b8,
f1b7,
f290,
f5b0,
f8ef,
fba0,
ff8e,
0266,
03f4,
062d,
07d1,
0830,
087a,
0827,
05fa,
033a,
00cd,
fe3e,
fc2e,
fafb,
f9a4,
f8a6,
f8fd,
faa6,
fccd,
ff35,
010f,
025f,
034e,
040b,
0476,
0451,
0378,
0211,
00be,
ff6d,
fe35,
fd5d,
fcd0,
fc42,
fc20,
fc92,
fd4a,
fe4c,
ffaf,
00f0,
01bd,
0213,
0210,
01e5,
01df,
01c4,
0150,
00a1,
ffd4,
ff20,
fecd,
feda,
fed6,
feb2,
0002,
0001,
0001,
0001,
0001,
ffff,
fffd,
fffc,
fffe,
fffe,
0001,
0002,
0002,
0001,
0000,
fffd,
fffe,
fffd,
fffe,
ffff,
ffff,
fffa,
0005,
fffd,
0009,
fff5,
000f,
ffed,
000a,
fff2,
0004,
fffb,
fff8,
ffeb,
059f,
1c74,
092b,
e38f,
f800,
0d3b,
f981,
04b1,
2a00,
1338,
0389,
18a3,
0be0,
e751,
e2ec,
ec57,
de17,
ddce,
ec7f,
ed39,
f3b1,
080b,
1030,
0d93,
13bf,
17a0,
12c6,
0dc2,
0a33,
0332,
faf5,
f6bb,
f4a6,
f35c,
f0e8,
f0a4,
f413,
f811,
fa8a,
fe8f,
0250,
038f,
0637,
08fd,
093f,
08e9,
08c2,
06c8,
03cc,
013e,
fe9f,
fc07,
fa6d,
f925,
f81e,
f845,
f9f3,
fc13,
fe97,
00df,
027f,
03b6,
048d,
0526,
0511,
0429,
02a9,
012c,
ffbb,
fe5c,
fd31,
fc4f,
fb9f,
fb82,
fbf6,
fccb,
fdfb,
ff9d,
00fe,
01bd,
023c,
0273,
0260,
0235,
01fd,
0175,
00ae,
ffe9,
ff3e,
fed4,
febf,
fe9c,
fe60,
fe51,
0002,
0001,
0001,
0001,
fffe,
fffd,
fffc,
fffd,
fffe,
0001,
0002,
0003,
0000,
0000,
fffe,
fffd,
fffe,
fffe,
ffff,
fffe,
fff9,
0003,
0000,
0005,
fffa,
0003,
fffe,
fff3,
0010,
ffdd,
002e,
ffb2,
004a,
0216,
1a18,
1506,
e3a6,
eac0,
11c6,
04fa,
fae1,
22ed,
1a55,
ff28,
1759,
1968,
edb8,
daaf,
eb3c,
e3ce,
d9b5,
e979,
ef5d,
ede1,
0145,
1283,
0f6d,
1157,
1764,
14a2,
0edb,
0bda,
06cc,
fd2b,
f6f9,
f48d,
f3b5,
f0d9,
ef0e,
f1b4,
f678,
f9cc,
fd54,
01a5,
0381,
0625,
094a,
0a14,
09d7,
0991,
0774,
043b,
01e7,
ff8c,
fc5b,
fa02,
f8a6,
f7bb,
f7be,
f93a,
fb54,
fda7,
0010,
0209,
03b9,
04f7,
05b3,
05c3,
0521,
03c4,
0210,
0040,
fe8f,
fd2e,
fc20,
fb28,
fac3,
fb33,
fc31,
fd9a,
ff57,
00bf,
017a,
0232,
02d1,
02fb,
02c8,
0256,
018b,
00b5,
0020,
ff8a,
fedf,
fe7a,
fe4f,
fe35,
fe41,
fe91,
0003,
0002,
0000,
ffff,
fffe,
fffc,
fffd,
fffe,
0001,
0003,
0002,
0002,
0000,
ffff,
fffd,
0001,
fffd,
fffe,
ffff,
fffc,
fffd,
0006,
0000,
0006,
fff2,
0014,
ffd9,
002d,
ffbe,
0053,
ff86,
0090,
ffb4,
132e,
20c4,
ee06,
da8c,
0a3a,
155b,
fa3e,
15a1,
2122,
fe1b,
0e00,
24a0,
fec8,
d602,
e2fa,
e9fb,
da2e,
e2bc,
f0c4,
ed29,
f714,
100e,
13aa,
101d,
1596,
15e2,
10a8,
0cd3,
09ff,
0103,
f90d,
f4c8,
f33c,
f151,
ee2a,
ef11,
f3e4,
f8ec,
fc44,
008c,
0355,
059f,
08e1,
0ac6,
0add,
0a5f,
0857,
04e4,
027c,
009d,
fd6e,
fa59,
f84f,
f721,
f724,
f88d,
fa9b,
fcbe,
ff14,
0103,
0313,
04f6,
062a,
066d,
0602,
04d1,
0309,
0126,
ff48,
fd90,
fc2b,
faea,
fa3a,
fa81,
fb91,
fd08,
feb0,
0047,
012f,
01f4,
02c1,
0354,
035b,
02e3,
01ef,
00e0,
003b,
ffbc,
ff1e,
fe98,
fe3a,
fde8,
fdd0,
fe35,
feed,
0002,
0001,
ffff,
fffd,
fffc,
fffc,
ffff,
ffff,
0003,
0002,
0002,
ffff,
0000,
fffc,
0000,
fffe,
ffff,
fffe,
ffff,
fff7,
0009,
fffd,
0010,
ffea,
001a,
ffd9,
0024,
ffd6,
002c,
ffca,
0030,
ff8f,
0918,
25f5,
03c0,
d18b,
f43d,
1eb4,
075a,
0830,
2324,
0374,
ffb2,
253e,
16bc,
dde5,
d5ed,
ea75,
dfd2,
dcbc,
ed52,
f007,
efb8,
06a8,
16a0,
11f5,
12f4,
15c0,
132f,
0e1d,
0b9c,
05bd,
fca7,
f674,
f333,
f1ad,
ed5f,
ecb8,
f159,
f72f,
fab6,
ff24,
0333,
04d6,
07bb,
0ad3,
0bce,
0b20,
098a,
063a,
02f3,
0158,
ff1d,
fba1,
f89f,
f6b4,
f660,
f772,
f9bf,
fbea,
fe07,
fff6,
0216,
045a,
0622,
070e,
06d2,
05a7,
03ea,
021e,
0047,
fe69,
fcb9,
fb35,
fa07,
f9f6,
fae1,
fc4f,
fdde,
ff9f,
00ca,
0188,
026e,
0346,
039a,
0360,
029d,
0167,
006f,
ffd4,
ff52,
fed7,
fe78,
fdf6,
fd8f,
fdbc,
fe79,
ff5d,
0002,
0001,
fffe,
fffb,
fffb,
fffe,
ffff,
0002,
0003,
0002,
ffff,
ffff,
fffe,
fffe,
ffff,
fffd,
ffff,
fffd,
fff7,
0002,
0004,
0008,
fffd,
fffb,
0006,
ffe3,
002a,
ffbe,
005d,
ff6c,
00a9,
00e3,
1e95,
1e41,
dacd,
d7e0,
14ab,
1b3e,
04bd,
1e2d,
0f7d,
f347,
1760,
2a01,
f689,
ce50,
e12d,
e60c,
db89,
e6ab,
f0fd,
ee10,
fac8,
1329,
1629,
11b4,
13c5,
14e7,
10f1,
0c80,
0964,
0141,
f9b7,
f4be,
f266,
ed3c,
e9ef,
eeb0,
f56a,
f8e3,
fc89,
024c,
0497,
0661,
09de,
0c1a,
0be2,
0aca,
0827,
0424,
01b5,
007e,
fdad,
f9fc,
f6ed,
f59c,
f632,
f866,
fadc,
fcfe,
fef4,
00de,
036d,
05b4,
073c,
0764,
067a,
04bd,
02f0,
0143,
ff79,
fdad,
fbee,
fa69,
f9c0,
fa43,
fb8c,
fd0b,
fece,
003f,
010c,
01df,
02cb,
037c,
0398,
0349,
023b,
00f0,
fff5,
ff60,
ff12,
feda,
fe5f,
fd94,
fd53,
fdf7,
ff03,
fffa,
0001,
ffff,
fffc,
fffa,
fffb,
ffff,
0000,
0004,
0002,
0001,
fffe,
0000,
fffc,
0002,
fffd,
0000,
fffd,
fffd,
fff5,
000c,
fffb,
0015,
ffe2,
0022,
ffc7,
003b,
ffbc,
0051,
ff9a,
006f,
ff31,
0d35,
2d01,
fbbe,
c632,
f503,
246a,
104a,
14e9,
1eb1,
f356,
fd74,
2bef,
182a,
d948,
d246,
e5e3,
dea0,
e0cb,
eea4,
eeda,
f1c4,
096c,
180c,
1369,
11a2,
147f,
13c8,
0eae,
0baa,
05b9,
fdd0,
f7f7,
f441,
eed7,
e7ec,
ea9a,
f31e,
f7af,
f978,
ff77,
0428,
0573,
0842,
0b90,
0c84,
0bd4,
0a34,
063f,
029d,
0151,
ff9c,
fc01,
f846,
f5a7,
f4f2,
f686,
f97a,
fbec,
fdf2,
ff9d,
01fe,
04c7,
0707,
07e2,
0736,
05af,
03b8,
0213,
006d,
fece,
fd0a,
fb3e,
f9f9,
f9e0,
facb,
fc43,
fe09,
ffaa,
0087,
0127,
020a,
02f3,
0382,
03a6,
030c,
01b4,
0066,
ff93,
ff35,
ff09,
fec6,
fe06,
fd59,
fd7b,
fe6c,
ff95,
007c,
0002,
fffe,
fff9,
fffb,
fffe,
0000,
0002,
0004,
0002,
ffff,
fffe,
fffe,
fffe,
0000,
fffe,
0000,
fffd,
fff5,
0000,
0007,
0007,
0002,
fff4,
000d,
ffd5,
003e,
ffa9,
007d,
ff44,
00e1,
003f,
2148,
250b,
d5de,
ccf1,
1243,
2255,
1047,
257a,
09d2,
e65f,
13db,
3054,
fb1d,
cc76,
db94,
e1eb,
dd02,
ea19,
f0b3,
ec6a,
fc0a,
1512,
16a2,
1088,
131c,
14f4,
1163,
0ddd,
09e9,
0203,
fba8,
f76a,
f29d,
e915,
e5e3,
ee93,
f64d,
f797,
fb1a,
0212,
04ca,
0670,
0a17,
0cc0,
0cc8,
0c0a,
0909,
0468,
01ff,
0120,
fe44,
fa33,
f6cc,
f496,
f4a6,
f742,
fa99,
fcf7,
fea0,
005a,
031b,
05fd,
07f0,
0824,
06ea,
04be,
02ce,
0139,
ffc1,
fe2e,
fc6f,
fabe,
f9cc,
fa2f,
fb65,
fd26,
ff02,
0042,
00a8,
0123,
0212,
0303,
03a3,
03a1,
028d,
0109,
ffe9,
ff7c,
ff4d,
ff14,
fe79,
fd98,
fd4a,
fdde,
ff07,
001f,
00bd,
0000,
fffc,
fffa,
fffa,
ffff,
0001,
0004,
0002,
0002,
fffe,
fffe,
fffc,
0002,
ffff,
0000,
fffd,
fffe,
fff1,
000d,
fffc,
0018,
ffe5,
001b,
ffd3,
0020,
ffe4,
0018,
fff0,
fff7,
ffc2,
0817,
30ec,
0b7b,
bee8,
e27e,
2325,
1ae3,
1b93,
28e3,
f10b,
ea73,
273f,
2546,
e1d6,
cd6c,
dfc4,
dbf7,
e1e3,
f187,
ee83,
edd9,
08b0,
1adb,
11e5,
1024,
157e,
1387,
0fbb,
0d92,
0746,
ff08,
fa9b,
f739,
ef0a,
e473,
e772,
f271,
f6b0,
f765,
fd51,
0371,
0515,
07be,
0bec,
0d92,
0d71,
0c44,
079f,
0312,
01c9,
0073,
fca0,
f8b6,
f553,
f39f,
f4cd,
f84e,
fbb1,
fdcf,
ff35,
0125,
0415,
06e9,
088f,
084f,
066d,
03f2,
0211,
0080,
ff15,
fd9c,
fbf6,
fa51,
f9c8,
fa8b,
fc1c,
fdfe,
ffc3,
008c,
00b4,
013b,
0230,
0323,
03ba,
036c,
01f0,
0067,
ff9c,
ff82,
ff6e,
ff19,
fe2e,
fd44,
fd47,
fe44,
ff95,
0096,
00db,
0000,
fffa,
fff8,
fffb,
ffff,
0001,
0005,
0001,
ffff,
fffb,
fffe,
fffb,
0003,
fffd,
0001,
fffd,
fffa,
fff4,
000e,
fffb,
0018,
ffdc,
0029,
ffb4,
0053,
ff9b,
0083,
ff55,
00cf,
febd,
14c4,
3555,
ee64,
b8a6,
f8d0,
289b,
16c9,
296e,
212e,
dfce,
f6ad,
30ba,
1375,
d300,
d2e2,
ddff,
d918,
e950,
f518,
ec22,
f2b4,
139d,
1b8b,
0dc5,
121d,
1693,
1166,
0f23,
0cc9,
0443,
fd04,
fa45,
f6d4,
eb57,
e216,
ea2e,
f431,
f5d1,
f7c2,
feeb,
0406,
05c3,
0977,
0d75,
0e72,
0e84,
0c41,
063b,
0226,
016a,
ff2e,
fb34,
f74c,
f3f3,
f302,
f52f,
f975,
fcad,
fe88,
ffbb,
01f2,
04e0,
07b0,
0904,
0834,
05e5,
035e,
017b,
ffcc,
fe80,
fd2f,
fb73,
f9f7,
f9dc,
fafa,
fcc1,
feb3,
0041,
00a6,
00d0,
0179,
026e,
0343,
03b8,
0308,
015e,
fffc,
ff6b,
ff69,
ff74,
ff25,
fe11,
fd1b,
fd46,
fe83,
fffb,
00f7,
00ef,
fffe,
fffa,
fff8,
fffc,
ffff,
0003,
0004,
0001,
fffe,
fffc,
fffd,
fffc,
0003,
ffff,
0001,
fffd,
fff7,
fffa,
0009,
0003,
000b,
ffe8,
001a,
ffbb,
0053,
ff8e,
00a1,
ff1c,
0118,
ff46,
213e,
30d7,
d7c5,
bbd6,
0940,
2816,
16be,
3464,
163b,
d7f4,
021a,
3105,
035a,
cd2e,
d6dc,
d9ee,
d9b7,
ef76,
f67f,
eb52,
f85b,
1ab1,
1a54,
0c1b,
141d,
16a1,
0f99,
0ea7,
0b55,
01e9,
fbd1,
fa5a,
f6e4,
e8ac,
e110,
ebda,
f459,
f47a,
f7ff,
fff3,
0475,
06f4,
0b3a,
0ef7,
0faa,
0f80,
0c01,
0512,
0176,
00b5,
fdc5,
f9e4,
f5ff,
f307,
f299,
f5ab,
fa6e,
fd93,
ff20,
0037,
02ad,
058f,
085d,
092b,
07fd,
056d,
02f4,
00f1,
ff3c,
fe2a,
fcd1,
faf7,
f9ac,
f9ff,
fb54,
fd36,
ff3a,
008d,
00c3,
0102,
01c6,
02aa,
0369,
03a9,
029c,
00f3,
ffb3,
ff3c,
ff3b,
ff73,
ff28,
fe01,
fd16,
fd51,
fea3,
003c,
013e,
00f0,
ffff,
fffa,
fff9,
fffd,
0001,
0005,
0006,
0002,
fffe,
fffd,
fffc,
fffe,
0003,
0000,
0002,
fffe,
fff3,
0002,
0006,
000c,
ffff,
fffa,
0006,
ffd5,
003d,
ffa8,
008b,
ff32,
00f3,
00f4,
29e7,
2a01,
caca,
c0ab,
1265,
25ad,
188d,
3b92,
0e93,
d68a,
07f6,
2c75,
f916,
cc1f,
d7d8,
d66b,
dbb3,
f34c,
f746,
ebf9,
fcb7,
1dfd,
1a30,
0c97,
14ea,
1680,
0e13,
0d94,
09cf,
00bc,
fb78,
fa5b,
f78d,
e7d1,
e00b,
ebb8,
f3a8,
f2dd,
f814,
00dc,
04f8,
0831,
0d23,
10b5,
10bd,
102e,
0bc6,
0438,
00ba,
ffd9,
fc87,
f89c,
f51d,
f282,
f26d,
f605,
fb13,
fe55,
ffa1,
00c3,
0348,
0623,
08c6,
0935,
07bf,
0517,
02a6,
007b,
fee0,
fdf3,
fc93,
fa9c,
f97c,
f9ff,
fb76,
fd83,
ff9f,
00d3,
00ec,
013d,
0206,
02de,
0384,
039e,
0262,
00ab,
ff71,
ff01,
ff21,
ff73,
ff17,
fdde,
fd0d,
fd75,
fed4,
006a,
0148,
00e3,
fffd,
fff9,
fff8,
fffc,
0000,
0005,
0004,
0002,
fffc,
fffc,
fffb,
fffe,
0002,
0000,
0000,
fffe,
fff2,
0003,
0001,
0011,
fff7,
0005,
fff6,
ffe7,
0025,
ffc3,
006a,
ff58,
00b5,
0299,
2e8a,
2549,
c506,
c346,
15ee,
2382,
1a63,
4041,
0c8a,
d7c0,
0822,
26ba,
f45e,
cc92,
d695,
d3d0,
dd7d,
f50a,
f7ed,
edcc,
ff3d,
1eaa,
1c46,
0f37,
143f,
1610,
0ce7,
0bac,
089b,
011a,
fb0a,
f970,
f8b0,
e8c3,
debc,
e958,
f2a5,
f208,
f81e,
0183,
05ab,
09ed,
0f1a,
1211,
11af,
1090,
0b6c,
0393,
ffce,
feca,
fb6f,
f794,
f492,
f249,
f27a,
f634,
fb5b,
feeb,
0053,
0163,
03be,
0695,
090a,
092e,
078f,
04e6,
0251,
0012,
fe87,
fdb3,
fc5e,
fa72,
f94a,
f9c7,
fb6f,
fdb3,
fffd,
0120,
013a,
0187,
023f,
0301,
0395,
03af,
024f,
0070,
ff2f,
fece,
fefd,
ff56,
fef3,
fdb2,
fcfe,
fd8d,
ff09,
0094,
014e,
00e1,
fffe,
fff9,
fff8,
fffc,
0000,
0005,
0005,
0003,
fffd,
fffd,
fffa,
ffff,
0003,
0001,
0001,
0000,
fff2,
0004,
0001,
0013,
fff6,
0007,
fff2,
ffed,
001d,
ffcc,
0060,
ff69,
009e,
0326,
2f55,
251f,
c58d,
c281,
13f9,
224f,
1aac,
42e0,
116d,
da22,
039d,
2111,
f458,
cde1,
d448,
d237,
de05,
f48f,
f8bd,
f08f,
ffd9,
1d32,
1ff8,
140c,
123d,
14cd,
0c86,
09d2,
084c,
01ca,
faa5,
f7b6,
f95c,
ebf4,
de03,
e4bb,
f187,
f2e4,
f768,
0160,
0726,
0b9e,
0ff9,
1324,
12b8,
1072,
0b1b,
0394,
fee0,
fd63,
fae6,
f73a,
f458,
f247,
f2af,
f62b,
fb2d,
ff61,
0116,
01e0,
03ee,
06dc,
0917,
0915,
078e,
04ec,
0215,
ffaf,
fe40,
fd75,
fc3c,
fa75,
f928,
f989,
fb4a,
fdc1,
0029,
016f,
01a7,
01d5,
025f,
030d,
03ae,
03c4,
0254,
0052,
ff12,
fea6,
fec3,
ff1d,
fec7,
fda8,
fd00,
fd8c,
ff03,
00a5,
0176,
0108,
fffe,
fffa,
fff8,
fffb,
ffff,
0005,
0005,
0003,
fffe,
fffc,
fff9,
fffe,
0002,
0000,
0000,
ffff,
fff3,
0001,
0003,
000f,
fffb,
0002,
fffb,
ffe0,
0028,
ffbd,
006e,
ff5a,
00b6,
0256,
2c6b,
29a2,
cc55,
bedb,
0c26,
21fb,
190b,
42d0,
1d4c,
de62,
fbc3,
1b2b,
f7ac,
d077,
d1f4,
d0fb,
dc5f,
f20a,
f998,
f421,
ff29,
1a5d,
2332,
1a60,
112a,
1238,
0dab,
08f8,
0728,
0252,
fabc,
f546,
f8a6,
f003,
dfa7,
e06e,
ef04,
f430,
f728,
0117,
080c,
0c38,
1076,
13a3,
132e,
1074,
0b37,
03e3,
fe2d,
fc3a,
faad,
f79c,
f484,
f26e,
f2c2,
f5f3,
fad3,
ff6d,
01ab,
023f,
03f5,
06cf,
08e5,
0901,
07b5,
0530,
0204,
ff65,
fdf5,
fd39,
fc26,
fa83,
f93a,
f965,
fb0d,
fd88,
0024,
01b7,
0211,
0219,
0275,
031c,
03b4,
03c5,
0272,
0077,
ff0a,
fe71,
fe73,
fed4,
feb1,
fdba,
fd12,
fd71,
fed5,
0087,
0188,
0154,
0000,
fffb,
fff8,
fffb,
ffff,
0004,
0006,
0004,
0000,
fffc,
fffb,
fffb,
0003,
0000,
0002,
ffff,
fff6,
fffd,
0006,
0009,
0006,
fff6,
0010,
ffcc,
003c,
ffa6,
0086,
ff48,
00d9,
00bb,
256f,
3115,
da5f,
ba64,
fe27,
217e,
1692,
3db6,
2ec2,
e72c,
f1e3,
1470,
fce3,
d529,
d087,
cf6e,
d86f,
ee00,
f9db,
f838,
fe4a,
16a4,
2363,
2061,
1411,
1078,
0ecf,
0875,
057f,
01d0,
fb98,
f363,
f552,
f349,
e5f3,
df19,
e968,
f4aa,
f8ff,
0039,
06f3,
0c2b,
1040,
12f8,
132e,
1116,
0be6,
043f,
fe55,
fbba,
fab1,
f888,
f533,
f2a0,
f2a6,
f5c8,
fa3d,
fef2,
01e1,
029b,
03dc,
0652,
0880,
08e3,
07f4,
058e,
024a,
ff66,
fdb0,
fced,
fc1f,
fad3,
f989,
f962,
fab1,
fd23,
fff7,
01dc,
0259,
0248,
028f,
031c,
039d,
03c1,
02ba,
00c7,
ff1a,
fe49,
fe1f,
fe91,
feb4,
fdf2,
fd29,
fd4d,
fe8f,
0045,
0185,
018d,
0001,
fffc,
fff9,
fffa,
fffe,
0002,
0006,
0005,
0002,
fffc,
fffa,
fff9,
0001,
ffff,
0003,
ffff,
fff9,
fff7,
0008,
0002,
0012,
ffe9,
0020,
ffbf,
0041,
ffa3,
007a,
ff65,
00b9,
ff92,
1ac2,
36db,
f01c,
b9c8,
ead6,
1d5b,
1601,
31aa,
4071,
f915,
e874,
0baf,
023d,
dc70,
d0c9,
cdd0,
d267,
e8a9,
f870,
fc31,
fe67,
120e,
2045,
22f1,
1d04,
122a,
0de4,
088c,
0355,
002a,
fcba,
f277,
f095,
f50b,
ee09,
e267,
e48d,
f280,
fa76,
ff86,
0579,
0a5e,
0e6b,
11e1,
12d2,
1177,
0d32,
0598,
ff1c,
fc15,
fb34,
f9a0,
f627,
f30e,
f2a6,
f53f,
f981,
fdfe,
018c,
02e1,
03ba,
0593,
07d0,
08bc,
0805,
05ec,
02de,
ffd9,
fd99,
fc93,
fc32,
fb4f,
fa0d,
f973,
fa62,
fc9b,
ff7e,
01cd,
027a,
026e,
0286,
02fa,
0370,
03c9,
0317,
012d,
ff4a,
fe3b,
fdfd,
fe4c,
fead,
fe35,
fd5e,
fd3a,
fe23,
ffe5,
0164,
01b9,
0003,
fffe,
fffa,
fff9,
fffd,
0001,
0007,
0006,
0004,
fffe,
fffa,
fff7,
ffff,
ffff,
0003,
0001,
fffd,
fff3,
0008,
ffff,
0017,
ffe9,
0020,
ffce,
0026,
ffcc,
0038,
ffc8,
003b,
ff8b,
0e93,
35b5,
0b35,
c291,
d5e0,
1132,
18d5,
2124,
4877,
168f,
e4e8,
ffb1,
0671,
e5b4,
d2f6,
cd92,
cbb1,
e13e,
f543,
fe72,
ffd4,
0c3b,
1c94,
2203,
251d,
1ac8,
0d41,
06e0,
02b3,
fd7e,
fba0,
f3fe,
ee5b,
f325,
f2fb,
eb58,
e59f,
ecbe,
f873,
fffb,
03e7,
070e,
0b84,
0fbd,
11cb,
117a,
0efa,
07ef,
00cd,
fda7,
fc17,
fa78,
f796,
f421,
f291,
f46e,
f88c,
fca7,
0082,
02e2,
03d8,
04be,
06bb,
0866,
07fa,
0623,
0382,
0097,
fde3,
fca6,
fc64,
fbc2,
fa9c,
f9de,
fa54,
fbf7,
fea9,
0154,
0285,
0282,
0263,
02ae,
032e,
03ab,
035b,
01c6,
ffb7,
fe6b,
fe05,
fe26,
fe94,
fe6e,
fdb5,
fd43,
fdd3,
ff5b,
0103,
01bd,
0004,
0001,
fffc,
fffa,
fffc,
0000,
0005,
0006,
0005,
0001,
fffc,
fff8,
fffa,
ffff,
0002,
0001,
0000,
fff5,
0002,
ffff,
0013,
fff7,
000b,
fff3,
fff3,
000a,
ffe0,
0039,
ffab,
003e,
04b3,
2ad3,
2424,
d892,
c6d8,
fade,
1b1b,
1535,
3db5,
382d,
f166,
f0d7,
06d7,
f0c6,
d6ac,
cf3d,
c7ba,
d70d,
f011,
fd5f,
019a,
06fc,
1983,
2104,
252d,
2543,
1435,
0444,
014d,
fbba,
f84a,
f6f4,
ef56,
ef9f,
f3e8,
f391,
ed22,
eaa1,
f266,
fd7b,
02e7,
048d,
07da,
0bfb,
0fad,
1142,
102c,
0b05,
03e3,
ffba,
fda6,
fb78,
f901,
f5d1,
f318,
f398,
f722,
fb16,
fee5,
0240,
03f8,
0467,
057e,
0758,
07d6,
0662,
0405,
0130,
fe9b,
fd2f,
fccc,
fc3d,
fb3e,
fa89,
fa8d,
fb9b,
fdad,
0058,
0227,
0284,
025b,
0259,
02b1,
033a,
0360,
0261,
007e,
fef4,
fe2d,
fe1c,
fe82,
fea2,
fe19,
fd82,
fdb4,
fecd,
0060,
0179,
0003,
0002,
fffe,
fffb,
fffb,
ffff,
0002,
0005,
0004,
0003,
fffd,
fffa,
fff7,
fffd,
ffff,
0003,
0001,
fffb,
fffa,
0002,
0005,
000d,
fff2,
0019,
ffcc,
0030,
ffb1,
0066,
ff7b,
00a0,
ffe0,
1933,
3104,
f922,
c70a,
dfa5,
12bb,
1572,
250f,
4924,
1406,
e8a9,
fe47,
fca5,
ddab,
d0b3,
c946,
ccbf,
e6cf,
f89c,
0232,
056f,
13d8,
221c,
22bf,
24a7,
2106,
0b95,
fb2d,
fb06,
f7fe,
f651,
f14a,
efff,
f324,
f48e,
f4ad,
f16b,
ef1e,
f4cf,
0014,
03f1,
048e,
0794,
0c4a,
0fd3,
1076,
0e07,
0829,
0269,
ff7c,
fd4d,
fa4c,
f76a,
f4ec,
f368,
f53b,
f910,
fd5f,
00f3,
033a,
0442,
04de,
060f,
06eb,
0682,
0482,
0200,
ff75,
fdc1,
fd29,
fcfa,
fc46,
fb4f,
fafa,
fb96,
fcf8,
ff20,
012a,
022e,
0259,
0230,
0221,
0270,
02fb,
02d0,
0177,
ffb8,
fe9f,
fe3a,
fe79,
fed8,
fea2,
fdf8,
fdb9,
fe4f,
ff9e,
00eb,
0003,
0003,
0001,
fffe,
fffb,
fffd,
0000,
0005,
0005,
0004,
ffff,
fffc,
fff6,
fffb,
fffe,
0002,
0001,
0001,
fff6,
0004,
fffa,
0018,
ffed,
001b,
ffdb,
0014,
ffdc,
001a,
ffed,
000e,
ffc0,
0868,
2c59,
197e,
da40,
cd5a,
f9d5,
19ee,
1412,
3a3c,
3bb4,
f9d2,
ee4d,
010a,
ebf0,
d274,
cd0a,
c810,
d90e,
f0d7,
ffae,
0690,
0e3a,
1f76,
239d,
20e1,
2161,
1a12,
0103,
f6c4,
f857,
f506,
f38f,
f160,
f319,
f3df,
f5ba,
f6f4,
f512,
f17d,
f5fb,
00c4,
0442,
046e,
0789,
0cee,
0fca,
0f64,
0c32,
06bb,
01d2,
fed8,
fc4a,
f947,
f6cb,
f4b3,
f3f9,
f6cd,
fb3b,
ff8f,
0213,
0354,
0437,
052b,
05fb,
05e5,
04db,
02fb,
00a6,
fe65,
fd63,
fd72,
fd4e,
fc91,
fbe1,
fbc2,
fc91,
fe09,
000b,
016e,
01f8,
01f5,
01bf,
01b4,
022b,
02c4,
023c,
00a9,
ff4b,
fe9f,
fe8d,
ff03,
ff39,
feb3,
fdf9,
fe01,
feda,
0024,
0003,
0004,
0003,
0001,
fffd,
fffc,
ffff,
0003,
0006,
0005,
0004,
fffd,
fffa,
fff7,
fffc,
ffff,
0003,
0001,
fffc,
fffd,
0001,
0006,
000c,
fff4,
0018,
ffcf,
0031,
ffac,
0070,
ff6b,
00ba,
fff2,
1993,
2c4f,
f9e8,
cfde,
dd27,
0db1,
16d6,
1cd9,
44de,
250b,
edfa,
f497,
fae4,
dd65,
cd77,
c953,
cdd3,
e5dd,
f854,
067d,
0c5f,
176c,
234c,
2283,
1c7c,
19fe,
12c0,
fde3,
f42b,
f4a4,
f5c7,
f2d5,
f16e,
f51e,
f5c3,
f55b,
f7c3,
f8b2,
f397,
f62b,
0098,
0491,
04ac,
0867,
0d3c,
0f22,
0e90,
0af8,
0589,
00c3,
fde5,
fbea,
f8f2,
f60b,
f498,
f573,
f8bc,
fd1e,
00d3,
027a,
0317,
03cf,
04e9,
0567,
050a,
03b6,
01b3,
ff89,
fdfe,
fda9,
fdc1,
fd96,
fd1b,
fc99,
fc8b,
fd5e,
fef2,
007e,
0162,
0191,
013e,
0117,
0175,
0237,
0264,
0182,
001f,
ff34,
fef4,
ff32,
ff98,
ff6a,
feb4,
fe12,
fe45,
ff3f,
0000,
0001,
0003,
0002,
ffff,
fffb,
fffe,
0001,
0004,
0004,
0006,
0000,
fffc,
fff7,
fffa,
fffb,
0001,
0001,
0001,
fff7,
0005,
fff8,
0017,
ffef,
0018,
ffe5,
000b,
ffeb,
ffff,
0011,
ffde,
000c,
05fd,
2822,
1a95,
e3d6,
d2d5,
eef2,
16e5,
13b9,
29fd,
42cd,
11b2,
e961,
f6d5,
f23e,
d336,
c90b,
ca4e,
d9b8,
eea0,
ff55,
0c63,
111a,
1d25,
2321,
1d9b,
1774,
1574,
0c01,
fd9e,
f47d,
f39a,
f534,
f11f,
f2aa,
f6da,
f5fb,
f452,
f826,
fb17,
f72d,
f764,
fee7,
04af,
066c,
08f2,
0c8a,
0ec2,
0dfa,
0915,
03be,
0032,
fde7,
fb8b,
f831,
f5f4,
f57c,
f706,
fa63,
fe78,
016f,
0250,
024d,
032b,
04aa,
050f,
042d,
02c9,
00e1,
feea,
fdfe,
fe1b,
fe2c,
fdd5,
fd60,
fd0d,
fd64,
fe4b,
ff89,
0096,
0111,
00ed,
0093,
00af,
015c,
0212,
01f7,
00e9,
ffd8,
ff7d,
ff91,
ffc5,
ffe3,
ff7f,
fea4,
fe28,
fe8e,
0000,
0001,
0002,
0002,
0001,
fffe,
fffc,
ffff,
0002,
0006,
0005,
0005,
fffe,
fffa,
fff6,
fffb,
fffb,
0002,
ffff,
ffff,
fffa,
0005,
fffa,
0017,
ffe6,
0027,
ffc6,
003c,
ffa5,
0063,
ff89,
0095,
ff68,
1160,
2b9d,
0292,
db7c,
dc26,
fcac,
1948,
1582,
333b,
3a9c,
032d,
e6bb,
f653,
e985,
ccc6,
c758,
d1b6,
e5b5,
f385,
04d7,
1137,
1437,
1cf1,
211d,
1aba,
1378,
0fd0,
086e,
0083,
f5f7,
f252,
f2c1,
f014,
f396,
f80a,
f5a8,
f281,
f835,
fe4e,
fbfa,
f8f0,
fd2b,
0481,
0766,
0970,
0c66,
0dc0,
0bd7,
0720,
02f9,
003a,
fdde,
fadd,
f844,
f689,
f66e,
f879,
fbb1,
ff61,
014f,
0180,
0194,
02f1,
048f,
0491,
0368,
0207,
0079,
fecb,
fe43,
fe90,
fe70,
fdec,
fd73,
fd86,
fe09,
feff,
0005,
0085,
0098,
0060,
002e,
0070,
013e,
01cd,
0183,
009e,
fff2,
ffda,
0000,
002d,
0005,
ff5a,
fe8f,
fe57,
0000,
0001,
0001,
0003,
0004,
0001,
fffe,
fffe,
0002,
0005,
0006,
0007,
0005,
fffe,
fffb,
fff9,
fffd,
fffe,
0004,
0001,
fffc,
0002,
0001,
0008,
0008,
fff7,
0017,
ffd5,
0035,
ffa2,
0080,
ff60,
00c3,
00f9,
1dc8,
22c6,
ee6a,
debd,
e494,
05dc,
1a9f,
18f7,
3796,
311b,
f75d,
e310,
f5ec,
e4df,
c78b,
c96b,
dd91,
ec18,
f5cf,
0b8f,
125a,
12f0,
1e92,
204a,
1589,
10b3,
0e60,
05f6,
0075,
f9af,
f11d,
edd1,
f088,
f502,
f73f,
f467,
f2f1,
f935,
009d,
009a,
fc04,
fc21,
026f,
07b8,
0aad,
0c04,
0b4b,
0929,
061b,
0303,
0039,
fdc8,
fad1,
f89a,
f70d,
f749,
f9ad,
fcbc,
ff6e,
009e,
011a,
01a9,
02e0,
0436,
043b,
02fa,
015c,
001e,
ff11,
feb0,
feb9,
fe6b,
fdf0,
fd98,
fdd6,
fe61,
ff4c,
0052,
00c9,
007d,
ffec,
ffd9,
007f,
012c,
017a,
012d,
0080,
0014,
000f,
0042,
0046,
fff6,
ff3c,
fe8e,
0000,
fffe,
ffff,
0001,
0002,
0000,
fffe,
fffd,
fffe,
0001,
0006,
0005,
0005,
0000,
fffc,
fff7,
fff9,
fffb,
ffff,
0002,
ffff,
fff9,
0007,
fff7,
0014,
fff3,
0011,
fff0,
0000,
ffff,
ffde,
003e,
ffa9,
0052,
05a2,
262e,
1184,
e50d,
e65f,
e959,
0daa,
1b25,
1c00,
38ec,
26ae,
eb04,
e287,
f915,
e089,
c3dc,
cf81,
e7f0,
ee3a,
f830,
0ec9,
11c2,
143c,
1ed9,
1d55,
1302,
1035,
0ca7,
03ba,
ffe8,
fb76,
f015,
eb29,
f096,
f504,
f62c,
f422,
f496,
fb73,
024b,
02ef,
ffcb,
fcd1,
ff1e,
06d8,
0c2b,
0ae8,
083b,
0741,
05c2,
02e3,
0055,
fe23,
faf3,
f87c,
f785,
f808,
fa2e,
fd75,
ff62,
002c,
010c,
021d,
0309,
03b9,
03c5,
02b3,
012d,
ffbc,
fefa,
fef2,
fee8,
fe57,
fdc0,
fda4,
fdec,
fe78,
ff9b,
00ae,
0102,
0086,
ffdf,
ffd8,
0087,
012d,
0144,
00bd,
002c,
000d,
002e,
0034,
002a,
ffdc,
ff21,
0001,
0000,
ffff,
ffff,
0001,
0003,
0001,
ffff,
fffe,
0000,
0004,
0007,
0005,
0007,
0000,
fffd,
fff7,
fffc,
fffc,
0002,
0000,
fffe,
fffa,
0009,
fff7,
001c,
ffe7,
0026,
ffd1,
002f,
ffc0,
003b,
ffce,
003a,
ffbb,
0cbb,
26ef,
ff73,
e6d7,
ec19,
ed1f,
1453,
1a2d,
1df5,
363a,
1b16,
e24e,
e709,
fd9a,
dab1,
c195,
d997,
ef91,
eb76,
fac4,
131b,
1077,
1349,
1f64,
1be6,
1030,
0fbe,
0b7c,
021a,
fe93,
fa97,
f116,
eaef,
ef85,
f56e,
f54a,
f3f9,
f759,
fe7d,
0282,
0393,
02b9,
fe47,
fd91,
0571,
0bf4,
095d,
069f,
0648,
0506,
0272,
009b,
fe67,
faad,
f841,
f7d0,
f891,
fadb,
fe26,
ffa6,
003e,
016c,
0272,
0315,
0374,
0342,
024b,
00dc,
ff79,
febe,
fee6,
feef,
fe74,
fdb9,
fd7d,
fdef,
fee5,
0018,
00dd,
00fd,
0082,
001a,
0049,
00bc,
00fe,
00e5,
005e,
ffd5,
ffcb,
001c,
0022,
fff9,
ffae,
0001,
0001,
ffff,
ffff,
ffff,
0001,
0001,
ffff,
ffff,
fffe,
0000,
0004,
0006,
0004,
0005,
ffff,
fffb,
fff7,
fffc,
fffa,
0002,
ffff,
fffc,
fffe,
0005,
fffb,
0015,
ffe9,
0025,
ffc8,
0040,
ffa1,
0070,
ff80,
009a,
ffd6,
13e6,
213d,
f316,
ece2,
ed47,
f174,
19d4,
1892,
1e0e,
3382,
106c,
dd04,
efda,
fed1,
d31c,
c465,
e380,
ef59,
e97d,
0172,
13ce,
0d91,
153f,
20a9,
187e,
0e9a,
0fd7,
0988,
0092,
fce4,
f828,
f0c6,
ed62,
f046,
f4da,
f53a,
f50c,
fa2c,
00d2,
02f3,
0360,
02ab,
ff73,
fee6,
0465,
091c,
07fa,
0698,
05d6,
040c,
01f6,
00dd,
fdf2,
fa31,
f85e,
f7d5,
f8f0,
fbbc,
fe7a,
ffed,
00f9,
0208,
02ab,
0343,
0398,
02fb,
01d0,
0073,
ff1a,
fe53,
fe8e,
fe91,
fe1c,
fdac,
fda8,
fe21,
ff50,
00af,
014f,
0112,
009b,
0072,
00b7,
00f5,
00c7,
0068,
ffd1,
ff6d,
ff8d,
ffd8,
ffdf,
ffd4,
0003,
0001,
0000,
0000,
ffff,
0000,
0001,
0001,
0000,
ffff,
ffff,
0001,
0004,
0006,
0006,
0005,
ffff,
fffb,
fff9,
fffc,
fffb,
0002,
ffff,
fffb,
0003,
0000,
0005,
000a,
fff6,
0016,
ffd8,
0032,
ffae,
006d,
ff7b,
0099,
0111,
18bd,
17e2,
edef,
f369,
ecc8,
f7a5,
1b76,
14bc,
1f35,
2ebf,
0704,
df5b,
f778,
fb23,
cf75,
ca2d,
e823,
ee62,
ec26,
04dc,
11cd,
0dd0,
16dd,
1f0c,
159d,
0dfb,
0f25,
0806,
ff1f,
faf0,
f63f,
f0ed,
f09e,
f275,
f478,
f539,
f654,
fc07,
021f,
0332,
024c,
0154,
00a8,
01ae,
04a4,
063a,
0660,
06be,
0598,
02f9,
00f1,
ffef,
fd13,
fa00,
f8a3,
f868,
f99d,
fc7a,
ff4a,
00be,
01b3,
0278,
02f4,
0369,
037c,
029c,
0126,
ffc8,
fe83,
fdf3,
fe3a,
fe3e,
fdd8,
fda8,
fe22,
fed3,
ffdf,
00f8,
0179,
013f,
00bf,
009d,
00dd,
00fa,
00b2,
001a,
ff6f,
ff19,
ff41,
ff87,
ff97,
0002,
0001,
0000,
0000,
fffe,
ffff,
ffff,
0000,
0000,
fffe,
fffe,
fffe,
0001,
0004,
0004,
0004,
0003,
fffe,
fffa,
fffa,
fffb,
fffb,
0000,
fffd,
fffa,
0005,
fffc,
0009,
fffe,
0003,
0004,
ffed,
0019,
ffcc,
004a,
ff9f,
0064,
02d9,
1a7b,
0f53,
edc2,
f738,
ed0c,
fcd1,
19d0,
131f,
1f0b,
295c,
0243,
e2f6,
fb9c,
f808,
ce44,
ce30,
ec54,
ef02,
ed5d,
06b4,
11a5,
0d9e,
16a1,
1d86,
1306,
0d55,
0ea7,
0648,
fce4,
f9ac,
f656,
f168,
f263,
f57d,
f593,
f4d2,
f743,
fd78,
026c,
0274,
0117,
00a9,
01ac,
03d8,
05ac,
04fe,
04d3,
05f4,
04b6,
01b3,
ffc2,
feb6,
fc3e,
f9fa,
f923,
f942,
faaa,
fd99,
0031,
0170,
023f,
02d8,
0325,
037f,
0336,
01f2,
0059,
ff0a,
fe09,
fdbe,
fdf9,
fdf1,
fdc7,
fdea,
fe90,
ff75,
0073,
0127,
0171,
014f,
00f4,
00c3,
00e3,
00c8,
007c,
0002,
ff4f,
fed5,
fee9,
ff2e,
0000,
0002,
0003,
0002,
0002,
0001,
ffff,
ffff,
0000,
0001,
0000,
fffe,
fffd,
fffe,
0001,
0003,
0005,
0006,
0004,
0000,
fffd,
fffb,
fffc,
fffd,
0000,
fffe,
fffc,
0000,
fffc,
0007,
0004,
0003,
0008,
ffee,
0019,
ffd3,
0041,
ffad,
0060,
01c7,
14b6,
137a,
fae5,
f3f3,
e8f5,
fb91,
0f77,
150b,
2502,
1bcd,
fa18,
f2df,
00eb,
f112,
d6c1,
d69b,
e832,
efa7,
f4f9,
0475,
0a3c,
0d6c,
158c,
1761,
1376,
0ff0,
091f,
00a0,
fceb,
fadc,
f9a0,
f7ef,
f76b,
f73f,
f680,
f604,
f856,
fc75,
fd4e,
fe46,
038b,
06f5,
06a0,
06cf,
06d5,
0447,
0186,
0029,
fdd5,
fb13,
fa71,
fbe3,
fc3d,
fba4,
fb82,
fca4,
ff02,
019a,
033f,
0380,
0350,
0312,
02ef,
029a,
01de,
00b9,
ff37,
fdcc,
fd12,
fcf3,
fd0d,
fd21,
fd67,
fdca,
fe7d,
ff83,
00dd,
0229,
02bd,
0276,
01d0,
015d,
0109,
00bc,
0054,
ff99,
febe,
fe4d,
0001,
0002,
0002,
0003,
0003,
0002,
0001,
0000,
0000,
0001,
0001,
0000,
ffff,
fffe,
ffff,
0000,
0003,
0005,
0005,
0004,
0001,
fffd,
fffc,
fffd,
fffd,
0000,
fffe,
fffc,
0001,
fffc,
0009,
0000,
0007,
ffff,
fffa,
000b,
ffe5,
0029,
ffd0,
0038,
0289,
13c1,
0fca,
fb50,
f569,
ebf1,
fc12,
0e1d,
14c0,
20e7,
1873,
fb62,
f5e1,
0145,
f155,
d8d0,
da4d,
eb3b,
ef8d,
f4b6,
046f,
0940,
0bd4,
1408,
1609,
11d5,
0df0,
07f6,
0184,
fdf0,
fbba,
fa68,
f85c,
f810,
f810,
f74a,
f6cc,
f89f,
fbd3,
fdc0,
000c,
03b9,
05ac,
0537,
0560,
05bf,
03d7,
013b,
ffb9,
fe3b,
fc4e,
fb46,
fba8,
fc0d,
fbef,
fbc7,
fccc,
ff18,
019b,
02fa,
0342,
0344,
0307,
02b6,
024f,
01ac,
0086,
ff19,
fde2,
fd4c,
fd46,
fd60,
fd7c,
fdb0,
fe0b,
fec1,
ffac,
00c5,
01d5,
0260,
0225,
018e,
0114,
00cf,
00bf,
007b,
ffc7,
fee2,
0001,
0000,
0000,
0002,
0003,
0002,
0001,
0001,
0000,
0000,
0000,
0001,
0000,
ffff,
fffd,
fffe,
0001,
0003,
0004,
0005,
0003,
0000,
fffc,
fffc,
fffc,
fffe,
0000,
fffe,
fffc,
0001,
fffc,
000a,
fffe,
000b,
fff8,
0006,
fffb,
fffc,
0011,
fff3,
000e,
03cd,
12fd,
0bd3,
fbaf,
f5c6,
edbc,
fea2,
0dce,
1408,
1eb1,
1421,
fade,
f9b1,
00f1,
eed4,
dadb,
dfcc,
ed06,
ef19,
f70a,
04d8,
078e,
0b99,
135c,
13f9,
0fb7,
0c1f,
0707,
01cd,
fe86,
fc99,
fa8d,
f881,
f8eb,
f8af,
f7b5,
f783,
f942,
fbce,
fea2,
023e,
040d,
0388,
0362,
0446,
04b9,
02ec,
00a4,
ff7a,
fe49,
fd38,
fcae,
fc3d,
fbf1,
fc38,
fc41,
fd21,
ff4a,
0179,
0292,
02c2,
02e3,
02c7,
0267,
0208,
0166,
0049,
ff16,
fe25,
fdaa,
fda1,
fdd5,
fdff,
fe0d,
fe47,
feef,
ffc5,
00a9,
017b,
01d9,
01a3,
0143,
00eb,
00c3,
00a9,
0063,
ffd0,
0001,
0000,
0000,
0000,
0001,
0002,
0002,
0002,
0000,
ffff,
0000,
0000,
0001,
0000,
ffff,
fffe,
ffff,
0000,
0003,
0003,
0004,
0002,
ffff,
fffc,
fffd,
fffd,
fffe,
ffff,
fffe,
fffd,
0001,
fffd,
0009,
fffd,
000b,
fff5,
000a,
fff3,
0008,
0001,
0006,
0001,
0491,
117b,
0969,
fc71,
f56c,
efd7,
00e1,
0c73,
138c,
1c80,
1014,
fbda,
fcd2,
ff79,
ed9c,
def3,
e3f0,
ed15,
f01f,
f925,
03b9,
0645,
0b87,
11d0,
11a1,
0e18,
0ad6,
069b,
0284,
ff86,
fcc6,
fa49,
f97c,
f9aa,
f8dc,
f851,
f897,
fa01,
fc36,
ffa8,
02a9,
02cf,
0197,
01fa,
036e,
03b3,
01ed,
0071,
ffc4,
fed4,
fe4e,
fdf8,
fd37,
fc79,
fc55,
fc8d,
fd70,
ff0a,
00c7,
01d4,
0243,
024b,
0225,
021b,
01f6,
0163,
006a,
ff5e,
fe94,
fe36,
fe32,
fe4c,
fe52,
fe51,
fe73,
fee7,
ff99,
006e,
0103,
013b,
012e,
0108,
00dc,
00ac,
0085,
004e,
ffff,
0000,
0000,
0000,
0000,
0001,
0002,
0002,
0001,
0001,
0000,
0000,
0000,
0001,
0001,
ffff,
fffe,
ffff,
0001,
0003,
0003,
0004,
0001,
ffff,
fffd,
fffd,
fffd,
ffff,
ffff,
ffff,
fffe,
0001,
fffe,
0009,
fffe,
000a,
fff7,
000b,
fff2,
000f,
fff8,
0012,
0000,
04d4,
0fd2,
0837,
fcc1,
f517,
f296,
01c7,
0b11,
1355,
19a4,
0d3e,
fdb6,
fe98,
fdbb,
ee81,
e361,
e60c,
ed70,
f201,
f9ff,
0231,
0593,
0ad6,
0fb9,
0fdb,
0cbc,
0a0d,
0706,
0355,
ff79,
fc74,
fb05,
fa51,
fa18,
f99b,
f988,
f9cf,
fa71,
fc4b,
ff84,
01a5,
0127,
002a,
0105,
0302,
02d7,
0116,
00d3,
00a8,
ffc9,
ff34,
ff26,
fe56,
fd02,
fc73,
fc9b,
fd4b,
fe5e,
ffe0,
00f7,
018c,
01bf,
01b0,
01eb,
021e,
01c3,
00cf,
ffc2,
ff19,
fec6,
feb2,
fea9,
fe82,
fe5d,
fe74,
fed1,
ff5c,
0000,
007f,
00cc,
00e6,
00c3,
009f,
0095,
0093,
fffe,
0000,
0000,
0000,
ffff,
0000,
0001,
0001,
0002,
0001,
0000,
0000,
ffff,
0000,
0001,
0000,
ffff,
fffe,
ffff,
0001,
0002,
0003,
0003,
0000,
ffff,
fffd,
fffd,
fffd,
fffe,
ffff,
ffff,
fffe,
0001,
ffff,
0008,
fffd,
0009,
fff7,
0009,
fff4,
000e,
fff6,
0016,
0000,
04ab,
0e4c,
079d,
fca9,
f599,
f507,
0191,
0a2c,
1296,
16b5,
0bc9,
ff8f,
ff27,
fcee,
f0c6,
e6af,
e769,
ee96,
f3a2,
f9da,
00f6,
04dc,
0988,
0e11,
0e63,
0bd3,
09e8,
0734,
034a,
ff0e,
fcbb,
fc09,
fb50,
fb21,
faf5,
fabe,
f9d0,
f9a2,
fc21,
ff36,
ffb2,
ff0a,
ffb5,
0152,
0278,
01f8,
0144,
01b4,
01bb,
00cf,
000c,
ffcd,
ff23,
fda4,
fc48,
fc16,
fcc6,
fdc9,
fefa,
001c,
00f7,
015e,
0199,
020e,
026b,
0208,
0127,
0056,
ffaa,
ff39,
ff02,
fed2,
fe91,
fe56,
fe5a,
fe99,
ff07,
ff9e,
0027,
0076,
0087,
0081,
0089,
00a8,
fffd,
fffe,
0000,
0000,
0000,
0000,
0000,
0001,
0002,
0001,
0001,
0001,
0000,
0000,
0002,
0002,
0001,
0000,
ffff,
0000,
0001,
0002,
0002,
0003,
0001,
0000,
fffe,
fffe,
fffe,
ffff,
0000,
0000,
ffff,
0002,
0001,
0007,
fffd,
0009,
fff9,
000b,
fff6,
000b,
fffc,
000f,
0004,
043c,
0cf6,
072f,
fcad,
f6b8,
f69e,
010d,
0983,
1145,
1456,
0b30,
00bd,
ff71,
fd3a,
f312,
e936,
e8f6,
effe,
f492,
f964,
ffe3,
03e9,
0872,
0cf3,
0d2b,
0ad9,
0996,
0708,
02a4,
ff0e,
fe06,
fd76,
fce4,
fc89,
fb53,
fa11,
f8f0,
f974,
fbd7,
fdb7,
fda9,
fe2f,
0044,
01dd,
01f7,
019b,
022d,
02fc,
029c,
0155,
008d,
005a,
ff76,
fd91,
fbee,
fb96,
fc4d,
fd42,
fe5f,
ff86,
008f,
0145,
01c6,
0241,
0280,
0244,
019a,
00e9,
0034,
ff8e,
ff0d,
feb9,
fe89,
fe52,
fe35,
fe5c,
fec0,
ff49,
ffcf,
0030,
0059,
0079,
00a1,
fffd,
fffd,
fffe,
ffff,
0000,
ffff,
ffff,
0000,
0001,
0001,
0001,
0001,
0000,
0000,
0000,
0000,
0001,
0000,
ffff,
fffe,
ffff,
ffff,
0000,
0001,
0001,
0000,
fffe,
fffd,
fffd,
fffd,
fffe,
ffff,
ffff,
fffe,
0001,
0000,
0004,
fffc,
0007,
fffb,
0008,
fff6,
000a,
fffb,
0008,
000a,
03a0,
0bb3,
06df,
fd09,
f7f0,
f78c,
008f,
08b9,
0fc7,
128f,
0ac9,
0198,
ffde,
fdf0,
f51d,
eb84,
eaa5,
f11d,
f511,
f8da,
fefd,
0363,
07f3,
0b78,
0b5d,
0a09,
090c,
0659,
02b2,
0062,
ffd8,
ff5b,
fdae,
fbb1,
fa86,
f9ae,
f843,
f8a2,
fb35,
fc95,
fcb8,
fe97,
013d,
0221,
01a0,
0234,
0373,
03b0,
02c9,
0194,
00c9,
0024,
ff26,
fd60,
fbcb,
fb5e,
fbf8,
fced,
fe0d,
ff4c,
0060,
0133,
01e5,
026b,
02a2,
027c,
020e,
015f,
006d,
ff81,
fee9,
feac,
fe85,
fe4a,
fe0b,
fe12,
fe72,
ff06,
ffab,
0024,
005e,
0089,
fffe,
fffe,
fffd,
fffe,
ffff,
0000,
0000,
0000,
0000,
0001,
0002,
0002,
0002,
0001,
0000,
0001,
0002,
0002,
0000,
ffff,
ffff,
ffff,
0000,
0001,
0002,
0002,
0001,
0000,
fffe,
ffff,
fffe,
ffff,
0001,
0000,
ffff,
0003,
0001,
0004,
ffff,
0008,
ffff,
0006,
fffa,
0008,
fffd,
000c,
0008,
02f9,
0a80,
06a9,
fdad,
f914,
f82b,
000f,
07d1,
0e57,
1115,
0a9e,
0251,
0054,
fed5,
f6fc,
edaf,
ec46,
f207,
f55c,
f8ab,
fed3,
0300,
06ab,
0952,
09a0,
0971,
08bc,
0670,
0410,
028d,
00f7,
fed5,
fcaf,
fb47,
fa19,
f867,
f73c,
f8c4,
fb3a,
fc22,
fd13,
ff99,
01e2,
0257,
020f,
02e6,
03f3,
03b9,
0291,
0154,
0072,
ffe2,
feee,
fd42,
fbe1,
fb6c,
fbda,
fcc8,
fe05,
ff3a,
004a,
013e,
020b,
029c,
02c6,
02ae,
0242,
0161,
004f,
ff74,
fef4,
fea3,
fe67,
fe27,
fddd,
fddb,
fe53,
ff14,
ffb4,
0032,
0089,
ffff,
fffe,
fffd,
fffd,
fffe,
ffff,
0000,
0000,
0000,
0000,
0001,
0001,
0002,
0002,
0001,
0001,
0000,
0000,
0001,
0000,
ffff,
ffff,
ffff,
0000,
0000,
0001,
0001,
0000,
ffff,
fffe,
fffe,
fffe,
ffff,
0000,
ffff,
ffff,
0002,
ffff,
0002,
ffff,
0009,
ffff,
0003,
fffb,
0004,
0002,
0009,
0000,
025d,
094b,
067e,
fe82,
fa1a,
f890,
ff8e,
06dc,
0ce6,
0ffb,
0a99,
02c5,
00d8,
ffcc,
f888,
efb9,
ee00,
f2f1,
f607,
f8e5,
fe42,
01d8,
049f,
0742,
091d,
0980,
08f9,
07f6,
0550,
01df,
ffca,
fe93,
fc40,
fa26,
f8e3,
f79e,
f7c4,
f9ed,
fb9f,
fc5a,
fe05,
00bd,
025c,
0272,
024f,
030c,
0390,
0304,
021c,
010d,
0042,
ffb5,
fec1,
fd50,
fc28,
fba0,
fbdc,
fcdd,
fe25,
ff51,
0069,
0161,
021e,
0299,
02c7,
02a7,
0217,
012d,
003b,
ff75,
fee8,
fe83,
fe3f,
fdf9,
fdc8,
fdf9,
fe7f,
ff33,
ffe1,
006f,
0001,
ffff,
fffe,
fffd,
fffd,
fffe,
ffff,
ffff,
ffff,
0000,
0000,
0000,
0002,
0002,
0002,
0001,
0000,
0000,
0000,
0000,
ffff,
0000,
ffff,
ffff,
0000,
0000,
0001,
0002,
0001,
0000,
ffff,
fffe,
fffd,
0000,
0001,
0000,
0000,
0001,
fffe,
0002,
0000,
0009,
ffff,
0001,
fffd,
0004,
0005,
0002,
0001,
01d6,
0814,
0662,
ff6e,
faf9,
f8de,
ff0d,
05d2,
0ba6,
0f37,
0a98,
031c,
015a,
0097,
f9e6,
f1fb,
f03b,
f401,
f630,
f864,
fcf0,
0080,
037a,
06ae,
097b,
0a56,
098c,
06f9,
0395,
0120,
ff80,
fd9a,
faee,
f983,
f8c4,
f877,
f995,
fb1e,
fc12,
fd50,
ff56,
0144,
023f,
0238,
01e0,
0230,
02b0,
0292,
01dd,
00e7,
0030,
ff8a,
febe,
fd9a,
fc68,
fbde,
fc3f,
fd39,
fe5f,
ff86,
0092,
0157,
01fd,
027c,
0297,
0255,
01d3,
00ff,
0010,
ff57,
fec6,
fe68,
fe25,
fdfe,
fe0b,
fe4d,
fed1,
ff7b,
0020,
0001,
0000,
ffff,
fffe,
fffd,
fffd,
fffd,
fffe,
ffff,
ffff,
0000,
0000,
0001,
0001,
0001,
0001,
0001,
0000,
0000,
0000,
ffff,
0000,
ffff,
ffff,
ffff,
0000,
0000,
0000,
0001,
0000,
0000,
ffff,
fffe,
fffe,
0000,
0000,
0000,
ffff,
0000,
fffe,
0001,
0002,
0008,
fffe,
ffff,
0000,
0003,
0003,
fffc,
0005,
015a,
06e0,
064c,
0065,
fbd5,
f920,
fe62,
04c5,
0a9a,
0eb3,
0a9b,
0340,
01c6,
017a,
fbdf,
f4da,
f1ff,
f3bc,
f525,
f7c9,
fce8,
0044,
033c,
07af,
09c1,
0862,
074a,
05a9,
0294,
ffe8,
fe67,
fcdf,
fb08,
fa5e,
f9f8,
fa2d,
fb59,
fc56,
fcfc,
fe2b,
ffc3,
010a,
0185,
0123,
00d0,
0162,
0237,
0269,
01c4,
00c7,
0024,
ff9c,
fed5,
fdd3,
fcf9,
fc80,
fcb9,
fd98,
fea7,
ffa0,
0081,
013c,
01b9,
0218,
0239,
0202,
0172,
00b0,
ffe0,
ff2b,
febe,
fe80,
fe55,
fe4c,
fe7e,
fecb,
ff2c,
ffad,
0002,
0001,
0001,
0000,
ffff,
fffe,
fffd,
fffe,
ffff,
0000,
0000,
0000,
0000,
0001,
0001,
0001,
0001,
0001,
0000,
0000,
0000,
0000,
0001,
0001,
0000,
ffff,
0000,
0000,
0000,
0001,
0001,
0000,
ffff,
ffff,
ffff,
0000,
0001,
0001,
ffff,
0000,
ffff,
0002,
0004,
0004,
0000,
ffff,
0003,
0003,
0001,
fffc,
000f,
00f8,
05bd,
0629,
014f,
fcb7,
f948,
fda5,
03d8,
09d9,
0e5b,
0a6c,
036c,
02a9,
0333,
fddb,
f61f,
f1cb,
f2fe,
f5cc,
f8e0,
fd95,
0162,
03bb,
057e,
0651,
0694,
05d8,
0381,
00c4,
ff29,
feae,
fe01,
fcab,
fba6,
fb78,
fc6b,
fd1f,
fd06,
fd55,
fe3b,
ff38,
0007,
0045,
ffed,
fffb,
011c,
0238,
0236,
0186,
00ed,
0043,
ffa0,
ff42,
fe82,
fd91,
fd09,
fd4b,
fdee,
feb5,
ff9f,
0050,
00db,
014f,
01b2,
01c4,
017b,
0110,
0067,
ffbd,
ff47,
ff01,
fed1,
feb3,
fed7,
feff,
ff20,
ff58,
0001,
0001,
0001,
0001,
0000,
ffff,
fffe,
fffd,
fffe,
ffff,
0000,
0000,
ffff,
0000,
0000,
0000,
0001,
0001,
0000,
0000,
0000,
0000,
0000,
0000,
0000,
ffff,
ffff,
ffff,
ffff,
0000,
0000,
0000,
0000,
ffff,
ffff,
ffff,
ffff,
0000,
0000,
ffff,
ffff,
ffff,
0002,
0003,
0003,
0002,
fffb,
0009,
fffd,
fffd,
0000,
0017,
00a4,
04bb,
05f9,
0228,
fd9f,
f953,
fcd0,
030e,
096e,
0e12,
0a8c,
04a6,
03f7,
038d,
fd3b,
f643,
f36e,
f47e,
f733,
fb65,
ff08,
ff0f,
0019,
02fd,
0427,
03f0,
0346,
01d2,
0068,
00d3,
00f9,
ff90,
fe17,
fd92,
fda9,
fdf5,
fdbe,
fce6,
fcab,
fd51,
fe40,
fed5,
feff,
ff36,
fff5,
0122,
01e8,
0206,
01b7,
0111,
0086,
0042,
ffd1,
fef8,
fe29,
fdae,
fd9d,
fe03,
feaa,
ff45,
ffe0,
0079,
00de,
011d,
0130,
010c,
00c0,
0066,
0000,
ffa5,
ff63,
ff3f,
ff3b,
ff45,
ff45,
ff3d,
0002,
0002,
0002,
0002,
0002,
0002,
0001,
ffff,
0000,
0000,
0001,
0000,
0000,
0001,
0000,
0000,
0001,
0002,
0001,
0002,
0001,
0001,
0001,
0001,
0001,
0001,
0000,
0000,
0000,
0000,
0001,
0001,
0002,
0002,
0000,
0000,
0000,
0000,
0001,
0002,
ffff,
0000,
0001,
0002,
0003,
0005,
0002,
fffd,
000f,
fff5,
fffe,
0007,
001e,
006d,
03eb,
05b5,
02ed,
fe7a,
f926,
fbd9,
02ac,
09ce,
0ee5,
0b8c,
049b,
01ff,
022f,
fed6,
f921,
f5ae,
f76f,
f9d4,
fa1a,
fb3c,
fca5,
fdf2,
ff60,
0102,
01e7,
0211,
0289,
0327,
035b,
0276,
0194,
003e,
ff00,
feba,
fe6c,
fcf8,
fb89,
fba5,
fc6f,
fd2d,
fdd5,
fea2,
ff32,
ffcf,
0105,
01f7,
0222,
01ee,
01a7,
012f,
00ad,
0046,
ff8b,
fea2,
fdec,
fdb6,
fdd9,
fe30,
fee0,
ff86,
fffc,
004c,
0094,
00c7,
00e4,
00eb,
00bd,
006b,
0011,
ffd5,
ffac,
ff8b,
ff73,
ff4e,
0001,
0001,
0001,
0001,
0001,
0002,
0001,
0000,
ffff,
fffe,
ffff,
ffff,
ffff,
0000,
ffff,
ffff,
0000,
0000,
0001,
0001,
0001,
0001,
0001,
0001,
0001,
0001,
0000,
0000,
0000,
ffff,
ffff,
0001,
0001,
0001,
0000,
ffff,
ffff,
0000,
0000,
0003,
0001,
fffe,
0001,
ffff,
0001,
0004,
0004,
0001,
0003,
000c,
ffeb,
0005,
0013,
0024,
003e,
034d,
0587,
03a3,
fef9,
f897,
fb37,
03ed,
0c50,
0ed1,
082d,
01fb,
02b2,
04be,
014a,
fcd7,
f932,
f648,
f675,
f83b,
f925,
f922,
fa57,
fcca,
ff89,
0244,
044b,
0504,
054e,
05cd,
04d5,
02de,
00fe,
ff8b,
fe67,
fd1b,
fb54,
fa57,
fac0,
fbbb,
fcc4,
fdb0,
fe6c,
ff00,
0020,
0158,
021a,
0286,
0299,
022e,
0197,
0137,
00a9,
ffb7,
feaf,
fdcf,
fd5d,
fd5e,
fdde,
fe8b,
ff0c,
ff7c,
ffe2,
0062,
00da,
0135,
014b,
011f,
00d1,
0071,
0023,
ffd8,
ff96,
ff5c,
0000,
0002,
0002,
0003,
0003,
0003,
0003,
0002,
0001,
ffff,
fffe,
fffe,
ffff,
ffff,
0000,
ffff,
0000,
0001,
0001,
0001,
0001,
0002,
0001,
0001,
0001,
0000,
0000,
0001,
0000,
0000,
0000,
ffff,
0000,
0001,
0001,
0000,
0000,
0000,
0000,
0000,
0001,
ffff,
fffe,
0000,
fffe,
0002,
0003,
0004,
0005,
0003,
ffff,
ffeb,
001d,
0018,
000d,
0024,
030b,
0584,
043f,
fedc,
f874,
fd0d,
0604,
0a93,
0a5b,
074b,
04db,
0532,
07de,
053a,
fc24,
f4ed,
f497,
f555,
f45e,
f555,
f711,
f8ae,
fcaa,
0211,
04fb,
05fc,
078a,
0897,
077c,
052c,
030f,
0079,
fe5f,
fcf6,
fb5b,
f9d5,
f99b,
faa3,
fbc3,
fca2,
fd7c,
fe88,
ff9e,
00ad,
01bf,
02a7,
0312,
0305,
02a7,
021f,
015e,
0081,
ff64,
fe39,
fd54,
fcf6,
fd1e,
fd91,
fe24,
feb1,
ff4c,
0000,
00bf,
014f,
0198,
019a,
016b,
0116,
00a9,
0025,
ffa2,
ff4b,
0000,
0001,
0002,
0003,
0003,
0003,
0002,
0003,
0001,
0001,
ffff,
fffe,
fffe,
fffe,
fffe,
0000,
0000,
0001,
0001,
0001,
0002,
0002,
0001,
0002,
0001,
0001,
0000,
0000,
0001,
0000,
0000,
ffff,
ffff,
0000,
0001,
0001,
0001,
0001,
0000,
ffff,
ffff,
0001,
ffff,
ffff,
0001,
ffff,
0002,
0003,
000b,
0003,
fff8,
ffff,
000a,
001e,
0004,
fff7,
004e,
032d,
05db,
0542,
ffa9,
f8d0,
fae2,
03aa,
0b8d,
0c31,
08df,
0848,
095f,
06c2,
006d,
f9bc,
f320,
f0bf,
f188,
f243,
f45a,
f752,
fb0f,
ffe1,
045a,
075e,
092c,
09ee,
0968,
0748,
0428,
016a,
fef6,
fcd4,
fb00,
f9e3,
f987,
f9dc,
fab8,
fbc8,
fcd9,
fe04,
ff5b,
0070,
015b,
0255,
032b,
0382,
0378,
02fd,
01f2,
00c4,
ffc2,
feb9,
fdab,
fcf4,
fcc0,
fcd7,
fd4f,
fe0e,
fede,
ffc6,
00aa,
0148,
019c,
01d0,
01d2,
019d,
0122,
005e,
ff9b,
ff3f,
ffff,
0000,
0001,
0002,
0003,
0002,
0003,
0002,
0001,
0000,
fffe,
fffe,
fffe,
fffd,
fffe,
0000,
0000,
0000,
0000,
0001,
0001,
0002,
0002,
0002,
0001,
0000,
0000,
0000,
0000,
0000,
0000,
0000,
ffff,
ffff,
0000,
0002,
0002,
0001,
0001,
ffff,
fffe,
0000,
0002,
ffff,
0000,
ffff,
0000,
0004,
0007,
000b,
fff4,
ffff,
0015,
0013,
fffd,
fffc,
ffef,
00f1,
045a,
091c,
06ce,
f88a,
f202,
fda8,
0bd4,
0f52,
0cf7,
0ba4,
07b0,
04e8,
03fa,
fdfa,
f386,
edaa,
ef3d,
f131,
f332,
f75a,
fad2,
fdd8,
0306,
0804,
09ed,
0a32,
09ff,
0836,
0502,
0212,
ff99,
fcf9,
faf4,
fa20,
f9d9,
f99d,
fa01,
fb30,
fc79,
fdcf,
ff36,
0045,
0115,
020c,
02fd,
03a2,
03d7,
036b,
0240,
00db,
ffd7,
ff0a,
fe1e,
fd3f,
fca5,
fc76,
fcd3,
fda7,
feb5,
ffb7,
008e,
0125,
017e,
01c8,
0205,
01e3,
0143,
0064,
ffaf,
ff5a,
ffff,
ffff,
0001,
0002,
0002,
0003,
0002,
0002,
0001,
0000,
fffe,
fffe,
fffe,
fffd,
ffff,
ffff,
0000,
0000,
0001,
0001,
0000,
0001,
0001,
0001,
0001,
0000,
0000,
0000,
0000,
0000,
0000,
ffff,
0000,
ffff,
0001,
0002,
0001,
0001,
ffff,
ffff,
fffe,
ffff,
0001,
0000,
fffe,
fffe,
ffff,
0006,
0003,
0008,
fffe,
fff9,
0014,
001c,
fff4,
ffee,
fff3,
00ba,
0502,
0974,
067e,
f83f,
f0ff,
fd1f,
0b14,
1155,
0f9a,
091e,
057e,
06d1,
049b,
fbde,
f41b,
ef74,
ee43,
f0ff,
f531,
f7f2,
fa39,
fe2b,
02dd,
06d4,
0933,
0a08,
0914,
077e,
057e,
02a5,
ffa0,
fd3b,
fba7,
faa6,
fa03,
f9b6,
fa10,
fb03,
fc5d,
fdfd,
ff5d,
000e,
00dc,
01fa,
02e9,
0376,
03a7,
0329,
0207,
00d9,
ffe9,
ff2b,
fe62,
fd84,
fcca,
fc7b,
fcdb,
fdc7,
fed9,
ffc2,
006c,
00f9,
0155,
01ae,
01f0,
01bc,
0106,
004c,
ffe5,
ff93,
ffff,
0000,
0001,
0002,
0002,
0002,
0002,
0001,
0001,
ffff,
fffe,
fffe,
fffe,
fffe,
ffff,
ffff,
ffff,
0000,
0001,
0000,
0000,
0001,
0001,
0001,
0000,
0000,
0001,
0000,
0000,
0000,
ffff,
ffff,
0000,
0000,
0000,
0001,
0001,
0000,
ffff,
fffe,
0000,
0000,
0001,
0001,
ffff,
fffe,
0000,
0005,
0003,
0003,
0000,
0007,
0005,
001f,
fffc,
ffef,
001c,
02c8,
0740,
064a,
0050,
f7e0,
f5c5,
00db,
0e1b,
1118,
0aa9,
05d1,
0693,
0726,
01b3,
f8df,
f309,
f152,
f1d6,
f368,
f66e,
f966,
fbcf,
ff10,
0339,
05fe,
073a,
07f7,
0782,
0648,
049d,
0273,
ffc8,
fda1,
fc59,
fb5d,
fa85,
fa14,
fa72,
fb73,
fcd8,
fe53,
ff7e,
0033,
00d2,
01d9,
02ef,
033e,
02e2,
023f,
0171,
009f,
ffe7,
ff3b,
fe69,
fd97,
fd0d,
fcf5,
fd7a,
fe5b,
ff33,
ffd4,
005c,
00d1,
0132,
0177,
0177,
012e,
00af,
0043,
fffe,
ffb8,
ffff,
0000,
0001,
0002,
0002,
0001,
0001,
0001,
0000,
ffff,
ffff,
fffe,
ffff,
0000,
ffff,
0000,
0000,
0000,
0000,
0001,
0001,
0001,
0001,
0001,
0001,
0001,
0001,
0001,
0000,
0000,
0000,
0000,
0001,
0002,
0002,
0001,
0000,
ffff,
ffff,
ffff,
0000,
0001,
0002,
0001,
0000,
0000,
0003,
0003,
0005,
0002,
0000,
0009,
000f,
0004,
0012,
0019,
020f,
061f,
0577,
00ce,
fc1e,
f7fa,
fc2f,
092a,
10e3,
0b94,
0466,
05a2,
074f,
0308,
fcc3,
f701,
f2be,
f2c8,
f61b,
f7f5,
f873,
fb2d,
feed,
0122,
0326,
0517,
055a,
04d3,
04f6,
04a1,
0303,
012b,
ffcb,
fe5c,
fcc0,
fbe2,
fb8d,
fafe,
fb11,
fc51,
fdc8,
fec7,
ffb3,
0091,
0121,
01d7,
02a8,
02b7,
01e8,
011b,
0093,
0021,
ffab,
ff11,
fe50,
fd9a,
fd72,
fded,
fe91,
ff26,
ffa2,
0005,
0068,
00c8,
0100,
00f0,
00bd,
0098,
0067,
0026,
ffe8,
ffb0,
0001,
0002,
0001,
0002,
0002,
0001,
0001,
0000,
ffff,
fffe,
fffe,
ffff,
ffff,
0000,
0000,
ffff,
0000,
0000,
0000,
0000,
0001,
0000,
0000,
0000,
0001,
0001,
0000,
0000,
0000,
0000,
0000,
0001,
0001,
0001,
0001,
0000,
ffff,
ffff,
fffe,
ffff,
0000,
0000,
0000,
0000,
ffff,
0003,
0002,
0003,
ffff,
0006,
0000,
0008,
000b,
0007,
001a,
01f3,
05e9,
051a,
001e,
fd31,
fabe,
fb29,
0522,
0fd1,
0ca8,
04aa,
04d8,
05d3,
0251,
fdd6,
f8b4,
f465,
f46d,
f6da,
f874,
fa74,
fd39,
ff15,
00d9,
037a,
041f,
032f,
0320,
02d6,
01fc,
0188,
0110,
0004,
ff0e,
fe65,
fd61,
fc8b,
fc64,
fc5c,
fc83,
fd5e,
fe89,
ff74,
0057,
010a,
018d,
01fe,
0204,
019d,
00e7,
0029,
ff9a,
ff4f,
ff1c,
fe9b,
fdff,
fde9,
fe63,
ff0b,
ffa8,
fff7,
001f,
005a,
00a0,
00b6,
0083,
0051,
002f,
0014,
0002,
ffe0,
ffb1,
ff8b,
0002,
0002,
0002,
0002,
0001,
0001,
0000,
ffff,
ffff,
ffff,
0000,
0000,
0000,
0000,
0000,
0000,
0001,
0001,
0001,
0000,
0000,
0000,
0000,
0001,
0001,
0001,
0000,
0000,
0000,
0000,
0001,
0002,
0002,
0000,
0000,
0000,
ffff,
ffff,
fffe,
ffff,
0000,
ffff,
0000,
0000,
0002,
0001,
0004,
fffe,
0005,
0001,
0008,
0001,
000a,
0015,
01bc,
0615,
057c,
ffa1,
fccf,
fbea,
fbf1,
03ee,
0e1f,
0c0d,
04f8,
04f2,
05f5,
01f0,
fcb6,
f89d,
f4ec,
f449,
f793,
fa05,
fab8,
fd46,
011e,
0356,
041b,
0482,
040f,
026a,
013b,
00b5,
ff76,
fe6a,
fe9c,
febf,
fe10,
fdb1,
fdc5,
fd7e,
fd46,
fdd5,
fe6f,
fe97,
ff2f,
0054,
013b,
01bc,
01ff,
01ca,
0127,
0075,
ffda,
ff4f,
fec0,
fe65,
fe15,
fdcf,
fe12,
fec1,
ff93,
0015,
006b,
00ab,
00c6,
00d5,
00b4,
006b,
0020,
fff3,
ffba,
ff8d,
ff89,
ff86,
ff6d,
ff4d,
0002,
0002,
0001,
0001,
0000,
0000,
fffe,
fffd,
fffe,
fffe,
ffff,
ffff,
0000,
0000,
0000,
0000,
0000,
0001,
0000,
ffff,
ffff,
ffff,
0000,
0000,
0000,
ffff,
ffff,
0000,
0000,
0001,
0002,
0002,
0001,
0000,
ffff,
ffff,
fffe,
fffe,
fffe,
ffff,
fffe,
0000,
ffff,
0002,
0000,
0004,
fffe,
0001,
0005,
0009,
fffe,
0008,
000b,
0196,
064e,
0608,
ff73,
fc3e,
fc3c,
fc6b,
0398,
0df5,
0c3d,
0442,
03fa,
061a,
0201,
fc9f,
f8b1,
f3f1,
f32b,
f7a0,
fa44,
faec,
fe33,
01c0,
0384,
05e4,
0741,
0533,
02cd,
0226,
00a4,
fe32,
fcf1,
fc95,
fc74,
fc8f,
fce2,
fd3e,
fdab,
fe1f,
feb8,
ff78,
ffd4,
fff0,
0061,
0139,
021f,
027e,
0210,
0123,
0044,
ff8c,
fee3,
fe65,
fde9,
fd31,
fcfd,
fda6,
feac,
ffc7,
0076,
00cb,
0114,
0159,
015b,
00fd,
00a7,
0067,
fffe,
ff88,
ff35,
ff19,
ff25,
ff25,
ff04,
fef4,
0002,
0002,
0001,
0000,
0000,
ffff,
fffe,
fffe,
ffff,
ffff,
0000,
0000,
0000,
0000,
0001,
0001,
0001,
0001,
0000,
0000,
0000,
0000,
0001,
0000,
0000,
ffff,
ffff,
ffff,
0001,
0001,
0002,
0001,
0000,
ffff,
ffff,
fffe,
ffff,
ffff,
ffff,
fffe,
ffff,
0000,
0002,
0001,
0003,
0000,
0001,
ffff,
000b,
0007,
0002,
0008,
0170,
0683,
06cc,
ff6e,
fb7e,
fc31,
fcde,
03a2,
0e1c,
0c8c,
041d,
03b6,
05ce,
0128,
fbe5,
f8e3,
f420,
f248,
f685,
fa4e,
fb13,
fda4,
0213,
04bd,
0650,
078f,
070c,
04f8,
0314,
0190,
ff69,
fcd2,
fb6d,
fb2d,
faae,
faa3,
fba5,
fcbf,
fd8f,
febf,
0011,
00b2,
00f3,
0165,
01d5,
0259,
02e2,
02a9,
018c,
0072,
ffa3,
fecb,
fe25,
fd4f,
fc79,
fc67,
fcff,
fe2d,
ff67,
0055,
00ec,
0161,
01bd,
01b2,
0176,
0133,
00ea,
005c,
ffb1,
ff20,
fed5,
fed0,
fec4,
feaa,
fe94,
fec9,
0002,
0002,
0001,
0000,
ffff,
fffe,
fffe,
fffe,
ffff,
0000,
0000,
ffff,
0000,
0000,
0001,
0001,
0001,
0000,
0001,
0000,
0000,
0001,
0000,
0000,
0000,
ffff,
0000,
0001,
0001,
0001,
0001,
0001,
ffff,
ffff,
ffff,
ffff,
ffff,
ffff,
fffe,
ffff,
ffff,
0003,
0001,
0003,
ffff,
0000,
0000,
0005,
000a,
0005,
0007,
014d,
06b6,
079e,
ff92,
fac8,
fbcd,
fcfd,
03e1,
0ec7,
0d21,
03e5,
036a,
05ed,
0118,
fadd,
f7ba,
f3b1,
f1b5,
f5e9,
fa5e,
fb2d,
fd62,
0206,
04c1,
06a6,
0896,
07b6,
0517,
0400,
036e,
00e1,
fdcb,
fc42,
fb45,
f9d6,
f926,
f9b8,
fad7,
fc12,
fdcc,
ff8e,
00a3,
015f,
0236,
02f6,
0353,
0378,
030a,
01fa,
00e5,
fffb,
ff24,
fe22,
fcd7,
fc0b,
fbf4,
fc8d,
fdbf,
fee1,
ffc4,
0098,
015d,
01be,
01ce,
01e2,
01e7,
017c,
00c6,
0000,
ff50,
fef3,
feba,
fe76,
fe3b,
fe3c,
fe7e,
fefa,
0002,
0001,
0000,
ffff,
fffe,
ffff,
ffff,
0000,
0000,
0000,
0000,
0000,
0001,
0001,
0001,
0001,
0001,
0000,
0001,
0000,
0000,
0001,
0000,
ffff,
ffff,
0000,
0000,
0001,
0002,
0001,
0000,
ffff,
ffff,
ffff,
0000,
0000,
0000,
fffe,
ffff,
0000,
0002,
0001,
0003,
ffff,
ffff,
ffff,
0003,
0009,
0007,
000b,
0129,
06ee,
087d,
ffd5,
fa11,
fb5a,
fd02,
03e6,
0f82,
0e19,
03fc,
0321,
0601,
00ed,
fa17,
f74b,
f315,
f008,
f488,
fa6c,
fbbb,
fdb1,
0247,
0509,
069f,
0879,
0869,
05e1,
03c8,
0319,
01e6,
ff9e,
fd74,
fc3f,
fad7,
f943,
f8bb,
f95e,
fa87,
fc35,
fe2e,
ffae,
00d7,
020d,
0362,
0469,
04ab,
03d0,
025b,
0132,
0071,
ffa3,
fe29,
fcc6,
fc06,
fbd2,
fc65,
fd54,
fe69,
ff64,
0038,
00d6,
0141,
01ba,
0238,
024f,
01e5,
013f,
0058,
ff94,
ff1d,
fed6,
fe7f,
fe13,
fdf7,
fe38,
feb4,
ff55,
0000,
ffff,
fffe,
fffd,
fffd,
fffe,
ffff,
ffff,
fffe,
fffe,
fffe,
ffff,
0000,
0000,
ffff,
ffff,
ffff,
ffff,
0000,
0000,
ffff,
fffe,
fffe,
fffe,
fffe,
ffff,
0000,
0001,
0000,
ffff,
fffe,
fffe,
fffd,
fffe,
ffff,
ffff,
fffd,
fffe,
fffe,
0001,
0000,
0002,
ffff,
fffd,
ffff,
fffd,
000a,
0004,
0011,
0108,
0719,
097f,
0029,
f945,
fac7,
fd01,
040c,
103c,
0f08,
0411,
031f,
0657,
00d0,
f915,
f65f,
f2ef,
ef58,
f2dd,
f8f8,
fba2,
fe4c,
02ea,
0612,
0738,
085c,
087f,
063e,
03cb,
02c9,
0189,
ff90,
fe3d,
fda5,
fc33,
fa4e,
f976,
f96d,
f9c3,
fb15,
fceb,
fe2f,
ff6d,
013e,
0312,
0463,
0529,
04df,
0354,
01b2,
00bf,
ffad,
fe4e,
fd1f,
fc31,
fc03,
fc6f,
fd1f,
fe2a,
ff41,
fff8,
0041,
00ac,
0190,
0245,
025d,
0206,
015c,
00a2,
ffe7,
ff4d,
fee8,
fe80,
fe2f,
fe0b,
fe22,
fe84,
ff28,
ffcb,
0000,
ffff,
fffe,
fffe,
ffff,
0000,
0000,
0000,
0000,
0000,
0000,
0001,
0001,
0001,
0000,
0000,
0000,
0001,
0001,
0001,
0000,
ffff,
ffff,
ffff,
0001,
0002,
0002,
0001,
0000,
ffff,
fffe,
ffff,
0000,
0000,
0000,
fffe,
fffe,
ffff,
0002,
0001,
0002,
0000,
fffe,
0001,
fffc,
0009,
0003,
0017,
00ef,
075b,
0a84,
007b,
f875,
fa2a,
fced,
0446,
1140,
100e,
03f2,
02f4,
06e9,
00e5,
f81c,
f543,
f257,
eecc,
f1ea,
f819,
fae7,
fdc6,
0355,
0748,
0877,
091a,
08b6,
067e,
03d3,
023d,
00e8,
ff27,
fddb,
fd8b,
fcf3,
fbac,
fab8,
fa61,
fa8d,
fb5b,
fc80,
fd30,
fe02,
fff2,
0236,
03e3,
04cc,
04c6,
03dd,
02b2,
0136,
ff96,
fe82,
fd79,
fca1,
fc44,
fc6e,
fd2f,
fe4a,
ff4d,
ffae,
fff5,
00b6,
0184,
01f0,
0220,
01ef,
014b,
0089,
ffe9,
ff77,
ff07,
fe9d,
fe55,
fe2a,
fe31,
fe92,
ff34,
ffd1,
003b,
ffff,
fffe,
fffe,
ffff,
0000,
0000,
0000,
0000,
0001,
0001,
0001,
0002,
0001,
0000,
0000,
0000,
0001,
0001,
0001,
ffff,
ffff,
ffff,
0000,
0001,
0002,
0002,
0001,
0000,
fffe,
fffe,
ffff,
ffff,
0000,
0001,
ffff,
fffe,
0000,
0002,
0002,
0002,
0000,
fffd,
0003,
fff9,
000a,
fffd,
001c,
00d1,
079c,
0bb3,
00c8,
f777,
f98f,
fcdd,
0478,
125b,
1144,
03c9,
02a6,
0783,
00fd,
f732,
f42c,
f1ab,
ee22,
f103,
f74c,
fa67,
fda1,
0334,
0790,
099a,
0a5d,
0959,
0706,
0449,
01ec,
0028,
fe69,
fd1d,
fcf5,
fc9d,
fbb5,
fb71,
fb9f,
fbc4,
fc64,
fd73,
fd92,
fd76,
fef4,
0140,
0301,
040e,
044c,
0393,
024a,
012e,
005f,
ff11,
fd9f,
fcdd,
fc81,
fc81,
fd52,
fe99,
ff51,
ff8d,
002f,
0107,
0184,
01e1,
01fa,
0193,
00ec,
0040,
ffb1,
ff41,
ff00,
fec6,
fe82,
fe4b,
fe51,
feb0,
ff53,
0001,
0065,
007d,
fffd,
fffd,
ffff,
0000,
0000,
0000,
0000,
0001,
0001,
0002,
0002,
0001,
0001,
0000,
0000,
0001,
0001,
0001,
0000,
ffff,
ffff,
ffff,
0001,
0002,
0002,
0001,
0000,
ffff,
fffe,
ffff,
ffff,
0000,
0001,
fffe,
ffff,
0000,
0002,
0003,
0001,
0002,
fffa,
0004,
fff9,
000b,
fff7,
0022,
00ac,
07ce,
0d11,
0146,
f643,
f8c8,
fcde,
04a1,
1389,
12a7,
03b0,
0234,
0834,
0145,
f605,
f2f5,
f0f3,
ed87,
f052,
f688,
f9b4,
fd65,
0388,
080d,
0a13,
0b2f,
0a44,
07a2,
04e7,
0245,
ffcc,
fd9e,
fc54,
fc1b,
fbc4,
fb1f,
fb45,
fbe1,
fc76,
fd94,
febf,
fec2,
fe72,
ff4c,
00cc,
022d,
035c,
03c9,
02b0,
0136,
00ab,
0035,
ff73,
fe69,
fd19,
fc39,
fc92,
fdbe,
feb6,
ff4d,
0010,
00cd,
0114,
0185,
0219,
021e,
0169,
007a,
ffc3,
ff39,
fee8,
feda,
feb7,
fe78,
fe67,
fe80,
fedb,
ff86,
0039,
0098,
00a1,
008a,
fffd,
fffd,
ffff,
0000,
0000,
0000,
0000,
0000,
0002,
0002,
0001,
0000,
0000,
0000,
0001,
0001,
0000,
ffff,
fffe,
fffe,
ffff,
0001,
0003,
0002,
0002,
0000,
fffe,
fffe,
ffff,
ffff,
ffff,
0000,
fffe,
fffe,
ffff,
0001,
0003,
0000,
0001,
fff8,
0006,
fff5,
000e,
ffef,
0026,
0088,
07e1,
0e8a,
0207,
f4f9,
f7cc,
fcc5,
04bb,
14d9,
1449,
039e,
019c,
08d9,
01cc,
f4f5,
f17e,
f001,
ecc8,
efc5,
f628,
f8f6,
fcd4,
03c7,
08c7,
0aaf,
0be7,
0b1a,
07fd,
056c,
02d5,
ffbe,
fd34,
fbd2,
fb5b,
fad3,
fa2d,
fa81,
fba4,
fc84,
fdc3,
ff6a,
0036,
0014,
006b,
017c,
0284,
0336,
02d7,
0191,
00ae,
001b,
ff65,
feef,
fe59,
fd49,
fc79,
fc96,
fd76,
feb2,
001f,
00f0,
00fa,
012e,
01dc,
0256,
021d,
0164,
006c,
ff64,
fea9,
fe92,
fea3,
fe65,
fe3b,
fe58,
fe9a,
ff08,
ffb7,
006c,
00cd,
00db,
00bb,
0092,
fffe,
ffff,
0000,
0000,
ffff,
ffff,
0001,
0003,
0003,
0002,
0001,
0001,
0000,
0001,
0001,
0001,
ffff,
fffe,
fffe,
ffff,
0001,
0002,
0003,
0001,
0000,
fffe,
fffe,
ffff,
ffff,
ffff,
0000,
ffff,
fffd,
0000,
0001,
0004,
0000,
0004,
fff6,
0008,
fff4,
0011,
ffeb,
0028,
0061,
07c3,
1011,
033f,
f3b0,
f690,
fc9a,
0491,
1615,
1652,
03c0,
00d3,
0965,
0296,
f417,
f001,
eef4,
ebcf,
ef08,
f5fd,
f891,
fc1d,
03aa,
098a,
0b8c,
0c4c,
0bfd,
08dc,
059a,
032a,
fff6,
fcd3,
fb54,
fb39,
fa49,
f90e,
f994,
fb04,
fc08,
fd89,
ff8f,
00b5,
0136,
01ee,
02c4,
03af,
03ce,
0291,
013d,
004d,
ff74,
fea8,
fe35,
fda6,
fcbd,
fc3c,
fc66,
fd4b,
ff1f,
00e1,
0150,
0145,
01ab,
023d,
027e,
0233,
016b,
0051,
ff48,
fe9d,
fe40,
fe2b,
fe24,
fe0d,
fe25,
fe6d,
ff02,
ffdf,
00ac,
010d,
0101,
00d5,
00bb,
00bd,
ffff,
ffff,
0000,
ffff,
0000,
0001,
0002,
0003,
0002,
0000,
0000,
0000,
0001,
0001,
0000,
ffff,
fffe,
fffe,
ffff,
0000,
0002,
0003,
0002,
0000,
fffe,
fffd,
ffff,
ffff,
ffff,
0000,
fffe,
fffd,
0000,
0001,
0005,
ffff,
0005,
fff4,
0007,
fff2,
0013,
ffe8,
0026,
0041,
0783,
1187,
04e1,
f27e,
f502,
fc53,
0438,
1736,
18bf,
042d,
ffe7,
09c4,
0371,
f36e,
ee7d,
edc5,
eac3,
ee13,
f5c2,
f864,
fb88,
0369,
0a0b,
0cbf,
0cfc,
0c33,
09c0,
0663,
0378,
000d,
fc62,
faae,
faf1,
fa4d,
f88e,
f864,
fa1e,
fb8c,
fcf8,
ff58,
011a,
01a3,
0261,
0407,
04e8,
047d,
03ab,
0223,
0034,
fee5,
fe29,
fd8a,
fcea,
fc03,
fb3b,
fb79,
fd6d,
ffd6,
0103,
0160,
01bf,
0228,
027d,
02b4,
0276,
0182,
0052,
ff58,
fe96,
fe1c,
fdfa,
fddd,
fdc3,
fdf0,
fe41,
fed3,
ffc4,
00c0,
0140,
0130,
00f9,
00cf,
00ca,
00e0,
ffff,
ffff,
ffff,
ffff,
0000,
0001,
0002,
0002,
0000,
0000,
0001,
0001,
0000,
0000,
ffff,
fffe,
fffd,
fffe,
0000,
0002,
0003,
0002,
ffff,
fffe,
fffd,
fffe,
fffe,
ffff,
ffff,
fffe,
fffc,
0000,
0000,
0005,
fffe,
0005,
fff4,
0007,
fff1,
0013,
ffe7,
0025,
0027,
0730,
12be,
06d2,
f1af,
f349,
fbed,
03ab,
1803,
1b4f,
0502,
fef3,
09f9,
0455,
f2d3,
ed33,
ec90,
e98f,
ed24,
f584,
f854,
fb0e,
0309,
0a32,
0dca,
0e51,
0c71,
09c5,
0743,
0437,
0067,
fc37,
f9bf,
fa53,
fa72,
f86f,
f79e,
f911,
fab2,
fc9d,
ff36,
0104,
01be,
02e8,
0425,
04fb,
05ca,
0549,
0315,
00dc,
ff43,
fdde,
fd33,
fc99,
fb0d,
f9ed,
fb05,
fd71,
ff59,
00c9,
01b6,
021c,
024c,
029d,
02f5,
02a7,
01c7,
00b1,
ff8b,
fe83,
fe02,
fe02,
fde3,
fd9d,
fd96,
fdec,
fea6,
ffb9,
00bf,
0129,
011e,
010e,
00ff,
00ed,
00e4,
00c3,
fffe,
fffe,
fffe,
0000,
0002,
0002,
0001,
0000,
ffff,
0000,
0000,
0001,
0001,
fffe,
fffd,
fffe,
fffe,
0000,
0002,
0003,
0001,
ffff,
fffe,
fffd,
fffe,
fffe,
0000,
0000,
fffd,
fffb,
0000,
ffff,
0005,
fffd,
0005,
fff3,
0008,
fff1,
0012,
ffe7,
0021,
0014,
06c4,
13a2,
091b,
f180,
f153,
fb45,
02d5,
1859,
1e07,
068d,
fe3d,
09c5,
054e,
f272,
ebe9,
eb6c,
e828,
ebdf,
f538,
f867,
fac7,
02b8,
0a14,
0e67,
0fda,
0dbc,
0986,
073a,
0539,
00fa,
fc50,
f92c,
f956,
fa17,
f87b,
f71b,
f831,
f9de,
fbf5,
ff09,
0151,
020b,
028f,
03ec,
05a1,
068f,
05fa,
0403,
0193,
ffc5,
fe9f,
fda3,
fc21,
fa30,
f9ba,
faea,
fc8b,
fe5d,
004a,
01b9,
0244,
025f,
029b,
02f4,
02f3,
0249,
011c,
ffbc,
fead,
fe2b,
fe08,
fdef,
fd9e,
fd68,
fd94,
fe50,
ff91,
00a2,
011c,
0115,
00f6,
00ef,
00f9,
010f,
00e9,
0083,
0000,
0000,
0001,
0002,
0004,
0003,
0001,
0000,
0001,
0002,
0001,
0001,
0000,
ffff,
fffe,
fffe,
0001,
0004,
0004,
0003,
0001,
fffe,
fffd,
ffff,
ffff,
0000,
0000,
ffff,
fffc,
0000,
0000,
0006,
fffe,
0007,
fff3,
0007,
fff0,
0013,
ffe9,
001f,
0001,
063b,
141f,
0b91,
f240,
ef65,
fa3e,
01a4,
17ef,
20c8,
08be,
fdec,
096a,
0651,
f24e,
eaaf,
ea83,
e6ae,
ea23,
f4b1,
f898,
fa93,
0282,
09de,
0ea0,
10e4,
0f75,
0a77,
06a2,
0567,
01fb,
fca9,
f8e4,
f8a2,
f968,
f823,
f6ae,
f7bd,
f925,
fae5,
fead,
01b9,
0223,
024c,
0430,
0622,
06f4,
066b,
0460,
01cc,
0047,
ff89,
fe20,
fc4f,
fac3,
fa00,
fa46,
fba0,
fdb1,
ffab,
0106,
01cd,
023f,
029c,
0318,
034e,
029a,
015a,
001c,
ff0e,
fe6b,
fe39,
fe11,
fda7,
fd52,
fd68,
fe07,
ff31,
0061,
00f8,
010a,
00ed,
00d4,
00e1,
0110,
011b,
00b7,
0018,
ffff,
0000,
0002,
0003,
0003,
0001,
ffff,
0000,
0001,
0001,
ffff,
ffff,
ffff,
fffd,
fffe,
0000,
0003,
0003,
0003,
0001,
ffff,
fffc,
fffe,
fffe,
ffff,
ffff,
ffff,
fffb,
ffff,
ffff,
0006,
fffe,
0008,
fff3,
0007,
ffee,
0012,
ffe9,
001c,
ffed,
058d,
1436,
0deb,
f408,
edef,
f8ce,
0007,
1676,
2357,
0bc7,
fe0d,
08d8,
078b,
f2c0,
e955,
e9a7,
e5a2,
e7dd,
f371,
f8fa,
fa6a,
0240,
09a5,
0e9f,
11a3,
10c6,
0c22,
0700,
04ec,
027a,
fd6c,
f8f5,
f824,
f897,
f7a9,
f649,
f730,
f88c,
fa18,
fe01,
0146,
0217,
02da,
04c1,
0666,
0755,
06bf,
0462,
01f5,
00ab,
ffbc,
fe5b,
fd32,
fbf9,
fa83,
f9ed,
faf4,
fd1d,
ff18,
0039,
00ed,
01a1,
0272,
0343,
039a,
02f0,
01b3,
007b,
ff62,
fec0,
fe7f,
fe34,
fdba,
fd67,
fd63,
fdca,
fece,
fffb,
00bb,
00ea,
00d9,
00c2,
00cf,
010e,
0128,
00d7,
002c,
ff8c,
0000,
0000,
0002,
0003,
0001,
ffff,
ffff,
0000,
0001,
0001,
ffff,
fffe,
fffd,
fffe,
ffff,
0003,
0004,
0003,
0001,
ffff,
fffc,
fffd,
fffd,
fffe,
ffff,
fffe,
fffa,
0000,
fffe,
0007,
fffd,
000a,
fff2,
0009,
fff0,
000f,
ffeb,
0016,
ffe2,
04ad,
1415,
0ff5,
f664,
ed85,
f739,
fde1,
13d9,
255a,
0f84,
fef0,
0835,
08ab,
f3e8,
e858,
e87d,
e4c6,
e5dc,
f11c,
f8fe,
faab,
01e4,
0978,
0e4e,
123e,
11e5,
0da8,
0835,
04ec,
0250,
fe37,
f963,
f7a4,
f7ce,
f73a,
f63d,
f628,
f7c7,
f9eb,
fd1a,
fffa,
021c,
03db,
0519,
0676,
07dd,
0766,
048e,
020d,
00b4,
ff8c,
fecc,
fe3e,
fca9,
fa9d,
fa03,
fb1a,
fcc6,
fe52,
ff78,
0040,
010c,
0216,
031d,
0391,
0334,
0240,
0101,
ffcf,
ff05,
feac,
fe50,
fdd3,
fd81,
fd63,
fda8,
fe8e,
ffb9,
006b,
009a,
00af,
00c5,
00d7,
00f6,
010d,
00de,
0053,
ffbb,
ff56,
0002,
0003,
0002,
0001,
0001,
0000,
0000,
0001,
0001,
0000,
fffe,
fffe,
ffff,
0000,
0003,
0005,
0004,
0001,
0000,
fffe,
fffe,
fffd,
ffff,
ffff,
ffff,
fffa,
0000,
fffe,
0007,
fffd,
000a,
fff3,
0006,
fff5,
0008,
fff8,
0003,
fff2,
037c,
13bf,
120a,
f89d,
ee29,
f65b,
fb43,
0faa,
26a5,
13bf,
006b,
0801,
09c9,
f570,
e7f4,
e7a3,
e393,
e40e,
ee79,
f7c3,
fb14,
01b4,
094d,
0de3,
1266,
1319,
0f15,
099e,
05b3,
0244,
fe84,
fa4d,
f736,
f6da,
f6d8,
f626,
f589,
f6d9,
f952,
fc34,
ff1d,
01f3,
0436,
0563,
069b,
081b,
081b,
0590,
0270,
006c,
ff91,
ff82,
fedc,
fca7,
fa8d,
fa37,
fb25,
fc6f,
fdd2,
fef6,
ffe4,
00b3,
01b9,
02ce,
0378,
0360,
028a,
0184,
0061,
ff71,
fed5,
fe59,
fde4,
fd83,
fd57,
fd84,
fe5b,
ff7b,
0034,
0089,
0096,
009e,
00be,
00ef,
0101,
00d0,
0068,
ffdb,
ff84,
ff83,
0003,
0002,
0000,
0000,
ffff,
ffff,
0000,
0001,
ffff,
fffe,
fffe,
fffe,
ffff,
0002,
0004,
0004,
0001,
ffff,
fffd,
fffd,
fffd,
fffe,
ffff,
ffff,
fffa,
ffff,
fffe,
0005,
fffe,
0006,
fff9,
fffc,
0002,
fff5,
0011,
ffde,
001c,
020b,
12cf,
14cc,
fa5d,
eedf,
f71a,
f932,
0952,
2694,
18c2,
01fc,
0832,
0b84,
f75c,
e7a4,
e791,
e29a,
e1b3,
ec0d,
f59b,
fa88,
01f3,
0934,
0d72,
1227,
141c,
109f,
0afc,
06d3,
02f2,
feaf,
faec,
f76e,
f613,
f61f,
f58e,
f578,
f65e,
f7ee,
fb25,
fef9,
0193,
038e,
059e,
06fc,
080c,
0899,
06d9,
034a,
00c0,
002b,
ffea,
fedb,
fc96,
fa8a,
fa0c,
fac8,
fbd8,
fd49,
fec4,
ffbf,
008a,
0181,
02c1,
0385,
0376,
02c0,
01e0,
00dc,
ffcb,
ff0f,
fe7d,
fdef,
fd73,
fd32,
fd62,
fe1a,
ff27,
fff9,
0075,
00a2,
009e,
00a3,
00cd,
0101,
00df,
0074,
fff9,
ffb1,
ffb6,
ffec,
0002,
0001,
0001,
0001,
0000,
0001,
0003,
0001,
ffff,
ffff,
ffff,
0000,
0002,
0004,
0004,
0003,
0000,
ffff,
fffe,
fffe,
fffd,
0000,
ffff,
fffb,
fffe,
0001,
0002,
0004,
0000,
0006,
ffef,
0014,
ffe0,
002d,
ffbd,
004d,
00ab,
1082,
18ac,
fcc3,
edd0,
f906,
f9cf,
0125,
2343,
1f10,
03ee,
07f0,
0e36,
fa8c,
e707,
e7b6,
e2ff,
debe,
e92b,
f37e,
f853,
01b6,
09e7,
0cdb,
1189,
14cb,
126b,
0c76,
07f6,
0424,
ff75,
fb0c,
f7fa,
f627,
f4ec,
f4d6,
f549,
f5f8,
f6b1,
fa1e,
febe,
00d9,
0279,
055f,
077f,
0826,
08d3,
07c3,
0499,
0202,
0129,
0058,
fea9,
fc94,
fa92,
f99f,
f9f1,
fb10,
fc9b,
fe3a,
ff8b,
009e,
0191,
02b9,
03c3,
03e8,
032b,
022d,
011e,
001b,
ff53,
fe9f,
fdeb,
fd66,
fd25,
fd32,
fdc3,
fec0,
ffaa,
0042,
0098,
00a1,
00a1,
00d7,
0119,
0109,
009c,
0024,
ffe6,
ffe2,
fffb,
fff5,
0003,
0000,
0000,
0001,
0002,
0000,
0000,
0000,
fffd,
fffd,
ffff,
0002,
0003,
0003,
0003,
0000,
fffe,
fffb,
ffff,
fffd,
ffff,
ffff,
fffe,
fffb,
0004,
fffe,
0008,
fff8,
0011,
ffe5,
001c,
ffd7,
0034,
ffba,
0053,
ffd4,
0c46,
1c8d,
0280,
ea65,
f906,
feee,
fa23,
1a2f,
2592,
07c8,
0622,
1152,
0043,
e6cd,
e6b1,
e54b,
dc6d,
e4c2,
f1c6,
f571,
fed2,
0b4d,
0d44,
1012,
14f1,
1451,
0e66,
091d,
0590,
00b9,
fb83,
f82c,
f702,
f45b,
f3a2,
f4c3,
f57d,
f5eb,
f8e8,
fe09,
0019,
014e,
0477,
077e,
0898,
0945,
085a,
05b3,
03de,
02a4,
00d2,
fec7,
fcdd,
fa8e,
f8fb,
f917,
fa38,
fb8e,
fd42,
ff11,
0083,
01b3,
02e9,
0408,
0467,
03dc,
02cd,
0186,
0052,
ff90,
fed8,
fde2,
fd40,
fd11,
fd04,
fd62,
fe58,
ff47,
ffde,
0058,
009f,
00ba,
00f0,
013b,
0144,
00f2,
008f,
0037,
fff0,
ffe2,
ffee,
ffa5,
0001,
0000,
0000,
0001,
0000,
0000,
0000,
fffe,
fffe,
fffe,
0000,
0003,
0003,
0002,
0000,
0000,
fffc,
fffe,
fffd,
fffe,
fffe,
ffff,
fff9,
0004,
fffd,
0009,
fff6,
0011,
ffea,
0010,
ffe8,
0017,
ffe4,
0018,
ffc9,
06d7,
1d9b,
0d35,
e7da,
f2aa,
0654,
fa16,
0bcd,
2813,
0f8a,
0311,
129d,
0921,
e910,
e32a,
e84d,
dcdf,
dece,
ef06,
f417,
f92c,
0a1c,
104a,
0ee9,
13a9,
1602,
1117,
0a62,
070e,
0262,
fc58,
f849,
f7a1,
f55b,
f28a,
f36f,
f4fc,
f5a4,
f793,
fc70,
ff4f,
0065,
032f,
06d6,
08e3,
09c5,
0927,
06db,
0550,
0438,
020d,
ff70,
fd15,
fa91,
f8ad,
f859,
f929,
fa59,
fc10,
fe1d,
000d,
01a3,
0304,
0443,
04fb,
04ab,
0398,
0243,
00d0,
ffd5,
ff25,
fe19,
fd1b,
fcbb,
fcbb,
fd00,
fdd6,
fed5,
ff6d,
ffeb,
0079,
00d3,
010f,
0165,
0191,
015e,
00fa,
0099,
003d,
fff1,
ffcb,
ff86,
ff09,
0000,
0001,
0002,
0001,
0000,
0000,
0000,
fffe,
ffff,
0000,
0003,
0003,
0003,
0001,
ffff,
fffe,
fffe,
fffe,
fffd,
ffff,
0000,
fffa,
0001,
0001,
0006,
fffd,
0004,
ffff,
fff5,
000d,
ffe5,
0028,
ffbe,
003f,
01f6,
192d,
1ac9,
ed01,
e583,
07b4,
0466,
fedf,
212f,
1a39,
01e8,
0f3e,
1338,
f198,
de2a,
e86c,
e18d,
d9bc,
e91c,
f41a,
f479,
0358,
12da,
1123,
1143,
1620,
1464,
0c9a,
0818,
049e,
fdbc,
f89d,
f7b6,
f6fe,
f30c,
f1ac,
f3e6,
f596,
f67a,
fa43,
fe0f,
ff4d,
01bf,
05f0,
08ec,
09e1,
09fa,
0864,
0679,
057c,
03d2,
00c0,
fd9e,
fabc,
f895,
f7ca,
f82d,
f925,
faca,
fceb,
ff19,
0127,
02ea,
0462,
054c,
055e,
0484,
0340,
01a9,
005c,
ff8a,
fe96,
fd49,
fc6f,
fc45,
fc70,
fd36,
fe51,
fefc,
ff67,
001a,
00d2,
0133,
018f,
01e0,
01d1,
016b,
00f6,
009a,
002b,
ffd5,
ff79,
fef2,
fe87,
0001,
0001,
0000,
0001,
0001,
ffff,
fffd,
ffff,
ffff,
0000,
0003,
0001,
0000,
ffff,
ffff,
fffc,
fffd,
fffc,
0000,
fffe,
fffc,
fffa,
0006,
ffff,
0008,
fff2,
0013,
ffde,
0024,
ffca,
0042,
ffa3,
0070,
ff9e,
0f7c,
244a,
fe2f,
da41,
faa6,
11ed,
fe61,
1163,
212c,
069f,
07d0,
18b3,
01aa,
ddba,
e29c,
e7ae,
d9eb,
e090,
f20e,
f38a,
f9f5,
0ee7,
15d8,
1117,
13b6,
16b6,
107a,
095a,
068d,
004c,
f981,
f7c5,
f835,
f517,
f132,
f213,
f502,
f5f5,
f7f5,
fbe3,
fdbd,
0008,
048b,
0878,
09f0,
0a6d,
09e4,
07ea,
067d,
058a,
02de,
fedb,
fb58,
f8c7,
f775,
f744,
f813,
f997,
fb8f,
fdb9,
001f,
0251,
0426,
0562,
05c8,
0538,
0433,
02d6,
014f,
0040,
ff50,
fddf,
fc7c,
fbf0,
fbf0,
fc81,
fd8e,
fe6f,
fee6,
ff8d,
0068,
011e,
01ab,
022f,
0241,
01d2,
0158,
0105,
009c,
000c,
ff89,
feed,
fe64,
fe48,
0002,
0003,
0001,
ffff,
ffff,
ffff,
fffd,
ffff,
0000,
0003,
0001,
0001,
fffe,
fffe,
fffb,
ffff,
fffe,
fffe,
fffe,
0000,
fff8,
0003,
ffff,
000c,
fff4,
000d,
ffef,
0007,
fff6,
0001,
0004,
ffe8,
fff6,
04be,
2219,
1796,
de5e,
e16f,
11c4,
0dd4,
043a,
1d83,
10bc,
01be,
14ab,
137c,
e96e,
d96b,
e818,
e053,
d9d6,
eae4,
f48f,
f40c,
0434,
1662,
15d7,
11f6,
15db,
1509,
0c8f,
07b8,
031e,
fb92,
f7ae,
f85c,
f778,
f2b3,
f098,
f35a,
f5d1,
f683,
f91b,
fba0,
fe14,
02b0,
076c,
09d3,
0aa2,
0b14,
09b6,
07aa,
067e,
04e9,
0123,
fcb5,
f92c,
f722,
f6a1,
f722,
f86b,
fa42,
fc52,
febc,
0156,
0399,
053e,
0602,
05d0,
04f5,
03e1,
027b,
0133,
0014,
feb5,
fd00,
fbcd,
fb6c,
fbd0,
fcc8,
fdcc,
fe70,
fefc,
ffcd,
00c5,
01ab,
025b,
02a9,
0250,
01ba,
0152,
0105,
007b,
ffd1,
ff08,
fe41,
fdf6,
fe44,
0005,
0004,
0002,
0002,
0000,
fffe,
ffff,
0001,
0003,
0003,
0002,
0001,
ffff,
ffff,
fffd,
0001,
fffe,
0001,
ffff,
fffc,
fffc,
000a,
0002,
000b,
fff2,
0017,
ffdb,
002e,
ffc1,
0052,
ff8c,
008e,
ff85,
1329,
29ca,
f9af,
cf13,
f863,
1c6f,
08f1,
1134,
190d,
02c4,
0996,
1b7a,
017e,
d913,
ded1,
e6b8,
dabc,
e0b8,
f1f8,
f39d,
f940,
0e25,
1924,
1564,
13b5,
16a7,
11e7,
0a24,
0542,
feaa,
f900,
f77f,
f87c,
f5bd,
f139,
f13e,
f4b0,
f63b,
f6b0,
f8de,
fb9a,
0027,
057d,
0951,
0ab2,
0ba9,
0b90,
0975,
0776,
0637,
03a8,
ff22,
fa82,
f72c,
f5e3,
f63e,
f77f,
f90a,
faee,
fd12,
ffde,
02a8,
04d7,
0609,
0631,
05a0,
04b2,
039c,
024b,
0101,
ff9e,
fde3,
fc3c,
fb3d,
fb2c,
fbf4,
fd15,
fdff,
fe7f,
ff21,
0010,
0153,
025f,
02e8,
02d0,
0235,
019c,
0146,
00f2,
0051,
ff79,
fe6b,
fdb3,
fdcf,
fe6e,
0004,
0002,
0002,
0000,
fffd,
fffd,
0001,
0001,
0003,
0001,
0000,
fffe,
fffe,
fffd,
fffe,
fffd,
ffff,
ffff,
fffe,
fff6,
0005,
0003,
000c,
fff5,
0008,
fff5,
0001,
0004,
ffef,
001c,
ffc7,
0023,
03a0,
2470,
1f61,
db39,
d3b6,
0fe7,
1bbe,
0b98,
1906,
0b56,
ffa8,
148d,
173b,
ec58,
d4e7,
e3a0,
e143,
db41,
e947,
f443,
f3d5,
018a,
1464,
1953,
15b4,
158d,
15e1,
0eff,
07ee,
0194,
fbad,
f7f4,
f783,
f7bd,
f3eb,
f11f,
f2b1,
f584,
f5bd,
f625,
f898,
fce5,
0287,
0785,
0a9d,
0bf6,
0ce4,
0b77,
08f0,
0756,
05b7,
01f0,
fcd6,
f841,
f5ab,
f532,
f656,
f80e,
f9be,
fb92,
fde7,
0114,
03f0,
05e4,
067c,
0630,
055a,
046b,
034f,
0201,
00ab,
feef,
fcfe,
fb93,
fae7,
fb3a,
fc4b,
fd6f,
fe12,
fe84,
ff5a,
0096,
01fe,
02ea,
0333,
02be,
0201,
0175,
012e,
00c8,
001c,
ff0d,
fddb,
fd61,
fdde,
fe98,
0006,
0002,
0000,
0000,
fffe,
fffd,
0000,
0003,
0005,
0001,
ffff,
fffd,
fffe,
fffc,
0003,
fffe,
ffff,
ffff,
0000,
fff8,
0009,
0000,
0012,
ffec,
001a,
ffd7,
002a,
ffca,
0043,
ffa8,
0067,
ff45,
0da7,
2f46,
0910,
c7bf,
e423,
1ee8,
17e6,
13ad,
173f,
ff1c,
04ad,
1b3a,
0ae1,
dd03,
d7bb,
e36c,
dd38,
e042,
ef92,
f41c,
f6f7,
0936,
1706,
1945,
16b0,
16e0,
14a4,
0c7a,
04d4,
fe85,
fa3a,
f73c,
f765,
f671,
f2b0,
f217,
f44b,
f568,
f43a,
f591,
f96a,
fec6,
043b,
08f1,
0c23,
0dd1,
0dae,
0ac8,
0874,
0748,
04db,
ffd8,
fa6b,
f65b,
f49f,
f502,
f6c3,
f8b2,
fa6a,
fc2e,
feee,
0248,
0513,
06a0,
06d7,
0626,
0515,
0412,
02d6,
01ac,
0035,
fe27,
fc24,
fb0a,
facb,
fb88,
fcc4,
fdb2,
fe15,
fea0,
ffc1,
0144,
029c,
0353,
0341,
0284,
01be,
014e,
0113,
0093,
ffcd,
fe95,
fd7e,
fd50,
fdf6,
fec6,
0004,
0001,
ffff,
fffe,
fffd,
fffd,
0000,
0003,
0003,
ffff,
fffd,
fffb,
fffc,
fffd,
0002,
fffd,
fffe,
ffff,
fffb,
fffc,
0007,
0006,
0008,
fff2,
0010,
ffda,
002e,
ffbe,
005c,
ff78,
00a5,
ffb9,
1a00,
3099,
f18a,
c062,
f661,
24ee,
1666,
1bb9,
0faf,
f8e8,
0b85,
1bde,
fce0,
d589,
daf5,
e03f,
dcba,
e626,
f315,
f3e3,
fb87,
0e4f,
17d5,
199e,
17bf,
17d6,
13c5,
09c8,
0179,
fcd6,
f94e,
f6a8,
f73b,
f505,
f20b,
f345,
f5c4,
f462,
f214,
f5b8,
fb25,
002c,
0539,
0a7a,
0e04,
0f83,
0dd1,
0a18,
0814,
06ed,
038b,
fdb1,
f85c,
f4dc,
f3ec,
f528,
f76f,
f958,
faef,
fcd7,
fff4,
035e,
05fb,
072f,
0710,
0615,
04d5,
038b,
025f,
0146,
ff9b,
fd5d,
fb7d,
faa9,
fad1,
fbfa,
fd35,
fdde,
fe27,
fee9,
0037,
01d7,
031b,
0395,
0328,
0237,
0176,
012a,
00f6,
0060,
ff69,
fe20,
fd49,
fd5d,
fe22,
fefd,
0005,
0002,
0000,
fffe,
fffc,
ffff,
0002,
0005,
0003,
0000,
fffd,
fffc,
fffc,
ffff,
0001,
ffff,
ffff,
0000,
fff6,
0002,
0005,
000d,
fffb,
0002,
fffb,
fff4,
0014,
ffdd,
0039,
ffa0,
0060,
0205,
24d2,
2bcb,
deaf,
c02a,
052c,
25ad,
182f,
2150,
0794,
f74a,
1031,
18bf,
f173,
d2e7,
dbe1,
dd1d,
de84,
eb1e,
f509,
f43f,
0002,
1160,
1834,
1a4c,
18b0,
18ad,
1359,
06de,
fe61,
fc05,
f85f,
f665,
f70a,
f3a4,
f164,
f462,
f710,
f2d4,
f068,
f69b,
fcd7,
00fb,
065c,
0c36,
0f99,
109e,
0dc2,
09b2,
0798,
0604,
01e5,
fbeb,
f6cc,
f3bb,
f374,
f589,
f834,
fa00,
fb82,
fd7c,
00d8,
0453,
06c2,
07a0,
0738,
05f4,
0475,
030b,
01f8,
00bd,
fee0,
fcae,
fb00,
fa66,
faf9,
fc68,
fd91,
fe17,
fe71,
ff48,
00a4,
024b,
0374,
03b8,
0303,
01ee,
012d,
0105,
00ce,
002c,
ff0e,
fdbd,
fd1f,
fd76,
fe63,
ff38,
0004,
0001,
ffff,
fffe,
fffd,
ffff,
0002,
0005,
0002,
0000,
fffb,
fffc,
fffa,
0001,
0001,
ffff,
fffd,
0000,
fff4,
0006,
0001,
0011,
fff3,
000e,
ffe8,
000c,
fff4,
0007,
0002,
ffe6,
ffec,
0528,
2c17,
25ab,
d263,
c252,
0e8b,
2455,
1bb7,
24b4,
0236,
f759,
1197,
1492,
ea16,
d22a,
dae7,
db41,
e0e1,
ee9c,
f605,
f533,
03ae,
1304,
18a1,
1b1f,
196a,
1934,
134b,
0497,
fbb4,
fb79,
f7c5,
f648,
f69e,
f24b,
f09c,
f4f0,
f7e0,
f235,
efcd,
f713,
fe0a,
020d,
07b0,
0d59,
1090,
1151,
0da3,
0976,
06f9,
0494,
004c,
fac5,
f5b7,
f2ee,
f348,
f5f9,
f8e4,
fabc,
fc27,
fe0e,
0177,
050e,
075c,
07f6,
0751,
05b6,
040a,
029d,
0186,
0028,
fe36,
fc18,
faa0,
fa49,
fb2e,
fcc0,
fde5,
fe6e,
fed5,
ffa6,
00f8,
028c,
03a2,
03c5,
02db,
01ad,
00f3,
00cf,
0091,
fffc,
fed6,
fd78,
fcf8,
fd92,
fe9b,
ff74,
0004,
0003,
0000,
fffb,
fffc,
0001,
0002,
0005,
0003,
0000,
fffb,
ffff,
fffc,
ffff,
fffd,
0002,
ffff,
0001,
fff3,
0005,
0002,
0015,
ffed,
0012,
ffde,
001a,
ffe0,
0025,
ffdc,
001d,
ff9f,
07ae,
2fde,
21da,
cc5c,
c35a,
1227,
22f1,
1f4d,
27b1,
0076,
f6f8,
106b,
1109,
e6aa,
d1cc,
d8f7,
da41,
e2bd,
f064,
f69f,
f6d3,
0635,
13df,
1960,
1c0e,
19ea,
18d1,
13a6,
0456,
f950,
fa9b,
f796,
f5d0,
f5b9,
f15f,
ef8c,
f435,
f8e5,
f3c1,
efe8,
f677,
ff49,
0391,
0860,
0dcf,
110b,
1184,
0d7f,
0941,
0634,
0315,
ff2d,
fa30,
f4ff,
f28e,
f35b,
f648,
f976,
fb73,
fcd5,
fe96,
01d2,
057e,
07df,
0846,
074b,
0580,
03ad,
021f,
00ff,
ffaf,
fda5,
fb95,
fa68,
fa3f,
fb5e,
fd18,
fe52,
fedc,
ff41,
ffff,
0129,
02a7,
03b0,
03be,
02ba,
017e,
00c0,
008a,
0054,
ffd7,
febc,
fd5c,
fce4,
fda1,
febd,
ffaf,
0004,
0002,
fffe,
fffb,
fffb,
0000,
0002,
0005,
0002,
0000,
fffb,
fffc,
fffa,
0001,
fffe,
0001,
fffe,
0000,
fff2,
0006,
0001,
0013,
ffee,
0015,
ffdb,
001f,
ffdb,
002a,
ffd2,
002b,
ff8c,
0875,
30b7,
220c,
cc62,
c1aa,
101b,
2223,
2181,
2ba0,
0253,
f5d0,
0d61,
0e85,
e6c8,
d197,
d6c8,
d933,
e359,
f096,
f75b,
f8cb,
077d,
146f,
1a63,
1cd5,
19de,
179a,
1469,
06d9,
f7db,
f8c7,
f737,
f4e2,
f4d8,
f08d,
ee1f,
f2e5,
fa1c,
f6d2,
f14f,
f583,
ffaf,
04b7,
0891,
0dd3,
10b3,
1130,
0d7e,
08f6,
054b,
0223,
fec1,
fa0e,
f4d0,
f26c,
f386,
f678,
f9e2,
fc1d,
fd78,
ff05,
01d7,
05a1,
0842,
0884,
072a,
0551,
0358,
0199,
007d,
ff3a,
fd3e,
fb56,
fa5f,
fa47,
fb76,
fd6d,
fec6,
ff52,
ffa4,
002e,
0133,
02a1,
03a9,
03a0,
029f,
0155,
0083,
0059,
0033,
ffbf,
feb8,
fd70,
fcee,
fd9a,
fec9,
ffd9,
0003,
0002,
0000,
fffa,
fffb,
0001,
0003,
0005,
0003,
0000,
fffb,
ffff,
fffc,
ffff,
fffe,
0002,
ffff,
0001,
fff3,
0003,
0002,
0014,
ffef,
0010,
ffe0,
0015,
ffe2,
001f,
ffe6,
0010,
ffb8,
0734,
2ec7,
2669,
d2df,
bd4b,
0819,
21d2,
21aa,
3074,
083a,
f47e,
08c0,
0cd0,
ea19,
d221,
d492,
d71a,
e26e,
ef99,
f852,
fada,
07b8,
14ff,
1b42,
1d0c,
198e,
16fa,
1476,
0b29,
f929,
f590,
f5d4,
f3ee,
f3be,
ef5c,
edc2,
f1d4,
f9a4,
fa8d,
f5db,
f510,
fd6e,
054f,
0904,
0d06,
0f97,
1082,
0d44,
0893,
04bf,
01d3,
fee6,
fa93,
f539,
f252,
f3a9,
f6ab,
f9f4,
fc96,
fe12,
ff5f,
01ae,
0585,
0878,
08b8,
070e,
0513,
0304,
0115,
ffef,
fed0,
fd12,
fb5a,
fa7b,
fa62,
fb8c,
fdb7,
ff42,
ffc4,
fff9,
0052,
011f,
0262,
037a,
0388,
027e,
0123,
004d,
0031,
001d,
ffc8,
fee2,
fd9b,
fd06,
fda0,
feca,
ffda,
0004,
0004,
fffe,
fffa,
fffa,
ffff,
0003,
0006,
0005,
0001,
fffd,
fffb,
fff9,
fffe,
fffd,
0001,
0000,
fffe,
fff2,
0001,
0004,
0010,
fff6,
000a,
ffeb,
0005,
fffa,
fffc,
0012,
ffd5,
000e,
047e,
29ac,
2d27,
e035,
b933,
f9cd,
2088,
1fbd,
3483,
12ee,
f438,
0318,
0b40,
efc2,
d46c,
d277,
d388,
e006,
edd0,
f8d2,
fcf9,
0744,
1546,
1b1b,
1cee,
1a15,
177f,
1337,
0f1b,
fe17,
f26e,
f35a,
f226,
f1f2,
ef3d,
eea1,
f095,
f7ae,
fe0a,
fc4d,
f698,
f96e,
03f6,
0935,
0c1f,
0e1f,
0f0f,
0cd6,
0861,
0498,
0200,
ff9e,
fba2,
f63d,
f293,
f38e,
f6b3,
f9ce,
fcc1,
fe86,
ffac,
0185,
050e,
0859,
08e3,
0718,
04c3,
02a1,
0090,
ff65,
fe7e,
fd17,
fb97,
fac3,
faa4,
fba5,
fddd,
ffa1,
0028,
0043,
0068,
00ed,
01fe,
0325,
035b,
025a,
0107,
001f,
fffe,
0009,
fff6,
ff3c,
fdee,
fd30,
fd96,
feb6,
ffc1,
0004,
0004,
ffff,
fffc,
fffb,
fffd,
0002,
0007,
0007,
0003,
ffff,
fffa,
fff8,
fffc,
0001,
0000,
0000,
0000,
fff7,
fffd,
0005,
000c,
0002,
0001,
ffff,
ffed,
0017,
ffd7,
0042,
ff9c,
006b,
01a8,
2150,
3309,
f384,
b9e3,
e65a,
1c10,
1cde,
34c2,
2204,
f73f,
fd11,
0929,
f65b,
d8f4,
d11e,
cf15,
dbcf,
ebb2,
f828,
ff4a,
067a,
144a,
1a22,
1db1,
1b6d,
1874,
12c0,
0ee9,
04f9,
f3c3,
ef2c,
ef08,
f074,
f039,
ef13,
f066,
f677,
fe95,
013d,
fc55,
f757,
feb6,
0804,
0bd1,
0cc8,
0d03,
0c1c,
0859,
04b0,
02a8,
00dd,
fcdc,
f7b4,
f3b3,
f363,
f650,
f98a,
fc9d,
fec8,
fffc,
01a5,
0465,
07a6,
08e6,
075c,
048f,
021e,
0010,
fee4,
fe40,
fd4f,
fc15,
fb2f,
fb06,
fbdf,
fdf3,
ffdd,
008d,
0086,
007c,
00b6,
0191,
029e,
02f7,
0243,
010d,
0009,
ffbe,
ffe8,
001e,
ffb3,
fe90,
fd8d,
fd89,
fe83,
ffb4,
0002,
0003,
0003,
fffd,
fff9,
fffe,
0003,
0006,
0007,
0005,
0001,
fffc,
fffd,
fffc,
fffe,
fffd,
0003,
0000,
fffc,
fff7,
0005,
0008,
000c,
fff4,
000e,
ffdb,
0028,
ffc3,
0057,
ff8d,
008c,
ffd6,
1663,
3461,
0a88,
c418,
d16a,
10d3,
1a5c,
2e9d,
322c,
015c,
f78f,
0629,
fc98,
df73,
d1a8,
cb5f,
d52e,
e906,
f640,
00b9,
053d,
11b4,
1a22,
1e34,
1d66,
19b6,
139d,
0c03,
08c1,
fa70,
ecb0,
eb79,
ef50,
efcc,
efc6,
f224,
f60b,
fc3f,
026a,
0324,
fad6,
f901,
0304,
0a96,
0c0f,
0bda,
0ae8,
07fe,
050a,
0380,
0215,
fe87,
f970,
f54c,
f3c0,
f58b,
f90d,
fc44,
fec3,
0048,
01cf,
03f5,
0687,
084b,
0780,
04a5,
01b9,
ff9f,
fe52,
fdf0,
fda0,
fcc3,
fbd4,
fb7f,
fc1c,
fdf1,
fff3,
00e6,
00cb,
007c,
0081,
0117,
01f1,
0265,
0217,
0119,
000d,
ff94,
ffb7,
000e,
001c,
ff4c,
fe26,
fdac,
fe55,
ff8d,
0001,
0002,
0002,
fffe,
fff9,
fffb,
0001,
0004,
0007,
0005,
0002,
fffc,
fffb,
fff9,
fffd,
fffb,
0001,
ffff,
fffe,
fff4,
0002,
0002,
0012,
fff0,
0014,
ffda,
0020,
ffd0,
003a,
ffbd,
004d,
ff7e,
0b6a,
2e90,
1fc2,
d992,
c28c,
fc87,
1836,
2361,
3bab,
1529,
f599,
0127,
019e,
e751,
d45f,
ca6c,
cd21,
e469,
f3e8,
ff2f,
0424,
0f10,
1a5b,
1e01,
1ff6,
1a77,
14fc,
0bf5,
0608,
ff60,
f32e,
e986,
eb33,
efce,
f0f3,
f331,
f5f5,
fb24,
ffc8,
049a,
0299,
fa40,
fb43,
0584,
0b92,
0b94,
0a61,
079e,
0515,
03fe,
02f5,
0083,
fbb5,
f704,
f491,
f503,
f81e,
fbf5,
fec1,
006d,
01d3,
03ac,
05ab,
06fe,
0700,
04f6,
01d2,
ff45,
fde6,
fd94,
fdc6,
fd79,
fcb0,
fc32,
fc73,
fdc8,
ffc2,
0121,
013c,
00a3,
0042,
0091,
014f,
01dc,
01c8,
010c,
001b,
ff87,
ff84,
ffe9,
0045,
ffe9,
fee0,
fe26,
fe63,
ff60,
ffff,
0000,
0003,
0000,
fffb,
fffa,
fffe,
0003,
0007,
0007,
0006,
0000,
fffb,
fff8,
fffb,
fffc,
fffe,
0000,
ffff,
fff5,
fffe,
0000,
0010,
fffa,
000b,
fff0,
ffff,
fffc,
fff7,
0018,
ffd0,
0022,
032c,
2201,
2d02,
f718,
c292,
e185,
11fa,
18d8,
36c7,
2e27,
fe86,
f9a9,
03c2,
f0cd,
d8ae,
cce5,
c790,
dbf6,
f028,
faaf,
0433,
0c3c,
196b,
1eaf,
203c,
1bcf,
169b,
0dfa,
0302,
fe90,
fb32,
efa2,
e6e7,
eed9,
f263,
f24b,
f5ef,
faeb,
fd8c,
00c4,
05de,
0203,
fa30,
fd17,
075d,
0b8f,
0af7,
0831,
04ca,
03e7,
034a,
01b6,
fe6d,
f96e,
f596,
f4e2,
f724,
fb3b,
fef8,
00b3,
01d5,
0328,
04d7,
05ce,
05d9,
04e4,
0246,
ff49,
fd8e,
fd5b,
fdc8,
fdfa,
fd85,
fd12,
fcfd,
fdbb,
ff47,
00ef,
019d,
0125,
0049,
0009,
0099,
014d,
0183,
00f8,
001e,
ff6d,
ff57,
ffb8,
0034,
004b,
ff9b,
fec9,
fea8,
ff4c,
fffd,
ffff,
0001,
0001,
fffe,
fffb,
fffc,
0000,
0005,
0008,
0006,
0003,
fffc,
fff9,
fff7,
fffd,
fffd,
0000,
ffff,
fffc,
fff7,
0001,
0005,
000d,
fff7,
0013,
ffd9,
0027,
ffbe,
0056,
ff8a,
0095,
ff85,
1231,
2e2e,
13dc,
d622,
cad0,
0015,
13cd,
2534,
3d43,
17b8,
f634,
ff09,
fb47,
dff3,
d0bf,
c856,
d0af,
e825,
f636,
02ab,
0a2e,
16ca,
1eff,
1eba,
1dee,
17cd,
0f90,
0518,
fe26,
f992,
f800,
eeda,
eace,
f11c,
f2ed,
f48d,
f8c9,
fd01,
fe52,
01ea,
0566,
0201,
fbda,
fe8b,
07e5,
0bea,
09e6,
0588,
032f,
030c,
01f6,
0015,
fc97,
f7d4,
f507,
f65e,
fa33,
fe8c,
0164,
0234,
02b2,
038d,
04ad,
04ef,
0444,
0280,
ffdc,
fd9c,
fd0f,
fdab,
fe4c,
fe57,
fdde,
fd83,
fdd9,
fef6,
0075,
017d,
0182,
00d4,
000e,
fffa,
0082,
011c,
0104,
0042,
ff5d,
fefd,
ff5e,
0009,
007b,
0030,
ff7b,
ff0f,
ff4b,
fffd,
ffff,
0001,
0002,
0001,
fffd,
fffb,
ffff,
0002,
0007,
0008,
0007,
0000,
fffd,
fff8,
fffb,
fffc,
0000,
ffff,
0000,
fff6,
0000,
fffc,
0015,
fff5,
0015,
ffe6,
000e,
ffe7,
000f,
fffc,
fff8,
fff2,
04b5,
2355,
26cf,
f609,
c8b9,
e240,
0e0e,
155e,
34c9,
3607,
0514,
f4a7,
ffaa,
ed70,
d591,
ccff,
c918,
dba6,
f09c,
fe1d,
09f6,
11f3,
1c9f,
1ee5,
1e07,
184d,
1216,
0a76,
ffb5,
f7a9,
f7da,
f955,
f041,
ee04,
f219,
f375,
f507,
fafd,
fe49,
fe5e,
01f8,
0587,
0336,
fdf3,
0035,
07fb,
0b7e,
086b,
036f,
017f,
0176,
00d1,
feb9,
fac9,
f6de,
f5f6,
f91c,
fd6e,
0158,
0309,
02c5,
028e,
033f,
03f6,
03b0,
0265,
0061,
fe64,
fd28,
fd27,
fe1d,
ff02,
fed2,
fe12,
fddc,
feb0,
0004,
0131,
0187,
0137,
0087,
fffa,
fff2,
006b,
00c9,
0087,
ffaa,
fecf,
fed0,
ff82,
0068,
00a1,
002c,
ff89,
ff60,
fffd,
fffe,
0000,
0002,
0001,
ffff,
fffc,
fffd,
0001,
0005,
0008,
0008,
0005,
fffe,
fffc,
fff9,
fffd,
fffc,
0001,
fffe,
ffff,
fff8,
0001,
0001,
0012,
fff2,
001b,
ffd1,
0031,
ffb0,
0067,
ff7f,
00a7,
ff67,
10ef,
2aed,
1307,
df8e,
ccb8,
f87f,
10dd,
1e16,
3e99,
26fb,
f6ef,
f63f,
fb47,
e150,
d042,
c9f5,
cfad,
e626,
f885,
0782,
0e44,
16a9,
1f4e,
1c6e,
1886,
15b8,
0f75,
02d4,
fac6,
f70e,
f8bd,
f7dc,
f439,
f178,
f030,
f2da,
f64b,
fc44,
fe68,
ff2a,
0200,
0596,
0556,
0171,
016e,
06f4,
0a95,
0680,
00ef,
ff81,
005e,
0009,
fd17,
f980,
f750,
f85d,
fc24,
001b,
02f3,
0386,
02ae,
01eb,
0299,
031d,
025e,
009d,
ff2c,
fe04,
fd20,
fd7c,
fec6,
ff69,
fee3,
fe49,
fe5d,
ff40,
0095,
01a0,
0194,
00f0,
0041,
ffea,
fff0,
005f,
0081,
fffd,
ff16,
fe9c,
fee6,
ffb9,
0097,
00ba,
0025,
ff8b,
fffd,
fffc,
ffff,
0001,
0002,
0000,
fffe,
fffb,
fffe,
0002,
0006,
0008,
0008,
0003,
fffe,
fff9,
fffa,
fffc,
fffe,
0000,
0000,
fff9,
ffff,
fffb,
0010,
fffc,
000b,
fffa,
fff6,
0007,
ffde,
003f,
ffa4,
006c,
0257,
1e99,
2546,
fd6e,
d4b5,
da28,
067e,
1231,
2aa1,
3eb4,
1482,
eed2,
f8f6,
f399,
d85c,
cdfd,
ca49,
d90d,
f0f4,
0023,
0bb0,
1164,
1a04,
1bb6,
1980,
1822,
128f,
08dd,
0026,
f968,
f613,
f954,
f7c5,
f761,
f302,
eecf,
f173,
f72c,
fda0,
feea,
ff7d,
025b,
06aa,
0792,
04f6,
02f9,
053f,
07c7,
03b3,
ff14,
fe93,
ff4f,
fe8e,
fc19,
f9b8,
f8fb,
faf9,
fe66,
01e3,
037d,
034e,
0214,
014f,
0205,
0231,
0157,
ffc5,
fe9a,
fdc5,
fd99,
fe1c,
fef3,
ff43,
feda,
fe87,
feb5,
ffa8,
0103,
01d9,
01a9,
00d6,
0005,
ffb5,
fffb,
0061,
0040,
ff8d,
fec8,
fea5,
ff1e,
fffd,
0097,
008a,
fff6,
ffff,
fffd,
fffd,
fffe,
0001,
0001,
ffff,
fffc,
fffb,
ffff,
0002,
0007,
0006,
0008,
0000,
fffd,
fff7,
fffb,
fffa,
0000,
fffd,
ffff,
fff7,
0002,
fff8,
0017,
ffec,
0021,
ffd4,
0028,
ffc2,
003e,
ffc3,
0046,
ffa2,
09f0,
26d6,
1655,
eda8,
d397,
e910,
0dbd,
16ef,
3463,
3605,
0487,
ec13,
f82f,
ece8,
d54a,
c9fd,
cf8f,
e632,
f690,
04e2,
0f6d,
114d,
1885,
1c02,
18e3,
13ff,
0fd1,
06e9,
fd20,
f706,
f82f,
f8f9,
f666,
f9b3,
f4d5,
eca5,
f049,
f9be,
fdef,
fec3,
00d1,
0423,
074b,
0905,
087f,
04af,
0231,
02f7,
0188,
fef8,
fdd8,
fd88,
fd84,
fc81,
fac9,
fa6e,
fcd9,
001e,
02e1,
034c,
0275,
017f,
0142,
019b,
018f,
00e1,
ff98,
fe48,
fdaf,
fdfb,
fe7c,
fedf,
fed2,
fe90,
fe85,
ff19,
002a,
016a,
0204,
01b8,
00ba,
ffe5,
ffab,
fff8,
005a,
0022,
ff56,
fead,
fec8,
ff5f,
0004,
005b,
003a,
0003,
0000,
fffc,
fffd,
0000,
0001,
ffff,
fffd,
fffb,
fffc,
ffff,
0004,
0008,
0007,
0006,
fffe,
fffb,
fff7,
fffc,
fffb,
0001,
fffd,
fffd,
fffb,
0000,
0000,
0011,
fff1,
001f,
ffcf,
0038,
ffa6,
0075,
ff70,
00b7,
ffca,
141d,
25ed,
0562,
e610,
d7d7,
f5d6,
1292,
1cf4,
375f,
2add,
f786,
e981,
fa61,
e9c1,
cf42,
ca72,
da81,
edd0,
f9df,
0928,
0d9a,
112b,
1b2a,
1a4c,
1576,
13d4,
0e7c,
0285,
fb12,
f7ab,
f882,
f78b,
f739,
f9d8,
f496,
ed1a,
f11b,
fa92,
fdd9,
ff8e,
029a,
061e,
07ff,
09a0,
0a5c,
05b4,
ff45,
fe5b,
0020,
ff41,
fcf9,
fc9a,
fd5b,
fcd5,
fb5f,
fbc2,
fe81,
012b,
02ea,
02d7,
01ce,
012a,
0185,
01a4,
0163,
00b8,
ff9e,
fe15,
fd89,
fe15,
fea6,
fe86,
fe2f,
fe34,
fe94,
ff7c,
00a5,
01e0,
022d,
018a,
009c,
0011,
ffd9,
0016,
004a,
ffee,
ff3a,
fed7,
fef2,
ff51,
ffde,
002e,
0004,
0002,
ffff,
fffc,
fffe,
0000,
0001,
fffe,
fffd,
fffc,
fffd,
0000,
0006,
0007,
0007,
0003,
fffe,
fffa,
fff9,
fffc,
fffd,
0000,
fffd,
fffa,
0000,
fffb,
000b,
0001,
0004,
0005,
ffe9,
001b,
ffc7,
0059,
ff89,
008d,
0231,
1ce8,
1d0a,
f8c6,
e4a2,
dd7b,
008a,
1630,
20cd,
36f9,
1d82,
ec50,
edb1,
fcf6,
e486,
cb51,
cf66,
e4d2,
f1a7,
faec,
0a0e,
0e12,
12cd,
19ee,
18e7,
1580,
12be,
0ad7,
0039,
fa1c,
f760,
f8c4,
f76b,
f772,
f83b,
f452,
efd3,
f296,
faa3,
fe5c,
0029,
048b,
07f9,
0849,
092f,
0a25,
05c8,
fe37,
fbbd,
fe49,
fee1,
fd12,
fcb6,
fcc8,
fc63,
fbdd,
fd20,
ff93,
018f,
02a3,
027e,
0197,
0148,
01fc,
01f6,
019b,
00ad,
ff3b,
fde7,
fd88,
fdf8,
fe47,
fdf9,
fdb9,
fe04,
feca,
ffc8,
0101,
021e,
024b,
018a,
00b8,
004e,
0031,
0055,
002e,
ffb3,
ff25,
fee3,
feea,
ff4b,
ffc5,
0004,
0003,
0002,
ffff,
fffe,
ffff,
0002,
0000,
fffe,
fffd,
fffd,
ffff,
0001,
0007,
0006,
0007,
0002,
fffe,
fffa,
fffb,
fffc,
ffff,
ffff,
fffe,
fffa,
0004,
fff8,
0014,
fff4,
0018,
ffe8,
0010,
ffec,
0006,
000d,
ffeb,
000f,
06b2,
2135,
10a9,
f310,
e578,
e399,
0999,
1732,
2336,
321c,
10bd,
e816,
f3be,
fe4f,
de2d,
c9eb,
d81f,
ebd3,
efe3,
fcbe,
0da6,
0c95,
122f,
1b05,
18a6,
1399,
1135,
084e,
fdf9,
f90e,
f851,
f8f0,
f6f8,
f780,
f6bc,
f3d6,
f2c4,
f59f,
facf,
fe41,
010a,
0606,
08d8,
0829,
0874,
08e0,
04dd,
fecd,
fbb6,
fc41,
fd77,
fd67,
fd12,
fc1a,
fbab,
fc2b,
fdf2,
0027,
020e,
0293,
0224,
01d9,
0201,
0275,
025a,
019d,
0067,
feeb,
fdba,
fd5b,
fd9e,
fdc3,
fd7c,
fd83,
fe06,
fefb,
ffef,
0142,
024c,
025f,
01bc,
0110,
00ab,
007f,
0078,
0028,
ff7b,
fed5,
feac,
fee8,
ff55,
0004,
0004,
0003,
0001,
ffff,
ffff,
0000,
0000,
0000,
ffff,
fffe,
fffd,
ffff,
0003,
0007,
0006,
0007,
0001,
ffff,
fffa,
fffd,
fffb,
0000,
fffe,
fffd,
fffc,
0003,
fffa,
0015,
ffef,
0020,
ffd6,
002c,
ffc4,
0043,
ffbd,
0052,
ffc2,
0c43,
2006,
0589,
f283,
e5f3,
eb45,
0fc2,
15fb,
2384,
2c8e,
0643,
e7e8,
fbc2,
fb42,
d850,
cde7,
dff3,
ec3b,
f00e,
0246,
0c5e,
0a8e,
14f1,
1b3b,
1602,
12b9,
0fbc,
04db,
fc58,
f964,
f955,
f866,
f6f7,
f74d,
f5ef,
f3cc,
f53c,
f961,
fb5e,
fd94,
01f5,
06d5,
087b,
07fd,
0812,
06f5,
0397,
002c,
fcca,
faa0,
fbb8,
fd74,
fd0e,
fbaf,
fb4f,
fc17,
fe45,
00d6,
029c,
02a5,
0249,
0262,
02c4,
02da,
025f,
0156,
0002,
feb0,
fd84,
fd0f,
fd2c,
fd57,
fd5c,
fd74,
fe01,
ff10,
0043,
018f,
0266,
0277,
01fe,
017d,
00fb,
00b0,
007b,
fff9,
ff33,
fe97,
fe77,
fec5,
0002,
0004,
0004,
0001,
0000,
ffff,
fffe,
ffff,
0000,
0000,
fffe,
fffc,
fffd,
0001,
0003,
0004,
0005,
0006,
0000,
fffe,
fffa,
fffd,
fffa,
0000,
fffe,
fffc,
fffd,
0000,
0000,
000c,
fff5,
0018,
ffda,
002d,
ffbc,
0059,
ff98,
007d,
0043,
116f,
1aa1,
fe25,
f379,
e696,
f471,
1173,
13af,
255d,
24d3,
fd7b,
ed69,
0044,
f571,
d6c6,
d301,
e3a1,
ed73,
f388,
03b8,
0a15,
0c48,
1664,
18e4,
14a1,
120b,
0c8e,
01ed,
fc28,
fa68,
f99e,
f7e8,
f72a,
f71e,
f5c4,
f4cf,
f73b,
fba0,
fc6c,
fd59,
02b8,
0712,
07ae,
0798,
077b,
058a,
0289,
007f,
fd78,
fa8d,
faa8,
fcb8,
fcab,
fb83,
fb4e,
fc33,
fea2,
0149,
02de,
031b,
02ea,
02d1,
030b,
02ec,
022f,
00f7,
ffa5,
fe54,
fd42,
fcda,
fcf6,
fd1a,
fd4f,
fd94,
fe22,
ff28,
008f,
01ef,
02a6,
0293,
0208,
0188,
0128,
00d2,
005b,
ffb2,
fef2,
fe6e,
fe56,
0004,
0002,
0001,
ffff,
ffff,
0000,
0001,
0001,
fffe,
fffc,
fffc,
fffe,
0001,
0003,
0005,
0003,
ffff,
fffe,
fffc,
ffff,
fffd,
0001,
fffe,
fffd,
fffc,
fffd,
0004,
0006,
fffc,
000d,
ffe6,
0020,
ffca,
004e,
ff9f,
007a,
0075,
0f99,
1637,
03ea,
f14e,
e078,
fb42,
124a,
19e2,
27f5,
1546,
f601,
fa52,
0523,
ee3d,
daa2,
d93f,
e28c,
ed6f,
f79c,
027f,
055f,
0bed,
159c,
159c,
12f2,
1102,
0b3b,
04c1,
0040,
f978,
f71f,
f5ed,
f51f,
f7c1,
f9e6,
f987,
f963,
fb67,
fd0e,
ff9f,
01da,
02cf,
0437,
06e3,
08c0,
089c,
0767,
03c3,
fdab,
f932,
f823,
f8cd,
f87e,
f77b,
f7dd,
fb13,
ff72,
0279,
044b,
050c,
052d,
04dc,
04c2,
0464,
0305,
00e0,
feb9,
fd0c,
fc30,
fbef,
fc0a,
fc87,
fd19,
fda5,
fe69,
ff88,
00e8,
0228,
029c,
025b,
01e4,
018b,
0145,
012c,
00f8,
0035,
feff,
fe2b,
fe1e,
fe7c,
feec,
0006,
0005,
0004,
0003,
0002,
0002,
0002,
0002,
0001,
0001,
ffff,
ffff,
0001,
0004,
0005,
0007,
0005,
0003,
0000,
0000,
0001,
0002,
0004,
0002,
ffff,
0001,
fffe,
000b,
0000,
000b,
fffc,
0000,
0004,
fff6,
0022,
ffdd,
0036,
0268,
11cf,
1047,
0024,
ee0a,
e79d,
0287,
0fa7,
1c2f,
2315,
0bde,
f796,
0038,
015f,
ebd6,
dd4c,
dbfc,
e700,
f0f0,
f8e3,
0165,
05a5,
0cf4,
1356,
13d1,
1201,
0ecd,
0966,
0462,
fe5f,
f96f,
f912,
f6eb,
f6a8,
f903,
f9f6,
f91c,
f9d0,
fbdd,
fdd5,
0033,
01c6,
03c1,
05c9,
05f6,
063d,
06ed,
0564,
0154,
fca2,
fa0c,
f9b5,
fa2d,
f9e2,
f91c,
f94b,
fc27,
ffbf,
01cc,
033c,
0431,
046c,
0412,
03f0,
03a6,
029d,
00d1,
fee9,
fd55,
fc75,
fc69,
fcc1,
fd10,
fd6b,
fe04,
feef,
fff2,
010c,
01ec,
021d,
01da,
0188,
0155,
0110,
00d8,
009a,
0000,
ff1a,
fe82,
fe69,
febb,
0003,
0003,
0004,
0003,
0001,
0000,
0000,
0001,
0000,
ffff,
ffff,
fffe,
fffe,
ffff,
0002,
0004,
0004,
0003,
0001,
fffe,
fffe,
fffe,
0000,
0001,
ffff,
fffe,
0000,
fffd,
0009,
ffff,
000a,
fff9,
0001,
fffc,
fffd,
000f,
fff2,
0016,
0285,
0fa3,
0e47,
006d,
f075,
eb92,
0080,
0dcf,
1a52,
1eba,
0bcb,
fad7,
00c9,
011a,
eec8,
dfe1,
dec2,
e972,
f115,
f7cf,
0081,
04fc,
0af1,
1165,
128f,
107e,
0db0,
098b,
0431,
fe34,
fb53,
faac,
f7a2,
f729,
f94b,
fa06,
f970,
fa65,
fc68,
fea1,
001c,
00ce,
0349,
059c,
04e4,
0401,
04f1,
047e,
00f9,
fd38,
fb8e,
fb15,
fb23,
fb54,
fb1a,
fa7e,
fbcb,
fead,
0112,
025c,
030c,
0363,
0335,
0337,
032e,
0287,
0104,
ff54,
fdeb,
fd13,
fcf9,
fd5f,
fdb9,
fde2,
fe4f,
ff21,
ffee,
00be,
017b,
01aa,
0166,
0124,
00f6,
00bd,
009b,
0076,
000b,
ff5a,
fedb,
feb6,
0003,
0003,
0004,
0003,
0001,
0000,
0000,
0001,
0000,
ffff,
ffff,
fffe,
fffe,
ffff,
0002,
0004,
0004,
0003,
0001,
fffe,
fffe,
fffe,
0000,
0001,
ffff,
fffe,
0000,
fffd,
0009,
ffff,
000a,
fff9,
0001,
fffc,
fffd,
000f,
fff2,
0016,
0285,
0fa3,
0e47,
006d,
f075,
eb92,
0080,
0dcf,
1a52,
1eba,
0bcb,
fad7,
00c9,
011a,
eec8,
dfe1,
dec2,
e972,
f115,
f7cf,
0081,
04fc,
0af1,
1165,
128f,
107e,
0db0,
098b,
0431,
fe34,
fb53,
faac,
f7a2,
f729,
f94b,
fa06,
f970,
fa65,
fc68,
fea1,
001c,
00ce,
0349,
059c,
04e4,
0401,
04f1,
047e,
00f9,
fd38,
fb8e,
fb15,
fb23,
fb54,
fb1a,
fa7e,
fbcb,
fead,
0112,
025c,
030c,
0363,
0335,
0337,
032e,
0287,
0104,
ff54,
fdeb,
fd13,
fcf9,
fd5f,
fdb9,
fde2,
fe4f,
ff21,
ffee,
00be,
017b,
01aa,
0166,
0124,
00f6,
00bd,
009b,
0076,
000b,
ff5a,
fedb,
feb6,
0002,
0002,
0003,
0003,
0002,
0001,
ffff,
ffff,
0000,
0000,
ffff,
fffe,
fffe,
fffe,
ffff,
0001,
0003,
0004,
0003,
0001,
fffe,
fffd,
fffe,
ffff,
0000,
ffff,
fffe,
ffff,
fffd,
0007,
0000,
0007,
fffa,
0000,
fffd,
fffc,
000d,
fff9,
0008,
023e,
0d52,
0cf8,
014e,
f31e,
ed8a,
ff01,
0c87,
1753,
1b8b,
0c2c,
fd1f,
016a,
01bb,
f10f,
e336,
e287,
eac0,
f0bc,
f75f,
ff92,
0371,
08fe,
0f63,
10b9,
0f1c,
0d24,
09b5,
0446,
ff44,
fceb,
fb1e,
f837,
f842,
f9cc,
fa46,
fa66,
fb6c,
fcea,
fe20,
fea6,
ffe3,
02d8,
041d,
0311,
0312,
042c,
0417,
0184,
fe4e,
fccf,
fc80,
fc9d,
fc6b,
fbf3,
fb45,
fbc1,
fda3,
fff4,
0192,
0201,
021a,
0265,
02d7,
02c2,
0229,
0142,
0008,
fead,
fdf1,
fddf,
fe0d,
fe46,
fe72,
fe9d,
fef6,
ff8c,
0054,
00ee,
011c,
0100,
00c0,
0082,
0076,
0098,
008b,
0018,
ff87,
ff2e,
0001,
0002,
0002,
0002,
0003,
0002,
0001,
0000,
0000,
0000,
0000,
0000,
ffff,
fffe,
fffe,
ffff,
0001,
0003,
0004,
0003,
0001,
ffff,
fffe,
fffe,
ffff,
0000,
0000,
fffe,
fffe,
fffe,
0006,
0000,
0005,
fffd,
ffff,
0001,
fffa,
0011,
fff4,
0009,
01bd,
0b12,
0c0a,
029d,
f53f,
eed2,
fe3b,
0ab1,
1460,
193b,
0c68,
ff04,
0236,
0236,
f348,
e776,
e5dd,
eb38,
f0bc,
f741,
fe44,
01b5,
0737,
0d44,
0ef1,
0e1d,
0d02,
0a10,
0448,
ffb9,
fdc4,
fc03,
f987,
f934,
fa8d,
fb63,
fb4f,
fb57,
fc18,
fd08,
fd7a,
ff05,
01b5,
0279,
0229,
0329,
0432,
0429,
025e,
ff72,
fdec,
fdb3,
fd8b,
fcee,
fc2d,
fb98,
fbd5,
fcf0,
fede,
00a9,
013a,
0134,
019e,
025e,
0283,
0225,
018d,
00b2,
ff95,
fee1,
feb6,
feaf,
fea4,
fe9f,
fead,
febe,
ff09,
ffbc,
0068,
00ae,
009f,
006d,
004e,
006b,
009a,
008e,
003c,
ffcc,
0001,
0001,
0001,
0001,
0001,
0002,
0001,
0001,
0000,
0000,
ffff,
ffff,
ffff,
ffff,
fffe,
fffe,
fffe,
0000,
0002,
0002,
0002,
0001,
fffe,
fffd,
fffe,
fffe,
0000,
ffff,
fffe,
fffe,
ffff,
0004,
0000,
0003,
fffe,
fffe,
0003,
fff7,
0013,
ffef,
000c,
0129,
08ed,
0b50,
03e6,
f729,
f020,
fd45,
08a4,
11d4,
171c,
0cad,
00d6,
02b0,
0294,
f60a,
ebb8,
e889,
ebb4,
f105,
f6fd,
fcc7,
003b,
0578,
0b42,
0da0,
0d81,
0cba,
0942,
03e7,
00fa,
ff0b,
fcfd,
fb13,
fab5,
fb3f,
fb62,
faed,
faa4,
fb5d,
fbd1,
fc12,
fe4c,
0154,
01f8,
01dc,
0354,
04c8,
04ba,
02de,
0041,
feb9,
fe51,
fdf1,
fd0a,
fc28,
fbbf,
fbe5,
fc97,
fe0d,
ffae,
0086,
00d0,
014b,
01fc,
0272,
0264,
01ef,
014a,
0056,
ff84,
ff3c,
ff26,
fed6,
fe88,
fe75,
fe81,
feb0,
ff36,
ffe0,
0040,
006b,
006a,
0059,
005d,
008e,
00b4,
0086,
0000,
0000,
0001,
0000,
0000,
0001,
0002,
0001,
0000,
0000,
0000,
ffff,
ffff,
0000,
ffff,
fffe,
fffe,
ffff,
0000,
0002,
0002,
0002,
0001,
ffff,
fffe,
fffe,
fffe,
ffff,
0000,
fffe,
ffff,
ffff,
0002,
0001,
0001,
0003,
fffe,
0004,
fff5,
0014,
ffed,
000f,
00af,
06fa,
0a7d,
0500,
f92c,
f169,
fc2c,
06bd,
0f6a,
151b,
0d1b,
0254,
02c5,
0343,
f8f1,
ef84,
eb07,
ec6b,
f13e,
f691,
fba6,
fef6,
0418,
09da,
0be3,
0be9,
0be9,
091a,
0490,
0229,
007a,
fec6,
fc3f,
fab3,
fad3,
fae4,
fa58,
f9fc,
fa6b,
faa4,
fbaa,
fee4,
0195,
01a5,
0200,
03ca,
0544,
04eb,
02de,
0094,
ff18,
fe7f,
fdf2,
fd09,
fc47,
fbe7,
fbd1,
fc4b,
fd92,
ff1a,
003e,
00d7,
014d,
01e9,
0260,
0293,
023e,
0182,
00bd,
fff5,
ff74,
ff3a,
feee,
fe81,
fe2a,
fe36,
fe7a,
fee4,
ff76,
0008,
006e,
0076,
006b,
007b,
00b6,
00e7,
fffe,
ffff,
0000,
0000,
0000,
0001,
0001,
0001,
0001,
0001,
0000,
ffff,
ffff,
0000,
0000,
ffff,
fffe,
fffe,
fffe,
0000,
0001,
0002,
0002,
0001,
ffff,
fffe,
fffe,
fffe,
0000,
0000,
fffe,
ffff,
0000,
0001,
0000,
0002,
0006,
fffc,
0004,
fff4,
0015,
ffeb,
0012,
0057,
052e,
098c,
05e5,
fb53,
f2d4,
fada,
04d9,
0d27,
1368,
0d7e,
037d,
02e1,
03fe,
fbb3,
f2e9,
ed73,
ed31,
f168,
f675,
fb0a,
fe6b,
0280,
06e2,
09be,
0bae,
0be6,
08ba,
0586,
0429,
017f,
fe94,
fc1c,
fa6b,
fa14,
fa40,
f9df,
f992,
fa33,
facf,
fc82,
ffa7,
01ae,
01d9,
024e,
03c1,
0501,
0492,
0282,
0066,
ff3b,
fe8b,
fdf4,
fd2b,
fc5e,
fbe0,
fbcb,
fc75,
fda8,
ff25,
0046,
00e4,
0166,
01f5,
0246,
0254,
0231,
01a0,
00d9,
0014,
ff78,
ff23,
fed7,
fe7d,
fe2b,
fe0e,
fe46,
fec2,
ff65,
0004,
006f,
0098,
00a3,
00bb,
00e7,
fffe,
fffe,
0000,
0001,
0000,
0000,
0001,
0001,
0002,
0002,
0001,
0001,
0000,
0000,
0000,
ffff,
ffff,
ffff,
fffe,
ffff,
0000,
0001,
0003,
0002,
0001,
0000,
ffff,
fffe,
ffff,
0000,
0000,
ffff,
ffff,
0000,
0000,
0001,
0003,
0008,
fffc,
0006,
fff5,
0012,
ffee,
0015,
001c,
03ad,
086f,
067f,
fd91,
f446,
f964,
0319,
0b50,
11e1,
0dad,
048f,
02ed,
049d,
fe2d,
f5e6,
efc4,
ee30,
f22b,
f710,
fa44,
fc34,
0034,
05aa,
0948,
0b45,
0b8a,
095b,
0638,
03c3,
0100,
fe2c,
fb90,
f9b5,
f99c,
fa33,
fa4a,
fa77,
fb01,
fb76,
fd95,
0098,
01be,
018d,
020e,
0342,
0422,
03a3,
01ec,
0040,
ff48,
feb9,
fdfd,
fd1d,
fc8a,
fc41,
fc5d,
fd0f,
fe24,
ff49,
0040,
010a,
0175,
01b7,
01d8,
0204,
01fe,
017c,
00b0,
ffe1,
ff61,
ff12,
fee9,
fe9f,
fe34,
fe08,
fe4e,
feed,
ff87,
0013,
0085,
00ca,
00e4,
00d4,
fffe,
fffe,
0000,
0001,
0000,
0000,
0001,
0001,
0002,
0002,
0001,
0001,
0000,
0000,
0000,
ffff,
ffff,
ffff,
fffe,
ffff,
0000,
0001,
0003,
0002,
0001,
0000,
ffff,
fffe,
ffff,
0000,
0000,
ffff,
ffff,
0000,
0000,
0001,
0003,
0008,
fffc,
0006,
fff5,
0012,
ffee,
0015,
001c,
03ad,
086f,
067f,
fd91,
f446,
f964,
0319,
0b50,
11e1,
0dad,
048f,
02ed,
049d,
fe2d,
f5e6,
efc4,
ee30,
f22b,
f710,
fa44,
fc34,
0034,
05aa,
0948,
0b45,
0b8a,
095b,
0638,
03c3,
0100,
fe2c,
fb90,
f9b5,
f99c,
fa33,
fa4a,
fa77,
fb01,
fb76,
fd95,
0098,
01be,
018d,
020e,
0342,
0422,
03a3,
01ec,
0040,
ff48,
feb9,
fdfd,
fd1d,
fc8a,
fc41,
fc5d,
fd0f,
fe24,
ff49,
0040,
010a,
0175,
01b7,
01d8,
0204,
01fe,
017c,
00b0,
ffe1,
ff61,
ff12,
fee9,
fe9f,
fe34,
fe08,
fe4e,
feed,
ff87,
0013,
0085,
00ca,
00e4,
00d4,
fffd,
fffd,
ffff,
ffff,
0000,
0000,
0000,
0000,
0000,
0000,
0001,
0001,
0000,
ffff,
0000,
0000,
0000,
ffff,
ffff,
ffff,
ffff,
ffff,
0000,
0002,
0003,
0001,
0000,
ffff,
fffe,
fffe,
0000,
ffff,
0000,
ffff,
ffff,
fffe,
0001,
0004,
0008,
fffc,
0005,
fff8,
000b,
fff6,
000d,
0004,
027e,
072d,
06df,
ffa0,
f5cb,
f807,
0174,
09cc,
108b,
0db1,
056b,
0317,
0508,
0044,
f892,
f277,
f033,
f281,
f581,
f8b6,
fc1d,
ffec,
0492,
08e7,
0b62,
0a79,
07c0,
0567,
0311,
fff9,
fd49,
fb26,
f9d9,
fa7c,
fb7c,
fbc6,
fb96,
fbc4,
fcb9,
fed1,
0095,
00d1,
00d4,
0177,
0256,
02e4,
0299,
0170,
0042,
ff80,
fec4,
fe05,
fd76,
fd3c,
fd35,
fd43,
fdb5,
fe66,
ff60,
005f,
00f4,
011a,
0139,
0180,
019b,
0175,
010f,
006a,
ffd1,
ff72,
ff38,
fef9,
feab,
fe74,
fe67,
fea1,
ff16,
ffad,
0036,
009e,
00de,
00d9,
ffff,
fffd,
fffe,
ffff,
ffff,
0000,
0000,
0001,
0001,
0001,
0001,
0001,
0001,
0001,
0000,
ffff,
0000,
0000,
0000,
0000,
ffff,
ffff,
0000,
0001,
0001,
0002,
0002,
0000,
ffff,
ffff,
ffff,
0000,
0000,
0001,
ffff,
ffff,
ffff,
0003,
0005,
0006,
fffd,
0005,
fffa,
0007,
fffd,
0005,
0002,
01a7,
05f4,
06f2,
015b,
f744,
f6e3,
fff6,
08c8,
0f8d,
0d65,
0604,
0369,
0565,
025a,
fbd3,
f491,
ef78,
f1da,
f696,
f971,
fbf1,
ffdf,
0488,
0791,
08a2,
0813,
0656,
03c6,
017b,
ff72,
fd70,
fc20,
fba4,
fc6d,
fd16,
fd16,
fcd4,
fcd0,
fd8b,
feca,
ff61,
ff8d,
0019,
00aa,
012e,
01b3,
01d0,
013c,
006a,
ffa6,
fefe,
fe90,
fe64,
fe5f,
fe35,
fdea,
fe08,
feaa,
ff88,
0021,
0072,
009d,
00bf,
00e7,
00f8,
00ef,
00b8,
0055,
ffea,
ff9a,
ff54,
ff28,
ff0f,
fef2,
fed7,
fee8,
ff42,
ffce,
0046,
008d,
00a6,
ffff,
fffe,
fffd,
fffd,
fffe,
ffff,
0000,
0000,
0000,
ffff,
0000,
0000,
0000,
0000,
ffff,
0000,
ffff,
ffff,
ffff,
ffff,
ffff,
ffff,
ffff,
fffe,
0000,
0001,
0001,
0001,
0000,
ffff,
fffe,
fffe,
ffff,
ffff,
0000,
ffff,
fffe,
ffff,
0003,
0003,
0003,
fffe,
0004,
fff9,
0003,
0002,
0001,
0006,
0121,
04df,
06c9,
02b3,
f87f,
f607,
fec8,
083b,
0eda,
0ce8,
0676,
0474,
06dc,
034f,
fb39,
f53f,
f20e,
f3b9,
f72c,
fa36,
fca8,
fec9,
01d3,
04be,
05e7,
0563,
0402,
023d,
01a8,
0101,
fefb,
fddc,
fe06,
fe6f,
fe6e,
fe4b,
fd73,
fcc4,
fd1c,
fdb6,
fe23,
fe9e,
ff3a,
ffa7,
004c,
0117,
0172,
0127,
0093,
002d,
ffe3,
ff8f,
ff6d,
ff44,
fec5,
fe47,
fe6f,
fece,
ff17,
ff85,
ffe6,
0005,
0014,
005d,
008c,
008c,
0091,
0074,
0020,
ffd4,
ffb6,
ff9e,
ff74,
ff53,
ff32,
ff2d,
ff60,
ffbe,
000e,
0033,
0000,
0000,
ffff,
ffff,
ffff,
ffff,
0000,
0000,
0000,
0000,
0000,
0000,
0000,
0001,
0001,
0001,
0000,
0000,
0000,
0000,
0000,
ffff,
ffff,
ffff,
0000,
0000,
0001,
0002,
0001,
0001,
0000,
ffff,
ffff,
0000,
0000,
0002,
0000,
ffff,
ffff,
0003,
0002,
0004,
0001,
0004,
fff8,
0003,
0008,
0000,
0009,
00ea,
0418,
0689,
03a3,
f910,
f53c,
fe32,
0894,
0ed5,
0ccc,
07d2,
04b5,
0443,
02ac,
fe2d,
f857,
f3c6,
f538,
f85c,
f98f,
faa4,
fca2,
ff0f,
0184,
02bf,
02e1,
0370,
03e4,
03da,
0276,
00c9,
0038,
0001,
ffed,
ff32,
fde8,
fc78,
fc02,
fc65,
fcc6,
fd33,
fdb4,
fe53,
ff30,
003d,
00d4,
0120,
014e,
016b,
0144,
00c6,
0062,
0024,
ffb4,
ff1f,
fea5,
fe58,
fe42,
fe7d,
fef0,
ff42,
ff75,
ffb9,
fffc,
003c,
008e,
00c5,
00b1,
0076,
0048,
001a,
fff2,
ffc6,
ff9d,
ff6b,
ff3c,
ff35,
ff64,
ffab,
0000,
0000,
ffff,
ffff,
ffff,
ffff,
0000,
0000,
0000,
0000,
0000,
0000,
0000,
0001,
0001,
0001,
0000,
0000,
0000,
0000,
0000,
ffff,
ffff,
ffff,
0000,
0000,
0001,
0002,
0001,
0001,
0000,
ffff,
ffff,
0000,
0000,
0002,
0000,
ffff,
ffff,
0003,
0002,
0004,
0001,
0004,
fff8,
0003,
0008,
0000,
0009,
00ea,
0418,
0689,
03a3,
f910,
f53c,
fe32,
0894,
0ed5,
0ccc,
07d2,
04b5,
0443,
02ac,
fe2d,
f857,
f3c6,
f538,
f85c,
f98f,
faa4,
fca2,
ff0f,
0184,
02bf,
02e1,
0370,
03e4,
03da,
0276,
00c9,
0038,
0001,
ffed,
ff32,
fde8,
fc78,
fc02,
fc65,
fcc6,
fd33,
fdb4,
fe53,
ff30,
003d,
00d4,
0120,
014e,
016b,
0144,
00c6,
0062,
0024,
ffb4,
ff1f,
fea5,
fe58,
fe42,
fe7d,
fef0,
ff42,
ff75,
ffb9,
fffc,
003c,
008e,
00c5,
00b1,
0076,
0048,
001a,
fff2,
ffc6,
ff9d,
ff6b,
ff3c,
ff35,
ff64,
ffab,
0001,
0000,
0000,
0000,
ffff,
fffe,
ffff,
ffff,
ffff,
0000,
0000,
ffff,
0000,
0001,
0000,
0001,
0001,
0000,
ffff,
0000,
0000,
0000,
0000,
ffff,
ffff,
ffff,
0000,
0001,
0000,
0001,
0001,
ffff,
ffff,
0000,
0000,
0001,
0001,
fffe,
fffe,
ffff,
0001,
0001,
0004,
0001,
0003,
fff5,
000a,
0007,
0006,
ffff,
00ee,
03ca,
0674,
03e2,
f852,
f4a0,
ff2b,
0b06,
106f,
0ad8,
03e2,
041a,
0726,
04e1,
ff4a,
fa11,
f54b,
f49f,
f6c1,
f826,
f83a,
f9b5,
fc80,
fe9f,
017d,
04ba,
05bf,
056c,
05b9,
0498,
0237,
0193,
0178,
ffa3,
fd86,
fc90,
fbab,
fb4d,
fbc7,
fc1b,
fc61,
fd1e,
fe56,
ff75,
0037,
00c8,
0189,
0233,
0257,
0205,
0167,
00e5,
0070,
ffe2,
ff14,
fe32,
fdc9,
fdb3,
fdf2,
fe64,
fedf,
ff34,
ff76,
fff6,
0084,
00e4,
00ff,
0100,
00df,
009f,
0064,
001b,
ffe4,
ffa4,
ff48,
feec,
fed7,
ff1d,
0002,
0001,
0001,
0000,
0000,
ffff,
fffe,
fffe,
ffff,
ffff,
0000,
0000,
0000,
0001,
0001,
0000,
0001,
0001,
0001,
0000,
0000,
0000,
0000,
0000,
ffff,
0000,
0000,
0001,
0001,
0001,
0002,
0001,
0000,
0000,
0000,
0001,
0001,
0000,
ffff,
fffd,
0000,
0003,
0001,
0005,
0004,
0000,
fff8,
0016,
0008,
fffa,
fff1,
017a,
041b,
0684,
026e,
f607,
f676,
0489,
0cc0,
0afc,
078a,
06e0,
073e,
0864,
05cd,
fedd,
f7a9,
f421,
f405,
f447,
f584,
f691,
f77a,
fb4c,
0127,
04bc,
0613,
076b,
083a,
06eb,
04b7,
0348,
0193,
ff83,
fdc0,
fc97,
fb72,
facc,
fb21,
fb72,
fb95,
fc5b,
fd99,
feaa,
ffc2,
00c5,
0193,
0241,
02d7,
0304,
0278,
019e,
00ee,
003b,
ff53,
fe55,
fda6,
fd48,
fd3b,
fd9c,
fe3a,
fecc,
ff49,
ffe3,
006e,
00ce,
011d,
0157,
015a,
0118,
00b8,
0052,
0002,
ffbb,
ff4b,
fedb,
feab,
fecd,
0002,
0002,
0001,
0000,
ffff,
fffe,
fffe,
fffe,
fffe,
fffe,
ffff,
0000,
0001,
0001,
0001,
0001,
0001,
0001,
0001,
0001,
0000,
0000,
ffff,
0000,
0000,
0000,
ffff,
ffff,
0000,
0001,
0002,
0002,
0001,
0000,
ffff,
ffff,
0000,
0000,
0000,
fffe,
fffd,
0002,
0002,
0003,
0003,
0002,
fffd,
0010,
0010,
fff5,
ffdd,
0062,
02ab,
0521,
0613,
fe54,
f58a,
fa4c,
059f,
0d51,
0c2d,
080e,
07cb,
09cf,
0847,
0187,
fa51,
f4c2,
f21b,
f206,
f311,
f3fc,
f5eb,
faac,
001c,
040d,
06cf,
08e8,
0923,
083b,
06b7,
03d6,
00bd,
ff17,
fe2c,
fcac,
fb5f,
fabd,
fac0,
fb0e,
fb92,
fc36,
fd02,
fe31,
ff9a,
00cb,
019a,
0243,
02ed,
0364,
032c,
0238,
0113,
0030,
ff5f,
fe71,
fda3,
fd19,
fcdb,
fd1d,
fdd3,
fea7,
ff67,
fff6,
004e,
00b2,
012e,
018f,
019a,
014e,
00d2,
005e,
0001,
ff9c,
ff3b,
fef2,
feca,
feb4,
0002,
0001,
0001,
0001,
0000,
fffe,
fffe,
fffe,
fffe,
ffff,
0000,
0001,
0001,
0000,
0001,
0001,
0001,
0001,
0001,
0001,
0000,
0000,
0000,
0000,
0000,
0000,
0000,
ffff,
0000,
0002,
0002,
0002,
0001,
0000,
ffff,
ffff,
0000,
0001,
0000,
ffff,
fffd,
ffff,
0002,
0006,
0001,
0000,
0007,
000e,
000f,
ffed,
fff7,
0006,
0200,
04ea,
07cd,
0229,
f360,
f478,
05aa,
0fa1,
0cd3,
0921,
086a,
0855,
082a,
0388,
fab6,
f351,
f1c8,
f235,
f187,
f2f7,
f768,
fb9f,
ff4c,
0436,
07ef,
0912,
08ff,
08df,
06c8,
02ba,
ffdb,
fecd,
fe01,
fca4,
fbc5,
fb1e,
fa8e,
fb0d,
fc00,
fc7f,
fd12,
fe3e,
ff92,
00ab,
01a8,
0275,
0308,
035a,
0317,
0230,
00f5,
0008,
ff4b,
fe60,
fd82,
fcf0,
fcd3,
fd24,
fdec,
feef,
ff98,
fff8,
0053,
00c3,
013d,
019a,
0198,
0123,
00a3,
0031,
ffc8,
ff74,
ff4e,
ff2f,
fee4,
feba,
0002,
0001,
0001,
0000,
ffff,
fffe,
fffe,
fffd,
fffe,
ffff,
0000,
0000,
0000,
0000,
0001,
0001,
0001,
0001,
0001,
0000,
0000,
0000,
ffff,
0000,
0000,
ffff,
ffff,
0000,
0000,
0002,
0002,
0002,
0000,
ffff,
ffff,
ffff,
0000,
0001,
0000,
ffff,
fffd,
0002,
0000,
0003,
0000,
ffff,
0007,
000f,
000a,
fff5,
fff3,
0028,
0264,
0731,
093c,
fbf9,
ee71,
f9fe,
0be5,
0f5b,
0b8f,
08fc,
06c3,
06e4,
07f4,
0160,
f793,
f305,
f295,
f1b5,
f25b,
f631,
f935,
fc4a,
0156,
05f9,
07a8,
0876,
0925,
07d0,
0473,
010f,
ff20,
fdff,
fd5c,
fcbd,
fc11,
fb7d,
fb36,
fb92,
fc47,
fd26,
fe17,
fec7,
ff7b,
009d,
01ec,
02ca,
0328,
0305,
024f,
0168,
0097,
ffdb,
ff04,
fe05,
fd26,
fcd7,
fd26,
fdbe,
fe8e,
ff52,
ffc7,
0030,
0099,
00fa,
0147,
0174,
013b,
00ae,
002a,
ffb5,
ff75,
ff81,
ff8b,
ff41,
feeb,
feec,
0001,
0002,
0000,
0000,
fffe,
fffe,
fffe,
fffe,
ffff,
0000,
0000,
0001,
0001,
0001,
0001,
0001,
0001,
0001,
0000,
0000,
0000,
0000,
ffff,
0000,
ffff,
ffff,
ffff,
0000,
0002,
0002,
0001,
0001,
0000,
ffff,
ffff,
0000,
0001,
0001,
ffff,
fffe,
ffff,
0004,
0002,
ffff,
fffd,
0005,
0007,
000a,
0003,
0000,
fff3,
00f9,
05f1,
09d4,
0140,
f265,
f413,
0474,
0eca,
0efd,
0a06,
0550,
05c2,
07f6,
0355,
fa89,
f58a,
f3c5,
f289,
f2e7,
f5f6,
f8ee,
fbc7,
ffe5,
0416,
06cd,
07d3,
0821,
07ac,
054b,
01c1,
ff2d,
fdd7,
fd22,
fc9d,
fc68,
fc28,
fc07,
fc46,
fc77,
fce7,
fe2b,
ff4c,
ff7b,
ffca,
00e3,
0248,
0326,
0305,
022c,
0135,
007f,
0007,
ff60,
fe60,
fd62,
fcdd,
fd10,
fdda,
feb1,
ff42,
ffab,
003b,
00b8,
0102,
0139,
013b,
0101,
0094,
0002,
ff66,
ff34,
ff72,
ff9f,
ff7e,
ff37,
ff22,
ff58,
0001,
0002,
0000,
0000,
fffe,
fffe,
fffe,
fffe,
ffff,
0000,
0000,
0001,
0001,
0001,
0001,
0001,
0001,
0001,
0000,
0000,
0000,
0000,
ffff,
0000,
ffff,
ffff,
ffff,
0000,
0002,
0002,
0001,
0001,
0000,
ffff,
ffff,
0000,
0001,
0001,
ffff,
fffe,
ffff,
0004,
0002,
ffff,
fffd,
0005,
0007,
000a,
0003,
0000,
fff3,
00f9,
05f1,
09d4,
0140,
f265,
f413,
0474,
0eca,
0efd,
0a06,
0550,
05c2,
07f6,
0355,
fa89,
f58a,
f3c5,
f289,
f2e7,
f5f6,
f8ee,
fbc7,
ffe5,
0416,
06cd,
07d3,
0821,
07ac,
054b,
01c1,
ff2d,
fdd7,
fd22,
fc9d,
fc68,
fc28,
fc07,
fc46,
fc77,
fce7,
fe2b,
ff4c,
ff7b,
ffca,
00e3,
0248,
0326,
0305,
022c,
0135,
007f,
0007,
ff60,
fe60,
fd62,
fcdd,
fd10,
fdda,
feb1,
ff42,
ffab,
003b,
00b8,
0102,
0139,
013b,
0101,
0094,
0002,
ff66,
ff34,
ff72,
ff9f,
ff7e,
ff37,
ff22,
ff58,
0002,
0001,
0000,
ffff,
fffe,
fffe,
ffff,
ffff,
0000,
0001,
0001,
0001,
0001,
0001,
0002,
0002,
0001,
0001,
0001,
0000,
0000,
0000,
0000,
0000,
0000,
0000,
0001,
0002,
0002,
0002,
0001,
0000,
0000,
ffff,
0000,
0001,
0002,
ffff,
0000,
0000,
0001,
0003,
0003,
ffff,
fffe,
0006,
0008,
0009,
fffc,
0008,
0098,
0555,
09a0,
0248,
f573,
f454,
0095,
0bf4,
0f42,
0b53,
05c8,
0584,
0744,
0339,
fb36,
f633,
f402,
f350,
f455,
f67f,
f8c8,
fb95,
002d,
0484,
0691,
0736,
07cd,
07a2,
053a,
01d3,
ff5f,
fdb6,
fc6b,
fbee,
fbd2,
fbaa,
fc0a,
fcc4,
fd3b,
fd8d,
fe61,
ff6c,
0007,
005a,
00ce,
01a0,
02b7,
030a,
0241,
0126,
0038,
ffae,
ff3d,
fe73,
fd55,
fcbc,
fd09,
fdcf,
fea0,
ff64,
0002,
0066,
00e1,
0153,
0182,
015e,
00f3,
0058,
ffa6,
ff17,
feee,
ff2c,
ff67,
ff62,
ff41,
ff4e,
ff96,
ffde,
0002,
0000,
ffff,
fffe,
fffe,
ffff,
ffff,
0000,
0001,
0001,
0001,
0001,
0002,
0003,
0002,
0002,
0001,
0001,
0000,
0000,
0001,
0000,
0000,
ffff,
0000,
0001,
0002,
0002,
0002,
0001,
0000,
0000,
0000,
0000,
0001,
0001,
0000,
ffff,
0000,
0003,
0002,
0001,
ffff,
0000,
0005,
0001,
0008,
0000,
000a,
009b,
0573,
0974,
01f0,
f691,
f592,
ff65,
0a8f,
0f8a,
0b5e,
04cd,
0554,
0813,
034d,
faa1,
f5da,
f3cb,
f2d3,
f45c,
f74e,
f960,
fbc7,
0060,
04f2,
0738,
0834,
0830,
0730,
057e,
0286,
ff2f,
fd18,
fc60,
fbc5,
fabf,
fa6a,
fb2a,
fc24,
fd11,
fe0b,
ff34,
0002,
0059,
00d4,
017a,
022d,
02b6,
02c3,
0222,
0132,
0046,
ff71,
fecf,
fe14,
fd23,
fc75,
fcb2,
fda1,
fe75,
ff4b,
002b,
00e1,
0149,
018c,
01d8,
01c8,
013e,
0059,
ff63,
fec1,
feb3,
fef1,
ff0c,
ff04,
ff09,
ff37,
ff8b,
ffff,
0056,
0000,
ffff,
fffd,
fffd,
fffe,
fffe,
ffff,
ffff,
ffff,
0000,
0000,
0001,
0001,
0001,
0001,
0000,
0000,
ffff,
0000,
ffff,
ffff,
ffff,
fffe,
ffff,
0000,
0001,
0002,
0001,
0000,
ffff,
fffe,
ffff,
ffff,
0001,
0000,
fffe,
ffff,
ffff,
0002,
0002,
0001,
fffe,
fffc,
0005,
0003,
0007,
fff9,
0008,
00c6,
05fb,
0978,
0116,
f693,
f681,
ff9b,
0a68,
0fca,
0b35,
0455,
052b,
0794,
027f,
fa74,
f614,
f32f,
f1f6,
f4a7,
f734,
f886,
fc2e,
0178,
056f,
0794,
08ea,
08e3,
07c1,
0605,
02f9,
ff73,
fd28,
fc21,
fb7c,
face,
f9fb,
f9dd,
faa6,
fc05,
fd97,
ff16,
0066,
0120,
0162,
01e3,
02dd,
038c,
0341,
022c,
010c,
0039,
ff85,
feae,
fda5,
fca1,
fc23,
fc6f,
fd1b,
fe14,
ff33,
0032,
010a,
018d,
0201,
023c,
021c,
0183,
007e,
ff83,
fedd,
fe9f,
fea4,
feae,
fea2,
fec0,
fef9,
ff52,
ffd4,
004e,
008f,
ffff,
fffe,
fffe,
fffe,
ffff,
0000,
0000,
0000,
0000,
0001,
0002,
0002,
0002,
0001,
0001,
0002,
0001,
0001,
0001,
0001,
0000,
ffff,
0000,
0001,
0002,
0002,
0002,
0001,
0000,
ffff,
0000,
0000,
0001,
0001,
ffff,
0000,
0001,
0003,
0003,
0002,
ffff,
fffd,
0000,
0006,
000a,
fffd,
0006,
0101,
06d3,
099b,
fff8,
f615,
f721,
0035,
0b39,
1083,
0abf,
03a7,
0554,
07a9,
0177,
f8f2,
f519,
f2ee,
f209,
f503,
f769,
f805,
fb9f,
0165,
0657,
08a3,
0941,
093a,
081e,
0659,
0395,
0033,
fd5c,
fc09,
fbaf,
faf6,
f9f7,
f9d2,
fa24,
fa97,
fc1c,
fe63,
fffd,
00cd,
01bc,
02b3,
036e,
0410,
040e,
02fa,
0177,
0030,
ff50,
feb4,
fdad,
fc3f,
fb9d,
fbee,
fcca,
fde5,
fefb,
0024,
00f7,
0194,
022e,
0295,
0272,
019e,
009d,
ffd7,
ff4c,
fed4,
fe8b,
fe5f,
fe5a,
fe75,
fea2,
ff0f,
ffa1,
0032,
0084,
009c,
ffff,
fffe,
fffe,
fffe,
ffff,
0000,
0000,
0000,
0000,
0001,
0002,
0002,
0002,
0001,
0001,
0002,
0001,
0001,
0001,
0001,
0000,
ffff,
0000,
0001,
0002,
0002,
0002,
0001,
0000,
ffff,
0000,
0000,
0001,
0001,
ffff,
0000,
0001,
0003,
0003,
0002,
ffff,
fffd,
0000,
0006,
000a,
fffd,
0006,
0101,
06d3,
099b,
fff8,
f615,
f721,
0035,
0b39,
1083,
0abf,
03a7,
0554,
07a9,
0177,
f8f2,
f519,
f2ee,
f209,
f503,
f769,
f805,
fb9f,
0165,
0657,
08a3,
0941,
093a,
081e,
0659,
0395,
0033,
fd5c,
fc09,
fbaf,
faf6,
f9f7,
f9d2,
fa24,
fa97,
fc1c,
fe63,
fffd,
00cd,
01bc,
02b3,
036e,
0410,
040e,
02fa,
0177,
0030,
ff50,
feb4,
fdad,
fc3f,
fb9d,
fbee,
fcca,
fde5,
fefb,
0024,
00f7,
0194,
022e,
0295,
0272,
019e,
009d,
ffd7,
ff4c,
fed4,
fe8b,
fe5f,
fe5a,
fe75,
fea2,
ff0f,
ffa1,
0032,
0084,
009c,
fffd,
fffe,
fffe,
fffe,
ffff,
fffe,
fffe,
ffff,
ffff,
0001,
0001,
0001,
0000,
0000,
0000,
0000,
0001,
0000,
ffff,
fffe,
fffe,
ffff,
0000,
0001,
0001,
0001,
ffff,
fffe,
fffe,
ffff,
ffff,
0000,
0000,
fffe,
ffff,
ffff,
0003,
0001,
0002,
fffd,
fffd,
fffe,
0002,
0008,
0003,
0004,
015e,
07e6,
09b0,
fe8c,
f557,
f7af,
010d,
0c83,
117f,
0a22,
0300,
05bb,
0791,
0043,
f7a9,
f3ef,
f19a,
f135,
f58e,
f8af,
f845,
fb32,
0179,
068b,
08fe,
09ee,
09d0,
081c,
062d,
03fe,
0074,
fd4c,
fc62,
fc1a,
fb00,
fa29,
fa4f,
fa66,
fa66,
fb8c,
fd62,
fecf,
fffa,
0135,
027e,
03de,
04d1,
048d,
036e,
0228,
00d8,
ff89,
fe78,
fd7b,
fc5f,
fb41,
fb2c,
fc98,
fe0b,
ff10,
ffdf,
00be,
0196,
023d,
029d,
0251,
019b,
00eb,
004e,
ff9b,
ff0d,
fe9b,
fe50,
fe36,
fe32,
fe5c,
febf,
ff71,
001c,
0080,
009c,
0098,
fffe,
fffe,
ffff,
0000,
0000,
0000,
ffff,
0000,
0001,
0002,
0002,
0001,
0001,
0001,
0001,
0001,
0002,
0000,
0000,
0000,
0000,
0001,
0002,
0002,
0001,
0000,
ffff,
ffff,
ffff,
0001,
0001,
0000,
fffe,
ffff,
0000,
0004,
0001,
0003,
fffd,
0000,
fffd,
0003,
0005,
0008,
0008,
01d8,
0937,
09be,
fcce,
f46e,
f84c,
0225,
0e1a,
128c,
0977,
0260,
0655,
0782,
fec4,
f639,
f2b1,
f054,
f06e,
f560,
f92e,
f8fe,
fbe9,
021f,
06ce,
095a,
0a45,
09e2,
083c,
061e,
03bc,
007f,
fd43,
fbe4,
fc07,
fb7d,
fa90,
fa89,
faf1,
fb14,
fbda,
fd85,
fe88,
ff03,
0000,
01b6,
0383,
04ce,
04fa,
03e2,
025f,
0124,
0034,
ff09,
fd82,
fbbe,
fab3,
fb6e,
fcd0,
fe17,
ff11,
ffcf,
00b3,
0187,
0239,
0258,
0200,
01a5,
012b,
007f,
ffcd,
ff32,
fec0,
fe62,
fe1e,
fe0a,
fe2d,
fea5,
ff61,
000d,
006c,
009f,
00a2,
009d,
fffd,
ffff,
ffff,
ffff,
ffff,
ffff,
0000,
0001,
0001,
0001,
0000,
0000,
0000,
0000,
0001,
0000,
0000,
ffff,
ffff,
0000,
0000,
0002,
0002,
0000,
ffff,
fffe,
fffe,
fffe,
ffff,
0000,
ffff,
fffd,
ffff,
0000,
0004,
0000,
0003,
fffc,
0001,
fffc,
0003,
0001,
000b,
0009,
0270,
0ab8,
09be,
fac3,
f359,
f901,
0380,
0ff7,
138c,
089f,
01df,
0707,
074b,
fd09,
f4ba,
f189,
eed4,
ef99,
f561,
f987,
f9a2,
fc50,
02e3,
07f5,
0a17,
0a8a,
09e4,
0840,
05ab,
034d,
006e,
fcee,
fb5f,
fba7,
fb41,
fa5b,
faf3,
fbc7,
fbaa,
fc6f,
fe4b,
ff3a,
ff2b,
ff8d,
00c6,
029f,
0455,
0498,
039d,
0259,
015b,
0079,
ff75,
fd9d,
fb66,
faa6,
fb79,
fd32,
fe94,
ff29,
ffc4,
00c6,
01a7,
01e6,
01f4,
0218,
01b9,
0102,
0062,
ffc0,
ff3c,
fed5,
fe62,
fe05,
fdf6,
fe32,
feb2,
ff6a,
0016,
0077,
0092,
009b,
00b1,
00cf,
ffff,
0000,
0000,
0000,
0000,
0001,
0002,
0002,
0001,
0001,
0000,
0001,
0001,
0001,
0000,
0000,
0000,
ffff,
0000,
0002,
0003,
0002,
0001,
0000,
fffe,
fffe,
ffff,
0000,
0000,
0000,
fffd,
0000,
0000,
0005,
0000,
0003,
fffb,
0004,
fffb,
0005,
fffd,
000f,
000b,
0329,
0c72,
09a3,
f867,
f227,
f9d5,
0525,
1221,
146e,
0785,
0183,
07ff,
06eb,
fadc,
f306,
f07f,
ed7c,
eeb6,
f554,
f9ab,
fa78,
fd57,
035f,
08bd,
0b11,
0b4e,
0a38,
081b,
0564,
02ca,
ffd2,
fc84,
fad7,
fb0a,
fae3,
fa16,
fa81,
fbb9,
fcb7,
fda1,
fed5,
ffc2,
0018,
002d,
00ee,
029d,
03b8,
0392,
02b8,
01d0,
011e,
0082,
ff30,
fd1e,
fb95,
fb31,
fc10,
fd5c,
fe7f,
ff94,
0068,
00f9,
0153,
01cc,
0250,
022c,
0174,
00c4,
001d,
ff88,
ff0f,
fea8,
fe42,
fdf9,
fdf7,
fe42,
fee3,
ff9c,
0035,
0088,
00aa,
00aa,
00b0,
00e2,
0106,
ffff,
ffff,
ffff,
0000,
0001,
0001,
0002,
0001,
0000,
0000,
0000,
0001,
0000,
0000,
ffff,
ffff,
ffff,
0000,
0002,
0003,
0003,
0000,
ffff,
fffe,
fffe,
fffe,
ffff,
0000,
ffff,
fffc,
ffff,
0000,
0005,
ffff,
0003,
fff9,
0004,
fffa,
0007,
fff8,
0013,
000d,
03fa,
0e4b,
097a,
f5d9,
f0e5,
fabe,
06e4,
1471,
153d,
0647,
014c,
0914,
0675,
f876,
f11c,
ef5a,
ec3f,
ee04,
f54b,
f9a4,
fb17,
febd,
042b,
095e,
0bf9,
0bcd,
0a87,
0858,
0558,
0254,
ff4d,
fc14,
fa04,
fa22,
fa66,
f9e9,
fa12,
fb2f,
fcba,
fe80,
ffec,
0068,
0073,
00d5,
0233,
03a6,
03ed,
02f6,
01cd,
0101,
006b,
ff8b,
fe46,
fcc1,
fba0,
fbc0,
fc96,
fd92,
feca,
ffff,
00b3,
0101,
018b,
026b,
02ad,
021d,
0144,
0069,
ffb8,
ff29,
febe,
fe58,
fdf9,
fde0,
fdfd,
fe5e,
ff0f,
ffde,
0069,
00a8,
00c7,
00c6,
00ce,
00ec,
0109,
00e5,
fffe,
fffe,
fffe,
ffff,
0001,
0001,
0000,
ffff,
ffff,
0000,
0000,
0000,
ffff,
fffe,
fffe,
fffe,
ffff,
0001,
0002,
0002,
0000,
fffe,
fffc,
fffd,
fffd,
ffff,
0000,
fffe,
fffb,
ffff,
0000,
0005,
fffe,
0004,
fff7,
0005,
fff7,
000a,
fff3,
0015,
0010,
04e1,
1038,
094e,
f338,
ef85,
fb96,
08c5,
16f0,
15fd,
04f0,
0132,
0a42,
05e6,
f5f4,
ef18,
ee19,
eaf5,
ed5e,
f54c,
f9af,
fbb2,
0032,
053f,
09d6,
0cf2,
0c7f,
0a90,
0874,
053b,
0220,
ff05,
fbc6,
f979,
f90e,
f94a,
f97a,
fa19,
fad3,
fc60,
febb,
0082,
00bc,
00d8,
01d5,
035c,
049d,
04ac,
036b,
01d2,
0086,
ff34,
fe47,
fd79,
fc28,
fb49,
fb88,
fca5,
fe0c,
ff69,
004f,
00af,
0155,
0253,
02fd,
02db,
0239,
0144,
0030,
ff40,
fea5,
fe53,
fe09,
fdcf,
fdb6,
fdd2,
fe5a,
ff44,
0024,
00aa,
00d4,
00d8,
00e2,
00fd,
0119,
0112,
00d3,
0056,
fffe,
fffe,
fffe,
ffff,
0001,
0001,
0000,
ffff,
ffff,
0000,
0000,
0000,
ffff,
fffe,
fffe,
fffe,
ffff,
0001,
0002,
0002,
0000,
fffe,
fffc,
fffd,
fffd,
ffff,
0000,
fffe,
fffb,
ffff,
0000,
0005,
fffe,
0004,
fff7,
0005,
fff7,
000a,
fff3,
0015,
0010,
04e1,
1038,
094e,
f338,
ef85,
fb96,
08c5,
16f0,
15fd,
04f0,
0132,
0a42,
05e6,
f5f4,
ef18,
ee19,
eaf5,
ed5e,
f54c,
f9af,
fbb2,
0032,
053f,
09d6,
0cf2,
0c7f,
0a90,
0874,
053b,
0220,
ff05,
fbc6,
f979,
f90e,
f94a,
f97a,
fa19,
fad3,
fc60,
febb,
0082,
00bc,
00d8,
01d5,
035c,
049d,
04ac,
036b,
01d2,
0086,
ff34,
fe47,
fd79,
fc28,
fb49,
fb88,
fca5,
fe0c,
ff69,
004f,
00af,
0155,
0253,
02fd,
02db,
0239,
0144,
0030,
ff40,
fea5,
fe53,
fe09,
fdcf,
fdb6,
fdd2,
fe5a,
ff44,
0024,
00aa,
00d4,
00d8,
00e2,
00fd,
0119,
0112,
00d3,
0056,
ffff,
0000,
0001,
0002,
0002,
0001,
0000,
0001,
0001,
0001,
0001,
0000,
ffff,
ffff,
ffff,
0000,
0003,
0003,
0002,
0000,
fffe,
fffd,
ffff,
ffff,
0000,
0001,
ffff,
fffc,
0000,
0000,
0006,
ffff,
0004,
fff6,
0006,
fff5,
000e,
fff0,
0019,
0015,
05da,
1226,
0921,
f0ad,
ee1a,
fc4e,
0aa6,
198a,
16b6,
039e,
013f,
0b6d,
0534,
f374,
ed07,
ecb9,
e9b4,
eccf,
f53f,
f98f,
fc79,
01cd,
0691,
0a57,
0d7a,
0d7c,
0ab7,
0867,
053c,
0198,
fea6,
fbd0,
f961,
f83d,
f809,
f891,
f9ce,
faaf,
fc55,
feea,
0080,
0099,
0124,
02bf,
046d,
056e,
055c,
0431,
023b,
0036,
fee5,
fe08,
fcd9,
fb3e,
fa68,
faf4,
fc6f,
fe21,
ff77,
0060,
0154,
025b,
02cd,
0311,
032e,
028a,
013c,
ffed,
fef1,
fe51,
fe01,
fdd5,
fd9d,
fd81,
fdb7,
fe4e,
ff47,
004f,
00e6,
0103,
00f5,
00f0,
0110,
0139,
013c,
00e2,
0025,
ff76,
ffff,
0001,
0002,
0002,
0000,
0000,
0000,
0001,
0001,
0000,
ffff,
fffe,
fffe,
ffff,
0000,
0002,
0002,
0001,
ffff,
fffe,
fffd,
fffd,
fffe,
ffff,
0000,
ffff,
fffc,
0000,
0001,
0006,
fffe,
0004,
fff5,
0006,
fff4,
000f,
ffec,
001b,
001d,
06d2,
13f6,
090e,
ee77,
eca2,
fca6,
0c5e,
1c1f,
178b,
027c,
015e,
0c8d,
046b,
f10c,
eb10,
eb2f,
e85a,
ec51,
f52d,
f94f,
fd30,
0373,
0808,
0b37,
0db5,
0e10,
0b4b,
083b,
0525,
0164,
fdf1,
fba0,
f97f,
f7e5,
f728,
f775,
f93e,
fa6b,
fc0a,
feef,
00bd,
0098,
013a,
0343,
0514,
0623,
062a,
048f,
0204,
006e,
ffa4,
fe5f,
fc84,
fab4,
f9cd,
fa44,
fbde,
fda3,
ff09,
0085,
020a,
02cd,
0309,
0384,
03a7,
02a8,
0107,
ffbf,
fed8,
fe33,
fde7,
fdba,
fd74,
fd5c,
fd9a,
fe3f,
ff45,
0057,
00f6,
0114,
010a,
0100,
0117,
013b,
0147,
00e0,
0018,
ff6c,
ff37,
0002,
0002,
0001,
0000,
0000,
0000,
0001,
0001,
0001,
0001,
ffff,
fffe,
ffff,
0000,
0002,
0003,
0001,
ffff,
fffe,
fffc,
fffd,
fffe,
0000,
ffff,
fffe,
fffb,
0000,
0001,
0007,
ffff,
0005,
fff4,
0007,
fff3,
0011,
ffea,
001b,
0027,
07b8,
1588,
0936,
ece1,
eb34,
fc69,
0dad,
1e93,
1896,
01ca,
017a,
0d92,
03cc,
eeca,
e928,
e9a1,
e6dd,
ebc0,
f51b,
f8da,
fdd3,
0547,
0954,
0c4b,
0e4a,
0e26,
0be0,
088d,
04af,
011b,
fdbe,
fb3e,
f970,
f792,
f692,
f6d2,
f8aa,
f9f4,
fb73,
fe7b,
00d3,
011b,
01ab,
0356,
0565,
0713,
0687,
0426,
0224,
0107,
ffff,
fecb,
fce0,
fab3,
f99c,
f9f1,
fb40,
fcfd,
ff06,
00a7,
0199,
0280,
0367,
03fe,
03d1,
02ad,
0114,
ffd3,
fedc,
fe39,
fdee,
fdb9,
fd77,
fd5e,
fd95,
fe2b,
ff3a,
0055,
00f7,
0108,
00fb,
00f8,
010c,
0144,
0144,
00c6,
fffb,
ff6b,
ff3e,
ff4b,
0002,
0002,
0000,
ffff,
0000,
0001,
0002,
0002,
0000,
ffff,
ffff,
ffff,
0001,
0003,
0004,
0001,
ffff,
fffe,
fffc,
fffe,
fffe,
ffff,
0000,
fffd,
fffb,
0000,
0002,
0007,
ffff,
0003,
fff3,
0008,
fff3,
0010,
ffe8,
001c,
002e,
0870,
16c5,
09a8,
ec3b,
e9fc,
fb5d,
0e2a,
20b6,
1a03,
01bc,
0187,
0e48,
038c,
ed1b,
e748,
e7f7,
e547,
eaf5,
f4f6,
f85f,
fdec,
071a,
0aec,
0d0f,
0f35,
0e3c,
0c01,
094f,
04a6,
004d,
fd77,
fb51,
f97e,
f730,
f5ca,
f669,
f849,
f983,
fad4,
fdae,
007c,
0187,
022f,
03b4,
05cf,
0774,
06b6,
044f,
0245,
011b,
002a,
fee7,
fd3a,
fb44,
f9f0,
f9b3,
fae4,
fd36,
ff3c,
0028,
00c3,
020b,
0356,
03f1,
03af,
02ae,
0155,
fffc,
ff0a,
fe79,
fe2c,
fde2,
fd81,
fd62,
fd9f,
fe3b,
ff32,
0031,
00d1,
00f8,
00e2,
00d8,
0101,
0135,
012a,
00ae,
ffeb,
ff4e,
ff1d,
ff4a,
ff8e,
0002,
0002,
0000,
ffff,
0000,
0001,
0002,
0002,
0000,
ffff,
ffff,
ffff,
0001,
0003,
0004,
0001,
ffff,
fffe,
fffc,
fffe,
fffe,
ffff,
0000,
fffd,
fffb,
0000,
0002,
0007,
ffff,
0003,
fff3,
0008,
fff3,
0010,
ffe8,
001c,
002e,
0870,
16c5,
09a8,
ec3b,
e9fc,
fb5d,
0e2a,
20b6,
1a03,
01bc,
0187,
0e48,
038c,
ed1b,
e748,
e7f7,
e547,
eaf5,
f4f6,
f85f,
fdec,
071a,
0aec,
0d0f,
0f35,
0e3c,
0c01,
094f,
04a6,
004d,
fd77,
fb51,
f97e,
f730,
f5ca,
f669,
f849,
f983,
fad4,
fdae,
007c,
0187,
022f,
03b4,
05cf,
0774,
06b6,
044f,
0245,
011b,
002a,
fee7,
fd3a,
fb44,
f9f0,
f9b3,
fae4,
fd36,
ff3c,
0028,
00c3,
020b,
0356,
03f1,
03af,
02ae,
0155,
fffc,
ff0a,
fe79,
fe2c,
fde2,
fd81,
fd62,
fd9f,
fe3b,
ff32,
0031,
00d1,
00f8,
00e2,
00d8,
0101,
0135,
012a,
00ae,
ffeb,
ff4e,
ff1d,
ff4a,
ff8e,
0002,
0000,
ffff,
0000,
0001,
0002,
0002,
0000,
ffff,
fffe,
ffff,
0001,
0004,
0004,
0003,
ffff,
fffd,
fffc,
fffe,
fffe,
ffff,
0000,
fffd,
fffb,
0000,
0002,
0007,
0000,
0005,
fff3,
0008,
fff1,
0011,
ffe6,
001d,
0025,
08d8,
17bf,
0a73,
ec84,
e951,
f983,
0d44,
2268,
1c24,
026a,
0170,
0eca,
03c0,
ec1d,
e5b9,
e64c,
e36b,
e9ab,
f4aa,
f7f9,
fd90,
084e,
0cfe,
0dc7,
1016,
0eee,
0bae,
09e8,
0587,
ffad,
fc8d,
fb70,
f9c8,
f743,
f523,
f58b,
f7bb,
f912,
faa1,
fd27,
ff9e,
013d,
02c7,
046c,
05dd,
076b,
0786,
050e,
0246,
0101,
0001,
fee5,
fd9c,
fba0,
f9fa,
f9d0,
fb89,
fdc0,
fefd,
ff99,
005c,
018b,
02ce,
0381,
0367,
029e,
0176,
003d,
ff49,
fec6,
fe81,
fe35,
fdd5,
fd8f,
fd9a,
fe2f,
ff2a,
0020,
00b2,
00cf,
00b1,
00b4,
00f5,
013d,
011b,
007e,
ffbe,
ff39,
ff18,
ff43,
ff94,
ffa5,
0000,
ffff,
0000,
0001,
0001,
0001,
0000,
ffff,
fffe,
ffff,
0001,
0004,
0004,
0002,
ffff,
fffd,
fffc,
fffd,
fffd,
ffff,
ffff,
fffd,
fffb,
0000,
0001,
0008,
ffff,
0006,
fff2,
0008,
ffef,
0015,
ffe2,
0022,
0004,
08b6,
18a3,
0bb6,
ed63,
e995,
f771,
0a40,
2310,
1f53,
0401,
0107,
0f2c,
04c2,
ebb8,
e47f,
e4e5,
e184,
e799,
f3f2,
f78a,
fcee,
0886,
0f22,
0f28,
1057,
103b,
0bcc,
09b2,
06b0,
0056,
fb45,
facb,
fa58,
f7a7,
f515,
f478,
f697,
f877,
fa86,
fce7,
feec,
009e,
02b7,
04ed,
0610,
0784,
0801,
05f1,
030b,
010f,
ffc8,
feda,
fdc5,
fbc3,
f9fd,
fa03,
fbf0,
fde9,
ff00,
ff8e,
0016,
00f1,
0210,
0319,
035a,
0284,
013e,
004f,
ffaa,
ff2e,
fece,
fe78,
fe29,
fdde,
fdc3,
fe2e,
ff08,
fff7,
0086,
00aa,
0092,
008d,
00cf,
011d,
010e,
007c,
ffb0,
ff1e,
ff0c,
ff4a,
ff98,
ffa9,
ff72,
0000,
0000,
0001,
0001,
0001,
0001,
ffff,
ffff,
0000,
0001,
0005,
0005,
0003,
0000,
fffe,
fffc,
fffd,
fffe,
ffff,
ffff,
fffe,
fffa,
0000,
0000,
0009,
fffe,
0008,
fff1,
000a,
ffef,
0017,
ffe2,
0025,
ffdc,
07d7,
1975,
0dd4,
ee15,
ea97,
f6b9,
0519,
214c,
239a,
0702,
0048,
0f25,
06e7,
ec18,
e39d,
e3e7,
dfc3,
e4dd,
f293,
f6f8,
fbcf,
0810,
103e,
1176,
10d4,
1117,
0ce3,
096c,
072a,
01e8,
fb5c,
f91e,
fa40,
f88d,
f5a1,
f3a8,
f504,
f7c2,
fa16,
fc95,
fe82,
0020,
0230,
04bb,
067f,
07c0,
0803,
06b6,
043a,
0193,
0013,
ff15,
fdca,
fbbc,
fa33,
fa23,
fb88,
fd80,
ff02,
ffaf,
fff0,
0092,
019c,
02c7,
0332,
027d,
0151,
006c,
ffc8,
ff66,
ff2e,
fed1,
fe65,
fe10,
fde4,
fe34,
fef8,
ffdc,
005f,
0076,
0071,
0077,
00a0,
00df,
00fb,
0091,
ffcb,
ff23,
ff07,
ff58,
ffb5,
ffbf,
ff69,
ff2f,
0000,
0000,
0000,
0000,
ffff,
fffe,
fffd,
ffff,
0001,
0004,
0004,
0004,
0001,
fffd,
fffa,
fffd,
fffc,
fffd,
fffe,
fffe,
fff8,
0001,
ffff,
0009,
fffd,
000a,
fff1,
0009,
ffef,
0012,
ffe7,
001c,
ffc8,
05eb,
19aa,
121b,
eeb8,
ea44,
f8a8,
ffa3,
1b03,
2811,
0c6f,
ff67,
0e32,
0a7b,
edc6,
e2c3,
e3bb,
de51,
e171,
f047,
f66b,
f9ce,
06e0,
104f,
1334,
128b,
11dd,
0e46,
09e1,
0750,
0317,
fcff,
f864,
f8bd,
f8fc,
f696,
f396,
f3b3,
f675,
f957,
fc21,
fe1b,
ff9c,
017b,
0431,
069c,
07e2,
081e,
0748,
0553,
02a0,
00ca,
ffa2,
fe26,
fbf7,
fa58,
fa00,
fac2,
fcb0,
fe86,
ff55,
ffbe,
0089,
0178,
0271,
031b,
02de,
01b2,
0092,
ffe5,
ff92,
ff6a,
ff1e,
fe99,
fe24,
fdef,
fe23,
fede,
ffb4,
0035,
005a,
0052,
004b,
006e,
00b8,
00e6,
009d,
0000,
ff5a,
ff21,
ff5e,
ffc5,
ffde,
ff80,
ff2a,
ff47,
ffff,
fffe,
ffff,
ffff,
fffe,
fffd,
fffe,
0000,
0003,
0004,
0003,
0000,
fffd,
fffb,
fffb,
fffb,
fffc,
fffc,
ffff,
fff9,
0000,
fffe,
0008,
fffd,
0008,
fff6,
0001,
fff9,
0004,
fffd,
fffd,
ffeb,
033f,
17f0,
18f3,
f197,
e5e7,
fbd2,
fe71,
0fd4,
2967,
1529,
ff95,
0b8b,
0f1c,
f1dc,
e140,
e436,
de47,
dd54,
ec82,
f61d,
f75f,
0423,
1019,
13a8,
1462,
13b2,
0fe8,
0ade,
07e2,
03e8,
fe96,
f95a,
f7a8,
f80c,
f6f8,
f41b,
f380,
f51a,
f7e0,
fb96,
fdc6,
fed1,
00a7,
03a0,
060b,
078e,
08b0,
081d,
05ee,
03d2,
023d,
007d,
fe8b,
fc72,
fac7,
f9d6,
fa0c,
fba4,
fd64,
fe91,
ff6e,
0061,
0134,
0249,
033c,
0354,
025a,
0124,
0048,
ffbb,
ff8f,
ff46,
feb8,
fe3b,
fdf4,
fdf8,
fe9d,
ff8f,
001e,
002b,
0014,
0013,
0049,
00a7,
00f1,
00bd,
002d,
ffa0,
ff74,
ff9a,
ffce,
ffd3,
ff84,
ff43,
ff53,
ffb3,
0000,
0000,
0000,
ffff,
fffe,
ffff,
0000,
0003,
0004,
0004,
0001,
fffe,
fffc,
fffb,
fffc,
fffd,
fffd,
fffe,
fffa,
fffd,
0002,
0005,
0002,
0001,
0002,
fff4,
000a,
ffec,
001f,
ffcf,
0036,
00b6,
12da,
2052,
fb27,
de3e,
f971,
0509,
04ac,
22b1,
1f9b,
036c,
06c9,
12e9,
fa73,
dfe1,
e33a,
e0a7,
da14,
e648,
f534,
f5ed,
ff11,
0ed9,
13e3,
14b7,
15f6,
12e9,
0c38,
08f1,
051c,
000e,
faa4,
f7d6,
f737,
f61c,
f418,
f3e6,
f4fd,
f600,
fa25,
fda4,
fe1c,
ff4f,
02b1,
0578,
06a9,
0897,
0971,
0730,
04b3,
0384,
01f3,
ff69,
fcf6,
faf8,
f9de,
f9a5,
faad,
fc14,
fd6d,
feb1,
ffcd,
00ce,
021d,
0358,
03a9,
030c,
0200,
0111,
0032,
ffba,
ff6e,
fedf,
fe2b,
fdce,
fdd2,
fe58,
ff3c,
ffe3,
fff0,
ffc4,
ffca,
0017,
0085,
00f0,
00f3,
0085,
000c,
ffcb,
ffd7,
ffe8,
ffe4,
ff8c,
ff34,
ff37,
ff88,
ffee,
0000,
0000,
0000,
ffff,
fffe,
ffff,
0000,
0003,
0004,
0004,
0001,
fffe,
fffc,
fffb,
fffc,
fffd,
fffd,
fffe,
fffa,
fffd,
0002,
0005,
0002,
0001,
0002,
fff4,
000a,
ffec,
001f,
ffcf,
0036,
00b6,
12da,
2052,
fb27,
de3e,
f971,
0509,
04ac,
22b1,
1f9b,
036c,
06c9,
12e9,
fa73,
dfe1,
e33a,
e0a7,
da14,
e648,
f534,
f5ed,
ff11,
0ed9,
13e3,
14b7,
15f6,
12e9,
0c38,
08f1,
051c,
000e,
faa4,
f7d6,
f737,
f61c,
f418,
f3e6,
f4fd,
f600,
fa25,
fda4,
fe1c,
ff4f,
02b1,
0578,
06a9,
0897,
0971,
0730,
04b3,
0384,
01f3,
ff69,
fcf6,
faf8,
f9de,
f9a5,
faad,
fc14,
fd6d,
feb1,
ffcd,
00ce,
021d,
0358,
03a9,
030c,
0200,
0111,
0032,
ffba,
ff6e,
fedf,
fe2b,
fdce,
fdd2,
fe58,
ff3c,
ffe3,
fff0,
ffc4,
ffca,
0017,
0085,
00f0,
00f3,
0085,
000c,
ffcb,
ffd7,
ffe8,
ffe4,
ff8c,
ff34,
ff37,
ff88,
ffee,
0000,
0000,
ffff,
fffe,
fffe,
0000,
0002,
0005,
0005,
0002,
ffff,
fffd,
fffa,
fffc,
fffb,
fffd,
fffd,
fffc,
fff7,
0004,
0000,
0009,
fff8,
000f,
ffea,
0016,
ffdf,
002b,
ffc3,
004b,
ff8c,
0a97,
231a,
0d6e,
dc03,
ea1b,
0d3c,
0440,
1352,
2571,
0d59,
025d,
11c8,
07a5,
e339,
de82,
e3b8,
da7d,
de82,
f12f,
f68b,
f92f,
0a33,
1464,
14a6,
15e0,
1725,
0fa2,
09c6,
06ed,
01f2,
fc5c,
f832,
f76a,
f55e,
f315,
f381,
f59f,
f59b,
f7d2,
fc88,
fe0e,
fe21,
00d5,
0487,
05fc,
07a5,
0a13,
092a,
0631,
0479,
035d,
00f0,
fde4,
fb50,
f9b2,
f924,
f9e9,
fb4c,
fc5f,
fd81,
fecb,
0035,
01c2,
0352,
03e6,
0380,
02c3,
020f,
0113,
0038,
ffb7,
ff27,
fe52,
fdaf,
fd8a,
fdf2,
fed0,
ff8a,
ffaf,
ff6f,
ff75,
ffcc,
0065,
00e6,
0113,
00d5,
0080,
0052,
003b,
001e,
fffd,
ffb2,
ff38,
ff07,
ff43,
ff98,
ffe4,
0001,
0000,
0000,
fffe,
ffff,
0002,
0006,
0005,
0004,
0000,
fffe,
fffb,
fffc,
fffd,
fffc,
fffd,
ffff,
fff8,
0000,
0002,
000b,
fffd,
0009,
fff8,
0002,
fffd,
fffe,
000a,
ffe7,
0006,
029b,
1c13,
21aa,
eb93,
d40e,
04d4,
125c,
072a,
1eb8,
19ef,
043e,
0a7d,
126f,
f1a8,
d900,
e22d,
df1a,
d98d,
e814,
f6e2,
f654,
0185,
122d,
1637,
14af,
17c1,
163b,
0c69,
0838,
0475,
fee3,
f92c,
f75c,
f5f3,
f262,
f1c2,
f4dd,
f6be,
f69a,
fa04,
fd8e,
fde2,
ff06,
0280,
0524,
06c2,
09b3,
0aa2,
0838,
05cb,
0497,
02af,
ff78,
fc35,
f990,
f879,
f917,
fa99,
fba7,
fc7c,
fda8,
ff40,
0126,
0307,
0406,
03dc,
033b,
02c1,
0205,
0112,
0054,
ff8d,
feb4,
fdd7,
fd60,
fd7f,
fe43,
ff04,
ff45,
ff28,
ff32,
ff82,
0014,
00cc,
0136,
0127,
00db,
00ad,
009f,
0087,
005d,
fffc,
ff50,
fedb,
feea,
ff3c,
ff94,
ffce,
0001,
0000,
fffe,
ffff,
0002,
0004,
0006,
0004,
0003,
ffff,
fffd,
fffa,
fffd,
fffb,
fffe,
fffd,
fffb,
fff7,
0006,
0004,
0009,
fff6,
0010,
ffe8,
001c,
ffd8,
0036,
ffb3,
0061,
ff6b,
0cf4,
290b,
0d7b,
d037,
e2d2,
1986,
0f72,
0f9e,
1eda,
0e1b,
04c9,
1111,
0796,
df20,
d962,
e20e,
db6b,
de15,
f0c4,
f7eb,
f920,
0a2b,
1643,
1691,
1525,
191b,
1409,
0a64,
0698,
022e,
fba6,
f75f,
f668,
f34e,
f0a2,
f1f1,
f623,
f79c,
f7eb,
fb80,
fde9,
fe6a,
0014,
0331,
05f1,
08d6,
0b11,
09f7,
0775,
05bf,
0484,
018f,
fdc4,
fa36,
f7ed,
f7f5,
f99d,
fb1e,
fbce,
fc9b,
fe27,
0039,
026c,
03fb,
042b,
038e,
0313,
02b7,
01e4,
0121,
0040,
ff3d,
fe43,
fd86,
fd33,
fda2,
fe7a,
fed8,
fece,
fed4,
ff29,
ffbc,
008c,
013e,
0173,
0132,
00e6,
00d8,
00e6,
00c1,
006e,
ffba,
feef,
fe96,
fed5,
ff3b,
ff93,
ff8f,
0000,
fffe,
fffd,
0000,
0003,
0006,
0006,
0004,
0000,
fffd,
fffa,
fffc,
fffc,
fffc,
fffd,
fffe,
fff6,
fffe,
0006,
000a,
fffe,
0003,
fffe,
fffb,
0009,
ffef,
001f,
ffc7,
0039,
0123,
1a98,
2aa3,
f2ed,
c488,
f9c4,
21fa,
0e4b,
16da,
1827,
085e,
081e,
121e,
f86d,
d5ce,
db73,
dfa2,
db66,
e460,
f643,
f775,
fe41,
104c,
1857,
1693,
15f3,
1952,
1222,
0900,
04e9,
0025,
f902,
f646,
f4bb,
f13c,
efd6,
f262,
f70f,
f809,
f92f,
fcc9,
fe9a,
ff12,
00a8,
0410,
079c,
0ac7,
0b22,
08e1,
06d4,
05d2,
0415,
0029,
fbe0,
f856,
f6f4,
f817,
fa2a,
fb69,
fc0f,
fcfc,
feea,
015b,
039b,
0480,
0410,
033f,
02e9,
0287,
01cd,
0115,
fffe,
fedd,
fde0,
fd4b,
fd25,
fdcb,
fe7f,
fea2,
fe8e,
feb7,
ff33,
0010,
010e,
01b4,
0198,
0121,
00dd,
00fc,
0125,
00e4,
0040,
ff4d,
fe9d,
fe82,
fee3,
ff4e,
ff79,
ff24,
0000,
fffe,
fffd,
0000,
0003,
0006,
0006,
0004,
0000,
fffd,
fffa,
fffc,
fffc,
fffc,
fffd,
fffe,
fff6,
fffe,
0006,
000a,
fffe,
0003,
fffe,
fffb,
0009,
ffef,
001f,
ffc7,
0039,
0123,
1a98,
2aa3,
f2ed,
c488,
f9c4,
21fa,
0e4b,
16da,
1827,
085e,
081e,
121e,
f86d,
d5ce,
db73,
dfa2,
db66,
e460,
f643,
f775,
fe41,
104c,
1857,
1693,
15f3,
1952,
1222,
0900,
04e9,
0025,
f902,
f646,
f4bb,
f13c,
efd6,
f262,
f70f,
f809,
f92f,
fcc9,
fe9a,
ff12,
00a8,
0410,
079c,
0ac7,
0b22,
08e1,
06d4,
05d2,
0415,
0029,
fbe0,
f856,
f6f4,
f817,
fa2a,
fb69,
fc0f,
fcfc,
feea,
015b,
039b,
0480,
0410,
033f,
02e9,
0287,
01cd,
0115,
fffe,
fedd,
fde0,
fd4b,
fd25,
fdcb,
fe7f,
fea2,
fe8e,
feb7,
ff33,
0010,
010e,
01b4,
0198,
0121,
00dd,
00fc,
0125,
00e4,
0040,
ff4d,
fe9d,
fe82,
fee3,
ff4e,
ff79,
ff24,
ffff,
fffd,
fffd,
0000,
0003,
0006,
0004,
0001,
fffc,
fffc,
fffa,
fffd,
fffb,
fffd,
fffb,
fffe,
fff6,
0001,
0001,
000f,
fff5,
000b,
ffea,
0012,
ffe4,
0020,
ffda,
0024,
ff98,
05b9,
25da,
2417,
dc06,
c4e1,
0d3a,
22fe,
1122,
19ba,
1195,
0654,
0a78,
0f06,
eb68,
d286,
dba8,
de14,
dd3b,
ea4b,
f899,
f7ab,
03c6,
140f,
19d1,
16bb,
16c3,
18c9,
10e1,
0774,
036e,
feb7,
f704,
f53d,
f2fa,
ef9b,
ef3a,
f2e8,
f71f,
f83e,
fb0c,
fe53,
ff59,
ffaf,
01ac,
051d,
0936,
0bf3,
0a47,
078f,
063d,
05ae,
0343,
febd,
fa3b,
f6f6,
f688,
f891,
faa0,
fbac,
fc78,
fda6,
ffcb,
0254,
0477,
04d6,
03f3,
0305,
02ad,
0237,
0198,
00e3,
ffab,
fe5e,
fd77,
fd12,
fd29,
fdeb,
fea0,
feaf,
fe80,
febd,
ff66,
006b,
0179,
020a,
019d,
00f0,
00c9,
011c,
0133,
00cc,
fffc,
fef5,
fe64,
fe87,
ff0b,
ff6f,
ff4f,
fecb,
ffff,
fffd,
fffd,
0000,
0004,
0006,
0004,
0000,
fffc,
fffb,
fff8,
fffd,
fffd,
fffd,
fffb,
fffe,
fff6,
0002,
0004,
000e,
fff6,
000e,
ffe4,
001c,
ffd5,
003e,
ffaa,
006b,
ff31,
0b12,
2c90,
1bf2,
cca6,
c97e,
18e8,
226f,
15c1,
1a2b,
0d71,
04cb,
0b64,
0aa4,
e2f8,
d151,
daba,
dd88,
df7c,
ee6f,
f919,
f947,
0822,
1660,
1b10,
174e,
175f,
17b7,
0fd5,
0635,
0251,
fe00,
f60e,
f3f5,
f107,
ee4c,
eec3,
f294,
f6be,
f93c,
fd00,
ffbe,
00b7,
00de,
026e,
05e6,
0a73,
0c39,
090a,
0626,
055d,
0515,
027d,
fdc1,
f8f8,
f639,
f6a8,
f900,
fb08,
fc20,
fd11,
fe55,
0078,
0310,
050e,
0516,
03f0,
02e9,
025a,
01bf,
0143,
0098,
ff3d,
fdd8,
fd17,
fcdf,
fd34,
fe2e,
fefb,
feed,
fe9a,
feeb,
ffab,
00b9,
01c6,
0230,
0185,
00b2,
00ae,
0111,
010e,
00a2,
ffcf,
fecb,
fe40,
fe94,
ff33,
ff93,
ff4b,
feac,
ffff,
fffd,
fffe,
0002,
0007,
0008,
0005,
0001,
fffd,
fffb,
fffa,
fffd,
fffc,
ffff,
fffe,
fffc,
fff5,
0004,
0008,
000b,
fff8,
0009,
ffe9,
001c,
ffd4,
0044,
ff9e,
0084,
ff2c,
0eb2,
2f99,
177f,
c522,
cb4a,
1cfa,
2311,
1a80,
1b26,
0b07,
02f0,
0af5,
0740,
df42,
d07a,
d8f3,
dd1b,
e11d,
f03b,
f9a4,
fb98,
0ae8,
17c3,
1c71,
1895,
1749,
161d,
0f92,
05a4,
0109,
fe2c,
f5fe,
f209,
ef44,
ed4a,
ed71,
f1ed,
f739,
fa5b,
fe69,
01a6,
0310,
0220,
02b3,
0651,
0ab0,
0bda,
0802,
047b,
03e6,
0467,
020a,
fd15,
f870,
f64a,
f703,
f93a,
fb69,
fcce,
fdcc,
fed1,
00c5,
03a5,
0585,
054d,
040f,
02dd,
01e3,
011f,
00d5,
001e,
fec0,
fd66,
fcb4,
fcaf,
fd69,
feae,
ff6b,
ff49,
fefc,
ff3c,
ffe4,
00e0,
01e9,
022f,
0154,
006c,
0066,
00d1,
00e0,
008f,
ffc5,
feb5,
fe33,
fea6,
ff5b,
ffc8,
ff75,
fec5,
ffff,
fffc,
fffd,
0002,
0006,
0008,
0006,
0001,
fffc,
fffb,
fffa,
fffc,
fffc,
ffff,
fffe,
fffb,
fff5,
0003,
000a,
000b,
fff9,
0008,
ffe9,
001c,
ffd3,
0047,
ff9a,
008a,
ff33,
0f64,
3023,
18fb,
c51c,
c70d,
1a96,
24dd,
1ed4,
1dfc,
0a00,
0124,
08f2,
0601,
dff1,
cfb1,
d602,
dbe7,
e1c5,
f047,
face,
fdd3,
0c36,
1869,
1e26,
19d3,
1685,
1529,
0fbf,
05df,
ffdd,
fe08,
f645,
f100,
edc4,
eb75,
ec4c,
f1be,
f777,
fb5a,
005c,
035b,
04e0,
0430,
033c,
0566,
09b5,
0b64,
0734,
02c3,
0240,
0389,
019a,
fd10,
f8dd,
f6c2,
f75e,
f974,
fbc8,
fd8a,
fe72,
ff1f,
00dc,
03d7,
05df,
05a7,
0438,
02ad,
0171,
006f,
0016,
ff8b,
fe62,
fd0a,
fc5c,
fcab,
fdbb,
ff33,
fffa,
ffd7,
ff80,
ff8e,
000f,
00e2,
01d9,
020b,
011a,
000d,
ffe3,
0074,
00c3,
0097,
ffc6,
feb3,
fe36,
feb1,
ff81,
0010,
ffc9,
ff00,
fffe,
fffb,
fffc,
0001,
0006,
0009,
0007,
0003,
fffd,
fffa,
fff8,
fffc,
fffc,
ffff,
fffd,
fffb,
fff3,
0002,
0008,
000d,
fff7,
000c,
ffe2,
0020,
ffcc,
004c,
ff97,
0089,
ff24,
0d03,
2e2c,
2019,
cdd8,
bd85,
1086,
26b1,
224e,
2322,
0b5a,
ffbf,
0591,
06ad,
e4b2,
cf86,
d1bb,
d922,
e192,
eeff,
fc27,
ff9b,
0c65,
1886,
1eea,
1b5b,
16c5,
1494,
0fde,
075f,
feb1,
fc60,
f6f4,
f14d,
ec76,
ea39,
ebe0,
f07c,
f76b,
fd56,
0223,
03d6,
05de,
06d9,
0481,
03df,
077c,
0a4c,
06cf,
0210,
0090,
01ef,
0155,
fdba,
f9e4,
f778,
f7a7,
f9a7,
fc31,
fe2a,
ff0a,
ff6b,
00cb,
03ac,
0610,
062b,
0462,
026a,
00fe,
ffb0,
ff33,
fee1,
fe04,
fcdc,
fc51,
fcba,
fdea,
ffa1,
00b6,
00a6,
000d,
ffd0,
0023,
00d1,
01a1,
01d0,
00d8,
ffa6,
ff54,
0009,
009c,
0093,
ffe2,
fed3,
fe44,
feb0,
ff9f,
005b,
003a,
ff68,
fffe,
fffd,
fffc,
0000,
0006,
000a,
0009,
0005,
ffff,
fffb,
fff7,
fffc,
fffc,
ffff,
fffc,
fffe,
fff3,
0000,
0005,
0013,
fff7,
0013,
ffdd,
0023,
ffcc,
0046,
ffab,
0068,
ff48,
0881,
2906,
2940,
e045,
b479,
fd1b,
269f,
244c,
29e7,
1062,
ff41,
01d9,
077d,
ec7c,
d126,
cd33,
d422,
e08c,
ed11,
fcac,
0132,
0bb5,
175b,
1eb3,
1e7d,
179e,
1468,
1004,
08ae,
fe41,
fa8a,
f629,
f137,
eeb8,
eabd,
ea2a,
ef42,
f7b9,
fe47,
030a,
0504,
058b,
076d,
0719,
0460,
0432,
07ab,
06fd,
0247,
ff5e,
001a,
00cd,
fe7a,
fb42,
f892,
f7dc,
f993,
fc8e,
fed6,
ffb2,
ffd9,
00b1,
033d,
0601,
06a0,
04ce,
0212,
0049,
ff19,
fe68,
fe14,
fd8f,
fce3,
fc87,
fce1,
fdff,
ffe2,
0167,
01a1,
00da,
0018,
0011,
009d,
0158,
018c,
0098,
ff59,
fedb,
ff83,
0046,
007f,
000b,
ff1a,
fe6b,
fe9e,
ffa3,
0093,
00bf,
fffd,
fffe,
fffd,
fffc,
0000,
0006,
000a,
0009,
0005,
ffff,
fffb,
fff7,
fffc,
fffc,
ffff,
fffc,
fffe,
fff3,
0000,
0005,
0013,
fff7,
0013,
ffdd,
0023,
ffcc,
0046,
ffab,
0068,
ff48,
0881,
2906,
2940,
e045,
b479,
fd1b,
269f,
244c,
29e7,
1062,
ff41,
01d9,
077d,
ec7c,
d126,
cd33,
d422,
e08c,
ed11,
fcac,
0132,
0bb5,
175b,
1eb3,
1e7d,
179e,
1468,
1004,
08ae,
fe41,
fa8a,
f629,
f137,
eeb8,
eabd,
ea2a,
ef42,
f7b9,
fe47,
030a,
0504,
058b,
076d,
0719,
0460,
0432,
07ab,
06fd,
0247,
ff5e,
001a,
00cd,
fe7a,
fb42,
f892,
f7dc,
f993,
fc8e,
fed6,
ffb2,
ffd9,
00b1,
033d,
0601,
06a0,
04ce,
0212,
0049,
ff19,
fe68,
fe14,
fd8f,
fce3,
fc87,
fce1,
fdff,
ffe2,
0167,
01a1,
00da,
0018,
0011,
009d,
0158,
018c,
0098,
ff59,
fedb,
ff83,
0046,
007f,
000b,
ff1a,
fe6b,
fe9e,
ffa3,
0093,
00bf,
fffd,
0000,
fffd,
fffb,
ffff,
0004,
0008,
0008,
0007,
ffff,
fffd,
fff9,
fffc,
fffb,
ffff,
fffe,
0000,
fff6,
fffb,
0000,
0015,
fff9,
0011,
ffe4,
0014,
ffe2,
0020,
ffea,
000f,
ffd4,
038b,
202e,
2f46,
faa4,
b5c5,
e125,
200d,
240f,
2f57,
1ac6,
0134,
feeb,
06a9,
f558,
d62c,
cacd,
cd21,
dd87,
eb19,
fb14,
026e,
0955,
160f,
1e59,
2115,
1a04,
14f0,
0f66,
096f,
ffd1,
f885,
f440,
f129,
f1a5,
edc4,
ea33,
ee3a,
f661,
fd26,
03a3,
0686,
04ed,
05b0,
0825,
072d,
03c2,
042c,
05ab,
02d5,
ff79,
fec4,
ffb1,
feed,
fc6c,
f9bc,
f83a,
f963,
fc98,
ff6b,
005a,
0077,
0100,
02cb,
058f,
06c9,
0527,
0205,
ffa9,
fe6e,
fdaa,
fd5d,
fd23,
fce2,
fcc8,
fd2a,
fe22,
ffe7,
01bd,
0280,
01e4,
00b5,
fffd,
0037,
00eb,
0143,
0095,
ff3b,
fe6f,
fed5,
ffcb,
0054,
002c,
ff64,
fe9f,
fea3,
ff8c,
00a8,
0130,
00aa,
fffe,
fffd,
fffb,
fffd,
0000,
0007,
000a,
0009,
0002,
fffc,
fff9,
fff9,
fffc,
fffe,
fffe,
fffe,
fffc,
fff9,
fffe,
000d,
0006,
0006,
fffe,
fff1,
000d,
ffde,
003f,
ffa1,
007d,
fffd,
14a1,
2e63,
15cd,
c909,
c47d,
0d97,
21b7,
2f3a,
29e0,
08af,
fd1d,
039b,
fd10,
dee2,
cc5b,
c6cd,
d6b0,
e96d,
f6f9,
016c,
079e,
150b,
1cca,
2268,
1df8,
153c,
0f3a,
09ff,
014e,
f799,
f4af,
f081,
f07c,
f2c5,
f02b,
ecae,
f2d5,
fbc9,
01b9,
06ab,
0632,
03fd,
052e,
08aa,
07f7,
03e0,
027e,
022c,
003b,
fe62,
feb1,
fec6,
fd18,
fa79,
f87e,
f98e,
fc7b,
ff7d,
00ed,
0124,
01ac,
0302,
050b,
062a,
0517,
0275,
ffa6,
fdb9,
fcdc,
fcb8,
fcb8,
fcd3,
fd0b,
fd6b,
fe4c,
ffc5,
01b6,
02f3,
02df,
01a0,
0057,
fff2,
0058,
00dc,
00a8,
ff7c,
fe34,
fe15,
ff0a,
0002,
0046,
ffa7,
fed6,
fea1,
ff64,
009b,
017a,
0153,
ffff,
fffe,
fffb,
fffa,
fffe,
0003,
0008,
0008,
0006,
ffff,
fffb,
fff6,
fffb,
fffa,
0000,
fffc,
ffff,
fff5,
fffe,
0001,
0013,
fff6,
0017,
ffd8,
0028,
ffc0,
0051,
ff9c,
007e,
ff3b,
08da,
258a,
2791,
ed18,
b8d6,
ec6f,
1ab5,
275c,
35bb,
1a52,
ff17,
fe41,
01d3,
ea87,
d200,
c5fd,
cd11,
e43b,
f0d9,
fe6d,
07a9,
11a6,
1be2,
2156,
20b7,
1773,
1064,
092a,
02d0,
fa78,
f57f,
f03f,
ef52,
f425,
f558,
f225,
eff9,
f6fb,
fe7f,
049b,
073e,
0423,
0277,
05f4,
0a56,
08ea,
03b9,
ff79,
ff16,
ff31,
fe3e,
fe25,
fcdd,
faf2,
f8f4,
f94c,
fc48,
ff47,
0115,
01d4,
0298,
039a,
04d9,
0557,
04b1,
02e0,
003b,
fda4,
fc1b,
fbe7,
fc4d,
fca8,
fd36,
fdb1,
fe43,
ff86,
0167,
0302,
0354,
0288,
012b,
002e,
0011,
0065,
0081,
ffc2,
fe83,
fdbe,
fe15,
ff33,
000c,
000b,
ff3e,
fea1,
ff0e,
004a,
0189,
01d8,
0000,
ffff,
fffd,
fffa,
fffc,
0000,
0006,
0009,
0009,
0002,
fffd,
fff8,
fff8,
fffb,
fffe,
ffff,
ffff,
fff9,
fff9,
fffc,
000f,
0000,
000b,
fff7,
fffa,
0003,
ffe8,
0030,
ffb2,
0067,
00aa,
16c1,
2af2,
11f9,
cd9f,
c7f7,
06b4,
1d0e,
3283,
321b,
0cd9,
f897,
004b,
f83b,
db40,
cbda,
c72b,
d6c4,
eaf0,
f9db,
062a,
0e28,
196b,
1eae,
20f6,
1bad,
11cf,
097f,
0535,
fe9b,
f5fb,
f378,
efce,
f1e0,
f581,
f7ca,
f56a,
f26f,
f850,
00cc,
059b,
051a,
02c4,
02c1,
0751,
0bc4,
0a3f,
02e9,
fc8d,
fd2d,
feae,
fdb6,
fc35,
fa9e,
f972,
f952,
fb71,
fe3e,
00f9,
029a,
03b2,
042f,
048a,
04fe,
0472,
033b,
011a,
fe3d,
fbda,
fb18,
fba6,
fc89,
fd3d,
fdaf,
fe31,
ff29,
00b4,
028d,
0379,
0334,
020e,
00e7,
0051,
003f,
005c,
ffed,
feea,
fddf,
fd8c,
fe27,
ff3e,
0002,
ffd1,
ff13,
fecb,
ff95,
010b,
0210,
0000,
ffff,
fffd,
fffa,
fffc,
0000,
0006,
0009,
0009,
0002,
fffd,
fff8,
fff8,
fffb,
fffe,
ffff,
ffff,
fff9,
fff9,
fffc,
000f,
0000,
000b,
fff7,
fffa,
0003,
ffe8,
0030,
ffb2,
0067,
00aa,
16c1,
2af2,
11f9,
cd9f,
c7f7,
06b4,
1d0e,
3283,
321b,
0cd9,
f897,
004b,
f83b,
db40,
cbda,
c72b,
d6c4,
eaf0,
f9db,
062a,
0e28,
196b,
1eae,
20f6,
1bad,
11cf,
097f,
0535,
fe9b,
f5fb,
f378,
efce,
f1e0,
f581,
f7ca,
f56a,
f26f,
f850,
00cc,
059b,
051a,
02c4,
02c1,
0751,
0bc4,
0a3f,
02e9,
fc8d,
fd2d,
feae,
fdb6,
fc35,
fa9e,
f972,
f952,
fb71,
fe3e,
00f9,
029a,
03b2,
042f,
048a,
04fe,
0472,
033b,
011a,
fe3d,
fbda,
fb18,
fba6,
fc89,
fd3d,
fdaf,
fe31,
ff29,
00b4,
028d,
0379,
0334,
020e,
00e7,
0051,
003f,
005c,
ffed,
feea,
fddf,
fd8c,
fe27,
ff3e,
0002,
ffd1,
ff13,
fecb,
ff95,
010b,
0210,
0001,
0000,
fffe,
fffc,
fffa,
fffd,
0001,
0008,
0009,
0008,
ffff,
fffb,
fff6,
fffa,
fffc,
0002,
fffd,
0000,
fff6,
fffe,
fffc,
0016,
fff3,
001c,
ffd6,
0025,
ffc2,
0045,
ffb6,
0059,
ff77,
06f2,
21d2,
24ef,
f8b5,
c118,
dfb2,
11cd,
224f,
3b2e,
2940,
fefa,
f68e,
00a0,
eb3f,
d44c,
c98a,
c942,
e078,
f38b,
023c,
0bfe,
12cc,
1c47,
1f70,
1d23,
14da,
0de3,
06c6,
0121,
fa54,
f6d6,
f25c,
ef10,
f508,
f75d,
f7c9,
f80c,
f606,
f816,
014f,
0551,
0357,
0264,
0448,
08e2,
0c42,
0b0d,
02ed,
fac5,
fae8,
fd90,
fc61,
f9f3,
f90f,
f96d,
fa9a,
fcb7,
ff99,
0306,
04bc,
051d,
049a,
0448,
047c,
03ec,
0215,
ff52,
fc8c,
fad7,
faa7,
fbea,
fd52,
fdbc,
fdd5,
fe91,
ffdc,
0170,
0311,
0398,
0310,
01c7,
00cd,
0060,
006c,
0061,
ff86,
fe27,
fd3d,
fd77,
fe56,
ff58,
ffd4,
ff95,
ff21,
ff2c,
0017,
0177,
0000,
0000,
0001,
ffff,
fffa,
fffb,
ffff,
0004,
0007,
0009,
0004,
fffe,
fffb,
fff8,
fffc,
fffc,
0002,
ffff,
fffe,
fff6,
fffe,
0005,
000e,
fff8,
0013,
ffd6,
002c,
ffb5,
006c,
ff75,
00b8,
ff65,
0fd4,
2621,
187a,
e464,
c2e6,
f3f5,
1642,
2ae1,
3ded,
1b97,
f4b3,
f857,
fd8a,
e207,
d005,
c827,
d057,
e9e8,
fc13,
07c9,
0d21,
1654,
1d41,
1b24,
1927,
138d,
09af,
02e5,
00f3,
f9cb,
f52b,
f12f,
f178,
f668,
f74a,
f7fa,
fa27,
f8f4,
f8ab,
006d,
03f6,
031a,
0326,
05a0,
0a31,
0c88,
0ad4,
0354,
fa9e,
f85d,
fad8,
fabd,
f8f6,
f908,
f959,
fabc,
fde4,
01f5,
0531,
05dd,
055b,
046a,
0419,
0424,
0375,
00fb,
fde7,
fb78,
fa6d,
fb00,
fc6f,
fdad,
fdef,
fdf9,
fea5,
001a,
01e6,
0367,
03b2,
02e3,
019d,
00b5,
007d,
00b2,
0066,
ff31,
fda4,
fcec,
fd5a,
fe73,
ff73,
ffc3,
ff6c,
ff1a,
ff8d,
00a5,
ffff,
0001,
0001,
0000,
fffd,
fffa,
fffc,
ffff,
0004,
0007,
0008,
0002,
fffe,
fffa,
fffa,
fffd,
0000,
0001,
ffff,
fffb,
fffb,
fffb,
000e,
0000,
0008,
fffa,
fff1,
000c,
ffdb,
0046,
ff9b,
0088,
012d,
1854,
23ee,
0a32,
d71d,
cd26,
0214,
1a38,
32ca,
38a3,
0e6e,
ef35,
fb0c,
f7d9,
dcb5,
cebe,
c845,
daef,
f306,
ff8b,
09da,
0efb,
1604,
1a6d,
1b1b,
1732,
0ebf,
07f4,
041c,
feca,
f7f8,
f58c,
f06d,
f278,
f7b6,
f79e,
f721,
fb15,
fcdb,
f9a0,
fe36,
0400,
0359,
0306,
078e,
0bf3,
0ba6,
0933,
041a,
fc00,
f60c,
f69f,
f99f,
f9ef,
f8e7,
f81b,
faeb,
ffd9,
0458,
0675,
060e,
050a,
045c,
0449,
03d2,
02cd,
0031,
fd12,
fadf,
fa97,
fbb5,
fcca,
fd6c,
fdc2,
fe03,
febd,
003e,
0240,
0395,
03a1,
02ae,
017e,
00d8,
00bc,
00c7,
0041,
ff0f,
fd8a,
fccf,
fd40,
fe74,
ff87,
ffc0,
ff45,
ff11,
ffe9,
ffff,
ffff,
0000,
0001,
0000,
fffc,
fffa,
fffd,
0000,
0004,
0005,
0007,
0001,
fffd,
fff9,
fffc,
fffc,
0002,
0000,
0000,
fff8,
fffe,
fff8,
0013,
fff5,
0016,
ffe2,
0010,
ffe3,
0013,
0001,
fff9,
0002,
04c4,
1e24,
1d05,
fcf9,
d233,
d9e4,
0b9a,
1e96,
34c8,
3094,
0473,
ebaf,
fc0b,
f69c,
d9bf,
cba4,
cf57,
e4cc,
f5f8,
0253,
0a8a,
0c6e,
1670,
1bb3,
1809,
1392,
0f40,
076b,
01fd,
fdf9,
f7eb,
f3b6,
f064,
f4a4,
f7ea,
f74b,
f7a6,
fbe4,
fe03,
fbcb,
fe6f,
02ec,
02b5,
039b,
0976,
0cb2,
0ab5,
07a9,
03d0,
fd13,
f570,
f379,
f82a,
fa9d,
f878,
f789,
fba7,
017a,
05ca,
06e0,
060d,
04e7,
0455,
047a,
03c1,
0214,
ffa9,
fcc3,
fac5,
fafc,
fc13,
fcc0,
fd10,
fd83,
fdf3,
fee4,
0079,
0276,
0382,
036e,
0282,
0174,
00f8,
00ee,
00ee,
0038,
fee7,
fd90,
fd0d,
fd5e,
fe61,
ff60,
ff9a,
ff42,
ff4e,
ffff,
ffff,
0001,
0002,
0002,
ffff,
fffc,
fffa,
fffe,
0001,
0005,
0007,
0007,
0000,
fffd,
fff8,
fffd,
fffd,
0003,
0000,
0000,
fff7,
ffff,
fffb,
0015,
fff0,
001d,
ffd7,
0025,
ffc9,
0040,
ffc7,
0044,
ffb0,
08f3,
2035,
13c8,
f4a4,
d356,
e50b,
123a,
1fb2,
3392,
2992,
fa2e,
eb66,
01d4,
f3dd,
d682,
cdb9,
d64e,
eabb,
f7b6,
01e8,
08c0,
0da2,
1734,
18d7,
16a1,
142a,
0d9a,
058a,
028e,
fcd5,
f62b,
f34b,
f1c4,
f560,
f80c,
f7f4,
f867,
fbdb,
fdb8,
fec4,
ffed,
00f1,
01fb,
04a2,
0aa2,
0cdb,
0a15,
0686,
0295,
fce3,
f5d7,
f333,
f6aa,
f96b,
f846,
f84f,
fcbf,
0233,
0610,
06c8,
062d,
0523,
047a,
0463,
03a0,
01e7,
ff61,
fc98,
fae6,
fb32,
fc0a,
fcaa,
fcf8,
fd48,
fddc,
fef9,
00b0,
0299,
0368,
031a,
023a,
0180,
0135,
012f,
0106,
0030,
fedf,
fdaf,
fd4d,
fdab,
fe8a,
ff2c,
ff4b,
ff3b,
0002,
ffff,
ffff,
0001,
0001,
0001,
fffe,
fffc,
fffa,
fffd,
0000,
0005,
0006,
0006,
ffff,
fffc,
fff9,
fffe,
fffd,
0003,
ffff,
fffe,
fff8,
ffff,
fffd,
0012,
fff0,
001e,
ffd2,
002f,
ffba,
0059,
ff9b,
0079,
ffab,
0caf,
1e93,
0b68,
f164,
d6ad,
eec4,
1519,
1f01,
313f,
1fa3,
f53f,
f091,
0430,
f1b9,
d608,
d064,
dd2e,
edea,
f558,
0230,
09fa,
0c7a,
1571,
1913,
1689,
11d9,
0c75,
05f3,
01c8,
fadd,
f5de,
f3ca,
f2a2,
f635,
f8a1,
f899,
f8f4,
fc00,
fda8,
ff7a,
016b,
0099,
012d,
05f2,
0b15,
0c18,
099c,
05f0,
00bd,
fb24,
f6b9,
f541,
f5e9,
f74b,
f84d,
f9b6,
fdc8,
024f,
05b7,
0685,
0621,
0558,
04c6,
0458,
0380,
01d2,
ff0b,
fc71,
fb30,
fb58,
fc04,
fc9b,
fce7,
fd25,
fddf,
ff34,
00cd,
026b,
0339,
02f3,
020a,
0186,
0166,
0156,
0109,
003d,
feec,
fdd2,
fd92,
fe01,
feb6,
ff19,
ff12,
0002,
ffff,
ffff,
0001,
0001,
0001,
fffe,
fffc,
fffa,
fffd,
0000,
0005,
0006,
0006,
ffff,
fffc,
fff9,
fffe,
fffd,
0003,
ffff,
fffe,
fff8,
ffff,
fffd,
0012,
fff0,
001e,
ffd2,
002f,
ffba,
0059,
ff9b,
0079,
ffab,
0caf,
1e93,
0b68,
f164,
d6ad,
eec4,
1519,
1f01,
313f,
1fa3,
f53f,
f091,
0430,
f1b9,
d608,
d064,
dd2e,
edea,
f558,
0230,
09fa,
0c7a,
1571,
1913,
1689,
11d9,
0c75,
05f3,
01c8,
fadd,
f5de,
f3ca,
f2a2,
f635,
f8a1,
f899,
f8f4,
fc00,
fda8,
ff7a,
016b,
0099,
012d,
05f2,
0b15,
0c18,
099c,
05f0,
00bd,
fb24,
f6b9,
f541,
f5e9,
f74b,
f84d,
f9b6,
fdc8,
024f,
05b7,
0685,
0621,
0558,
04c6,
0458,
0380,
01d2,
ff0b,
fc71,
fb30,
fb58,
fc04,
fc9b,
fce7,
fd25,
fddf,
ff34,
00cd,
026b,
0339,
02f3,
020a,
0186,
0166,
0156,
0109,
003d,
feec,
fdd2,
fd92,
fe01,
feb6,
ff19,
ff12,
0004,
0001,
fffe,
ffff,
0001,
0001,
ffff,
fffe,
fffc,
fffb,
fffd,
0001,
0005,
0004,
0004,
ffff,
fffe,
fffa,
ffff,
fffe,
0003,
fffd,
fffd,
fffa,
fffd,
ffff,
000d,
fff4,
0016,
ffd7,
002e,
ffb9,
005d,
ff8d,
008e,
ffef,
0eef,
1aa4,
0663,
f0e4,
db21,
f5e0,
14fd,
1d28,
2bb7,
19e3,
f4fb,
f4d1,
0602,
efe4,
d6d9,
d52e,
e192,
ec8a,
f599,
041d,
07a1,
0ae0,
1667,
187d,
13e1,
1122,
0c8f,
0535,
00a5,
fa0e,
f623,
f489,
f3f9,
f6fe,
f938,
f93a,
f999,
fbef,
fcf9,
ff48,
0243,
01aa,
019e,
06ca,
0ad7,
0a62,
08b4,
0519,
feff,
f9b5,
f778,
f744,
f6bf,
f6bc,
f809,
fa81,
fe74,
02a7,
053e,
05bd,
05bf,
0533,
04f2,
049d,
0367,
0136,
feb4,
fcbe,
fbba,
fb9c,
fbeb,
fc7e,
fcef,
fd4f,
fe13,
ff50,
00d6,
0243,
02f5,
02c6,
01fc,
017f,
015f,
0162,
011d,
0041,
fef2,
fdf8,
fde4,
fe4e,
fed2,
ff0a,
0003,
0003,
0001,
0000,
0002,
0003,
0003,
0000,
fffe,
fffd,
fffe,
ffff,
ffff,
fffe,
fffe,
ffff,
0001,
0003,
0004,
0002,
0000,
fffc,
fffc,
fffc,
0003,
0003,
0002,
fffd,
fffc,
0002,
0008,
ffff,
0009,
ffe4,
0018,
ffc9,
0047,
ffa3,
0081,
000e,
0c0a,
1350,
0584,
e52e,
cae4,
f7c9,
2728,
3b7f,
35ea,
0a07,
ea34,
f6c3,
09e3,
f9c2,
e322,
d4b2,
daaf,
eabd,
f5db,
ff3d,
ffb0,
0340,
0e37,
14da,
172d,
150b,
0f87,
09ef,
042f,
fe4e,
fa1c,
f2a1,
f0d8,
f5c7,
f717,
f82c,
fa9b,
fbdc,
fc61,
ffe5,
047a,
05da,
0451,
03ab,
0594,
0814,
081c,
057e,
0195,
fdcb,
fb11,
f977,
f85d,
f727,
f675,
f74f,
f930,
fc97,
01e6,
0573,
0601,
05e3,
0644,
05aa,
045e,
0302,
0104,
fea7,
fd0d,
fc42,
fba5,
fbaa,
fc52,
fcf0,
fd70,
fe45,
ff4a,
0075,
01b4,
02c6,
02f9,
0286,
01f0,
016d,
0120,
00de,
006d,
ff7b,
0003,
0005,
0003,
0001,
0000,
0001,
0003,
0003,
0002,
ffff,
fffd,
fffd,
fffe,
0000,
0000,
ffff,
ffff,
0000,
0002,
0004,
0003,
0002,
fffd,
fffd,
fffc,
0001,
0001,
0002,
fffe,
fffd,
0000,
0008,
fffd,
000c,
ffe7,
0013,
ffd0,
0038,
ffbf,
0060,
ffee,
08d5,
10f0,
0723,
eccf,
d03f,
edb4,
1b33,
33aa,
383d,
1634,
f21b,
f4a7,
059d,
fdb1,
ec69,
dc4f,
da46,
e689,
f364,
fd20,
fdf7,
00b4,
0a6a,
1086,
1407,
14e2,
1064,
0b53,
077d,
01cc,
fc40,
f420,
f16c,
f568,
f6ca,
f854,
fa9d,
fbde,
fc5b,
ff00,
02ba,
04c3,
0431,
0359,
0588,
082d,
0720,
0407,
01ae,
ff06,
fbdc,
f9de,
f900,
f85e,
f832,
f92f,
fa6f,
fbe1,
ff91,
03ba,
0545,
0501,
04ef,
04ac,
03bb,
02bd,
019a,
ffb5,
fdf2,
fd02,
fc5c,
fc0d,
fc77,
fd67,
fdd2,
fdfe,
fecf,
0016,
0134,
0232,
02d2,
02a1,
01f2,
0165,
0113,
00b9,
0056,
0000,
0003,
0004,
0003,
0002,
0001,
0001,
0002,
0003,
0002,
ffff,
fffe,
fffd,
ffff,
0000,
0000,
0000,
0000,
0001,
0002,
0003,
0002,
0001,
fffe,
fffc,
fffc,
0000,
0002,
0002,
fffe,
fffc,
0003,
0003,
0002,
0004,
fff1,
0008,
ffe2,
002a,
ffd1,
0043,
0065,
097a,
0e89,
04da,
eaf1,
d66e,
f4be,
18b5,
2f1d,
31d0,
117c,
f552,
f9ff,
0459,
fbc5,
ed30,
deaa,
ddaa,
e974,
f4f4,
fc00,
fd2c,
01bd,
09c6,
0ec5,
129e,
1312,
0ee3,
0ae3,
0768,
0228,
fbb7,
f411,
f365,
f676,
f77a,
f928,
fb52,
fc91,
fcd4,
fef6,
01f9,
03b0,
0316,
0309,
05a0,
077d,
05f2,
02e9,
00dd,
ff47,
fcbe,
fa73,
f9ae,
f98d,
f974,
fa35,
fb54,
fc9f,
ff62,
0287,
0464,
0462,
03d5,
0379,
0315,
0265,
013f,
ffd3,
fe6f,
fd6b,
fcf2,
fcec,
fd1c,
fd91,
fe09,
fe4c,
fecc,
ffec,
0135,
0228,
027a,
0237,
01a8,
0133,
00ef,
00a7,
0000,
0003,
0004,
0003,
0002,
0001,
0001,
0002,
0003,
0002,
ffff,
fffe,
fffd,
ffff,
0000,
0000,
0000,
0000,
0001,
0002,
0003,
0002,
0001,
fffe,
fffc,
fffc,
0000,
0002,
0002,
fffe,
fffc,
0003,
0003,
0002,
0004,
fff1,
0008,
ffe2,
002a,
ffd1,
0043,
0065,
097a,
0e89,
04da,
eaf1,
d66e,
f4be,
18b5,
2f1d,
31d0,
117c,
f552,
f9ff,
0459,
fbc5,
ed30,
deaa,
ddaa,
e974,
f4f4,
fc00,
fd2c,
01bd,
09c6,
0ec5,
129e,
1312,
0ee3,
0ae3,
0768,
0228,
fbb7,
f411,
f365,
f676,
f77a,
f928,
fb52,
fc91,
fcd4,
fef6,
01f9,
03b0,
0316,
0309,
05a0,
077d,
05f2,
02e9,
00dd,
ff47,
fcbe,
fa73,
f9ae,
f98d,
f974,
fa35,
fb54,
fc9f,
ff62,
0287,
0464,
0462,
03d5,
0379,
0315,
0265,
013f,
ffd3,
fe6f,
fd6b,
fcf2,
fcec,
fd1c,
fd91,
fe09,
fe4c,
fecc,
ffec,
0135,
0228,
027a,
0237,
01a8,
0133,
00ef,
00a7,
fffe,
ffff,
0002,
0003,
0003,
0002,
0000,
0000,
0001,
0002,
0001,
ffff,
fffd,
fffd,
ffff,
0000,
0000,
0000,
0000,
0000,
0002,
0002,
0002,
0001,
ffff,
fffd,
fffd,
0000,
0001,
0002,
ffff,
fffd,
0003,
0002,
0001,
0003,
fff3,
0005,
ffe9,
0020,
ffdc,
0031,
0057,
07c1,
0ca3,
057d,
ef71,
dc9c,
f2c9,
1116,
2850,
2d89,
137a,
fb1c,
fb93,
0311,
fd38,
f0d8,
e2e0,
e0cc,
eab8,
f3fd,
fa4a,
fcd0,
00c7,
0724,
0c56,
1087,
117c,
0e79,
0b12,
07cc,
02ae,
fc63,
f632,
f5a0,
f786,
f861,
f9ea,
fbb0,
fc29,
fc12,
fe20,
009a,
0218,
022b,
02c1,
0530,
0686,
0538,
0313,
016b,
0034,
fdcd,
fb4c,
fa98,
fa99,
fa73,
fab0,
fb83,
fcbf,
fec7,
011c,
031c,
03c9,
033e,
0282,
0244,
023d,
0171,
0003,
fef0,
fe32,
fdbd,
fdb4,
fdc1,
fdc7,
fdf3,
fe6d,
ff04,
ffd9,
00d3,
019a,
01f6,
01e7,
0189,
0110,
00b5,
fffe,
ffff,
0000,
0002,
0003,
0003,
0002,
0000,
0001,
0002,
0002,
0001,
0000,
fffe,
fffe,
ffff,
ffff,
0000,
0000,
0000,
0000,
0001,
0002,
0002,
0001,
ffff,
fffe,
fffd,
ffff,
0001,
0002,
ffff,
fffe,
0004,
0000,
0004,
ffff,
fffa,
0000,
fff5,
0015,
ffea,
001a,
009f,
0772,
0b15,
048c,
efde,
e11a,
f478,
0f02,
2595,
2870,
1192,
fd6e,
fd75,
02bd,
fd44,
f1d4,
e558,
e469,
ec9d,
f410,
f9ea,
fcbc,
0041,
05e0,
0b34,
0f68,
1047,
0d2e,
09fe,
0777,
031d,
fcee,
f7d7,
f7a5,
f897,
f905,
fa12,
fb2b,
fb4a,
fbd0,
fd87,
ff83,
018d,
01e5,
02bc,
054d,
0618,
048e,
0367,
0276,
006b,
fda1,
fbb2,
fb2d,
fb0a,
fada,
fb02,
fb6f,
fcc4,
ff04,
00eb,
0260,
030a,
02c7,
0210,
01e2,
0210,
0164,
000a,
ff27,
fec8,
fe54,
fe12,
fe09,
fdf1,
fe0f,
fe96,
ff57,
ffe2,
0068,
013a,
01bf,
01ba,
014e,
00d6,
fffe,
fffe,
fffe,
ffff,
0001,
0002,
0003,
0002,
0000,
0000,
0001,
0002,
0002,
0000,
fffe,
fffe,
ffff,
ffff,
0000,
0000,
0000,
0000,
0001,
0002,
0002,
0001,
ffff,
fffe,
fffd,
ffff,
0001,
0002,
0000,
ffff,
0001,
0001,
0002,
0001,
fffc,
0002,
fff5,
0010,
ffeb,
0016,
0061,
05b0,
09c2,
05b5,
f4c9,
e4eb,
f15b,
0965,
1f91,
2544,
13e6,
011b,
fe4b,
0280,
fec8,
f544,
e9d1,
e73f,
ed09,
f325,
f909,
fc2e,
fec2,
03fa,
09a1,
0d38,
0dbf,
0c16,
0a87,
08d5,
0495,
feae,
fa3a,
f904,
f8b6,
f8a9,
f979,
fa5c,
fa5d,
fafc,
fce7,
ff43,
011d,
0171,
02f2,
0572,
05c1,
0497,
0430,
0325,
006b,
fdae,
fc1f,
fb77,
fb26,
fb0f,
fb10,
fb6c,
fd05,
ff1c,
007c,
0176,
024b,
027b,
0218,
01f6,
01c3,
013a,
0066,
ffb9,
ff33,
fe95,
fe20,
fe18,
fe4f,
fe67,
fe98,
ff19,
ffc8,
0065,
00f3,
015a,
0163,
0131,
fffe,
fffe,
fffe,
ffff,
0001,
0002,
0003,
0002,
0000,
0000,
0001,
0002,
0002,
0000,
fffe,
fffe,
ffff,
ffff,
0000,
0000,
0000,
0000,
0001,
0002,
0002,
0001,
ffff,
fffe,
fffd,
ffff,
0001,
0002,
0000,
ffff,
0001,
0001,
0002,
0001,
fffc,
0002,
fff5,
0010,
ffeb,
0016,
0061,
05b0,
09c2,
05b5,
f4c9,
e4eb,
f15b,
0965,
1f91,
2544,
13e6,
011b,
fe4b,
0280,
fec8,
f544,
e9d1,
e73f,
ed09,
f325,
f909,
fc2e,
fec2,
03fa,
09a1,
0d38,
0dbf,
0c16,
0a87,
08d5,
0495,
feae,
fa3a,
f904,
f8b6,
f8a9,
f979,
fa5c,
fa5d,
fafc,
fce7,
ff43,
011d,
0171,
02f2,
0572,
05c1,
0497,
0430,
0325,
006b,
fdae,
fc1f,
fb77,
fb26,
fb0f,
fb10,
fb6c,
fd05,
ff1c,
007c,
0176,
024b,
027b,
0218,
01f6,
01c3,
013a,
0066,
ffb9,
ff33,
fe95,
fe20,
fe18,
fe4f,
fe67,
fe98,
ff19,
ffc8,
0065,
00f3,
015a,
0163,
0131,
ffff,
fffe,
fffe,
fffe,
0000,
0002,
0003,
0003,
0002,
0001,
0001,
0002,
0002,
0002,
0000,
ffff,
ffff,
ffff,
0000,
0001,
0000,
0000,
0000,
0002,
0003,
0003,
0002,
0000,
ffff,
fffe,
0000,
0002,
0002,
0000,
ffff,
0001,
0001,
0002,
0002,
ffff,
0001,
fffa,
0008,
fff5,
000d,
007f,
0547,
08ca,
0540,
f58b,
e757,
f234,
0885,
1d48,
21d7,
1268,
021c,
ff79,
027a,
ff0f,
f672,
ec33,
e9da,
ee3c,
f380,
f92d,
fc0b,
fe8c,
032e,
07b0,
0b4a,
0d0b,
0c58,
0aff,
094a,
04b9,
feba,
fac4,
f926,
f85d,
f88a,
f8f6,
f927,
fa34,
fbec,
fd6c,
ff52,
010b,
01b1,
0391,
05fc,
05a6,
0435,
03cc,
02c4,
0005,
fd4f,
fc04,
fb52,
fb1e,
fb52,
fba0,
fc11,
fd6e,
ff22,
0047,
0155,
0227,
0260,
0219,
01f7,
01a8,
0111,
0078,
ffbd,
fefa,
fe70,
fe36,
fe4c,
fe6e,
fe8d,
fec9,
ff46,
fff3,
0078,
00d0,
011c,
0146,
fffd,
fffd,
fffe,
fffe,
fffe,
ffff,
0001,
0003,
0002,
0001,
0000,
0000,
0000,
0002,
0001,
0000,
fffe,
fffe,
ffff,
ffff,
0000,
ffff,
0000,
0000,
0001,
0002,
0001,
0000,
0000,
fffe,
fffe,
ffff,
0001,
0001,
0000,
fffe,
0000,
ffff,
0002,
0002,
0000,
fffe,
fff9,
0005,
fffb,
0003,
0094,
04e1,
07f0,
04fd,
f655,
e928,
f2d4,
07ca,
1b52,
1ef8,
1111,
02e4,
005c,
0280,
ff67,
f7a6,
ee65,
ec07,
ef47,
f41f,
f9a8,
fb97,
fd1c,
01dc,
075d,
0b45,
0cde,
0c68,
0b30,
08be,
036a,
fe36,
faec,
f922,
f833,
f790,
f840,
f9fd,
fb86,
fc94,
fddc,
ffcf,
00ee,
0224,
04e8,
05fd,
0451,
0346,
0359,
0218,
ff64,
fd0b,
fbaa,
fb25,
fbad,
fc48,
fc39,
fc59,
fd9e,
ff3e,
0090,
0182,
020a,
023b,
0218,
01fa,
0197,
00c8,
0002,
ff5c,
fec9,
fe6d,
fe4f,
fe62,
fe82,
fed8,
ff42,
ff97,
fff8,
0073,
00d7,
0109,
fffe,
fffe,
fffe,
fffe,
ffff,
ffff,
ffff,
0001,
0002,
0002,
0002,
0001,
0000,
0000,
0001,
0001,
0000,
ffff,
fffe,
fffe,
0000,
0000,
0000,
0000,
0000,
0001,
0001,
0002,
0001,
ffff,
ffff,
fffe,
ffff,
0001,
0001,
0000,
fffd,
ffff,
fffe,
0001,
0005,
ffff,
fffe,
fff8,
0007,
fff8,
0004,
0060,
03c5,
06ee,
05d5,
f9ba,
eb52,
f103,
0412,
1774,
1d03,
11ea,
04d3,
00e7,
027c,
0098,
fa62,
f1c2,
ee2f,
f04a,
f3ce,
f7c6,
fa5f,
fd40,
01f5,
06cd,
0a75,
0c54,
0b92,
09cf,
074c,
0291,
fe7f,
fb8b,
f89b,
f774,
f880,
f9b3,
faeb,
fc88,
fdae,
fe41,
ff6b,
0161,
0321,
0473,
0455,
0307,
0263,
0274,
0183,
ff33,
fce4,
fbc6,
fbfd,
fcc3,
fcf0,
fc73,
fcba,
fe1c,
ff90,
00a9,
0174,
01e1,
0215,
0216,
01be,
011a,
003a,
ff7b,
ff19,
fecc,
fe83,
fe58,
fe8d,
fefd,
ff5e,
ff99,
ffc2,
0011,
0079,
00c4,
ffff,
ffff,
fffe,
ffff,
ffff,
ffff,
ffff,
0000,
0001,
0003,
0003,
0002,
0000,
0000,
0001,
0001,
0001,
0000,
fffe,
ffff,
ffff,
0000,
0000,
0000,
0000,
0000,
0001,
0001,
0001,
0001,
0000,
fffe,
ffff,
0000,
0001,
0000,
ffff,
fffd,
0000,
fffe,
0005,
0006,
ffff,
fffd,
fffb,
0005,
fffa,
0003,
0083,
03a7,
0670,
057d,
f94b,
ec0f,
f246,
04db,
170c,
1abb,
0fee,
04ab,
0173,
02ae,
00f5,
fb3a,
f372,
ef74,
f00b,
f3b3,
f8fc,
fc21,
fe59,
0230,
067c,
0972,
0a71,
099e,
0810,
0555,
01a4,
fde6,
fa97,
f96b,
f997,
f9c6,
fa71,
fc8a,
fdec,
fddb,
fe86,
0018,
017a,
02ab,
037f,
02c0,
01c4,
01c8,
01cc,
009c,
fec1,
fd4e,
fc95,
fccc,
fd41,
fd3e,
fd1e,
fda4,
feb1,
ffc8,
00c5,
0177,
01d0,
01d3,
0188,
010f,
0070,
ffbd,
ff45,
ff02,
feab,
fe87,
fed2,
ff32,
ff63,
ff93,
ffd8,
0012,
003a,
006c,
ffff,
ffff,
fffe,
ffff,
ffff,
ffff,
ffff,
0000,
0001,
0003,
0003,
0002,
0000,
0000,
0001,
0001,
0001,
0000,
fffe,
ffff,
ffff,
0000,
0000,
0000,
0000,
0000,
0001,
0001,
0001,
0001,
0000,
fffe,
ffff,
0000,
0001,
0000,
ffff,
fffd,
0000,
fffe,
0005,
0006,
ffff,
fffd,
fffb,
0005,
fffa,
0003,
0083,
03a7,
0670,
057d,
f94b,
ec0f,
f246,
04db,
170c,
1abb,
0fee,
04ab,
0173,
02ae,
00f5,
fb3a,
f372,
ef74,
f00b,
f3b3,
f8fc,
fc21,
fe59,
0230,
067c,
0972,
0a71,
099e,
0810,
0555,
01a4,
fde6,
fa97,
f96b,
f997,
f9c6,
fa71,
fc8a,
fdec,
fddb,
fe86,
0018,
017a,
02ab,
037f,
02c0,
01c4,
01c8,
01cc,
009c,
fec1,
fd4e,
fc95,
fccc,
fd41,
fd3e,
fd1e,
fda4,
feb1,
ffc8,
00c5,
0177,
01d0,
01d3,
0188,
010f,
0070,
ffbd,
ff45,
ff02,
feab,
fe87,
fed2,
ff32,
ff63,
ff93,
ffd8,
0012,
003a,
006c,
0000,
0000,
ffff,
ffff,
ffff,
ffff,
ffff,
ffff,
0000,
0001,
0002,
0002,
0001,
0001,
0000,
0000,
0001,
0001,
0000,
0000,
ffff,
0000,
0000,
0001,
0001,
0001,
0001,
0001,
0001,
0001,
0001,
0000,
ffff,
fffe,
ffff,
0001,
0001,
ffff,
fffd,
0000,
ffff,
0007,
0004,
ffff,
fffd,
fffd,
0005,
fffb,
0009,
0073,
0332,
05d5,
05a8,
fa71,
ed12,
f234,
03f7,
1573,
18da,
0f10,
053f,
0226,
0341,
020e,
fc49,
f3d5,
f031,
f239,
f615,
fa51,
fca4,
fe05,
0087,
043d,
0724,
082f,
079f,
065c,
03dc,
007b,
fede,
fd58,
fb96,
fad8,
fafa,
fc21,
fd85,
fe57,
fe49,
fe20,
ff0e,
00d1,
0219,
01e0,
0137,
0130,
0139,
00ee,
007f,
ffae,
fe21,
fd1a,
fd64,
fe14,
fe28,
fdeb,
fe2e,
fed4,
ffc5,
00d4,
0142,
0123,
0100,
00cf,
006a,
0012,
ffb8,
ff26,
fecd,
feee,
ff4e,
ff75,
ff76,
ffa0,
ffe4,
001e,
0035,
002f,
0001,
0000,
ffff,
ffff,
ffff,
ffff,
ffff,
ffff,
ffff,
0000,
0001,
0001,
0002,
0002,
0000,
ffff,
0000,
0001,
0000,
0000,
ffff,
ffff,
ffff,
0000,
0001,
0001,
0000,
0000,
0001,
0001,
0001,
0000,
0000,
ffff,
ffff,
ffff,
0001,
0000,
ffff,
fffe,
0000,
ffff,
0009,
0000,
0001,
fffb,
0002,
ffff,
0007,
0001,
00c5,
038c,
05eb,
0493,
f772,
ecec,
f5a5,
07e0,
1662,
15f7,
0c19,
0482,
031d,
0367,
0071,
fb02,
f544,
f338,
f4b7,
f7bc,
fab2,
fbc0,
fca6,
ff73,
033d,
05a9,
0699,
0609,
0449,
0314,
028f,
00bd,
fe02,
fcb9,
fc4e,
fbce,
fceb,
fe7f,
fdd7,
fcc8,
fd6e,
ff1d,
00ab,
0151,
00ca,
0084,
00ca,
010c,
011d,
00d1,
ffc4,
fe33,
fdc7,
fe72,
feca,
fe79,
fe40,
fe6d,
ff0e,
0007,
0085,
0082,
0075,
006c,
0053,
002c,
fff8,
ff78,
ff26,
ff4e,
ff8d,
ffa9,
ffa7,
ffc3,
ffe7,
000d,
0023,
0011,
0002,
0001,
0001,
0000,
0000,
ffff,
0000,
0000,
ffff,
ffff,
ffff,
0000,
0001,
0002,
0001,
0000,
0000,
0001,
0002,
0002,
0001,
0000,
ffff,
0000,
0001,
0001,
0001,
0001,
0001,
0001,
0002,
0001,
0001,
0000,
ffff,
ffff,
0000,
0001,
0000,
0000,
fffd,
0001,
0003,
0008,
fffe,
0003,
fff9,
0008,
0003,
000e,
ffef,
011b,
03e8,
0617,
02ef,
f48f,
edbd,
f9d6,
0b5a,
15a5,
12bf,
09d8,
03b0,
02f4,
03db,
01fa,
fc91,
f70c,
f4d4,
f55c,
f77c,
f906,
f9c0,
fb37,
fe63,
01f8,
045e,
04f3,
04cb,
0602,
05e2,
03bc,
015e,
ffcc,
fded,
fc4f,
fcd0,
fd39,
fc62,
fbc5,
fc73,
fd77,
fee0,
0089,
00a0,
ffda,
0066,
016f,
016b,
0119,
00d7,
0016,
ff11,
fec2,
fef8,
fef5,
fea7,
fe78,
fe9d,
fefb,
ff76,
ffbd,
ffe2,
fff6,
0013,
002b,
000b,
ffe9,
ffe8,
ffd9,
ffb7,
ffc7,
ffef,
fffa,
fff4,
fff4,
ffe7,
ffc7,
0002,
0001,
0001,
0000,
0000,
ffff,
0000,
0000,
ffff,
ffff,
ffff,
0000,
0001,
0002,
0001,
0000,
0000,
0001,
0002,
0002,
0001,
0000,
ffff,
0000,
0001,
0001,
0001,
0001,
0001,
0001,
0002,
0001,
0001,
0000,
ffff,
ffff,
0000,
0001,
0000,
0000,
fffd,
0001,
0003,
0008,
fffe,
0003,
fff9,
0008,
0003,
000e,
ffef,
011b,
03e8,
0617,
02ef,
f48f,
edbd,
f9d6,
0b5a,
15a5,
12bf,
09d8,
03b0,
02f4,
03db,
01fa,
fc91,
f70c,
f4d4,
f55c,
f77c,
f906,
f9c0,
fb37,
fe63,
01f8,
045e,
04f3,
04cb,
0602,
05e2,
03bc,
015e,
ffcc,
fded,
fc4f,
fcd0,
fd39,
fc62,
fbc5,
fc73,
fd77,
fee0,
0089,
00a0,
ffda,
0066,
016f,
016b,
0119,
00d7,
0016,
ff11,
fec2,
fef8,
fef5,
fea7,
fe78,
fe9d,
fefb,
ff76,
ffbd,
ffe2,
fff6,
0013,
002b,
000b,
ffe9,
ffe8,
ffd9,
ffb7,
ffc7,
ffef,
fffa,
fff4,
fff4,
ffe7,
ffc7,
0001,
0001,
0001,
0000,
ffff,
ffff,
ffff,
ffff,
fffe,
fffe,
fffe,
ffff,
0000,
0001,
0001,
0000,
ffff,
0000,
0001,
0001,
0001,
ffff,
fffe,
ffff,
0000,
0000,
0000,
0000,
0000,
0000,
0000,
0001,
0001,
ffff,
ffff,
fffe,
ffff,
0000,
0000,
ffff,
fffd,
fffe,
0000,
0004,
0004,
ffff,
fffe,
ffff,
0011,
0006,
fff3,
001a,
0255,
050f,
05f2,
fcd9,
ef07,
f29a,
034a,
10c9,
1365,
0d24,
05be,
03f3,
068f,
05b6,
005b,
f9fd,
f626,
f48a,
f511,
f713,
f7cf,
f8b8,
fb3f,
ff6c,
0266,
039c,
05f3,
07ef,
0762,
0594,
0407,
01be,
ff06,
fdb0,
fcaa,
fb4f,
fac9,
fb6b,
fbfd,
fc97,
fdfc,
ff8b,
004e,
0033,
00a8,
015f,
0166,
0122,
013b,
0126,
0041,
ff35,
fedb,
ff04,
fef8,
feb0,
fe6a,
fe68,
feaf,
ff16,
ff6f,
ffbf,
fff1,
ffff,
0015,
0047,
0071,
0049,
fffd,
ffdb,
fff7,
0015,
0000,
ffd1,
ff9a,
ff79,
0003,
0002,
0001,
0002,
0001,
0000,
0000,
ffff,
ffff,
fffe,
fffe,
ffff,
0000,
0001,
0001,
0001,
0000,
0001,
0001,
0001,
0001,
0000,
ffff,
0000,
0000,
0001,
0001,
0001,
0001,
0000,
0001,
0001,
0001,
0000,
0000,
0000,
0000,
0000,
0001,
0000,
ffff,
ffff,
0000,
0001,
0006,
0000,
0001,
fffd,
0019,
0004,
fffd,
ffd6,
0154,
0433,
0662,
017e,
f27e,
ef5e,
fe19,
0ce6,
11cb,
0e02,
08ad,
0669,
07d8,
077c,
0262,
fb42,
f696,
f4c8,
f3cb,
f526,
f6c8,
f734,
f938,
fe16,
012b,
0339,
0712,
08fb,
0856,
0721,
05a9,
0268,
000a,
feba,
fbe2,
f97c,
f9d9,
fb51,
fb96,
fc23,
fd75,
fecd,
0012,
0127,
0175,
0135,
011c,
0138,
019a,
019b,
00d5,
ff88,
fed0,
feeb,
ff12,
fed0,
fe51,
fe29,
fe37,
fe89,
ff1e,
ffb3,
fff9,
fff2,
0025,
008a,
00bc,
00a6,
005a,
0004,
ffe7,
fffc,
ffe7,
ff98,
ff54,
ff31,
0002,
0002,
0001,
0000,
ffff,
ffff,
ffff,
fffe,
fffe,
fffe,
fffe,
fffe,
ffff,
0001,
0001,
0000,
0000,
0000,
0000,
0001,
0001,
0000,
ffff,
ffff,
ffff,
0000,
0000,
ffff,
0000,
0000,
0000,
0000,
0001,
0000,
ffff,
ffff,
fffe,
fffe,
0000,
0000,
fffe,
fffe,
0001,
ffff,
0003,
fffd,
0003,
fffd,
0017,
0005,
fff9,
ffd6,
00f1,
03de,
068b,
034c,
f452,
ed74,
fb00,
0b95,
1227,
0f90,
0a9e,
075c,
07d6,
0773,
026a,
fb93,
f60e,
f3d1,
f359,
f478,
f60d,
f6e2,
f96e,
fd0d,
00c6,
0558,
0807,
089f,
094f,
08a6,
0567,
026b,
00bf,
fdbd,
fa14,
f8cd,
fa18,
fb06,
fb3f,
fbd6,
fceb,
fea1,
00cb,
0245,
021a,
0150,
0124,
0187,
01b8,
0183,
00ca,
ff7d,
fe96,
feb7,
fefa,
feb1,
fe3e,
fe0b,
fdff,
fe48,
ff18,
ffd3,
0013,
002c,
005a,
008e,
00e2,
00ff,
00a2,
001d,
ffd1,
ffb1,
ff7b,
ff3e,
ff00,
fee4,
0002,
0002,
0002,
0001,
0000,
ffff,
ffff,
ffff,
ffff,
fffe,
fffe,
ffff,
0001,
0001,
0001,
0001,
0000,
0000,
0000,
0002,
0001,
0000,
ffff,
ffff,
ffff,
0000,
0000,
0001,
0001,
0001,
0001,
0001,
0001,
0001,
0000,
ffff,
ffff,
ffff,
0001,
0000,
ffff,
fffe,
0002,
0002,
0001,
fff9,
0003,
0005,
0016,
0000,
fffa,
ffda,
0143,
046a,
0747,
022d,
f161,
ecad,
fcfe,
0e36,
1426,
1107,
0a77,
05d9,
06c1,
0671,
00e0,
f9f7,
f4fb,
f2bd,
f2c5,
f526,
f6b2,
f7f3,
fa56,
fd5b,
02b1,
073e,
0881,
08cd,
0984,
0813,
04b4,
0280,
ff6c,
fb20,
f8f2,
f9b3,
fa9c,
fabc,
fb1e,
fb88,
fcf7,
ff80,
01d3,
02ac,
0251,
01cc,
01c4,
01f2,
018e,
00e3,
0038,
ff48,
fe53,
fe48,
feac,
fe8b,
fe21,
fdf6,
fe0b,
fe8d,
ff75,
000f,
0048,
006f,
007d,
00b1,
0106,
010f,
009e,
0006,
ffa2,
ff5c,
ff1c,
fece,
fea2,
fede,
0002,
0002,
0002,
0001,
0000,
ffff,
ffff,
ffff,
ffff,
fffe,
fffe,
ffff,
0001,
0001,
0001,
0001,
0000,
0000,
0000,
0002,
0001,
0000,
ffff,
ffff,
ffff,
0000,
0000,
0001,
0001,
0001,
0001,
0001,
0001,
0001,
0000,
ffff,
ffff,
ffff,
0001,
0000,
ffff,
fffe,
0002,
0002,
0001,
fff9,
0003,
0005,
0016,
0000,
fffa,
ffda,
0143,
046a,
0747,
022d,
f161,
ecad,
fcfe,
0e36,
1426,
1107,
0a77,
05d9,
06c1,
0671,
00e0,
f9f7,
f4fb,
f2bd,
f2c5,
f526,
f6b2,
f7f3,
fa56,
fd5b,
02b1,
073e,
0881,
08cd,
0984,
0813,
04b4,
0280,
ff6c,
fb20,
f8f2,
f9b3,
fa9c,
fabc,
fb1e,
fb88,
fcf7,
ff80,
01d3,
02ac,
0251,
01cc,
01c4,
01f2,
018e,
00e3,
0038,
ff48,
fe53,
fe48,
feac,
fe8b,
fe21,
fdf6,
fe0b,
fe8d,
ff75,
000f,
0048,
006f,
007d,
00b1,
0106,
010f,
009e,
0006,
ffa2,
ff5c,
ff1c,
fece,
fea2,
fede,
0002,
0001,
0001,
ffff,
ffff,
ffff,
ffff,
ffff,
ffff,
ffff,
ffff,
ffff,
0001,
0002,
0001,
0000,
ffff,
0001,
0001,
0002,
0000,
ffff,
ffff,
ffff,
ffff,
ffff,
0000,
0001,
0001,
0001,
0001,
0001,
0001,
0000,
ffff,
ffff,
0000,
0000,
0000,
0000,
ffff,
0001,
0000,
0004,
fffe,
fffb,
fffd,
000b,
0013,
fffd,
fff1,
001d,
0283,
06ae,
0763,
fa28,
ea96,
f212,
06db,
139b,
14e3,
0eed,
0783,
0546,
0638,
0316,
fcc2,
f673,
f2a9,
f20c,
f3d1,
f658,
f868,
fa46,
fb85,
0067,
0692,
0876,
08c5,
09ac,
08a9,
059f,
03fe,
014e,
fbcc,
f841,
f955,
fb01,
faa7,
fa83,
fad8,
fbd9,
fe56,
0126,
025c,
0279,
02b4,
02d7,
02c5,
0249,
013e,
ffee,
ff20,
fea9,
fe27,
fdc2,
fdd9,
fe13,
fdfa,
fdfe,
fe79,
ff64,
001c,
0076,
008d,
009b,
00e6,
0117,
0116,
00c3,
0038,
ffae,
ff44,
fef8,
fe8c,
fe4d,
fe9b,
ff3c,
0002,
0002,
0000,
0000,
ffff,
ffff,
ffff,
fffe,
fffe,
fffe,
0000,
0001,
0002,
0002,
0001,
0001,
0001,
0001,
0001,
0001,
0000,
ffff,
ffff,
ffff,
0000,
0000,
0000,
0000,
0001,
0001,
0001,
0002,
0001,
0000,
ffff,
ffff,
0000,
0001,
0000,
ffff,
ffff,
0002,
0000,
0002,
fffc,
fffc,
fffd,
000d,
0007,
0004,
ffe8,
011a,
054a,
08f3,
00ba,
ee0e,
ebca,
ff29,
1128,
1696,
118c,
08fd,
0551,
06db,
053f,
fe85,
f75e,
f29d,
f12b,
f281,
f5ed,
f847,
fa00,
fba8,
fed1,
0505,
08a8,
0928,
09a6,
0923,
0692,
046b,
0250,
fd97,
f8f7,
f83e,
fa3c,
fb0b,
fa91,
fa29,
fae8,
fd8b,
005c,
01dd,
022e,
028b,
033a,
03b4,
0353,
0252,
00e6,
ff28,
fe24,
fe03,
fde1,
fd54,
fd0f,
fd5b,
fdc2,
fe62,
ff64,
003e,
00a0,
00b1,
00d6,
012c,
0161,
013c,
00cc,
0051,
ffbb,
ff3d,
fed9,
fe58,
fe23,
fe81,
ff08,
ff47,
0002,
0001,
0000,
ffff,
ffff,
ffff,
ffff,
fffe,
fffe,
ffff,
0001,
0002,
0002,
0001,
0000,
0001,
0002,
0002,
0001,
0000,
ffff,
ffff,
ffff,
ffff,
0000,
0000,
0000,
0000,
0001,
0002,
0002,
0001,
0000,
ffff,
ffff,
0000,
0001,
0000,
ffff,
ffff,
0002,
0002,
0002,
fffd,
fffd,
fffd,
0008,
0005,
0002,
fff6,
00b2,
04f4,
0988,
021d,
ef56,
ea80,
fc87,
1084,
180f,
12cd,
0897,
042f,
0690,
0679,
0022,
f83c,
f1df,
ef53,
f11b,
f53f,
f818,
fa50,
fc66,
fe8e,
04a6,
099a,
09f8,
09e2,
0959,
0707,
049f,
0272,
fe0d,
f91f,
f808,
f9fd,
faea,
fa5b,
f9d6,
fa4f,
fce6,
0022,
01b9,
01dc,
023d,
0325,
03e8,
03f4,
034f,
021b,
0048,
fe85,
fd86,
fd53,
fd28,
fcae,
fc53,
fc9c,
fdba,
ff61,
009e,
00e1,
00d2,
014b,
01d9,
01da,
0174,
00f2,
0047,
ffa7,
ff37,
fe91,
fdf7,
fdfb,
fe86,
feee,
ff12,
ff3d,
0002,
0001,
0000,
ffff,
ffff,
ffff,
ffff,
fffe,
fffe,
ffff,
0001,
0002,
0002,
0001,
0000,
0001,
0002,
0002,
0001,
0000,
ffff,
ffff,
ffff,
ffff,
0000,
0000,
0000,
0000,
0001,
0002,
0002,
0001,
0000,
ffff,
ffff,
0000,
0001,
0000,
ffff,
ffff,
0002,
0002,
0002,
fffd,
fffd,
fffd,
0008,
0005,
0002,
fff6,
00b2,
04f4,
0988,
021d,
ef56,
ea80,
fc87,
1084,
180f,
12cd,
0897,
042f,
0690,
0679,
0022,
f83c,
f1df,
ef53,
f11b,
f53f,
f818,
fa50,
fc66,
fe8e,
04a6,
099a,
09f8,
09e2,
0959,
0707,
049f,
0272,
fe0d,
f91f,
f808,
f9fd,
faea,
fa5b,
f9d6,
fa4f,
fce6,
0022,
01b9,
01dc,
023d,
0325,
03e8,
03f4,
034f,
021b,
0048,
fe85,
fd86,
fd53,
fd28,
fcae,
fc53,
fc9c,
fdba,
ff61,
009e,
00e1,
00d2,
014b,
01d9,
01da,
0174,
00f2,
0047,
ffa7,
ff37,
fe91,
fdf7,
fdfb,
fe86,
feee,
ff12,
ff3d,
0001,
0000,
ffff,
ffff,
fffe,
fffe,
fffe,
fffe,
ffff,
0000,
0002,
0002,
0001,
0000,
0000,
0001,
0001,
0001,
ffff,
fffe,
ffff,
ffff,
ffff,
0000,
ffff,
ffff,
ffff,
0000,
0002,
0001,
0001,
0000,
ffff,
ffff,
0000,
0001,
0000,
ffff,
fffe,
0001,
0002,
0001,
ffff,
fffc,
fffc,
0002,
0009,
0001,
fffb,
0059,
043b,
09d8,
042a,
f15d,
e944,
f912,
0ec8,
1911,
14cc,
095d,
0387,
05e3,
06ba,
00f3,
f97b,
f317,
ef58,
efca,
f389,
f705,
f966,
fc75,
feee,
035b,
0953,
0b5a,
0adb,
099e,
0742,
053c,
02f5,
fed7,
f9ee,
f7d3,
f91e,
faed,
fade,
f992,
f98f,
fc2b,
ff97,
0145,
01a6,
0215,
02df,
03bd,
0404,
03a5,
02d1,
0155,
ffc2,
fe64,
fd59,
fcb3,
fc50,
fc07,
fbe8,
fca1,
fe6a,
003b,
00e7,
011f,
01b0,
023f,
025b,
01f0,
0146,
0071,
ffbd,
ff16,
fe65,
fdfa,
fdf6,
fe3f,
fe8e,
fede,
ff3e,
ffa4,
0000,
fffe,
fffe,
fffe,
fffe,
fffd,
fffd,
ffff,
0000,
0002,
0001,
0000,
0000,
0000,
0001,
0001,
0001,
0000,
ffff,
fffe,
fffe,
ffff,
ffff,
ffff,
0000,
ffff,
0001,
0001,
0001,
0001,
ffff,
fffe,
fffe,
ffff,
0001,
0000,
fffe,
fffe,
0000,
0003,
0001,
ffff,
fffb,
fffc,
fffc,
0008,
0000,
0002,
0032,
03cc,
0a2b,
056d,
f24e,
e856,
f6ed,
0df6,
1a4f,
1686,
09da,
02fa,
056f,
0708,
0120,
f929,
f300,
ef70,
effe,
f359,
f64a,
f80f,
fb90,
ff42,
02a3,
0883,
0c54,
0c2d,
0a71,
0787,
0568,
030a,
ff56,
faf9,
f7ef,
f837,
fa6e,
fb63,
fa05,
f92e,
fb7e,
ff3b,
0111,
0162,
01bc,
029b,
0388,
03ea,
03bc,
02fc,
01bd,
0062,
ff4b,
fe46,
fd2b,
fc32,
fb94,
fb6c,
fc07,
fda9,
ff4a,
0059,
0136,
01f2,
028a,
02b5,
0281,
01ca,
00c7,
ffd5,
feef,
fe51,
fe15,
fe11,
fe06,
fe1d,
fe8e,
ff20,
ff9f,
000d,
ffff,
ffff,
fffe,
fffe,
fffd,
fffd,
ffff,
0001,
0001,
0001,
0000,
0000,
0000,
0002,
0001,
0001,
0000,
ffff,
ffff,
ffff,
0000,
0000,
0000,
0000,
0000,
0000,
0001,
0001,
0001,
ffff,
fffe,
fffe,
0000,
0001,
0000,
ffff,
ffff,
0000,
0002,
0001,
0000,
fffa,
fffd,
fffb,
0008,
fffe,
0006,
004e,
04ba,
0b4f,
03e3,
ef24,
e7b2,
f943,
115d,
1cef,
1671,
07ea,
0220,
05fe,
06ef,
ffb2,
f734,
f133,
ee49,
effe,
f447,
f712,
f846,
fb8b,
ffe1,
02c7,
07cc,
0cb0,
0d8f,
0b7c,
0785,
051b,
029b,
fec1,
faef,
f843,
f7ed,
f999,
fb52,
faa6,
f99c,
fb80,
ff64,
0174,
017c,
01a0,
025c,
0332,
039c,
039a,
02e5,
01aa,
0066,
ff51,
fe7f,
fdd9,
fcf8,
fbbd,
fb13,
fba5,
fd2e,
ff00,
004b,
00f7,
01a0,
0268,
0312,
0307,
0230,
0102,
ffc0,
fee3,
fe80,
fe43,
fdea,
fdb4,
fdf2,
fe7e,
fef8,
ff67,
fffe,
0099,
fffe,
fffe,
fffd,
fffe,
fffe,
ffff,
0000,
0002,
0002,
0001,
0000,
0001,
0001,
0002,
0001,
0000,
ffff,
ffff,
ffff,
ffff,
ffff,
fffe,
ffff,
0000,
0001,
0001,
0002,
0001,
ffff,
fffe,
fffe,
0000,
0001,
0000,
fffe,
fffe,
0000,
0003,
0001,
0000,
fffa,
fffe,
fff8,
0006,
fffe,
0009,
0037,
049c,
0c16,
04da,
eea2,
e611,
f821,
11f7,
1f21,
1835,
07b0,
0153,
0620,
0786,
ff86,
f62c,
f006,
ed43,
ef4c,
f406,
f724,
f88a,
fbb2,
0096,
038b,
0693,
0b4a,
0df9,
0cca,
084a,
053b,
0298,
fe94,
fb64,
f8eb,
f776,
f873,
fad7,
faf6,
fa11,
fbb2,
ff36,
0166,
01fd,
0230,
023e,
02bc,
035a,
0365,
02bf,
01a4,
0061,
ff36,
fe56,
fdea,
fd61,
fc52,
fb7b,
fb6c,
fcda,
ff15,
0065,
00be,
0111,
020b,
0302,
0327,
026d,
0121,
ffed,
ff54,
fee7,
fe38,
fdac,
fd9c,
fde4,
fe4b,
febe,
ff3b,
ffd0,
007e,
0111,
fffe,
fffe,
fffd,
fffe,
fffe,
ffff,
0000,
0002,
0002,
0001,
0000,
0001,
0001,
0002,
0001,
0000,
ffff,
ffff,
ffff,
ffff,
ffff,
fffe,
ffff,
0000,
0001,
0001,
0002,
0001,
ffff,
fffe,
fffe,
0000,
0001,
0000,
fffe,
fffe,
0000,
0003,
0001,
0000,
fffa,
fffe,
fff8,
0006,
fffe,
0009,
0037,
049c,
0c16,
04da,
eea2,
e611,
f821,
11f7,
1f21,
1835,
07b0,
0153,
0620,
0786,
ff86,
f62c,
f006,
ed43,
ef4c,
f406,
f724,
f88a,
fbb2,
0096,
038b,
0693,
0b4a,
0df9,
0cca,
084a,
053b,
0298,
fe94,
fb64,
f8eb,
f776,
f873,
fad7,
faf6,
fa11,
fbb2,
ff36,
0166,
01fd,
0230,
023e,
02bc,
035a,
0365,
02bf,
01a4,
0061,
ff36,
fe56,
fdea,
fd61,
fc52,
fb7b,
fb6c,
fcda,
ff15,
0065,
00be,
0111,
020b,
0302,
0327,
026d,
0121,
ffed,
ff54,
fee7,
fe38,
fdac,
fd9c,
fde4,
fe4b,
febe,
ff3b,
ffd0,
007e,
0111,
fffe,
fffe,
fffe,
fffe,
0000,
0002,
0002,
0002,
0001,
0001,
0001,
0002,
0002,
0001,
0000,
ffff,
0000,
0000,
0000,
ffff,
0000,
0000,
0000,
0002,
0002,
0002,
0001,
ffff,
fffe,
fffe,
0001,
0002,
0000,
fffe,
ffff,
0002,
0003,
0000,
0000,
fffa,
0000,
fff9,
0006,
fffc,
000d,
0062,
0604,
0d99,
028c,
ea12,
e528,
fbd8,
16f4,
2260,
178b,
04d7,
007d,
0765,
0795,
fd7a,
f37c,
ed7e,
ebc9,
ef41,
f49b,
f739,
f8cc,
fcc4,
0247,
0593,
077c,
0aef,
0d65,
0cbd,
0879,
04cd,
01bd,
fdde,
fb41,
f94e,
f79e,
f792,
f98f,
fa94,
fabb,
fc8f,
ffa2,
01d3,
02a2,
02ef,
02f3,
02f7,
0315,
0329,
02a5,
0131,
ff94,
fe8e,
fe19,
fdbc,
fd1e,
fc0a,
fb21,
fbda,
fe36,
001c,
008e,
0084,
0119,
022f,
02e8,
02c8,
01d6,
00de,
0053,
ffc4,
fedb,
fdff,
fd99,
fd9e,
fdcd,
fe1f,
fe91,
ff26,
ffd9,
0093,
0129,
015e,
fffe,
fffe,
fffe,
0000,
0001,
0003,
0002,
0001,
0000,
0002,
0003,
0003,
0001,
0000,
ffff,
ffff,
0000,
ffff,
0000,
0000,
ffff,
0001,
0001,
0003,
0002,
0000,
fffe,
fffe,
ffff,
0000,
0002,
0001,
fffe,
ffff,
0001,
0004,
0000,
0001,
fff8,
0000,
fff8,
0007,
fff9,
0011,
004d,
060b,
0ecc,
0385,
e896,
e2b6,
fb4b,
18b6,
253b,
196c,
0434,
ff45,
07af,
086f,
fd1e,
f22a,
ebdb,
ea36,
ee7b,
f479,
f729,
f89e,
fce4,
0307,
070a,
0869,
0ab3,
0d20,
0d0b,
08d5,
0482,
0154,
fd58,
fb22,
fa36,
f839,
f704,
f862,
f9aa,
fa70,
fcd2,
fff1,
01c3,
02cd,
03c2,
03c1,
0367,
0382,
039a,
0293,
00c9,
ff48,
fe29,
fda9,
fd5b,
fcc4,
fb56,
fa92,
fc21,
fee4,
00ac,
00e6,
010a,
01a0,
0250,
02a9,
0259,
019a,
010a,
007e,
ff94,
feac,
fe1f,
fdc2,
fd76,
fd7e,
fdf0,
fe7f,
ff12,
ffd2,
00a1,
012e,
0168,
0166,
fffd,
fffd,
0000,
0002,
0002,
0001,
0000,
0000,
0001,
0002,
0002,
0000,
ffff,
fffd,
fffe,
ffff,
ffff,
ffff,
ffff,
fffe,
0000,
0001,
0002,
0002,
0000,
fffe,
fffd,
fffd,
0000,
0002,
ffff,
fffd,
fffe,
0001,
0004,
ffff,
fffe,
fff6,
0000,
fff7,
0007,
fff5,
0011,
0087,
07e6,
1090,
0059,
e300,
e1e9,
0046,
1f0e,
2898,
17a9,
00af,
ff04,
0979,
0810,
fa2d,
ef04,
e940,
e89d,
eea9,
f52f,
f722,
f8c9,
fe21,
04e5,
0905,
09fe,
0b33,
0cfe,
0cd8,
08ea,
0403,
ffa0,
fbe4,
fa49,
fa4d,
f921,
f758,
f766,
f88d,
fa3c,
fd2d,
0054,
020c,
0300,
03f5,
048a,
0471,
0499,
045a,
0283,
0035,
feb0,
fdfc,
fd6f,
fc91,
fb29,
fa09,
faba,
fd01,
ff2d,
005c,
0158,
0254,
02e2,
02df,
0267,
01f7,
01c2,
013a,
000c,
feea,
fe50,
fe01,
fda5,
fd53,
fd4c,
fdb1,
fe5b,
ff37,
001d,
00e6,
0150,
0163,
0163,
0155,
fffd,
fffd,
0000,
0002,
0002,
0001,
0000,
0000,
0001,
0002,
0002,
0000,
ffff,
fffd,
fffe,
ffff,
ffff,
ffff,
ffff,
fffe,
0000,
0001,
0002,
0002,
0000,
fffe,
fffd,
fffd,
0000,
0002,
ffff,
fffd,
fffe,
0001,
0004,
ffff,
fffe,
fff6,
0000,
fff7,
0007,
fff5,
0011,
0087,
07e6,
1090,
0059,
e300,
e1e9,
0046,
1f0e,
2898,
17a9,
00af,
ff04,
0979,
0810,
fa2d,
ef04,
e940,
e89d,
eea9,
f52f,
f722,
f8c9,
fe21,
04e5,
0905,
09fe,
0b33,
0cfe,
0cd8,
08ea,
0403,
ffa0,
fbe4,
fa49,
fa4d,
f921,
f758,
f766,
f88d,
fa3c,
fd2d,
0054,
020c,
0300,
03f5,
048a,
0471,
0499,
045a,
0283,
0035,
feb0,
fdfc,
fd6f,
fc91,
fb29,
fa09,
faba,
fd01,
ff2d,
005c,
0158,
0254,
02e2,
02df,
0267,
01f7,
01c2,
013a,
000c,
feea,
fe50,
fe01,
fda5,
fd53,
fd4c,
fdb1,
fe5b,
ff37,
001d,
00e6,
0150,
0163,
0163,
0155,
fffe,
0000,
0001,
0002,
0001,
0000,
0000,
0001,
0003,
0002,
0001,
0000,
fffe,
ffff,
ffff,
0000,
ffff,
ffff,
ffff,
0000,
0001,
0002,
0002,
0000,
fffe,
fffd,
fffe,
0001,
0003,
0000,
fffd,
ffff,
0001,
0005,
0000,
0000,
fff5,
0000,
fff5,
0009,
fff3,
0013,
0065,
07b5,
1211,
0227,
e186,
de6b,
fef7,
211f,
2c10,
1a0e,
fffe,
fd8d,
0a03,
092f,
f9b9,
ed69,
e7a1,
e6c2,
ed7f,
f530,
f71c,
f866,
fe02,
05a3,
0a7d,
0b59,
0baa,
0ca9,
0ccb,
0956,
04ab,
ff95,
fb16,
f94b,
f9b2,
f9c9,
f816,
f745,
f78e,
f961,
fce8,
0059,
01f8,
02b6,
03bd,
0489,
0578,
0601,
050b,
029b,
0064,
ff1b,
fe36,
fd4c,
fbb8,
fa07,
f98a,
fade,
fcc4,
fe8c,
001d,
0186,
02d5,
0379,
034e,
02c7,
02a8,
023a,
0101,
ffb9,
fedc,
fe2e,
fd9d,
fd57,
fd3e,
fd35,
fd79,
fe2a,
ff1f,
0030,
0114,
0184,
0180,
0155,
0152,
0163,
ffff,
0001,
0002,
0001,
ffff,
0000,
0001,
0002,
0002,
0000,
ffff,
fffe,
fffe,
fffe,
ffff,
ffff,
fffe,
fffe,
ffff,
0001,
0002,
0001,
0000,
fffd,
fffd,
fffd,
0000,
0002,
0000,
fffc,
fffe,
0001,
0006,
ffff,
0000,
fff3,
0000,
fff5,
0008,
fff3,
0010,
0043,
0741,
1360,
04ba,
e0d2,
da6e,
fc6c,
22b1,
2fdb,
1d2c,
ffe1,
fbcf,
0a38,
0a8b,
f98d,
ebc3,
e619,
e4ef,
ebcf,
f4e7,
f74f,
f82a,
fdbe,
05ef,
0be6,
0cf0,
0c89,
0c88,
0c7c,
0997,
04f9,
fff8,
fad4,
f8a0,
f8c6,
f985,
f8be,
f76a,
f72c,
f8a8,
fc59,
001b,
0216,
029e,
031a,
041e,
063b,
074a,
0586,
02bd,
00b8,
ffb4,
febf,
fd40,
fb1e,
f988,
f95b,
fa86,
fc4c,
fe24,
ffef,
017e,
02d6,
037c,
037e,
037c,
0360,
027f,
011e,
ffec,
fed6,
fdd1,
fd43,
fd36,
fd22,
fcf8,
fd42,
fe0c,
ff15,
0030,
0127,
01a5,
0198,
0164,
0158,
0164,
0141,
0003,
0003,
0002,
0001,
0001,
0003,
0004,
0004,
0003,
0000,
0000,
0001,
0001,
0001,
0000,
0000,
ffff,
0001,
0003,
0003,
0003,
0001,
ffff,
fffe,
ffff,
0002,
0004,
0001,
fffd,
ffff,
0004,
0008,
0001,
0000,
fff4,
0002,
fff6,
000a,
fff2,
0010,
0069,
08cd,
1548,
02a3,
dc10,
d8b8,
ffa1,
28ad,
33d1,
1c2b,
fcdc,
fba1,
0c4d,
0a43,
f667,
e84d,
e391,
e37d,
eb77,
f512,
f75a,
f8ab,
fef8,
0775,
0dc4,
0ef2,
0dc6,
0cdd,
0be7,
08dc,
0445,
ff5a,
fa59,
f7d6,
f830,
f912,
f8dc,
f75a,
f6c1,
f89e,
fcb8,
0035,
01e9,
02a3,
02ed,
044b,
06e1,
07d9,
0597,
02a1,
00da,
ffe8,
feb0,
fd04,
fb22,
f9ba,
f945,
fa30,
fc21,
fe50,
003b,
0196,
0283,
0331,
03d6,
03fd,
035c,
0266,
0156,
000e,
feb9,
fdae,
fd37,
fcfb,
fce4,
fcf9,
fd4f,
fe03,
ff0b,
0054,
0169,
01d3,
019e,
0156,
014f,
015d,
0144,
00dc,
0003,
0001,
0000,
0000,
0002,
0003,
0003,
0002,
ffff,
fffe,
ffff,
0000,
0000,
ffff,
ffff,
fffe,
ffff,
0002,
0003,
0002,
0000,
fffe,
fffd,
fffe,
0001,
0004,
0001,
fffd,
fffe,
0001,
0007,
0000,
0001,
fff3,
ffff,
fff6,
0008,
fff5,
000b,
003b,
07c4,
162a,
06b7,
dd59,
d462,
fa1e,
282b,
3831,
211e,
fe14,
f940,
0c01,
0c61,
f707,
e6b6,
e1b2,
e195,
e980,
f43a,
f722,
f85a,
fedb,
0798,
0e7c,
10c1,
0f3f,
0d5c,
0bfa,
08ce,
044f,
ff33,
faa7,
f7a7,
f788,
f8ab,
f90a,
f7ce,
f62e,
f7d4,
fc54,
0024,
0169,
0222,
0313,
0495,
06d8,
0803,
063d,
02fa,
00da,
ffb8,
fe75,
fd3a,
fbe3,
fa3f,
f959,
fa0b,
fc06,
fe67,
0041,
0145,
01ed,
0302,
0410,
03f1,
0301,
0232,
017c,
0041,
fee9,
fde8,
fd62,
fd1a,
fd06,
fd1b,
fd51,
fde6,
fee3,
002c,
0150,
01dd,
01b8,
0155,
012c,
0146,
0144,
00e8,
0033,
0003,
0001,
0000,
0000,
0002,
0003,
0003,
0002,
ffff,
fffe,
ffff,
0000,
0000,
ffff,
ffff,
fffe,
ffff,
0002,
0003,
0002,
0000,
fffe,
fffd,
fffe,
0001,
0004,
0001,
fffd,
fffe,
0001,
0007,
0000,
0001,
fff3,
ffff,
fff6,
0008,
fff5,
000b,
003b,
07c4,
162a,
06b7,
dd59,
d462,
fa1e,
282b,
3831,
211e,
fe14,
f940,
0c01,
0c61,
f707,
e6b6,
e1b2,
e195,
e980,
f43a,
f722,
f85a,
fedb,
0798,
0e7c,
10c1,
0f3f,
0d5c,
0bfa,
08ce,
044f,
ff33,
faa7,
f7a7,
f788,
f8ab,
f90a,
f7ce,
f62e,
f7d4,
fc54,
0024,
0169,
0222,
0313,
0495,
06d8,
0803,
063d,
02fa,
00da,
ffb8,
fe75,
fd3a,
fbe3,
fa3f,
f959,
fa0b,
fc06,
fe67,
0041,
0145,
01ed,
0302,
0410,
03f1,
0301,
0232,
017c,
0041,
fee9,
fde8,
fd62,
fd1a,
fd06,
fd1b,
fd51,
fde6,
fee3,
002c,
0150,
01dd,
01b8,
0155,
012c,
0146,
0144,
00e8,
0033,
0000,
fffe,
0000,
0002,
0003,
0003,
0000,
ffff,
ffff,
ffff,
0000,
ffff,
ffff,
fffe,
fffe,
0000,
0003,
0004,
0002,
ffff,
fffc,
fffd,
fffd,
0000,
0004,
0000,
fffc,
ffff,
0002,
0007,
0001,
0000,
fff3,
ffff,
fff8,
0006,
fff5,
0009,
0042,
0869,
1787,
06b4,
db74,
d2bd,
f943,
2a4a,
3c5e,
22d5,
fd56,
f869,
0d06,
0d1c,
f53f,
e3e5,
df33,
dfac,
e84e,
f407,
f6f2,
f85a,
ffb6,
08df,
0f8d,
12ac,
1173,
0de2,
0be8,
085a,
03b4,
fe68,
fa02,
f768,
f6ea,
f860,
f913,
f836,
f621,
f722,
fc07,
0029,
011d,
0197,
0377,
052f,
06db,
0839,
071a,
0359,
0012,
feb2,
fe06,
fd76,
fc32,
fa85,
f986,
fa71,
fccf,
ff24,
006f,
00f7,
01d7,
02f6,
03bd,
0394,
02b9,
01a6,
00d4,
000f,
ff15,
fe17,
fd84,
fd74,
fd7a,
fd79,
fd90,
fdfb,
fef4,
0037,
0139,
01ad,
019a,
0152,
011c,
0120,
0126,
00d4,
0020,
ff63,
0000,
0000,
0001,
0003,
0003,
0002,
ffff,
ffff,
ffff,
0000,
0000,
ffff,
ffff,
ffff,
0001,
0002,
0003,
0002,
0000,
fffd,
fffc,
fffd,
0001,
0004,
0002,
fffc,
fffe,
0001,
0008,
0002,
0000,
fff5,
fffd,
fffa,
0002,
fffa,
0005,
0008,
0656,
1719,
0d01,
e084,
cfc5,
f00f,
2307,
3f69,
2ba7,
027b,
f5d1,
0a34,
1050,
f891,
e38a,
dd7f,
dd93,
e4f9,
f1fc,
f6ae,
f789,
fed1,
08a2,
0f7f,
131c,
142f,
0fc7,
0c28,
08e7,
03e9,
fead,
fa0e,
f765,
f664,
f790,
f920,
f8df,
f6b8,
f66e,
fa85,
ff39,
00ee,
015b,
02e7,
051e,
06f2,
0858,
07d0,
04a3,
0073,
fdeb,
fd7e,
fd96,
fc9e,
fac3,
f9a3,
faaa,
fd1e,
ff4e,
009e,
011e,
01d1,
02aa,
033b,
0346,
029d,
015a,
0057,
ffce,
ff24,
fe49,
fdd1,
fdcf,
fdc9,
fdcc,
fdf5,
fe2b,
fedc,
0013,
011a,
018a,
0179,
0131,
00f2,
0102,
011a,
00d9,
0029,
ff67,
fee3,
0000,
0000,
0003,
0003,
0002,
ffff,
ffff,
0000,
ffff,
ffff,
ffff,
ffff,
fffe,
0000,
0002,
0003,
0002,
0001,
fffe,
fffb,
fffc,
0000,
0004,
0002,
fffb,
fffd,
0000,
0008,
0003,
ffff,
fff5,
fffa,
fffc,
0001,
fff9,
0008,
ffee,
059a,
174f,
100e,
e1f8,
cf08,
ecf1,
1d61,
4041,
3205,
0672,
f524,
086e,
11e5,
fa07,
e270,
db67,
db87,
e27c,
f045,
f63c,
f6a0,
fe7c,
0962,
10a1,
1334,
15f6,
12c2,
0cc8,
091e,
040b,
fdfb,
f9a8,
f721,
f5f6,
f6bf,
f89f,
f97a,
f76d,
f681,
f96a,
fdfe,
00b5,
01a6,
024b,
047c,
0793,
08e6,
07eb,
0526,
00fd,
fdc2,
fd35,
fd7b,
fc58,
fa9f,
fa06,
fb20,
fd4c,
ff59,
00df,
01b2,
0246,
0282,
02b6,
02d8,
026f,
0131,
ffdb,
ff25,
fecd,
fe72,
fe30,
fe21,
fe08,
fe02,
fe43,
fea8,
ff33,
000f,
00e8,
0177,
0180,
0120,
00bc,
00b3,
00e2,
00d9,
0040,
ff59,
feb1,
feb6,
0000,
0000,
0003,
0003,
0002,
ffff,
ffff,
0000,
ffff,
ffff,
ffff,
ffff,
fffe,
0000,
0002,
0003,
0002,
0001,
fffe,
fffb,
fffc,
0000,
0004,
0002,
fffb,
fffd,
0000,
0008,
0003,
ffff,
fff5,
fffa,
fffc,
0001,
fff9,
0008,
ffee,
059a,
174f,
100e,
e1f8,
cf08,
ecf1,
1d61,
4041,
3205,
0672,
f524,
086e,
11e5,
fa07,
e270,
db67,
db87,
e27c,
f045,
f63c,
f6a0,
fe7c,
0962,
10a1,
1334,
15f6,
12c2,
0cc8,
091e,
040b,
fdfb,
f9a8,
f721,
f5f6,
f6bf,
f89f,
f97a,
f76d,
f681,
f96a,
fdfe,
00b5,
01a6,
024b,
047c,
0793,
08e6,
07eb,
0526,
00fd,
fdc2,
fd35,
fd7b,
fc58,
fa9f,
fa06,
fb20,
fd4c,
ff59,
00df,
01b2,
0246,
0282,
02b6,
02d8,
026f,
0131,
ffdb,
ff25,
fecd,
fe72,
fe30,
fe21,
fe08,
fe02,
fe43,
fea8,
ff33,
000f,
00e8,
0177,
0180,
0120,
00bc,
00b3,
00e2,
00d9,
0040,
ff59,
feb1,
feb6,
0002,
0003,
0004,
0002,
ffff,
ffff,
0000,
0001,
0000,
0000,
ffff,
ffff,
0001,
0002,
0004,
0003,
0001,
ffff,
fffc,
fffb,
ffff,
0003,
0004,
fffc,
fffd,
0000,
0007,
0005,
0002,
fff7,
fff9,
fffc,
0002,
fff9,
0008,
ffdd,
02c9,
13af,
1815,
eccc,
ccf7,
e48f,
0fe3,
392a,
3cf6,
135f,
f5cd,
0202,
137a,
019d,
e539,
da8f,
d97b,
de50,
ebc6,
f5b3,
f548,
fb71,
077f,
10ea,
138f,
15e3,
1636,
0fad,
09ea,
05a6,
ff14,
f967,
f74c,
f5a9,
f601,
f774,
f979,
f8a8,
f6d3,
f806,
fbfd,
0014,
01aa,
01f2,
0361,
06ee,
0945,
08a0,
0600,
01f9,
fe6c,
fd64,
fdaa,
fc73,
fab5,
fa4d,
fb00,
fcc3,
fed2,
00ad,
01ce,
027c,
028d,
0272,
0296,
028c,
018b,
ffd7,
fecb,
fe9c,
fe9a,
fe51,
fe35,
fe37,
fe37,
fe5d,
fec0,
ff3b,
fffc,
00db,
016f,
016c,
0117,
00c1,
00a3,
00b7,
00b8,
004c,
ff7a,
fec8,
fea1,
fef6,
0004,
0004,
0002,
0002,
0000,
fffe,
0000,
0001,
0000,
ffff,
ffff,
ffff,
0001,
0004,
0004,
0001,
fffc,
fffc,
fffe,
ffff,
ffff,
0004,
ffff,
fffe,
0000,
0004,
0005,
0006,
fffc,
fff8,
fff7,
0001,
0000,
fffd,
fffd,
00a8,
0dc9,
1d17,
fd09,
cd36,
daf1,
051e,
2b3b,
414f,
24bc,
fc05,
fb2e,
1168,
0aaa,
eac7,
daa9,
d833,
daa9,
e59b,
f3c0,
f52a,
f773,
03f6,
0fed,
14a5,
1594,
17da,
13f1,
0c51,
06b6,
0179,
f9d5,
f6e0,
f5d1,
f542,
f655,
f865,
f974,
f7b0,
f782,
f9ff,
fe98,
016a,
01f6,
02df,
058f,
08be,
0973,
0721,
02f9,
ff41,
fdda,
fdd1,
fce4,
fb25,
faa8,
facd,
fbf6,
fe10,
0036,
01a8,
025d,
027e,
0243,
0288,
02bf,
0212,
0039,
fec7,
fe76,
fead,
fe83,
fe3a,
fe26,
fe37,
fe68,
fecd,
ff38,
ffca,
00aa,
0171,
0196,
0127,
00b7,
008c,
00a3,
00af,
0061,
ff94,
fed9,
fe9a,
fee4,
ff37,
0003,
0001,
0000,
ffff,
ffff,
ffff,
ffff,
fffe,
fffe,
fffe,
fffe,
0000,
0003,
0003,
0002,
fffe,
fffc,
fffa,
fffc,
0000,
0003,
fffe,
fff9,
ffff,
0004,
0005,
0002,
ffff,
fff4,
fffe,
fff5,
000e,
ffe3,
0027,
ffbe,
089c,
1d4a,
0cc2,
d199,
cee2,
009b,
213a,
3b58,
3239,
0742,
f7ce,
0c5b,
11d8,
f186,
da50,
d730,
d8a6,
e015,
efb9,
f5d9,
f465,
ff8f,
0e3c,
15e3,
1635,
1874,
1711,
105c,
0860,
02bf,
fb99,
f5ef,
f574,
f514,
f569,
f6ab,
f91d,
f867,
f783,
f941,
fd26,
0069,
0205,
0343,
04bb,
0788,
099c,
0832,
03d1,
ffe3,
fe67,
fdf2,
fd3f,
fbd1,
fb00,
fafa,
fb91,
fd2c,
ff6d,
016f,
0216,
0227,
0201,
025b,
02c6,
028f,
00fc,
ff2f,
fe7e,
fead,
feb1,
fe64,
fe32,
fe08,
fe2e,
fea8,
ff30,
ffb1,
0080,
014b,
01a0,
014e,
00d3,
0084,
0085,
0099,
0066,
ffb6,
fefa,
fe9a,
fed3,
ff40,
ff74,
0003,
0002,
0000,
fffe,
ffff,
0000,
ffff,
fffe,
ffff,
ffff,
0000,
0002,
0005,
0003,
0000,
fffd,
fffb,
fffa,
ffff,
0002,
0003,
fff9,
fffd,
0001,
000a,
0000,
0008,
fff0,
0003,
ffed,
0012,
ffe9,
0016,
ffcc,
022e,
1532,
1e84,
eb79,
bef9,
eba2,
1b2c,
2e7e,
3a3a,
1c90,
fb10,
009a,
15a4,
02fb,
dec4,
d55c,
d75b,
db28,
e6f6,
f529,
f3bb,
f7eb,
081e,
153d,
1796,
17f6,
198c,
14c8,
0d55,
052b,
fed4,
f75b,
f496,
f4b1,
f52e,
f533,
f6e8,
f8bd,
f78b,
f86e,
fbd7,
ff15,
0140,
034e,
0485,
062d,
08bf,
0938,
05d7,
0102,
fec2,
fe68,
fdab,
fc9e,
fb63,
fb0a,
fb4c,
fc80,
fe57,
0081,
01b4,
01e2,
01da,
01f2,
027d,
02c0,
0201,
0047,
ff01,
feb7,
fed6,
fe8a,
fe5f,
fe25,
fdec,
fe2d,
fed5,
ff77,
0033,
0108,
0183,
0174,
010f,
00a8,
007a,
0086,
007e,
0006,
ff3c,
feae,
feb4,
ff41,
ff92,
ff9e,
0003,
0002,
0000,
fffe,
ffff,
0000,
ffff,
fffe,
ffff,
ffff,
0000,
0002,
0005,
0003,
0000,
fffd,
fffb,
fffa,
ffff,
0002,
0003,
fff9,
fffd,
0001,
000a,
0000,
0008,
fff0,
0003,
ffed,
0012,
ffe9,
0016,
ffcc,
022e,
1532,
1e84,
eb79,
bef9,
eba2,
1b2c,
2e7e,
3a3a,
1c90,
fb10,
009a,
15a4,
02fb,
dec4,
d55c,
d75b,
db28,
e6f6,
f529,
f3bb,
f7eb,
081e,
153d,
1796,
17f6,
198c,
14c8,
0d55,
052b,
fed4,
f75b,
f496,
f4b1,
f52e,
f533,
f6e8,
f8bd,
f78b,
f86e,
fbd7,
ff15,
0140,
034e,
0485,
062d,
08bf,
0938,
05d7,
0102,
fec2,
fe68,
fdab,
fc9e,
fb63,
fb0a,
fb4c,
fc80,
fe57,
0081,
01b4,
01e2,
01da,
01f2,
027d,
02c0,
0201,
0047,
ff01,
feb7,
fed6,
fe8a,
fe5f,
fe25,
fdec,
fe2d,
fed5,
ff77,
0033,
0108,
0183,
0174,
010f,
00a8,
007a,
0086,
007e,
0006,
ff3c,
feae,
feb4,
ff41,
ff92,
ff9e,
0002,
0001,
0000,
fffe,
ffff,
0000,
0000,
fffe,
fffe,
ffff,
0002,
0005,
0004,
0002,
fffe,
fffc,
fffa,
fffd,
0001,
0004,
ffff,
fff8,
ffff,
0007,
0006,
0003,
ffff,
fff3,
0002,
ffed,
001f,
ffcd,
0049,
ff8b,
0a88,
2149,
0c92,
c54b,
c8a5,
120c,
2b9d,
344f,
2cba,
097e,
f9bc,
0d17,
13c4,
ec80,
d2ec,
d483,
d97d,
df4e,
eed4,
f5c2,
f2bd,
ff51,
1159,
1a18,
1821,
1a5d,
188f,
11dd,
09d7,
01f8,
fa24,
f486,
f3fb,
f42f,
f4f8,
f480,
f6c5,
f76b,
f7a3,
fb2f,
fe79,
0074,
02d4,
04f6,
05d4,
079d,
0935,
0767,
02b6,
fed9,
fe64,
fe2d,
fd45,
fc04,
faf4,
fafd,
fc0b,
fddf,
ffae,
0127,
0180,
01a1,
01ac,
020c,
0288,
0286,
0158,
ffe0,
ff29,
ff17,
fec4,
fe57,
fe51,
fdff,
fdcc,
fe38,
ff05,
ffd9,
00cd,
0170,
0171,
011e,
00d4,
009a,
0091,
0086,
0033,
ff79,
fedf,
feaf,
ff15,
ffa5,
ffdb,
ffb1,
0002,
0000,
fffe,
fffe,
ffff,
ffff,
ffff,
fffe,
fffe,
0000,
0002,
0005,
0002,
0001,
fffd,
fffb,
fff9,
fffe,
0001,
0005,
fffa,
fffb,
fffe,
000e,
ffff,
000a,
ffed,
0005,
ffe9,
0011,
fff3,
0002,
fff5,
0114,
13fb,
2409,
f418,
b1fa,
e0af,
29db,
31bf,
3290,
1f47,
0131,
fce3,
14c5,
0a4b,
dd12,
ced2,
d598,
db9a,
e341,
f33d,
f3ec,
f4d6,
061f,
17e2,
1ba5,
18fb,
1bb7,
16a5,
0f26,
0794,
ffbe,
f6ac,
f39f,
f37b,
f394,
f405,
f40f,
f613,
f637,
f94c,
fdf8,
002a,
01a8,
0464,
0645,
06cd,
088c,
0893,
0528,
005e,
fde2,
fe2c,
fdb9,
fce3,
fb86,
faad,
fb15,
fd06,
ff18,
0091,
015c,
0169,
0168,
0191,
023c,
0296,
0235,
00e1,
ffc8,
ff51,
ff2b,
fe9f,
fe43,
fe27,
fdd5,
fdc0,
fe4c,
ff48,
0054,
0136,
0188,
0149,
00e9,
009f,
00a8,
00c2,
0074,
ffcb,
ff0b,
febd,
fedf,
ff7f,
ffea,
ffea,
ff9c,
0001,
ffff,
fffe,
fffe,
0001,
0000,
ffff,
fffe,
ffff,
0002,
0004,
0006,
0002,
0000,
fffb,
fffb,
fffa,
0001,
0002,
0004,
fff6,
fffc,
0003,
000f,
fffb,
000c,
ffe4,
0014,
ffd4,
0038,
ffb8,
005b,
ff5b,
0503,
1d38,
1faf,
d8a9,
ab56,
fd98,
3a3d,
3541,
2c7f,
13b2,
fc4e,
0148,
18da,
fd62,
d20b,
cce2,
d727,
dd51,
e762,
f575,
f2a4,
f933,
0d12,
1d2d,
1c2c,
1ac3,
1be2,
13d9,
0ca3,
062d,
fd6c,
f402,
f2c4,
f24b,
f249,
f2b7,
f3b7,
f4bf,
f627,
fbf9,
00e2,
0252,
0330,
05f9,
077c,
07f6,
08f8,
0700,
026a,
fe1d,
fd3d,
fdae,
fd1f,
fc27,
fb0a,
fab8,
fb8e,
fe41,
0058,
0174,
018b,
014e,
0128,
01a9,
028b,
02a2,
01dd,
0076,
ffa6,
ff48,
ff01,
fe77,
fe1e,
fde7,
fda3,
fdb6,
fe85,
ffc0,
00e6,
018d,
018f,
0120,
00ba,
0097,
00d1,
00c6,
0039,
ff5b,
feb8,
fea6,
ff21,
ffe7,
001d,
ffe7,
ff79,
0001,
ffff,
fffe,
fffe,
0001,
0000,
ffff,
fffe,
ffff,
0002,
0004,
0006,
0002,
0000,
fffb,
fffb,
fffa,
0001,
0002,
0004,
fff6,
fffc,
0003,
000f,
fffb,
000c,
ffe4,
0014,
ffd4,
0038,
ffb8,
005b,
ff5b,
0503,
1d38,
1faf,
d8a9,
ab56,
fd98,
3a3d,
3541,
2c7f,
13b2,
fc4e,
0148,
18da,
fd62,
d20b,
cce2,
d727,
dd51,
e762,
f575,
f2a4,
f933,
0d12,
1d2d,
1c2c,
1ac3,
1be2,
13d9,
0ca3,
062d,
fd6c,
f402,
f2c4,
f24b,
f249,
f2b7,
f3b7,
f4bf,
f627,
fbf9,
00e2,
0252,
0330,
05f9,
077c,
07f6,
08f8,
0700,
026a,
fe1d,
fd3d,
fdae,
fd1f,
fc27,
fb0a,
fab8,
fb8e,
fe41,
0058,
0174,
018b,
014e,
0128,
01a9,
028b,
02a2,
01dd,
0076,
ffa6,
ff48,
ff01,
fe77,
fe1e,
fde7,
fda3,
fdb6,
fe85,
ffc0,
00e6,
018d,
018f,
0120,
00ba,
0097,
00d1,
00c6,
0039,
ff5b,
feb8,
fea6,
ff21,
ffe7,
001d,
ffe7,
ff79,
0001,
ffff,
fffd,
fffe,
0000,
ffff,
fffe,
fffe,
ffff,
0001,
0006,
0006,
0002,
0000,
fffc,
fffa,
fffb,
0002,
0004,
0002,
fff5,
fffb,
0007,
000d,
fffe,
0004,
ffe6,
0013,
ffd3,
0043,
ffa3,
0081,
ff1c,
08b6,
2223,
1a02,
c7ad,
ac09,
0f65,
42ca,
3768,
2788,
0d47,
f94b,
0417,
1962,
f558,
ccfa,
cb77,
d79b,
de0c,
ea00,
f662,
f359,
fce8,
1149,
2009,
1cf9,
1bfc,
1ae9,
1245,
0b52,
055a,
fc2c,
f245,
f11d,
f0fa,
f13f,
f190,
f34c,
f48a,
f6e0,
fdae,
0388,
0499,
0434,
06cb,
088b,
08b3,
08aa,
05a0,
0040,
fc64,
fc9a,
fd2e,
fc78,
fb73,
fad9,
fafc,
fc3a,
ff31,
0157,
021d,
01b4,
0147,
011f,
01dd,
02bd,
02bf,
0196,
0010,
ff5b,
ff14,
fece,
fe37,
fde6,
fdb3,
fd83,
fdc9,
fece,
002b,
014d,
01de,
01ad,
0109,
00ac,
00af,
00dd,
009e,
fff2,
ff0d,
fe84,
fe96,
ff4d,
0011,
0033,
ffe6,
ff68,
0001,
fffe,
fffe,
0001,
0001,
ffff,
fffd,
fffe,
0001,
0003,
0006,
0006,
0003,
fffe,
fffa,
fff9,
fffc,
0003,
0006,
ffff,
fff4,
fffc,
000d,
000a,
0000,
0000,
ffec,
0010,
ffd8,
0041,
ff9e,
008e,
ff18,
0b2a,
2462,
16b5,
bf1c,
ab99,
17a0,
48e8,
3aa5,
2519,
0919,
f6d7,
04ae,
1936,
f25b,
ca78,
c8cf,
d67a,
de53,
eb73,
f7ab,
f53e,
ff43,
1371,
2234,
1e2d,
1c63,
1a8d,
11e0,
0a4d,
04d0,
fb70,
f03b,
eed7,
efd7,
f04b,
f078,
f377,
f518,
f753,
ff2d,
062f,
06c6,
04f6,
074b,
095b,
08f5,
0846,
048e,
fe84,
fac2,
fbaa,
fc7b,
fbe9,
fb09,
fab1,
fb4c,
fce3,
0000,
022e,
02ab,
01f6,
0181,
014e,
01f7,
02ea,
02ee,
0156,
ff96,
fef9,
fed3,
fe6d,
fddd,
fda8,
fd83,
fd78,
fdf1,
ff04,
006f,
01bd,
024a,
01e6,
0122,
00bf,
00a7,
00c8,
0080,
ffb4,
fec0,
fe56,
fe88,
ff46,
0013,
0043,
ffe3,
ff64,
0001,
fffd,
fffb,
fffe,
0000,
fffe,
fffd,
fffd,
ffff,
0002,
0006,
0006,
0002,
fffe,
fffb,
fff8,
fff9,
0002,
0004,
0000,
fff4,
fff9,
000b,
000a,
0001,
ffff,
ffe7,
0012,
ffd0,
004b,
ff91,
009d,
ff08,
0b98,
247f,
186a,
c011,
a503,
1436,
4e65,
4182,
26bc,
0672,
f436,
01cb,
1989,
f554,
c9c8,
c3a5,
d31b,
de41,
ec32,
fa14,
f7a4,
0022,
13cc,
2384,
1ff7,
1d82,
1b27,
11f0,
09ab,
03ae,
fa81,
ee80,
ec30,
edea,
efab,
f0aa,
f3a3,
f5d0,
f876,
003f,
0811,
0961,
0634,
06fd,
097b,
093c,
07f3,
03da,
fd6f,
f8f9,
f9c8,
fb8e,
fbc3,
fadd,
fa71,
fb7a,
fd75,
0090,
02e3,
0379,
029f,
0210,
01a3,
0215,
0305,
0310,
0129,
ff11,
fe6e,
fe4d,
fddb,
fd62,
fd68,
fd60,
fd72,
fe12,
ff28,
00ac,
0238,
02e1,
0267,
0181,
00ce,
006e,
00a4,
0072,
ff8e,
fe76,
fe15,
fe46,
ff0d,
0000,
0042,
ffed,
ff6e,
0000,
fffd,
fffd,
fffd,
ffff,
ffff,
fffd,
fffd,
ffff,
0003,
0007,
0007,
0003,
ffff,
fffa,
fffa,
fffa,
0002,
0004,
0003,
fff4,
fff9,
0008,
000f,
fffe,
0009,
ffdd,
001e,
ffc0,
005c,
ff83,
00ac,
feef,
09db,
229f,
1db0,
cb1f,
9c2b,
04b4,
4fe1,
49b0,
2cfb,
06f7,
f2a0,
fcba,
18fc,
fc35,
cbf7,
bea3,
cdf8,
dde9,
ec41,
fbd5,
f9aa,
fff5,
11d9,
234d,
232d,
1efe,
1bb4,
128f,
093f,
01d0,
fa39,
ee6e,
e9ce,
ec00,
f029,
f14f,
f371,
f73f,
f995,
ffc8,
0890,
0b92,
0770,
0609,
0904,
0962,
07ef,
0421,
fd9a,
f7c7,
f7b2,
fabc,
fbea,
fafc,
fa0e,
fb37,
fd65,
0098,
0355,
045b,
038d,
02a3,
0205,
024d,
0331,
031c,
0116,
fed2,
fde5,
fdb1,
fd5a,
fcf7,
fd23,
fd4b,
fd6b,
fe08,
ff3b,
00d7,
0281,
0364,
0312,
01e4,
00d2,
0051,
0087,
006d,
ff9d,
fe66,
fdbd,
fde9,
feca,
ffcf,
0032,
0001,
ff74,
0000,
fffd,
fffd,
fffd,
ffff,
ffff,
fffd,
fffd,
ffff,
0003,
0007,
0007,
0003,
ffff,
fffa,
fffa,
fffa,
0002,
0004,
0003,
fff4,
fff9,
0008,
000f,
fffe,
0009,
ffdd,
001e,
ffc0,
005c,
ff83,
00ac,
feef,
09db,
229f,
1db0,
cb1f,
9c2b,
04b4,
4fe1,
49b0,
2cfb,
06f7,
f2a0,
fcba,
18fc,
fc35,
cbf7,
bea3,
cdf8,
dde9,
ec41,
fbd5,
f9aa,
fff5,
11d9,
234d,
232d,
1efe,
1bb4,
128f,
093f,
01d0,
fa39,
ee6e,
e9ce,
ec00,
f029,
f14f,
f371,
f73f,
f995,
ffc8,
0890,
0b92,
0770,
0609,
0904,
0962,
07ef,
0421,
fd9a,
f7c7,
f7b2,
fabc,
fbea,
fafc,
fa0e,
fb37,
fd65,
0098,
0355,
045b,
038d,
02a3,
0205,
024d,
0331,
031c,
0116,
fed2,
fde5,
fdb1,
fd5a,
fcf7,
fd23,
fd4b,
fd6b,
fe08,
ff3b,
00d7,
0281,
0364,
0312,
01e4,
00d2,
0051,
0087,
006d,
ff9d,
fe66,
fdbd,
fde9,
feca,
ffcf,
0032,
0001,
ff74,
ffff,
fffc,
fffd,
fffe,
ffff,
0000,
fffe,
fffd,
fffe,
0003,
0006,
0008,
0004,
0000,
fff8,
fff9,
fff9,
0002,
0001,
0005,
fff4,
fffa,
0000,
0016,
fff7,
0017,
ffd1,
0029,
ffb6,
005b,
ff91,
008b,
ff25,
0611,
1dff,
23f7,
e32b,
9757,
e3ec,
4883,
534e,
3a80,
0d52,
f261,
f563,
1402,
068a,
d439,
bb08,
c536,
dc4e,
eb71,
fc1e,
fc4f,
fea0,
0e1f,
2233,
274d,
20dd,
1c84,
12f5,
08ef,
005c,
fa1f,
ef42,
e8c5,
ea85,
ef71,
f267,
f48d,
f881,
fa63,
febe,
0787,
0cb4,
093f,
0584,
0756,
08ed,
0868,
0564,
ff13,
f7ae,
f591,
f91e,
fbfc,
fb85,
f97b,
fa09,
fcaa,
0028,
036a,
0563,
04f3,
0377,
027d,
02ce,
03a9,
0344,
011b,
fe95,
fd63,
fd0b,
fcd0,
fc67,
fc9a,
fd14,
fd6c,
fdf6,
ff2d,
00e8,
02ae,
03d4,
03c3,
027d,
0116,
0052,
006e,
006f,
ffcd,
fe8d,
fd7e,
fd70,
fe3a,
ff6d,
0011,
0006,
ff6a,
ffff,
fffc,
fffb,
fffe,
fffe,
ffff,
fffd,
fffd,
fffd,
0001,
0005,
0008,
0005,
0001,
fff7,
fff7,
fff8,
0000,
0001,
0006,
fff8,
fff9,
fff9,
0018,
fff7,
0018,
ffd9,
0018,
ffd2,
0026,
ffe1,
0015,
ffe0,
0215,
1786,
2625,
fe7f,
a294,
bdfb,
32ba,
5797,
4a49,
1bf2,
f57d,
ef30,
09b0,
0e83,
e1a3,
bd60,
bc88,
d716,
e9c1,
f9ca,
fe21,
fdf0,
0ba4,
1eb2,
2933,
238c,
1cda,
1351,
09fb,
006f,
f96f,
f16f,
ea35,
e91b,
ed65,
f3f5,
f5d8,
f84e,
fb5f,
fe53,
047b,
0bc3,
0b87,
05e3,
056d,
07c9,
08c6,
06ce,
01ac,
f9c3,
f494,
f716,
fb5a,
fc0e,
f929,
f88b,
fb3f,
ff31,
02ff,
05c5,
0631,
046c,
0331,
0370,
0441,
0399,
015e,
feb3,
fd27,
fc98,
fc51,
fbd9,
fbeb,
fcb7,
fd5d,
fdef,
ff0b,
00b9,
0297,
03ed,
042a,
032a,
01b4,
008f,
004f,
0072,
fffb,
fee6,
fdad,
fd21,
fd86,
fed5,
ffd7,
ffef,
ff64,
0003,
ffff,
fffd,
fffc,
fffd,
0001,
0000,
ffff,
fffd,
fffe,
0003,
0008,
0007,
0002,
fffd,
fff8,
fff9,
fffc,
0003,
0004,
0002,
fff9,
fff8,
0009,
0009,
0005,
0002,
ffe2,
0014,
ffc5,
005b,
ff83,
00b2,
ff38,
0df3,
22a9,
1807,
c7ba,
9d0c,
024b,
4fc7,
58de,
3801,
0207,
eae8,
f8e5,
0fb5,
f50a,
c9bd,
b79d,
cb1d,
e550,
f3cd,
ff35,
0083,
08d0,
1854,
272c,
264b,
1db3,
14f3,
0b92,
020d,
f9d1,
f49e,
ec8c,
e952,
ebbb,
f2f7,
f782,
f89b,
fb1b,
fe29,
01d2,
07ca,
0c58,
084a,
042d,
0566,
081d,
08a2,
04eb,
fe26,
f680,
f4fe,
f93b,
fbd1,
f981,
f750,
f8ea,
fcc6,
01b7,
059d,
06df,
05a0,
0480,
0498,
0514,
0421,
01f6,
ff87,
fd86,
fc34,
fb84,
fb2d,
fb25,
fc0c,
fd27,
fde3,
fecb,
0058,
0210,
0391,
0473,
0400,
02a0,
013a,
006b,
0051,
0030,
ff87,
fe39,
fd2a,
fcf6,
fddf,
ff1c,
ffad,
ff6f,
0003,
ffff,
fffd,
fffc,
fffd,
0001,
0000,
ffff,
fffd,
fffe,
0003,
0008,
0007,
0002,
fffd,
fff8,
fff9,
fffc,
0003,
0004,
0002,
fff9,
fff8,
0009,
0009,
0005,
0002,
ffe2,
0014,
ffc5,
005b,
ff83,
00b2,
ff38,
0df3,
22a9,
1807,
c7ba,
9d0c,
024b,
4fc7,
58de,
3801,
0207,
eae8,
f8e5,
0fb5,
f50a,
c9bd,
b79d,
cb1d,
e550,
f3cd,
ff35,
0083,
08d0,
1854,
272c,
264b,
1db3,
14f3,
0b92,
020d,
f9d1,
f49e,
ec8c,
e952,
ebbb,
f2f7,
f782,
f89b,
fb1b,
fe29,
01d2,
07ca,
0c58,
084a,
042d,
0566,
081d,
08a2,
04eb,
fe26,
f680,
f4fe,
f93b,
fbd1,
f981,
f750,
f8ea,
fcc6,
01b7,
059d,
06df,
05a0,
0480,
0498,
0514,
0421,
01f6,
ff87,
fd86,
fc34,
fb84,
fb2d,
fb25,
fc0c,
fd27,
fde3,
fecb,
0058,
0210,
0391,
0473,
0400,
02a0,
013a,
006b,
0051,
0030,
ff87,
fe39,
fd2a,
fcf6,
fddf,
ff1c,
ffad,
ff6f,
0003,
0001,
fffe,
fffc,
fffd,
0000,
0000,
fffe,
fffd,
fffe,
0001,
0004,
0008,
0004,
0002,
fffa,
fffb,
fff6,
0001,
0004,
0009,
fff9,
fffa,
fffa,
0018,
fff5,
001a,
ffce,
0026,
ffb8,
004f,
ffaa,
0069,
ff67,
0546,
1b69,
21bc,
f204,
9fc3,
cb74,
3594,
5a58,
5204,
1b06,
ed9e,
ea9a,
06ae,
03b1,
db9d,
bd98,
bf35,
dac9,
ee0f,
fe5e,
03fc,
067d,
1296,
2095,
26aa,
2022,
172a,
0d12,
0548,
fc58,
f601,
efcb,
eb82,
eb3e,
efb2,
f7c0,
fa06,
fa18,
fc52,
0120,
0537,
091b,
0a26,
05d5,
033f,
05f6,
09bd,
07ee,
01a0,
faa4,
f621,
f6e0,
f9d4,
fa1b,
f757,
f6f3,
f9e6,
fee6,
0459,
070b,
0688,
0596,
05e2,
0617,
04e2,
02ad,
00a0,
fe81,
fc74,
faf8,
fa66,
fa8e,
fb67,
fcb9,
fdbc,
fe82,
ffa5,
0149,
030a,
0450,
0490,
0380,
01f7,
00c9,
0067,
0061,
fffb,
fee7,
fd91,
fce6,
fd2b,
fe32,
ff17,
ff4b,
0004,
0003,
0000,
fffc,
fffc,
fffd,
0000,
ffff,
fffe,
fffd,
fffe,
0002,
0007,
0006,
0003,
fffd,
fff8,
fff7,
fffa,
0003,
0006,
0002,
fff8,
fff6,
000b,
0005,
0008,
fffa,
ffe7,
000c,
ffcf,
0050,
ff8e,
00a1,
ffbd,
108d,
2145,
11f2,
c609,
a29b,
02ca,
4cf1,
5f57,
3f9d,
feb4,
e213,
f536,
09ad,
f075,
cdb0,
ba6d,
c9c2,
e746,
fa3b,
0614,
0621,
0c1a,
184b,
230d,
22ba,
19f0,
1077,
08c2,
0047,
f7d8,
f3da,
ee50,
ebb1,
ed73,
f4f0,
face,
fa73,
fa85,
fe07,
03fd,
0763,
0849,
0773,
0411,
0380,
081b,
0ab5,
05d2,
fe13,
f961,
f7ea,
f7de,
f847,
f7f3,
f68d,
f711,
fae8,
0128,
05e8,
0728,
06ea,
0715,
0708,
05e3,
040a,
01e5,
ffb8,
fd64,
fb18,
f9b1,
f9d1,
faef,
fc24,
fd2a,
fe18,
fef4,
0048,
0221,
03ee,
04bf,
042e,
02d5,
0182,
00b9,
008f,
0058,
ff98,
fe48,
fd2b,
fccf,
fd59,
fe51,
fee5,
0003,
0004,
0002,
ffff,
fffc,
fffc,
ffff,
0000,
ffff,
fffe,
fffd,
0000,
0003,
0007,
0004,
0002,
fff9,
fff9,
fff6,
0000,
0004,
0008,
fffc,
fffa,
fff6,
0015,
fff6,
001b,
ffd6,
0015,
ffd0,
0026,
ffe6,
0016,
ffe6,
036d,
18a0,
1e97,
fcef,
ae48,
bc14,
22da,
55f6,
5ec5,
2a4d,
ebc5,
e0af,
fe5a,
0462,
e561,
c602,
bbdf,
d6f8,
f258,
0337,
079f,
05c0,
0f56,
1a77,
2141,
1e6e,
1657,
0c83,
0505,
fd9e,
f75d,
f259,
ed8c,
ed43,
f078,
f7fb,
fbb3,
fa9e,
fa9c,
ff00,
05f3,
08f5,
0662,
045c,
0411,
0508,
098c,
0ab7,
03e2,
fc22,
fa36,
fa75,
f7eb,
f54a,
f5d1,
f688,
f72e,
fb93,
01c4,
05cb,
0802,
0904,
0872,
06ac,
054c,
043b,
01e7,
feb4,
fbff,
f9f3,
f92f,
fa27,
fb87,
fc79,
fd01,
fe08,
ff74,
00f5,
02a2,
0443,
04b3,
03c2,
0293,
017e,
00d9,
0097,
0051,
ff62,
fde3,
fcd4,
fcb7,
fd7e,
fe56,
0002,
0004,
0002,
0000,
fffd,
fffc,
fffe,
0000,
0000,
fffe,
fffd,
fffe,
0001,
0005,
0006,
0002,
ffff,
fff7,
fff9,
fff9,
0004,
0005,
0006,
fff9,
fffb,
0000,
0011,
fff7,
0015,
ffcd,
002b,
ffac,
006e,
ff78,
00b6,
ff3c,
0b33,
1d78,
158a,
df90,
a4d2,
e51f,
3c04,
5d06,
510d,
0dc3,
de7d,
e8e1,
0709,
f971,
d98c,
c104,
c5b5,
e647,
fc2b,
0632,
04d5,
07a4,
1230,
1b78,
20a1,
1b0f,
10ea,
0914,
03c2,
fb11,
f5a0,
f124,
edbf,
ee7a,
f3b4,
faa3,
fb71,
fa10,
fb80,
010f,
075d,
09a0,
048b,
023e,
0494,
0700,
0aee,
095f,
016c,
fb29,
fb18,
fb54,
f733,
f348,
f3c7,
f677,
f8d0,
fcab,
01d9,
06d0,
0a06,
09f3,
07f4,
0635,
0551,
03f8,
0114,
fd52,
faa3,
f98a,
f9c0,
faab,
fb9f,
fc81,
fd20,
fe61,
0008,
0199,
030a,
0454,
0480,
037d,
023c,
0139,
00dd,
00b6,
0027,
fed8,
fd69,
fca1,
fcdb,
fdc9,
0002,
0004,
0002,
0000,
fffd,
fffc,
fffe,
0000,
0000,
fffe,
fffd,
fffe,
0001,
0005,
0006,
0002,
ffff,
fff7,
fff9,
fff9,
0004,
0005,
0006,
fff9,
fffb,
0000,
0011,
fff7,
0015,
ffcd,
002b,
ffac,
006e,
ff78,
00b6,
ff3c,
0b33,
1d78,
158a,
df90,
a4d2,
e51f,
3c04,
5d06,
510d,
0dc3,
de7d,
e8e1,
0709,
f971,
d98c,
c104,
c5b5,
e647,
fc2b,
0632,
04d5,
07a4,
1230,
1b78,
20a1,
1b0f,
10ea,
0914,
03c2,
fb11,
f5a0,
f124,
edbf,
ee7a,
f3b4,
faa3,
fb71,
fa10,
fb80,
010f,
075d,
09a0,
048b,
023e,
0494,
0700,
0aee,
095f,
016c,
fb29,
fb18,
fb54,
f733,
f348,
f3c7,
f677,
f8d0,
fcab,
01d9,
06d0,
0a06,
09f3,
07f4,
0635,
0551,
03f8,
0114,
fd52,
faa3,
f98a,
f9c0,
faab,
fb9f,
fc81,
fd20,
fe61,
0008,
0199,
030a,
0454,
0480,
037d,
023c,
0139,
00dd,
00b6,
0027,
fed8,
fd69,
fca1,
fcdb,
fdc9,
ffff,
0003,
0004,
0002,
ffff,
fffc,
fffc,
fffe,
0000,
ffff,
fffe,
fffd,
fffe,
0001,
0005,
0005,
0002,
fffd,
fff8,
fff9,
fffb,
0004,
0005,
0002,
fffa,
fff9,
0006,
0006,
0001,
0003,
ffde,
0017,
ffc3,
005d,
ff85,
00a9,
fff0,
1083,
1ca0,
0aeb,
cfd5,
ae39,
fe27,
439b,
5a54,
42b3,
ff4c,
db7d,
f07d,
0766,
f3da,
d647,
c237,
d09e,
ee7b,
fe63,
0522,
02fb,
0767,
1373,
1cd1,
1de3,
1721,
0f76,
08f2,
01db,
f9ef,
f630,
f08e,
ed64,
f06b,
f6a2,
fa97,
faac,
fa8d,
fc46,
01bb,
07b5,
0969,
03e1,
013a,
0447,
088d,
0bfa,
08a2,
0061,
fb40,
fb49,
fb4b,
f76e,
f26b,
f176,
f5c4,
fa3e,
fd61,
01fb,
078c,
0a9f,
09bd,
07f9,
06bc,
0544,
0324,
0068,
fd05,
fa7e,
f9c3,
fa05,
fa9a,
fb91,
fcab,
fd79,
fe7e,
0001,
01b7,
033c,
0453,
0441,
033f,
01ee,
0117,
0105,
00cf,
fff2,
fe8d,
fd57,
fcb5,
fd01,
0000,
0001,
0003,
0004,
0003,
ffff,
fffc,
fffc,
ffff,
0001,
ffff,
ffff,
fffd,
ffff,
0001,
0006,
0004,
0002,
fffc,
fffb,
fff9,
ffff,
0005,
0006,
ffff,
fffc,
fff7,
000f,
fffa,
0012,
ffe7,
0001,
ffeb,
0001,
0018,
ffd9,
0031,
02a9,
1653,
17d7,
fc2f,
c154,
c263,
18a6,
479a,
5413,
2f67,
f053,
dc54,
fb54,
0782,
ebee,
d182,
c6d3,
dbfe,
f42e,
ffd3,
030a,
011e,
0af8,
165d,
1b46,
1b12,
158b,
0d5a,
06d9,
0018,
f9be,
f533,
eea6,
eeb4,
f388,
f814,
fa27,
fae7,
fb02,
fd81,
032c,
07c3,
07ba,
03a5,
01af,
044d,
0ab6,
0c69,
062b,
feb5,
fb78,
faf6,
fa1c,
f712,
f230,
f0e9,
f603,
fbb5,
ff43,
035a,
07d4,
09f1,
0960,
0811,
066e,
0492,
0245,
ff99,
fcac,
faaf,
f9e3,
fa08,
fae2,
fc12,
fcf8,
fda8,
fead,
0043,
020b,
037c,
0437,
03cf,
02bf,
0195,
010c,
00fc,
00c4,
ffcc,
fe4e,
fd21,
fcdc,
0001,
ffff,
0001,
0004,
0003,
0002,
ffff,
fffc,
fffe,
ffff,
0000,
fffe,
fffe,
fffe,
0000,
0002,
0006,
0003,
0002,
fffb,
fffb,
fff9,
0001,
0004,
0005,
fffc,
fffd,
fff8,
0011,
fff6,
0018,
ffdc,
0013,
ffd9,
0022,
ffe9,
0011,
ffed,
04b6,
1711,
1226,
f54a,
c272,
d21d,
1f4c,
4218,
4c35,
25a4,
eaec,
e1a7,
0321,
051c,
e9d0,
d2ac,
cc3f,
e20d,
f4ea,
fdea,
00de,
0231,
0c0a,
14a3,
19df,
1a48,
1380,
0bed,
06f1,
ffe6,
f9a5,
f4b3,
eee6,
f080,
f559,
f84a,
f9e0,
fb30,
fba4,
fdf8,
02ee,
0727,
066d,
03d8,
0346,
0516,
0aaa,
0b41,
04af,
fe7a,
fbaf,
fa69,
f901,
f6d9,
f386,
f237,
f635,
fbfd,
003c,
03f6,
077b,
08cb,
085d,
0796,
0624,
044c,
0208,
ff57,
fca9,
fb04,
fa77,
faa9,
fb30,
fc25,
fd11,
fdc8,
fecf,
0060,
01f5,
0325,
03c7,
036e,
027f,
0165,
00f9,
0113,
00d8,
ffc9,
fe47,
fd51,
0001,
ffff,
0001,
0004,
0003,
0002,
ffff,
fffc,
fffe,
ffff,
0000,
fffe,
fffe,
fffe,
0000,
0002,
0006,
0003,
0002,
fffb,
fffb,
fff9,
0001,
0004,
0005,
fffc,
fffd,
fff8,
0011,
fff6,
0018,
ffdc,
0013,
ffd9,
0022,
ffe9,
0011,
ffed,
04b6,
1711,
1226,
f54a,
c272,
d21d,
1f4c,
4218,
4c35,
25a4,
eaec,
e1a7,
0321,
051c,
e9d0,
d2ac,
cc3f,
e20d,
f4ea,
fdea,
00de,
0231,
0c0a,
14a3,
19df,
1a48,
1380,
0bed,
06f1,
ffe6,
f9a5,
f4b3,
eee6,
f080,
f559,
f84a,
f9e0,
fb30,
fba4,
fdf8,
02ee,
0727,
066d,
03d8,
0346,
0516,
0aaa,
0b41,
04af,
fe7a,
fbaf,
fa69,
f901,
f6d9,
f386,
f237,
f635,
fbfd,
003c,
03f6,
077b,
08cb,
085d,
0796,
0624,
044c,
0208,
ff57,
fca9,
fb04,
fa77,
faa9,
fb30,
fc25,
fd11,
fdc8,
fecf,
0060,
01f5,
0325,
03c7,
036e,
027f,
0165,
00f9,
0113,
00d8,
ffc9,
fe47,
fd51,
0003,
0001,
0000,
0001,
0003,
0003,
0001,
fffe,
fffc,
fffd,
ffff,
ffff,
fffe,
fffe,
fffe,
0000,
0003,
0005,
0002,
0000,
fffb,
fffc,
fffa,
0002,
0003,
0005,
fffb,
fffc,
fffc,
000e,
fff6,
0016,
ffd4,
0025,
ffbf,
004b,
ffa6,
006e,
ffa3,
0897,
167d,
0b4f,
ec5f,
c3c3,
e6b2,
25aa,
3f36,
42e0,
1540,
e7b1,
ecbc,
0871,
ffd9,
e5ca,
d252,
d37b,
e7ff,
f4f2,
fdd8,
0110,
02d2,
0ca3,
1515,
1960,
1776,
1111,
0b3b,
05c5,
fe5a,
f9cd,
f409,
ef02,
f314,
f6f9,
f83b,
f9fb,
fba2,
fbff,
fe97,
03d6,
06c7,
0520,
03de,
04b9,
06c0,
09b7,
08a3,
02e0,
fdf9,
fb8b,
f9c9,
f830,
f68e,
f502,
f4d9,
f78a,
fc21,
013b,
050e,
071a,
075c,
0724,
06b3,
0587,
03c2,
016e,
fed0,
fcab,
fb8f,
fb1f,
fb46,
fba1,
fc5e,
fd3c,
fe20,
ff23,
0073,
01d0,
02ff,
0365,
02ef,
0220,
0160,
0120,
0107,
00a3,
ff90,
fe5a,
0003,
0003,
0000,
fffe,
fffd,
ffff,
0001,
0001,
0000,
0000,
0000,
0002,
0004,
0004,
0003,
0000,
fffb,
fffb,
fffb,
0001,
0001,
0002,
fffc,
fffa,
0005,
0007,
0005,
0004,
ffeb,
0014,
ffd2,
0041,
ffa4,
007d,
0005,
0abb,
11d3,
0b6a,
e6eb,
c31d,
f4ca,
2c66,
428d,
31dc,
00e2,
eb57,
fb8f,
0a90,
fa46,
e590,
d4a4,
da85,
edfd,
f787,
fc38,
fd65,
0345,
0b80,
1351,
17b9,
1412,
0e09,
0a63,
05b9,
fe54,
f9e1,
f6b2,
f4f9,
f36f,
f490,
f861,
f97c,
fa6e,
fd67,
0122,
0361,
05aa,
0655,
056e,
039f,
02cf,
04d8,
0564,
0269,
ff25,
fe2c,
fd89,
fc8a,
fb20,
f929,
f796,
f724,
f976,
fd80,
0084,
0240,
0397,
0480,
04f1,
0572,
04ec,
0375,
01c7,
fffa,
fe0e,
fcb5,
fc34,
fc0a,
fc2f,
fcc1,
fd96,
fe26,
ff10,
0060,
0170,
01c1,
01b2,
0188,
016c,
01a1,
01da,
01aa,
00d9,
fff2,
ff40,
feeb,
feed,
fedf,
fffe,
0001,
0004,
0004,
0001,
fffe,
fffd,
ffff,
0001,
0001,
0001,
0000,
0001,
0001,
0003,
0002,
0003,
fffe,
fffd,
fffa,
fffe,
0000,
0004,
0000,
ffff,
fffd,
000c,
fffe,
0012,
ffe7,
0015,
ffd4,
0029,
ffcc,
0045,
ffc4,
04a9,
0e9f,
0d87,
fac0,
cf1d,
d7d3,
0e75,
362a,
429f,
1e42,
f66c,
f0d0,
01e3,
03ed,
f668,
e30a,
d886,
e35e,
ef48,
f90b,
fd12,
fdb4,
0423,
0cf5,
1322,
13e0,
10d2,
0ca5,
0b10,
0588,
fea3,
f966,
f4ec,
f303,
f3a5,
f7a1,
f9bf,
faa7,
fbcd,
fe40,
00f6,
03d5,
05cd,
052d,
03b4,
022b,
0355,
0613,
05dd,
01e4,
fe64,
fd43,
fc6d,
fbf5,
fafa,
f8c6,
f721,
f859,
fc5e,
ffa5,
0124,
0278,
040e,
0485,
0421,
03dd,
037b,
0266,
00fb,
ff78,
fdc4,
fcb9,
fc7f,
fc89,
fca8,
fd4e,
fe16,
fe9f,
ff47,
0062,
016b,
01e0,
01f2,
01ae,
0177,
0186,
01b3,
0182,
00a0,
ff9d,
feda,
fe84,
fffe,
0001,
0004,
0004,
0001,
fffe,
fffd,
ffff,
0001,
0001,
0001,
0000,
0001,
0001,
0003,
0002,
0003,
fffe,
fffd,
fffa,
fffe,
0000,
0004,
0000,
ffff,
fffd,
000c,
fffe,
0012,
ffe7,
0015,
ffd4,
0029,
ffcc,
0045,
ffc4,
04a9,
0e9f,
0d87,
fac0,
cf1d,
d7d3,
0e75,
362a,
429f,
1e42,
f66c,
f0d0,
01e3,
03ed,
f668,
e30a,
d886,
e35e,
ef48,
f90b,
fd12,
fdb4,
0423,
0cf5,
1322,
13e0,
10d2,
0ca5,
0b10,
0588,
fea3,
f966,
f4ec,
f303,
f3a5,
f7a1,
f9bf,
faa7,
fbcd,
fe40,
00f6,
03d5,
05cd,
052d,
03b4,
022b,
0355,
0613,
05dd,
01e4,
fe64,
fd43,
fc6d,
fbf5,
fafa,
f8c6,
f721,
f859,
fc5e,
ffa5,
0124,
0278,
040e,
0485,
0421,
03dd,
037b,
0266,
00fb,
ff78,
fdc4,
fcb9,
fc7f,
fc89,
fca8,
fd4e,
fe16,
fe9f,
ff47,
0062,
016b,
01e0,
01f2,
01ae,
0177,
0186,
01b3,
0182,
00a0,
ff9d,
feda,
fe84,
ffff,
ffff,
0001,
0002,
0003,
0001,
fffe,
fffd,
fffe,
ffff,
0001,
0001,
0000,
0000,
0000,
0002,
0002,
0002,
fffe,
fffd,
fffb,
fffe,
ffff,
0003,
ffff,
fffe,
fffe,
0009,
fffe,
000e,
ffed,
0010,
ffdb,
0021,
ffd5,
003e,
ffcd,
046e,
0c95,
0bec,
fb24,
d641,
dd43,
0a34,
2df0,
3993,
1c7d,
fb87,
f5c0,
02bf,
0350,
f761,
e6e1,
dd70,
e4c3,
ef1d,
f88d,
fc19,
fce0,
0349,
0b4b,
1051,
11a8,
0fa3,
0c64,
0b0d,
05ef,
ff78,
fac6,
f6e4,
f472,
f4e3,
f856,
fa0a,
faa6,
fb56,
fd5d,
0029,
02fb,
046d,
03ea,
02f7,
025e,
03e3,
065a,
05f7,
023d,
fea6,
fd2a,
fd02,
fc71,
fabd,
f8c8,
f7fb,
f971,
fcd8,
ffe6,
0126,
01af,
02e6,
0407,
040a,
0329,
0262,
01cf,
00e1,
ffc2,
fe7b,
fd57,
fcc0,
fcd5,
fd2e,
fd78,
fdf1,
feb7,
ff7a,
0049,
0125,
01cf,
01e9,
019f,
0173,
0169,
017c,
0150,
00a5,
ffa1,
fee2,
ffff,
ffff,
0001,
0002,
0003,
0001,
fffe,
fffd,
fffe,
ffff,
0001,
0001,
0000,
0000,
0000,
0002,
0002,
0002,
fffe,
fffd,
fffb,
fffe,
ffff,
0003,
ffff,
fffe,
fffe,
0009,
fffe,
000e,
ffed,
0010,
ffdb,
0021,
ffd5,
003e,
ffcd,
046e,
0c95,
0bec,
fb24,
d641,
dd43,
0a34,
2df0,
3993,
1c7d,
fb87,
f5c0,
02bf,
0350,
f761,
e6e1,
dd70,
e4c3,
ef1d,
f88d,
fc19,
fce0,
0349,
0b4b,
1051,
11a8,
0fa3,
0c64,
0b0d,
05ef,
ff78,
fac6,
f6e4,
f472,
f4e3,
f856,
fa0a,
faa6,
fb56,
fd5d,
0029,
02fb,
046d,
03ea,
02f7,
025e,
03e3,
065a,
05f7,
023d,
fea6,
fd2a,
fd02,
fc71,
fabd,
f8c8,
f7fb,
f971,
fcd8,
ffe6,
0126,
01af,
02e6,
0407,
040a,
0329,
0262,
01cf,
00e1,
ffc2,
fe7b,
fd57,
fcc0,
fcd5,
fd2e,
fd78,
fdf1,
feb7,
ff7a,
0049,
0125,
01cf,
01e9,
019f,
0173,
0169,
017c,
0150,
00a5,
ffa1,
fee2,
0001,
ffff,
ffff,
0000,
0002,
0002,
0001,
ffff,
fffd,
fffd,
ffff,
0000,
0000,
0000,
ffff,
ffff,
0001,
0001,
0001,
fffe,
fffd,
fffb,
fffd,
fffe,
0001,
ffff,
fffe,
fffe,
0006,
fffe,
000a,
fff0,
000a,
ffe1,
001b,
ffdf,
0030,
ffda,
03de,
0ab4,
0abd,
fc9c,
dced,
e0a3,
0599,
25cf,
3238,
1c25,
0037,
f9bb,
02f0,
02c4,
f8f7,
eaea,
e18c,
e649,
ef5b,
f7da,
fb12,
fc54,
0248,
0932,
0dcc,
0fc1,
0ea5,
0bb1,
0a63,
0699,
012e,
fcc0,
f8bd,
f5e8,
f5c8,
f861,
f9d1,
fa32,
faad,
fcb7,
ff89,
018d,
02ed,
03b5,
034f,
02d4,
0453,
0666,
05c2,
028c,
ff61,
fd54,
fca5,
fc23,
fab8,
f93a,
f8fc,
fa60,
fcf8,
ff8f,
011a,
01a3,
024b,
035c,
03ad,
02f3,
01f3,
0137,
00ae,
ffd6,
febc,
fdb7,
fcf1,
fcdc,
fd67,
fdf2,
fe42,
fec8,
ffa9,
008a,
0130,
01a6,
01c0,
0183,
0149,
013c,
0149,
0119,
0072,
ff8b,
0002,
0001,
0000,
ffff,
0000,
0002,
0002,
0001,
0000,
fffe,
fffe,
ffff,
ffff,
0000,
ffff,
ffff,
0000,
0000,
0001,
0001,
ffff,
fffe,
fffc,
fffe,
ffff,
0001,
ffff,
fffe,
0000,
0005,
ffff,
0008,
fff3,
0008,
ffe8,
0015,
ffe8,
0021,
ffe7,
0349,
0917,
09cd,
fe38,
e288,
e315,
01a0,
1efe,
2c46,
1b96,
03da,
fcda,
02da,
028a,
faa3,
ee7f,
e549,
e826,
efd9,
f72c,
fa62,
fbfb,
0131,
0745,
0b93,
0d8a,
0d07,
0b39,
0aab,
07b4,
02bc,
fe67,
fa66,
f6c2,
f5b5,
f80e,
f979,
f9d5,
fa61,
fbfc,
fe4e,
00d4,
031f,
03f9,
03b8,
035c,
0448,
0626,
05de,
028f,
ff0b,
fd2f,
fc99,
fbd5,
fa9e,
fa09,
fa28,
fade,
fcda,
ff6e,
0126,
01ac,
0201,
02d4,
0357,
02e5,
01da,
00b1,
0022,
ffba,
feca,
fdc8,
fd21,
fd1e,
fda4,
fe4e,
fec3,
ff2e,
ffd4,
009b,
013e,
0185,
0188,
015c,
0130,
0119,
00f5,
00af,
001f,
0002,
0001,
0000,
ffff,
0000,
0002,
0002,
0001,
0000,
fffe,
fffe,
ffff,
ffff,
0000,
ffff,
ffff,
0000,
0000,
0001,
0001,
ffff,
fffe,
fffc,
fffe,
ffff,
0001,
ffff,
fffe,
0000,
0005,
ffff,
0008,
fff3,
0008,
ffe8,
0015,
ffe8,
0021,
ffe7,
0349,
0917,
09cd,
fe38,
e288,
e315,
01a0,
1efe,
2c46,
1b96,
03da,
fcda,
02da,
028a,
faa3,
ee7f,
e549,
e826,
efd9,
f72c,
fa62,
fbfb,
0131,
0745,
0b93,
0d8a,
0d07,
0b39,
0aab,
07b4,
02bc,
fe67,
fa66,
f6c2,
f5b5,
f80e,
f979,
f9d5,
fa61,
fbfc,
fe4e,
00d4,
031f,
03f9,
03b8,
035c,
0448,
0626,
05de,
028f,
ff0b,
fd2f,
fc99,
fbd5,
fa9e,
fa09,
fa28,
fade,
fcda,
ff6e,
0126,
01ac,
0201,
02d4,
0357,
02e5,
01da,
00b1,
0022,
ffba,
feca,
fdc8,
fd21,
fd1e,
fda4,
fe4e,
fec3,
ff2e,
ffd4,
009b,
013e,
0185,
0188,
015c,
0130,
0119,
00f5,
00af,
001f,
0001,
0001,
0001,
ffff,
ffff,
0000,
0001,
0002,
0002,
ffff,
fffe,
fffd,
fffe,
ffff,
ffff,
ffff,
ffff,
ffff,
0000,
0000,
0000,
ffff,
fffe,
fffc,
fffd,
fffe,
0001,
ffff,
fffe,
ffff,
0003,
ffff,
0007,
fff5,
0007,
ffec,
0010,
ffea,
001a,
fff0,
02c2,
07c3,
0903,
ff9f,
e6f2,
e502,
fea8,
19b5,
2745,
1a8d,
0682,
ff2b,
02db,
02a1,
fc1d,
f16d,
e8a0,
ea39,
f062,
f6ca,
fa18,
fbd0,
001b,
04ed,
0922,
0c13,
0c9b,
0b46,
0ac4,
0854,
03b3,
ff3c,
fb0b,
f6e6,
f57e,
f7e3,
f985,
f973,
f99b,
fbfa,
fea8,
00eb,
0354,
04a2,
042f,
0318,
0425,
05fa,
04e6,
017e,
feee,
fd79,
fc4c,
fb91,
fb42,
faf9,
faad,
fb52,
fd3a,
ff60,
00ef,
01bb,
021b,
02a1,
02f8,
0281,
0187,
0083,
ffbb,
ff2e,
fea2,
fe0a,
fd82,
fd51,
fdce,
feb7,
ff5b,
ffa2,
ffea,
0083,
0134,
018e,
0184,
0138,
00e8,
00b3,
0082,
003e,
fffe,
0000,
0002,
0001,
0001,
0000,
0000,
0001,
0002,
0002,
0000,
fffe,
fffe,
ffff,
0000,
0000,
ffff,
ffff,
0000,
0000,
0001,
0001,
ffff,
ffff,
fffd,
ffff,
ffff,
0001,
0001,
ffff,
0000,
0003,
0000,
0006,
fff9,
0008,
fff0,
000e,
ffeb,
0019,
fff6,
026c,
06cb,
085f,
0066,
e9eb,
e6be,
fd2b,
1641,
231e,
18f5,
0802,
00d6,
0303,
02c3,
fd20,
f39a,
ebad,
ec5d,
f12d,
f6f5,
fa0c,
faff,
fe7e,
03c1,
0880,
0b65,
0bec,
0acd,
0a46,
07f0,
0397,
ff5e,
fb3e,
f6f2,
f5cb,
f810,
f914,
f985,
fae8,
fcc3,
fe80,
0188,
0447,
04ac,
03e5,
02d3,
032a,
048c,
040f,
0118,
fe7d,
fd6f,
fca2,
fc05,
fbde,
fb90,
fb4a,
fbe5,
fd95,
ff69,
00ea,
01e8,
022d,
024b,
026b,
0213,
012d,
0036,
ff61,
fee3,
fe9d,
fe23,
fdbd,
fdc7,
fe52,
ff0b,
ff94,
ffeb,
002b,
009c,
012e,
018a,
0168,
00e3,
0073,
0037,
000b,
fffe,
0000,
0002,
0001,
0001,
0000,
0000,
0001,
0002,
0002,
0000,
fffe,
fffe,
ffff,
0000,
0000,
ffff,
ffff,
0000,
0000,
0001,
0001,
ffff,
ffff,
fffd,
ffff,
ffff,
0001,
0001,
ffff,
0000,
0003,
0000,
0006,
fff9,
0008,
fff0,
000e,
ffeb,
0019,
fff6,
026c,
06cb,
085f,
0066,
e9eb,
e6be,
fd2b,
1641,
231e,
18f5,
0802,
00d6,
0303,
02c3,
fd20,
f39a,
ebad,
ec5d,
f12d,
f6f5,
fa0c,
faff,
fe7e,
03c1,
0880,
0b65,
0bec,
0acd,
0a46,
07f0,
0397,
ff5e,
fb3e,
f6f2,
f5cb,
f810,
f914,
f985,
fae8,
fcc3,
fe80,
0188,
0447,
04ac,
03e5,
02d3,
032a,
048c,
040f,
0118,
fe7d,
fd6f,
fca2,
fc05,
fbde,
fb90,
fb4a,
fbe5,
fd95,
ff69,
00ea,
01e8,
022d,
024b,
026b,
0213,
012d,
0036,
ff61,
fee3,
fe9d,
fe23,
fdbd,
fdc7,
fe52,
ff0b,
ff94,
ffeb,
002b,
009c,
012e,
018a,
0168,
00e3,
0073,
0037,
000b,
fffe,
0000,
0001,
0002,
0002,
0001,
0000,
0000,
0001,
0002,
0002,
0000,
fffe,
fffe,
ffff,
0000,
0000,
ffff,
0000,
0000,
0001,
0001,
0001,
0000,
ffff,
fffe,
fffe,
ffff,
0001,
0001,
0000,
ffff,
0002,
0000,
0004,
fffb,
0008,
fff1,
000b,
ffee,
0018,
fffd,
0257,
0631,
07db,
0025,
eb34,
e8a1,
fd9e,
14d4,
1fa6,
1692,
0853,
01e6,
033c,
02fa,
fdc0,
f4fe,
ee38,
ee97,
f223,
f6d0,
f9b3,
fb0f,
fe97,
03a3,
07eb,
0a2c,
0a8c,
0985,
08dd,
06f5,
0341,
ff3c,
fb42,
f76b,
f617,
f880,
fa96,
fb04,
fb76,
fcc4,
ff80,
0292,
043b,
0427,
0298,
0145,
0259,
0424,
0325,
0039,
fe84,
fdf5,
fd22,
fca0,
fc89,
fbf5,
fba5,
fc93,
fe37,
ff9f,
00e0,
01cb,
01fd,
01df,
01e7,
0194,
00ac,
ffed,
ff5a,
fec6,
fe63,
fe52,
fe5b,
fe52,
fe9a,
ff3e,
ffd3,
002d,
0077,
00c8,
0109,
0130,
0101,
007f,
fffb,
ffb7,
fffe,
fffe,
0000,
0001,
0002,
0002,
0001,
0000,
0001,
0001,
0002,
0001,
ffff,
ffff,
ffff,
ffff,
0000,
ffff,
ffff,
0000,
ffff,
0000,
0001,
0001,
0000,
ffff,
fffd,
fffe,
0000,
0000,
0001,
ffff,
ffff,
0001,
0001,
0002,
fffe,
0006,
fff2,
0007,
fff2,
001a,
000e,
029a,
0601,
0775,
fe3d,
ea8c,
eb53,
009f,
158e,
1c9f,
134c,
074f,
025b,
03c1,
0349,
fdd2,
f568,
eff2,
f00c,
f32e,
f817,
fac3,
fbaa,
fe7c,
0344,
06ef,
084f,
0883,
07ff,
07a6,
05ec,
02df,
ff36,
fac0,
f7f7,
f8a8,
faaa,
fb4c,
fb53,
fc0c,
fd7f,
006d,
02fd,
02f9,
01b8,
0136,
0171,
0241,
0322,
0230,
0025,
fefd,
fe7f,
fdbf,
fd1d,
fca4,
fc23,
fc64,
fd84,
feb2,
ffa7,
00ba,
0183,
01a2,
017a,
0155,
00f6,
005a,
ffc1,
ff3c,
fedc,
feaf,
fea8,
feac,
febe,
ff00,
ff80,
0007,
0064,
0095,
00a2,
00a9,
00b1,
007e,
0009,
ff9d,
fffe,
fffe,
0000,
0001,
0002,
0002,
0001,
0000,
0001,
0001,
0002,
0001,
ffff,
ffff,
ffff,
ffff,
0000,
ffff,
ffff,
0000,
ffff,
0000,
0001,
0001,
0000,
ffff,
fffd,
fffe,
0000,
0000,
0001,
ffff,
ffff,
0001,
0001,
0002,
fffe,
0006,
fff2,
0007,
fff2,
001a,
000e,
029a,
0601,
0775,
fe3d,
ea8c,
eb53,
009f,
158e,
1c9f,
134c,
074f,
025b,
03c1,
0349,
fdd2,
f568,
eff2,
f00c,
f32e,
f817,
fac3,
fbaa,
fe7c,
0344,
06ef,
084f,
0883,
07ff,
07a6,
05ec,
02df,
ff36,
fac0,
f7f7,
f8a8,
faaa,
fb4c,
fb53,
fc0c,
fd7f,
006d,
02fd,
02f9,
01b8,
0136,
0171,
0241,
0322,
0230,
0025,
fefd,
fe7f,
fdbf,
fd1d,
fca4,
fc23,
fc64,
fd84,
feb2,
ffa7,
00ba,
0183,
01a2,
017a,
0155,
00f6,
005a,
ffc1,
ff3c,
fedc,
feaf,
fea8,
feac,
febe,
ff00,
ff80,
0007,
0064,
0095,
00a2,
00a9,
00b1,
007e,
0009,
ff9d,
fffe,
fffd,
fffe,
ffff,
0000,
0001,
0000,
ffff,
ffff,
0000,
0001,
0001,
0001,
ffff,
ffff,
ffff,
ffff,
0000,
0000,
ffff,
ffff,
0000,
0001,
0001,
0000,
0000,
fffe,
fffe,
ffff,
0000,
0000,
0000,
fffe,
0001,
ffff,
0002,
ffff,
0003,
fffe,
fff6,
0002,
0003,
000b,
004e,
0345,
0651,
06b5,
f9a8,
e8b5,
f02c,
06af,
17aa,
1907,
0ef0,
0559,
02ee,
04bc,
0340,
fca1,
f450,
f137,
f28f,
f5aa,
f987,
fb14,
fb8b,
fe04,
02b1,
05b3,
0680,
06ec,
071a,
06b8,
0577,
023b,
fe2e,
fc0a,
fb14,
fa95,
facd,
fba1,
fbf5,
fc4e,
fe4f,
007a,
00f2,
00ea,
014c,
016a,
0185,
0216,
0268,
01b4,
00ae,
ffcf,
fe93,
fd95,
fd2c,
fce7,
fcb9,
fd31,
fe20,
fedb,
ff96,
0085,
0146,
0142,
00f8,
00ce,
007d,
0007,
ffcf,
ffb1,
ff29,
febe,
feda,
ff16,
ff30,
ff5f,
ffba,
0009,
0042,
0060,
004f,
002f,
0021,
000d,
ffda,
fffe,
fffd,
fffe,
ffff,
0000,
0001,
0000,
ffff,
ffff,
0000,
0001,
0001,
0001,
ffff,
ffff,
ffff,
ffff,
0000,
0000,
ffff,
ffff,
0000,
0001,
0001,
0000,
0000,
fffe,
fffe,
ffff,
0000,
0000,
0000,
fffe,
0001,
ffff,
0002,
ffff,
0003,
fffe,
fff6,
0002,
0003,
000b,
004e,
0345,
0651,
06b5,
f9a8,
e8b5,
f02c,
06af,
17aa,
1907,
0ef0,
0559,
02ee,
04bc,
0340,
fca1,
f450,
f137,
f28f,
f5aa,
f987,
fb14,
fb8b,
fe04,
02b1,
05b3,
0680,
06ec,
071a,
06b8,
0577,
023b,
fe2e,
fc0a,
fb14,
fa95,
facd,
fba1,
fbf5,
fc4e,
fe4f,
007a,
00f2,
00ea,
014c,
016a,
0185,
0216,
0268,
01b4,
00ae,
ffcf,
fe93,
fd95,
fd2c,
fce7,
fcb9,
fd31,
fe20,
fedb,
ff96,
0085,
0146,
0142,
00f8,
00ce,
007d,
0007,
ffcf,
ffb1,
ff29,
febe,
feda,
ff16,
ff30,
ff5f,
ffba,
0009,
0042,
0060,
004f,
002f,
0021,
000d,
ffda,
ffff,
ffff,
ffff,
fffe,
0001,
0002,
0002,
0001,
0000,
0000,
0001,
0003,
0003,
0001,
0000,
ffff,
ffff,
0000,
0000,
ffff,
0000,
0000,
0000,
0000,
0002,
0001,
0000,
ffff,
ffff,
0000,
0001,
0001,
0000,
ffff,
0003,
ffff,
0004,
fffd,
0008,
fff4,
0004,
0001,
0017,
ffe6,
012a,
0478,
0729,
0376,
f13b,
e8e3,
f9d4,
0f3d,
18ac,
13d1,
09f5,
0393,
044c,
0555,
016c,
fa3a,
f412,
f312,
f466,
f776,
fa1e,
fa88,
fb05,
fe04,
02b6,
0516,
0595,
063f,
0741,
0617,
03d1,
027a,
0004,
fd0e,
fb9a,
fb39,
fb08,
fb92,
fc68,
fc53,
fcda,
feef,
00df,
0144,
0139,
0185,
01f4,
0230,
0234,
0226,
0127,
ff39,
fdc3,
fd8f,
fd8c,
fd39,
fd2a,
fdb6,
fe51,
fee3,
ffb4,
0080,
00f3,
00d7,
0090,
0047,
0050,
0073,
0046,
ffb8,
ff14,
fefd,
ff3c,
ff70,
ff7f,
ff85,
ff97,
ffbf,
0004,
0001,
ffcd,
ffca,
ffff,
001b,
0000,
fffe,
fffe,
fffe,
ffff,
0000,
0001,
0001,
ffff,
ffff,
0000,
0001,
0002,
0001,
0000,
ffff,
ffff,
0000,
0000,
ffff,
ffff,
0000,
0000,
0000,
0000,
0000,
0000,
ffff,
ffff,
ffff,
0000,
0001,
0000,
fffe,
0002,
0000,
0002,
fffd,
0001,
fffe,
fffd,
000a,
000c,
fff5,
0045,
032d,
0656,
0677,
f8c2,
e8f3,
f240,
086f,
1610,
15a3,
0d56,
057c,
037d,
05c8,
042f,
fe1f,
f74c,
f397,
f386,
f5bd,
f8eb,
f9dd,
f992,
fbac,
003b,
03b9,
0503,
0624,
06d2,
05b0,
05bc,
05af,
0277,
fe62,
fc82,
fbcf,
fae5,
fb7e,
fbd0,
fa44,
fa40,
fdae,
00a6,
013f,
0154,
018c,
0203,
02d3,
031f,
0269,
0153,
ffec,
fe64,
fd8a,
fd99,
fdad,
fd5b,
fd56,
fdf3,
fea3,
ff28,
ffea,
0083,
0096,
0067,
0065,
009f,
00bc,
009a,
0018,
ff86,
ff51,
ff6e,
ff7e,
ff6f,
ff5c,
ff44,
ff4d,
ff7a,
ff90,
ff8d,
ffba,
0016,
0047,
0000,
fffe,
fffe,
fffe,
ffff,
0000,
0001,
0001,
ffff,
ffff,
0000,
0001,
0002,
0001,
0000,
ffff,
ffff,
0000,
0000,
ffff,
ffff,
0000,
0000,
0000,
0000,
0000,
0000,
ffff,
ffff,
ffff,
0000,
0001,
0000,
fffe,
0002,
0000,
0002,
fffd,
0001,
fffe,
fffd,
000a,
000c,
fff5,
0045,
032d,
0656,
0677,
f8c2,
e8f3,
f240,
086f,
1610,
15a3,
0d56,
057c,
037d,
05c8,
042f,
fe1f,
f74c,
f397,
f386,
f5bd,
f8eb,
f9dd,
f992,
fbac,
003b,
03b9,
0503,
0624,
06d2,
05b0,
05bc,
05af,
0277,
fe62,
fc82,
fbcf,
fae5,
fb7e,
fbd0,
fa44,
fa40,
fdae,
00a6,
013f,
0154,
018c,
0203,
02d3,
031f,
0269,
0153,
ffec,
fe64,
fd8a,
fd99,
fdad,
fd5b,
fd56,
fdf3,
fea3,
ff28,
ffea,
0083,
0096,
0067,
0065,
009f,
00bc,
009a,
0018,
ff86,
ff51,
ff6e,
ff7e,
ff6f,
ff5c,
ff44,
ff4d,
ff7a,
ff90,
ff8d,
ffba,
0016,
0047,
0000,
fffe,
fffe,
ffff,
0000,
0001,
0001,
0001,
0001,
0000,
0001,
0002,
0002,
0002,
0001,
0000,
ffff,
0000,
0000,
0000,
0000,
0000,
ffff,
0000,
0001,
0001,
0000,
ffff,
ffff,
0000,
0000,
0001,
0001,
ffff,
0002,
0001,
0003,
fffe,
fffe,
ffff,
0000,
0011,
0005,
fffd,
0010,
02b4,
0622,
0715,
fb1f,
e9d4,
efef,
05cc,
147f,
15ee,
0f13,
06f6,
03ed,
05b9,
049b,
ff15,
f833,
f422,
f315,
f47c,
f7a2,
f927,
f964,
fb35,
ffe9,
0365,
04f3,
0625,
05c9,
0677,
07ea,
066e,
02d6,
ff57,
fca6,
fb61,
fbe8,
fbb4,
f9c1,
f86f,
fa14,
fd75,
ffdf,
0120,
0198,
01f5,
028f,
0397,
03f2,
02a4,
00ca,
ffeb,
ff0a,
fdab,
fd40,
fd78,
fd7c,
fd56,
fdbc,
fe66,
fef7,
ffb2,
003e,
0053,
0067,
00d0,
00f3,
00ca,
009f,
0048,
ffeb,
ffc1,
ffae,
ff6d,
ff1e,
ff02,
ff04,
ff01,
ff01,
ff24,
ff7e,
ffee,
0045,
0071,
0000,
fffe,
fffe,
ffff,
0000,
0001,
0001,
0001,
0001,
0000,
0001,
0002,
0002,
0002,
0001,
0000,
ffff,
0000,
0000,
0000,
0000,
0000,
ffff,
0000,
0001,
0001,
0000,
ffff,
ffff,
0000,
0000,
0001,
0001,
ffff,
0002,
0001,
0003,
fffe,
fffe,
ffff,
0000,
0011,
0005,
fffd,
0010,
02b4,
0622,
0715,
fb1f,
e9d4,
efef,
05cc,
147f,
15ee,
0f13,
06f6,
03ed,
05b9,
049b,
ff15,
f833,
f422,
f315,
f47c,
f7a2,
f927,
f964,
fb35,
ffe9,
0365,
04f3,
0625,
05c9,
0677,
07ea,
066e,
02d6,
ff57,
fca6,
fb61,
fbe8,
fbb4,
f9c1,
f86f,
fa14,
fd75,
ffdf,
0120,
0198,
01f5,
028f,
0397,
03f2,
02a4,
00ca,
ffeb,
ff0a,
fdab,
fd40,
fd78,
fd7c,
fd56,
fdbc,
fe66,
fef7,
ffb2,
003e,
0053,
0067,
00d0,
00f3,
00ca,
009f,
0048,
ffeb,
ffc1,
ffae,
ff6d,
ff1e,
ff02,
ff04,
ff01,
ff01,
ff24,
ff7e,
ffee,
0045,
0071,
ffff,
fffe,
fffe,
fffe,
ffff,
0001,
0002,
0000,
0000,
ffff,
0000,
0002,
0002,
0001,
0000,
0000,
ffff,
ffff,
ffff,
0000,
ffff,
ffff,
ffff,
ffff,
0000,
0001,
0000,
ffff,
ffff,
ffff,
0000,
0000,
0000,
ffff,
0002,
0000,
0004,
fffd,
fffd,
fff9,
0004,
0011,
0006,
fff0,
003b,
032b,
06d3,
06c9,
f834,
e85a,
f249,
08b5,
158d,
1554,
0e82,
075a,
04f1,
062c,
032f,
fc95,
f6bd,
f393,
f2e2,
f46d,
f6fa,
f84d,
f9a4,
fd22,
0172,
044f,
05c3,
04f4,
05ee,
08f1,
085e,
0518,
0205,
febe,
fbbf,
fbfa,
fc8e,
fa4d,
f7d1,
f88e,
fb64,
fd8f,
ff79,
00c6,
01c7,
02e5,
03b7,
03f5,
03c1,
02c1,
0101,
ffa4,
fe98,
fdb4,
fd0d,
fcfe,
fd42,
fd73,
fdae,
fe2f,
ff07,
ffc6,
0036,
0071,
00bc,
00fb,
0116,
00e3,
0085,
005f,
0042,
000e,
ffaa,
ff2b,
fec2,
fe9a,
feab,
feab,
fec4,
ff2d,
ffb9,
001d,
006a,
00a3,
ffff,
ffff,
fffe,
fffe,
0000,
0001,
0001,
0001,
0000,
0000,
0001,
0002,
0002,
0001,
0000,
ffff,
0000,
0000,
0000,
0000,
0000,
ffff,
0000,
0000,
0001,
0001,
0000,
fffe,
fffe,
0000,
0001,
0000,
0000,
0000,
0003,
0000,
0004,
fffc,
0001,
fff4,
000d,
0005,
0011,
ffde,
0106,
04cd,
0860,
0333,
ef52,
e7f3,
fb54,
109c,
1782,
132e,
0b67,
05d9,
067b,
0656,
0038,
f884,
f332,
f1f4,
f2c5,
f550,
f785,
f837,
faca,
001f,
048c,
064a,
0558,
0524,
0888,
0982,
06ce,
035a,
ffb8,
fc5a,
fbfd,
fcfb,
fb19,
f805,
f7a4,
fa7d,
fcd8,
fe37,
ff63,
00b1,
0294,
03f8,
0442,
03d0,
0345,
0293,
0149,
ff6a,
fdfe,
fd31,
fcbe,
fcd5,
fd05,
fd30,
fd91,
fe5d,
ff50,
000a,
008d,
00f6,
0111,
0100,
00f4,
00eb,
00cd,
008b,
004e,
ffda,
ff47,
fec7,
fe7b,
fe4d,
fe37,
fe75,
ff0a,
ffa1,
fff9,
0048,
009d,
00e2,
ffff,
ffff,
fffe,
fffe,
0000,
0001,
0001,
0001,
0000,
0000,
0001,
0002,
0002,
0001,
0000,
ffff,
0000,
0000,
0000,
0000,
0000,
ffff,
0000,
0000,
0001,
0001,
0000,
fffe,
fffe,
0000,
0001,
0000,
0000,
0000,
0003,
0000,
0004,
fffc,
0001,
fff4,
000d,
0005,
0011,
ffde,
0106,
04cd,
0860,
0333,
ef52,
e7f3,
fb54,
109c,
1782,
132e,
0b67,
05d9,
067b,
0656,
0038,
f884,
f332,
f1f4,
f2c5,
f550,
f785,
f837,
faca,
001f,
048c,
064a,
0558,
0524,
0888,
0982,
06ce,
035a,
ffb8,
fc5a,
fbfd,
fcfb,
fb19,
f805,
f7a4,
fa7d,
fcd8,
fe37,
ff63,
00b1,
0294,
03f8,
0442,
03d0,
0345,
0293,
0149,
ff6a,
fdfe,
fd31,
fcbe,
fcd5,
fd05,
fd30,
fd91,
fe5d,
ff50,
000a,
008d,
00f6,
0111,
0100,
00f4,
00eb,
00cd,
008b,
004e,
ffda,
ff47,
fec7,
fe7b,
fe4d,
fe37,
fe75,
ff0a,
ffa1,
fff9,
0048,
009d,
00e2,
fffe,
fffd,
fffe,
0000,
0001,
0001,
0001,
0000,
0000,
0001,
0002,
0002,
0001,
0000,
ffff,
ffff,
0000,
0000,
0000,
ffff,
0000,
0000,
0001,
0001,
0001,
0000,
fffe,
ffff,
ffff,
0000,
0001,
0000,
fffe,
0002,
0001,
0003,
fffe,
0000,
fffa,
fffe,
0009,
0006,
fffe,
0031,
0337,
07fb,
07a1,
f6b5,
e5c8,
f1b5,
0b30,
1842,
16a9,
0e2e,
0628,
056f,
07b6,
03a7,
fb60,
f3df,
f036,
f02f,
f341,
f6de,
f818,
f9cd,
fe66,
03c0,
0743,
075c,
0585,
0818,
0a43,
0788,
041a,
0055,
fc60,
fb7e,
fcd5,
fba4,
f87a,
f74e,
f9ab,
fc7b,
fe3e,
ff14,
ffbb,
01d3,
03d8,
0437,
03c6,
0360,
02d7,
021c,
00c4,
ff18,
fda8,
fcba,
fc8d,
fc92,
fcaa,
fd00,
fda5,
fea9,
ffd3,
00b3,
011e,
014e,
0130,
00eb,
0106,
0139,
0113,
007e,
ffc3,
ff37,
febd,
fe6e,
fe1f,
fde9,
fe3c,
feee,
ff7c,
ffd3,
0040,
00b1,
00f3,
00fe,
fffd,
fffe,
ffff,
0001,
0001,
0000,
ffff,
0000,
0001,
0002,
0002,
0001,
0000,
ffff,
ffff,
0000,
0000,
0000,
0000,
0000,
0000,
0000,
0001,
0001,
0000,
ffff,
fffe,
fffe,
ffff,
0000,
ffff,
fffe,
0000,
0002,
0002,
0000,
fffd,
fffe,
fff8,
0008,
ffff,
000b,
fffb,
024d,
07b9,
097f,
fa8d,
e5c8,
ec61,
07a6,
191e,
1975,
101e,
0623,
043e,
077b,
04f3,
fcfb,
f518,
f023,
eef1,
f144,
f4f9,
f720,
f94c,
fdf3,
038d,
0770,
0896,
06c2,
0895,
0b49,
0854,
046c,
0053,
fc0c,
fae6,
fc6e,
fbbc,
f87a,
f6ef,
f923,
fc81,
fe5a,
ff3b,
ffc1,
017b,
03b9,
043e,
03b8,
0324,
02a3,
01ff,
0105,
fff0,
fea5,
fd70,
fcd1,
fc65,
fc1a,
fc69,
fd33,
fe16,
ff2e,
0080,
017e,
019c,
0113,
0117,
0179,
0186,
0154,
00ba,
ffd1,
fef5,
fe98,
fe4a,
fdd8,
fdcd,
fe4e,
fee3,
ff41,
ffb7,
003e,
00c3,
0111,
010f,
00e4,
fffd,
fffe,
ffff,
0001,
0001,
0000,
ffff,
0000,
0001,
0002,
0002,
0001,
0000,
ffff,
ffff,
0000,
0000,
0000,
0000,
0000,
0000,
0000,
0001,
0001,
0000,
ffff,
fffe,
fffe,
ffff,
0000,
ffff,
fffe,
0000,
0002,
0002,
0000,
fffd,
fffe,
fff8,
0008,
ffff,
000b,
fffb,
024d,
07b9,
097f,
fa8d,
e5c8,
ec61,
07a6,
191e,
1975,
101e,
0623,
043e,
077b,
04f3,
fcfb,
f518,
f023,
eef1,
f144,
f4f9,
f720,
f94c,
fdf3,
038d,
0770,
0896,
06c2,
0895,
0b49,
0854,
046c,
0053,
fc0c,
fae6,
fc6e,
fbbc,
f87a,
f6ef,
f923,
fc81,
fe5a,
ff3b,
ffc1,
017b,
03b9,
043e,
03b8,
0324,
02a3,
01ff,
0105,
fff0,
fea5,
fd70,
fcd1,
fc65,
fc1a,
fc69,
fd33,
fe16,
ff2e,
0080,
017e,
019c,
0113,
0117,
0179,
0186,
0154,
00ba,
ffd1,
fef5,
fe98,
fe4a,
fdd8,
fdcd,
fe4e,
fee3,
ff41,
ffb7,
003e,
00c3,
0111,
010f,
00e4,
fffe,
0000,
0001,
0002,
0001,
0000,
0000,
0001,
0002,
0002,
0000,
ffff,
fffe,
ffff,
0000,
0000,
0000,
0000,
0000,
0000,
0001,
0001,
0001,
0000,
ffff,
fffe,
ffff,
0000,
0000,
ffff,
fffe,
ffff,
0002,
0002,
0002,
fffd,
fffe,
fff7,
0005,
fffd,
000e,
fff5,
01f9,
07f4,
0aa3,
fb8a,
e4e0,
e9e2,
06cf,
1ad8,
1bea,
1129,
057d,
035f,
0762,
0524,
fcc2,
f4b3,
ef9c,
ee93,
f121,
f49f,
f62e,
f7d6,
fd12,
03d4,
07ef,
09d0,
0830,
0863,
0bdc,
09ff,
050b,
fffc,
fb9a,
fa50,
fb67,
fb82,
f8e7,
f687,
f7dd,
fc38,
ff46,
ffcf,
ffd2,
0196,
03f5,
0470,
03f1,
0347,
024f,
0155,
00a6,
ffc5,
feda,
fe36,
fd7c,
fc97,
fc0f,
fc4c,
fccb,
fd98,
fedd,
0044,
0148,
0190,
0176,
017f,
01a9,
01d0,
01a5,
00d0,
ffad,
fee0,
fe5b,
fddd,
fdb2,
fe00,
fe58,
fe9c,
ff25,
ffd7,
006e,
00d1,
0108,
0107,
00e5,
00d7,
0000,
0002,
0002,
0001,
0001,
0000,
0002,
0003,
0003,
0002,
0000,
ffff,
0000,
0000,
0000,
0000,
0000,
0000,
0001,
0001,
0002,
0002,
0000,
ffff,
fffe,
ffff,
0000,
0002,
ffff,
fffe,
0000,
0003,
0003,
0002,
fffc,
ffff,
fff7,
0004,
fffd,
000d,
fff8,
022a,
0911,
0b6e,
f9a4,
e216,
e9e3,
09f3,
1e67,
1d89,
102a,
03bc,
030c,
07cb,
049f,
faf6,
f2ba,
ee3d,
eddb,
f175,
f565,
f661,
f7d4,
fd0d,
03cc,
080b,
0ac1,
09c6,
0898,
0bb1,
0aa3,
0552,
fff4,
fb71,
f9de,
fa9b,
fae5,
f8be,
f66f,
f729,
fb75,
ff91,
00a4,
0082,
01d6,
0431,
04f3,
0479,
0386,
022d,
00e9,
0030,
ff56,
fe76,
fe0c,
fd7e,
fcc2,
fc4a,
fca1,
fd08,
fd70,
fe99,
003d,
0133,
0159,
0197,
01e9,
0215,
0206,
01a3,
00c4,
ff9c,
feb1,
fdfe,
fda5,
fdcf,
fe1c,
fe30,
fe60,
ff1d,
000e,
00aa,
00f0,
0104,
00ea,
00db,
00eb,
00dd,
0000,
0002,
0002,
0001,
0001,
0000,
0002,
0003,
0003,
0002,
0000,
ffff,
0000,
0000,
0000,
0000,
0000,
0000,
0001,
0001,
0002,
0002,
0000,
ffff,
fffe,
ffff,
0000,
0002,
ffff,
fffe,
0000,
0003,
0003,
0002,
fffc,
ffff,
fff7,
0004,
fffd,
000d,
fff8,
022a,
0911,
0b6e,
f9a4,
e216,
e9e3,
09f3,
1e67,
1d89,
102a,
03bc,
030c,
07cb,
049f,
faf6,
f2ba,
ee3d,
eddb,
f175,
f565,
f661,
f7d4,
fd0d,
03cc,
080b,
0ac1,
09c6,
0898,
0bb1,
0aa3,
0552,
fff4,
fb71,
f9de,
fa9b,
fae5,
f8be,
f66f,
f729,
fb75,
ff91,
00a4,
0082,
01d6,
0431,
04f3,
0479,
0386,
022d,
00e9,
0030,
ff56,
fe76,
fe0c,
fd7e,
fcc2,
fc4a,
fca1,
fd08,
fd70,
fe99,
003d,
0133,
0159,
0197,
01e9,
0215,
0206,
01a3,
00c4,
ff9c,
feb1,
fdfe,
fda5,
fdcf,
fe1c,
fe30,
fe60,
ff1d,
000e,
00aa,
00f0,
0104,
00ea,
00db,
00eb,
00dd,
0001,
0001,
0000,
ffff,
ffff,
0001,
0002,
0002,
0000,
ffff,
fffe,
ffff,
0000,
0000,
ffff,
ffff,
ffff,
0000,
0001,
0002,
0001,
ffff,
fffe,
fffd,
fffe,
0000,
0001,
fffe,
fffd,
ffff,
0002,
0002,
0001,
fffc,
fffe,
fff8,
0002,
fff9,
000c,
fffb,
0275,
0a62,
0c29,
f72a,
decc,
e9fe,
0d8f,
227b,
1f43,
0ef2,
01f8,
031d,
088d,
03df,
f8c6,
f054,
ec86,
ed1d,
f1aa,
f5de,
f688,
f845,
fdee,
04cd,
0874,
0aab,
0ad0,
08f0,
0a6f,
0acd,
063a,
ffd8,
fb1f,
fa0a,
fa30,
fa06,
f8c5,
f668,
f62b,
fa7d,
ffc8,
013d,
00f9,
023c,
0480,
058f,
056d,
0426,
01ec,
007d,
0007,
ff4e,
fe3a,
fd64,
fc90,
fc00,
fc4e,
fd18,
fd5c,
fd9a,
fecb,
004b,
014e,
01dc,
01e3,
01d3,
0226,
0268,
01d5,
0087,
ff3a,
fe45,
fdcb,
fdcd,
fdd4,
fdb5,
fdd2,
fe70,
ff5c,
001e,
00b1,
010f,
0122,
010a,
0101,
00f3,
00be,
007e,
0001,
0001,
0000,
ffff,
ffff,
0001,
0002,
0002,
0000,
ffff,
fffe,
ffff,
0000,
0000,
ffff,
ffff,
ffff,
0000,
0001,
0002,
0001,
ffff,
fffe,
fffd,
fffe,
0000,
0001,
fffe,
fffd,
ffff,
0002,
0002,
0001,
fffc,
fffe,
fff8,
0002,
fff9,
000c,
fffb,
0275,
0a62,
0c29,
f72a,
decc,
e9fe,
0d8f,
227b,
1f43,
0ef2,
01f8,
031d,
088d,
03df,
f8c6,
f054,
ec86,
ed1d,
f1aa,
f5de,
f688,
f845,
fdee,
04cd,
0874,
0aab,
0ad0,
08f0,
0a6f,
0acd,
063a,
ffd8,
fb1f,
fa0a,
fa30,
fa06,
f8c5,
f668,
f62b,
fa7d,
ffc8,
013d,
00f9,
023c,
0480,
058f,
056d,
0426,
01ec,
007d,
0007,
ff4e,
fe3a,
fd64,
fc90,
fc00,
fc4e,
fd18,
fd5c,
fd9a,
fecb,
004b,
014e,
01dc,
01e3,
01d3,
0226,
0268,
01d5,
0087,
ff3a,
fe45,
fdcb,
fdcd,
fdd4,
fdb5,
fdd2,
fe70,
ff5c,
001e,
00b1,
010f,
0122,
010a,
0101,
00f3,
00be,
007e,
0002,
0001,
0000,
0000,
0002,
0003,
0003,
0001,
ffff,
ffff,
0000,
0000,
0000,
0000,
0000,
0000,
0001,
0001,
0001,
0001,
ffff,
fffe,
fffe,
ffff,
0001,
0002,
ffff,
fffd,
0000,
0004,
0003,
0001,
fffa,
fffe,
fff9,
0003,
fff9,
000c,
0001,
030a,
0c32,
0c8e,
f33d,
dad7,
eb6c,
12ed,
2730,
2067,
0cc4,
ffe3,
039f,
09a8,
02bd,
f5eb,
ed63,
ea66,
ec55,
f212,
f689,
f6c1,
f89e,
ff13,
0678,
09fb,
0b79,
0b88,
0938,
08b9,
0966,
0659,
0026,
fb3d,
f9b9,
f9d2,
f9c5,
f8c7,
f680,
f5c4,
f966,
ff2f,
01e8,
01c6,
027e,
046f,
060d,
0682,
04fb,
023e,
0050,
ffc0,
ff4d,
fe55,
fcf7,
fb84,
fb02,
fbae,
fcb8,
fd45,
fde5,
ff25,
00f1,
023d,
0239,
01f4,
0244,
02b1,
0270,
0188,
0050,
fee7,
fdf7,
fdcf,
fdbb,
fd5f,
fd4e,
fdc5,
fe7d,
ff5d,
0032,
00d9,
0129,
0140,
014c,
013e,
0107,
00bf,
007c,
002e,
0000,
ffff,
0000,
0002,
0003,
0003,
0001,
ffff,
ffff,
ffff,
0000,
0000,
ffff,
ffff,
0000,
0000,
0001,
0001,
0001,
fffe,
fffd,
fffd,
ffff,
0001,
0001,
fffe,
fffd,
0000,
0004,
0002,
0000,
fff9,
fffd,
fff9,
0004,
fff8,
000c,
0008,
03d0,
0e4d,
0c9d,
ee75,
d6ae,
edc1,
195e,
2c23,
20df,
09d5,
fdda,
04a5,
0add,
011a,
f28e,
ea4d,
e84b,
eb9d,
f27e,
f6fc,
f704,
f972,
0060,
07da,
0ba4,
0ce9,
0ca5,
0a41,
0746,
0687,
056e,
0029,
fb41,
f9f7,
f9a5,
f93b,
f8cc,
f6f4,
f5be,
f8da,
fe7a,
01bc,
0241,
0308,
048f,
0628,
0707,
058b,
02c3,
0103,
0037,
ff0a,
fde2,
fca9,
fb3b,
fa7a,
fab4,
fb94,
fc86,
fdcf,
ffd7,
01f5,
02ab,
0277,
02a9,
0328,
031f,
026e,
0158,
ffe5,
feb2,
fe29,
fda7,
fcff,
fce1,
fd40,
fdab,
fe55,
ff52,
0040,
00e0,
015e,
01a0,
0173,
0147,
0130,
00fd,
0099,
0022,
ffad,
0000,
ffff,
0000,
0002,
0003,
0003,
0001,
ffff,
ffff,
ffff,
0000,
0000,
ffff,
ffff,
0000,
0000,
0001,
0001,
0001,
fffe,
fffd,
fffd,
ffff,
0001,
0001,
fffe,
fffd,
0000,
0004,
0002,
0000,
fff9,
fffd,
fff9,
0004,
fff8,
000c,
0008,
03d0,
0e4d,
0c9d,
ee75,
d6ae,
edc1,
195e,
2c23,
20df,
09d5,
fdda,
04a5,
0add,
011a,
f28e,
ea4d,
e84b,
eb9d,
f27e,
f6fc,
f704,
f972,
0060,
07da,
0ba4,
0ce9,
0ca5,
0a41,
0746,
0687,
056e,
0029,
fb41,
f9f7,
f9a5,
f93b,
f8cc,
f6f4,
f5be,
f8da,
fe7a,
01bc,
0241,
0308,
048f,
0628,
0707,
058b,
02c3,
0103,
0037,
ff0a,
fde2,
fca9,
fb3b,
fa7a,
fab4,
fb94,
fc86,
fdcf,
ffd7,
01f5,
02ab,
0277,
02a9,
0328,
031f,
026e,
0158,
ffe5,
feb2,
fe29,
fda7,
fcff,
fce1,
fd40,
fdab,
fe55,
ff52,
0040,
00e0,
015e,
01a0,
0173,
0147,
0130,
00fd,
0099,
0022,
ffad,
ffff,
0000,
0003,
0004,
0002,
0001,
ffff,
0000,
0001,
0000,
0000,
ffff,
0000,
0000,
0001,
0002,
0002,
0001,
fffe,
fffd,
fffd,
0000,
0002,
0001,
fffd,
fffd,
0001,
0006,
0003,
0000,
fff9,
fffd,
fff9,
0005,
fff7,
000d,
000f,
04bc,
1096,
0c79,
e953,
d288,
f07a,
2053,
3125,
20d6,
0696,
fbf3,
0605,
0c22,
ff19,
eec1,
e70e,
e653,
eb17,
f2f5,
f731,
f729,
fa6f,
0225,
0962,
0ce5,
0e73,
0dd6,
0b70,
0722,
03a9,
02fe,
fff2,
fb47,
f9c2,
f99d,
f928,
f8c5,
f745,
f5fe,
f89f,
fe0b,
0199,
0270,
0324,
049e,
0644,
0746,
05c8,
031d,
01c8,
00eb,
ff3a,
fdad,
fc52,
fb1f,
fa37,
f9d7,
fa51,
fb91,
fe0b,
00bb,
0201,
0255,
02f7,
03ca,
040b,
036c,
0258,
0119,
000c,
ff26,
fe0e,
fce9,
fc7b,
fcbd,
fd11,
fd76,
fe29,
ff27,
0025,
010e,
01b0,
01c4,
018b,
0169,
015c,
013a,
00ce,
0024,
ff81,
ff1d,
ffff,
0000,
0003,
0004,
0002,
0001,
ffff,
0000,
0001,
0000,
0000,
ffff,
0000,
0000,
0001,
0002,
0002,
0001,
fffe,
fffd,
fffd,
0000,
0002,
0001,
fffd,
fffd,
0001,
0006,
0003,
0000,
fff9,
fffd,
fff9,
0005,
fff7,
000d,
000f,
04bc,
1096,
0c79,
e953,
d288,
f07a,
2053,
3125,
20d6,
0696,
fbf3,
0605,
0c22,
ff19,
eec1,
e70e,
e653,
eb17,
f2f5,
f731,
f729,
fa6f,
0225,
0962,
0ce5,
0e73,
0dd6,
0b70,
0722,
03a9,
02fe,
fff2,
fb47,
f9c2,
f99d,
f928,
f8c5,
f745,
f5fe,
f89f,
fe0b,
0199,
0270,
0324,
049e,
0644,
0746,
05c8,
031d,
01c8,
00eb,
ff3a,
fdad,
fc52,
fb1f,
fa37,
f9d7,
fa51,
fb91,
fe0b,
00bb,
0201,
0255,
02f7,
03ca,
040b,
036c,
0258,
0119,
000c,
ff26,
fe0e,
fce9,
fc7b,
fcbd,
fd11,
fd76,
fe29,
ff27,
0025,
010e,
01b0,
01c4,
018b,
0169,
015c,
013a,
00ce,
0024,
ff81,
ff1d,
0000,
0003,
0003,
0001,
0000,
fffe,
ffff,
0000,
0000,
0000,
0000,
ffff,
0000,
0001,
0002,
0002,
0000,
fffe,
fffc,
fffc,
0000,
0002,
0001,
fffb,
fffb,
0002,
0006,
0001,
ffff,
fff7,
fffd,
fff8,
0006,
fff4,
000d,
0015,
05ae,
12cd,
0c39,
e475,
ceb1,
f30f,
2700,
35df,
2084,
0399,
fa8e,
0786,
0d35,
fcd8,
eafe,
e3e9,
e45d,
ea87,
f376,
f740,
f71d,
fb87,
040a,
0b19,
0e00,
0fbe,
0f37,
0c5b,
0777,
01f9,
ffcb,
fee2,
fb9d,
f98a,
f945,
f8ea,
f8c6,
f7dd,
f6a2,
f872,
fd77,
0142,
02e7,
03ba,
0492,
05a9,
06ee,
0654,
0418,
01fb,
0076,
ff5c,
fe56,
fcdb,
fae3,
f976,
f8f9,
f970,
fbad,
fee1,
00a4,
0134,
0240,
03cd,
048b,
043d,
035d,
0266,
0181,
0088,
ff18,
fd97,
fcb6,
fc72,
fc82,
fcc6,
fd3c,
fdfb,
ff06,
0036,
013c,
01c0,
01c8,
01a4,
01a2,
0197,
015e,
00da,
001f,
ff5e,
fef5,
fef6,
0003,
0003,
0001,
ffff,
fffe,
ffff,
0000,
0000,
0000,
ffff,
ffff,
0000,
0002,
0003,
0002,
0000,
fffe,
fffc,
fffd,
0000,
0003,
0001,
fffc,
fffc,
0002,
0007,
0002,
ffff,
fff6,
fffe,
fff9,
0008,
fff3,
000f,
0015,
0664,
14c3,
0c89,
e0d7,
cae7,
f416,
2c98,
3ac2,
20b8,
0135,
f95c,
08c6,
0e76,
fadb,
e733,
e0e0,
e294,
e9a7,
f396,
f769,
f6f2,
fc60,
05ee,
0d0e,
0f1d,
10aa,
10a0,
0d7d,
07cc,
016f,
fcee,
fc69,
fbf2,
f9db,
f8de,
f879,
f876,
f82e,
f7c1,
f8e1,
fcde,
006c,
02c0,
049c,
0548,
0541,
05e5,
06ae,
056a,
020e,
ff89,
fefc,
fee1,
fd7f,
faf7,
f8ca,
f809,
f97d,
fc9b,
ff3f,
0041,
0107,
026f,
03fd,
049e,
042f,
0338,
0272,
01dc,
00af,
fedb,
fd75,
fcde,
fc8e,
fc63,
fc94,
fd1c,
fded,
ff18,
004b,
0132,
01a8,
01ce,
01bf,
01b4,
01b1,
0189,
00f3,
0007,
ff2b,
fed0,
feee,
ff28,
0003,
0003,
0001,
ffff,
fffe,
ffff,
0000,
0000,
0000,
ffff,
ffff,
0000,
0002,
0003,
0002,
0000,
fffe,
fffc,
fffd,
0000,
0003,
0001,
fffc,
fffc,
0002,
0007,
0002,
ffff,
fff6,
fffe,
fff9,
0008,
fff3,
000f,
0015,
0664,
14c3,
0c89,
e0d7,
cae7,
f416,
2c98,
3ac2,
20b8,
0135,
f95c,
08c6,
0e76,
fadb,
e733,
e0e0,
e294,
e9a7,
f396,
f769,
f6f2,
fc60,
05ee,
0d0e,
0f1d,
10aa,
10a0,
0d7d,
07cc,
016f,
fcee,
fc69,
fbf2,
f9db,
f8de,
f879,
f876,
f82e,
f7c1,
f8e1,
fcde,
006c,
02c0,
049c,
0548,
0541,
05e5,
06ae,
056a,
020e,
ff89,
fefc,
fee1,
fd7f,
faf7,
f8ca,
f809,
f97d,
fc9b,
ff3f,
0041,
0107,
026f,
03fd,
049e,
042f,
0338,
0272,
01dc,
00af,
fedb,
fd75,
fcde,
fc8e,
fc63,
fc94,
fd1c,
fded,
ff18,
004b,
0132,
01a8,
01ce,
01bf,
01b4,
01b1,
0189,
00f3,
0007,
ff2b,
fed0,
feee,
ff28,
0002,
0002,
0000,
fffe,
ffff,
0000,
0001,
0001,
0000,
ffff,
0001,
0003,
0003,
0003,
0001,
fffe,
fffb,
fffc,
0000,
0003,
0001,
fffb,
fffb,
0002,
0009,
0002,
ffff,
fff5,
ffff,
fff8,
0009,
fff3,
0010,
000c,
0688,
162b,
0e21,
dfb0,
c72d,
f1e0,
2f89,
402d,
22ce,
000a,
f80b,
0904,
1008,
fa35,
e3fc,
ddbc,
e098,
e87f,
f30b,
f77d,
f6c5,
fcb1,
075e,
0f12,
1099,
1169,
119e,
0ef2,
0873,
0177,
fbb0,
f928,
faa7,
fab8,
f90d,
f7fb,
f7df,
f814,
f8bb,
f9d6,
fcb2,
ffaf,
01f2,
04a3,
0607,
059d,
05d3,
06c7,
05b2,
0249,
ff4f,
fe7f,
fe8f,
fd6b,
faea,
f855,
f7f6,
fa42,
fd43,
ff49,
0068,
0197,
02bd,
03a5,
042e,
040d,
0331,
026a,
019a,
004e,
febb,
fd97,
fd13,
fcc0,
fc85,
fc97,
fd15,
fe01,
ff4b,
0075,
0136,
0186,
01a5,
01b5,
01c5,
01c6,
018e,
00ea,
ffef,
ff14,
fec1,
fee1,
ff17,
ff14,
0002,
0000,
fffe,
ffff,
0000,
0001,
0001,
0001,
0000,
0001,
0003,
0004,
0004,
0001,
fffe,
fffc,
fffc,
0000,
0004,
0002,
fffb,
fffb,
0002,
0009,
0003,
0000,
fff4,
fffe,
fff8,
0009,
fff5,
000f,
fffa,
05ef,
16b9,
1143,
e1a2,
c406,
ec0a,
2e5c,
459c,
27b9,
00ab,
f69f,
07ec,
11b8,
fb8a,
e1e1,
daaa,
de2b,
e6c0,
f1d2,
f758,
f68d,
fc3e,
080f,
10f3,
126e,
1270,
123d,
1046,
0a03,
01c9,
fb94,
f744,
f79a,
fa5f,
fa06,
f7e7,
f742,
f76a,
f920,
fb1e,
fd09,
ff4c,
0139,
039b,
05e1,
0690,
06cd,
06be,
0578,
02d3,
ffd1,
fdf1,
fda1,
fce2,
fa62,
f813,
f854,
fadb,
fd90,
ffb8,
0156,
0250,
02cc,
0346,
03d2,
03f4,
0345,
0231,
00db,
ff9a,
fe8d,
fdce,
fd4c,
fcdf,
fca7,
fcd3,
fd79,
fe53,
ff54,
0067,
014d,
01b0,
01ab,
017d,
0182,
01bf,
01af,
00e9,
ffc4,
fee0,
feab,
feee,
ff2b,
ff0f,
feb1,
0002,
0000,
fffe,
ffff,
0000,
0001,
0001,
0001,
0000,
0001,
0003,
0004,
0004,
0001,
fffe,
fffc,
fffc,
0000,
0004,
0002,
fffb,
fffb,
0002,
0009,
0003,
0000,
fff4,
fffe,
fff8,
0009,
fff5,
000f,
fffa,
05ef,
16b9,
1143,
e1a2,
c406,
ec0a,
2e5c,
459c,
27b9,
00ab,
f69f,
07ec,
11b8,
fb8a,
e1e1,
daaa,
de2b,
e6c0,
f1d2,
f758,
f68d,
fc3e,
080f,
10f3,
126e,
1270,
123d,
1046,
0a03,
01c9,
fb94,
f744,
f79a,
fa5f,
fa06,
f7e7,
f742,
f76a,
f920,
fb1e,
fd09,
ff4c,
0139,
039b,
05e1,
0690,
06cd,
06be,
0578,
02d3,
ffd1,
fdf1,
fda1,
fce2,
fa62,
f813,
f854,
fadb,
fd90,
ffb8,
0156,
0250,
02cc,
0346,
03d2,
03f4,
0345,
0231,
00db,
ff9a,
fe8d,
fdce,
fd4c,
fcdf,
fca7,
fcd3,
fd79,
fe53,
ff54,
0067,
014d,
01b0,
01ab,
017d,
0182,
01bf,
01af,
00e9,
ffc4,
fee0,
feab,
feee,
ff2b,
ff0f,
feb1,
0000,
fffe,
fffe,
ffff,
0001,
0001,
0000,
ffff,
0000,
0002,
0004,
0003,
0001,
fffe,
fffc,
fffd,
ffff,
0003,
0003,
fffc,
fffb,
ffff,
0008,
0005,
0000,
fff5,
fffa,
fff9,
0006,
fff9,
000c,
ffe4,
0494,
15e7,
15f1,
e74c,
c224,
e2fe,
2785,
4960,
3065,
0441,
f515,
053b,
12fb,
ff36,
e1a0,
d7e7,
db5c,
e441,
efcf,
f6bd,
f64e,
fb11,
0771,
125d,
1484,
13ee,
130d,
10df,
0c15,
0372,
fbbd,
f6e7,
f512,
f7b0,
fa8b,
f8a0,
f6e7,
f68b,
f868,
fc11,
fe47,
ff50,
00c4,
0264,
04ad,
0735,
0823,
070a,
051e,
0344,
00dc,
fe12,
fca1,
fbc5,
f9b2,
f7f8,
f88b,
facc,
fd83,
0077,
0275,
031b,
0305,
032a,
037e,
03d7,
036a,
01f1,
0028,
fef0,
fe4e,
fda5,
fd28,
fcf1,
fd00,
fd39,
fdbe,
fe8f,
ff8b,
0092,
0167,
01b6,
019f,
0164,
0170,
01a6,
0191,
00d7,
ffb1,
febe,
fe7a,
fed7,
ff2f,
ff22,
fec5,
fe93,
fffe,
fffe,
ffff,
0000,
0000,
ffff,
ffff,
0000,
0002,
0004,
0004,
0002,
fffe,
fffc,
fffb,
fffe,
0003,
0003,
fffb,
fff9,
fffd,
0008,
0005,
0001,
fff4,
fffa,
fff8,
0007,
fff6,
000e,
ffd7,
02a4,
12c8,
1b82,
f28d,
c245,
d6e9,
1a47,
485e,
3c94,
0d90,
f433,
002b,
130a,
05bf,
e46e,
d5ad,
d81e,
e0ab,
ec96,
f598,
f5e6,
f932,
0534,
1297,
16c1,
15c9,
14d6,
1199,
0d5d,
0666,
fd83,
f6ec,
f446,
f44d,
f87d,
f974,
f746,
f62e,
f6cd,
fb32,
ffd4,
00c2,
0080,
0184,
036e,
06ab,
08d9,
0830,
057e,
02f1,
0156,
ff43,
fc9c,
fa8c,
f8f2,
f7ca,
f833,
fa5d,
fd59,
00c0,
030a,
03dc,
03b9,
0376,
036f,
039b,
0370,
01ff,
fff5,
fe73,
fdde,
fd62,
fcf5,
fccd,
fd04,
fd74,
fe0a,
fece,
ffbb,
00b7,
0194,
01e3,
01a5,
0152,
0155,
018a,
0176,
00d8,
ffbe,
fea9,
fe38,
fe93,
ff14,
ff3b,
fef5,
feab,
fec7,
fffe,
fffe,
ffff,
0000,
0000,
ffff,
ffff,
0000,
0002,
0004,
0004,
0002,
fffe,
fffc,
fffb,
fffe,
0003,
0003,
fffb,
fff9,
fffd,
0008,
0005,
0001,
fff4,
fffa,
fff8,
0007,
fff6,
000e,
ffd7,
02a4,
12c8,
1b82,
f28d,
c245,
d6e9,
1a47,
485e,
3c94,
0d90,
f433,
002b,
130a,
05bf,
e46e,
d5ad,
d81e,
e0ab,
ec96,
f598,
f5e6,
f932,
0534,
1297,
16c1,
15c9,
14d6,
1199,
0d5d,
0666,
fd83,
f6ec,
f446,
f44d,
f87d,
f974,
f746,
f62e,
f6cd,
fb32,
ffd4,
00c2,
0080,
0184,
036e,
06ab,
08d9,
0830,
057e,
02f1,
0156,
ff43,
fc9c,
fa8c,
f8f2,
f7ca,
f833,
fa5d,
fd59,
00c0,
030a,
03dc,
03b9,
0376,
036f,
039b,
0370,
01ff,
fff5,
fe73,
fdde,
fd62,
fcf5,
fccd,
fd04,
fd74,
fe0a,
fece,
ffbb,
00b7,
0194,
01e3,
01a5,
0152,
0155,
018a,
0176,
00d8,
ffbe,
fea9,
fe38,
fe93,
ff14,
ff3b,
fef5,
feab,
fec7,
fffe,
ffff,
0001,
0000,
ffff,
ffff,
0000,
0002,
0005,
0005,
0003,
0000,
fffd,
fffa,
fffd,
0002,
0006,
fffe,
fff9,
fffb,
0008,
0005,
0005,
fff4,
fffc,
fff2,
0009,
fff7,
0008,
fff1,
00be,
0d1d,
1e6e,
049a,
c860,
c81e,
0792,
3f57,
475c,
1ea2,
f7e9,
f8af,
0f92,
0e5e,
ec49,
d4fb,
d4a5,
dc6c,
e784,
f34f,
f5b7,
f6d3,
0146,
108f,
18aa,
17aa,
1722,
13ca,
0e6d,
08b3,
0174,
f877,
f40f,
f2c9,
f49e,
f814,
f7bb,
f69b,
f5f6,
f8ad,
ff1d,
031e,
01e2,
00f0,
02a4,
057a,
0850,
0955,
0719,
02ec,
009c,
001e,
fdeb,
fa4d,
f83a,
f78c,
f78d,
f983,
fcfa,
0083,
02db,
043a,
0499,
040a,
03a6,
0391,
036f,
024a,
005a,
fe70,
fd5e,
fcf3,
fcd6,
fcc6,
fcd1,
fd40,
fdf8,
fed7,
ffe1,
00f4,
01c7,
020f,
01d1,
0174,
014c,
016d,
0162,
00d5,
ffc4,
febb,
fe29,
fe4b,
fecd,
ff2a,
ff1e,
feda,
fed4,
ff65,
fffe,
ffff,
0001,
0000,
ffff,
ffff,
0000,
0002,
0005,
0005,
0003,
0000,
fffd,
fffa,
fffd,
0002,
0006,
fffe,
fff9,
fffb,
0008,
0005,
0005,
fff4,
fffc,
fff2,
0009,
fff7,
0008,
fff1,
00be,
0d1d,
1e6e,
049a,
c860,
c81e,
0792,
3f57,
475c,
1ea2,
f7e9,
f8af,
0f92,
0e5e,
ec49,
d4fb,
d4a5,
dc6c,
e784,
f34f,
f5b7,
f6d3,
0146,
108f,
18aa,
17aa,
1722,
13ca,
0e6d,
08b3,
0174,
f877,
f40f,
f2c9,
f49e,
f814,
f7bb,
f69b,
f5f6,
f8ad,
ff1d,
031e,
01e2,
00f0,
02a4,
057a,
0850,
0955,
0719,
02ec,
009c,
001e,
fdeb,
fa4d,
f83a,
f78c,
f78d,
f983,
fcfa,
0083,
02db,
043a,
0499,
040a,
03a6,
0391,
036f,
024a,
005a,
fe70,
fd5e,
fcf3,
fcd6,
fcc6,
fcd1,
fd40,
fdf8,
fed7,
ffe1,
00f4,
01c7,
020f,
01d1,
0174,
014c,
016d,
0162,
00d5,
ffc4,
febb,
fe29,
fe4b,
fecd,
ff2a,
ff1e,
feda,
fed4,
ff65,
ffff,
0000,
0000,
ffff,
fffe,
ffff,
0001,
0004,
0005,
0004,
0000,
fffc,
fffb,
fffc,
0000,
0004,
0001,
fff9,
fffa,
0003,
0007,
0005,
ffff,
fff3,
fffe,
fff1,
0017,
ffdd,
0036,
ff9d,
0653,
1a4c,
18d2,
dd4e,
b90f,
ed90,
2f39,
49fd,
342e,
062b,
f2e2,
050d,
1510,
fb62,
d8d7,
d0ba,
d7dd,
e132,
edff,
f5c6,
f500,
fc17,
0b6d,
18e2,
19f2,
18cf,
173a,
111b,
0a6d,
0505,
fd24,
f4d0,
f241,
f1f3,
f471,
f692,
f6cc,
f61d,
f6e1,
fc19,
0329,
04dc,
021a,
0224,
0471,
06f7,
0978,
08d4,
047e,
002d,
ff59,
fee1,
fbb1,
f856,
f6ed,
f6f7,
f88e,
fc16,
ffc4,
0260,
03f9,
0509,
04e2,
041b,
0396,
037a,
02dd,
0132,
fef3,
fd31,
fc7b,
fc88,
fcbf,
fcbf,
fcee,
fd88,
fe84,
ffb2,
00f2,
01e9,
0259,
022e,
01c1,
015e,
015b,
015a,
00f0,
ffed,
fec9,
fe07,
fe04,
fea1,
ff1e,
ff2e,
feed,
fed7,
ff52,
004b,
ffff,
0000,
ffff,
fffe,
fffe,
0000,
0003,
0006,
0005,
0004,
fffe,
fffd,
fffa,
ffff,
0001,
0006,
fffb,
fffa,
fffa,
000d,
0000,
000c,
ffec,
0007,
ffe6,
0017,
ffeb,
0012,
ffe7,
00ee,
0f96,
217b,
0372,
bcc7,
c70f,
15b0,
4336,
4434,
1f7f,
f943,
f636,
0fdd,
0f0f,
e7a3,
cf0e,
d186,
db49,
e549,
f2bd,
f599,
f6f3,
0391,
14a3,
1ca1,
1a38,
19f7,
15a4,
0dee,
0758,
0235,
f94d,
f283,
f08d,
f0dd,
f375,
f597,
f600,
f62f,
f966,
ffff,
0619,
05a4,
02ed,
03a4,
05c9,
087b,
09b2,
06b9,
01a6,
fe7e,
fe47,
fcda,
f9c0,
f6fb,
f643,
f769,
fab5,
fea3,
0195,
0382,
04c6,
0572,
04de,
03fe,
0367,
0348,
0248,
0025,
fda9,
fc3b,
fc10,
fc70,
fcb6,
fcc5,
fd0b,
fded,
ff28,
008d,
01c6,
0285,
029b,
022a,
01b4,
0172,
015f,
010b,
003e,
ff0b,
fe05,
fdab,
fe32,
fef7,
ff5a,
ff22,
fede,
ff1b,
ffff,
0107,
ffff,
0000,
ffff,
fffe,
fffe,
0000,
0003,
0006,
0005,
0004,
fffe,
fffd,
fffa,
ffff,
0001,
0006,
fffb,
fffa,
fffa,
000d,
0000,
000c,
ffec,
0007,
ffe6,
0017,
ffeb,
0012,
ffe7,
00ee,
0f96,
217b,
0372,
bcc7,
c70f,
15b0,
4336,
4434,
1f7f,
f943,
f636,
0fdd,
0f0f,
e7a3,
cf0e,
d186,
db49,
e549,
f2bd,
f599,
f6f3,
0391,
14a3,
1ca1,
1a38,
19f7,
15a4,
0dee,
0758,
0235,
f94d,
f283,
f08d,
f0dd,
f375,
f597,
f600,
f62f,
f966,
ffff,
0619,
05a4,
02ed,
03a4,
05c9,
087b,
09b2,
06b9,
01a6,
fe7e,
fe47,
fcda,
f9c0,
f6fb,
f643,
f769,
fab5,
fea3,
0195,
0382,
04c6,
0572,
04de,
03fe,
0367,
0348,
0248,
0025,
fda9,
fc3b,
fc10,
fc70,
fcb6,
fcc5,
fd0b,
fded,
ff28,
008d,
01c6,
0285,
029b,
022a,
01b4,
0172,
015f,
010b,
003e,
ff0b,
fe05,
fdab,
fe32,
fef7,
ff5a,
ff22,
fede,
ff1b,
ffff,
0107,
ffff,
0000,
ffff,
fffd,
fffd,
0000,
0004,
0007,
0004,
0002,
fffd,
fffc,
fffa,
0001,
0002,
0004,
fff9,
fff9,
fffe,
000d,
fffe,
000c,
ffe3,
0012,
ffd3,
0038,
ffba,
005e,
ff62,
0451,
1811,
20ea,
ea97,
ac69,
e03c,
3204,
49a1,
398a,
10ee,
f3bb,
fb46,
159b,
04ee,
d9f7,
cabb,
d2e6,
dd61,
e8cc,
f58b,
f5e6,
fae1,
0a79,
1b01,
1df2,
1af5,
19ff,
13c7,
0bab,
0526,
ff7d,
f676,
f06f,
ee69,
efce,
f28a,
f4cd,
f595,
f79f,
fc4b,
0342,
083a,
069a,
03f4,
0499,
0723,
096b,
0897,
0459,
ff88,
fd36,
fcd2,
fb14,
f838,
f60d,
f66f,
f8ae,
fcbe,
005b,
02d5,
045d,
056c,
05a4,
04c0,
03c3,
034d,
0311,
019a,
ff0a,
fcb0,
fbd1,
fbd6,
fc41,
fcb0,
fce1,
fd35,
fe58,
ffc3,
013f,
026b,
02f4,
02ab,
021d,
01be,
0187,
0141,
00a3,
ff90,
fe4b,
fd83,
fd9d,
fe79,
ff3e,
ff6b,
ff13,
fefd,
ff89,
0098,
0174,
ffff,
0000,
ffff,
fffd,
fffd,
0000,
0004,
0007,
0004,
0002,
fffd,
fffc,
fffa,
0001,
0002,
0004,
fff9,
fff9,
fffe,
000d,
fffe,
000c,
ffe3,
0012,
ffd3,
0038,
ffba,
005e,
ff62,
0451,
1811,
20ea,
ea97,
ac69,
e03c,
3204,
49a1,
398a,
10ee,
f3bb,
fb46,
159b,
04ee,
d9f7,
cabb,
d2e6,
dd61,
e8cc,
f58b,
f5e6,
fae1,
0a79,
1b01,
1df2,
1af5,
19ff,
13c7,
0bab,
0526,
ff7d,
f676,
f06f,
ee69,
efce,
f28a,
f4cd,
f595,
f79f,
fc4b,
0342,
083a,
069a,
03f4,
0499,
0723,
096b,
0897,
0459,
ff88,
fd36,
fcd2,
fb14,
f838,
f60d,
f66f,
f8ae,
fcbe,
005b,
02d5,
045d,
056c,
05a4,
04c0,
03c3,
034d,
0311,
019a,
ff0a,
fcb0,
fbd1,
fbd6,
fc41,
fcb0,
fce1,
fd35,
fe58,
ffc3,
013f,
026b,
02f4,
02ab,
021d,
01be,
0187,
0141,
00a3,
ff90,
fe4b,
fd83,
fd9d,
fe79,
ff3e,
ff6b,
ff13,
fefd,
ff89,
0098,
0174,
ffff,
ffff,
fffe,
fffd,
fffe,
0001,
0005,
0006,
0005,
0000,
fffb,
fffb,
fffc,
0000,
0003,
0001,
fff7,
fff8,
0005,
000a,
0001,
0004,
ffe7,
0010,
ffd4,
0040,
ffa6,
0081,
ff2f,
0803,
1d46,
1d31,
d83a,
a697,
f534,
42ca,
4ac6,
309a,
0854,
f156,
febf,
180b,
fd12,
d1dc,
c793,
d32c,
decf,
eb74,
f7e5,
f777,
fe54,
0f47,
1ef5,
1eb9,
1b88,
19de,
12e6,
09da,
0329,
fd12,
f3f1,
ee3a,
ed16,
eee0,
f14b,
f4f2,
f632,
f8fa,
fed6,
061b,
09ae,
078c,
0523,
051b,
07b3,
0995,
077b,
0262,
fdc4,
fc1d,
fb81,
f9da,
f737,
f5b2,
f6de,
f9d1,
fe30,
017e,
03c4,
04f6,
05c7,
05a8,
04b0,
03c9,
0372,
02d3,
00cf,
fe22,
fc28,
fb8f,
fb95,
fc14,
fca7,
fcfe,
fd64,
fe9a,
003e,
01df,
02ed,
032d,
02b3,
0219,
01b9,
0190,
011c,
0047,
ff08,
fdd4,
fd3a,
fda1,
febb,
ff6b,
ff6a,
ff13,
ff2c,
ffd9,
00f1,
01af,
ffff,
0000,
fffe,
fffc,
fffd,
0001,
0006,
0006,
0003,
fffe,
fffa,
fffa,
fffd,
0001,
0002,
0000,
fff8,
fff7,
0008,
0008,
0003,
0002,
ffe7,
000f,
ffd1,
0047,
ff99,
0092,
ff22,
09fa,
1f18,
1be2,
d18e,
a1d3,
fce9,
4c25,
4d1e,
2c86,
0452,
f006,
feed,
1974,
face,
cd9c,
c35c,
d1df,
df84,
ed37,
fa8a,
f92b,
000a,
1177,
2137,
1fee,
1cb5,
1a79,
1245,
087e,
015a,
fa66,
f1cc,
ed41,
ec0a,
eda4,
f0d9,
f5cd,
f6ec,
f9fe,
00ed,
07ca,
0ab2,
08e9,
0627,
04f5,
075e,
0979,
06e5,
010f,
fc5c,
fb09,
fac0,
f954,
f6df,
f59a,
f6d7,
fa57,
feee,
0224,
0456,
0578,
0617,
05aa,
04d7,
0408,
039c,
029b,
0049,
fd9c,
fbd1,
fb41,
fb49,
fbed,
fc94,
fcf4,
fd67,
fec8,
00a4,
0256,
034b,
0369,
02c4,
0209,
01ab,
018f,
010e,
0013,
fec6,
fd96,
fd10,
fda4,
fed0,
ff7c,
ff79,
ff23,
ff28,
ffdb,
0114,
01d0,
ffff,
0000,
fffe,
fffc,
fffd,
0001,
0006,
0006,
0003,
fffe,
fffa,
fffa,
fffd,
0001,
0002,
0000,
fff8,
fff7,
0008,
0008,
0003,
0002,
ffe7,
000f,
ffd1,
0047,
ff99,
0092,
ff22,
09fa,
1f18,
1be2,
d18e,
a1d3,
fce9,
4c25,
4d1e,
2c86,
0452,
f006,
feed,
1974,
face,
cd9c,
c35c,
d1df,
df84,
ed37,
fa8a,
f92b,
000a,
1177,
2137,
1fee,
1cb5,
1a79,
1245,
087e,
015a,
fa66,
f1cc,
ed41,
ec0a,
eda4,
f0d9,
f5cd,
f6ec,
f9fe,
00ed,
07ca,
0ab2,
08e9,
0627,
04f5,
075e,
0979,
06e5,
010f,
fc5c,
fb09,
fac0,
f954,
f6df,
f59a,
f6d7,
fa57,
feee,
0224,
0456,
0578,
0617,
05aa,
04d7,
0408,
039c,
029b,
0049,
fd9c,
fbd1,
fb41,
fb49,
fbed,
fc94,
fcf4,
fd67,
fec8,
00a4,
0256,
034b,
0369,
02c4,
0209,
01ab,
018f,
010e,
0013,
fec6,
fd96,
fd10,
fda4,
fed0,
ff7c,
ff79,
ff23,
ff28,
ffdb,
0114,
01d0,
0000,
ffff,
fffe,
fffe,
ffff,
0002,
0006,
0008,
0004,
ffff,
fffa,
fff9,
fffa,
0002,
0004,
0002,
fff5,
fff6,
0007,
000c,
ffff,
0007,
ffdf,
001c,
ffc3,
0059,
ff85,
00ac,
ff01,
09b1,
1e79,
1e1f,
d6e5,
9b37,
f547,
5034,
52fd,
2e3c,
039f,
ef61,
fbfd,
19bd,
fdbe,
cce2,
be85,
ce70,
e013,
ee48,
fc80,
faad,
0069,
1133,
2239,
22cc,
1e6f,
1a7f,
11f3,
079c,
fef0,
f84c,
f0fa,
ecaf,
eb1e,
edc8,
f0ad,
f5d9,
f897,
fafb,
0149,
0854,
0c0b,
0a16,
069c,
04ef,
067f,
08af,
06d0,
0105,
fb5b,
f9f9,
faa6,
f997,
f712,
f568,
f674,
fa00,
fec3,
026b,
04cb,
05bd,
063f,
05ec,
051c,
045a,
03f1,
02b7,
000d,
fd78,
fbb1,
faea,
faf3,
fbb8,
fc5e,
fcae,
fd5b,
feeb,
00d9,
0287,
038d,
03b3,
02e1,
0203,
0190,
0188,
0122,
0028,
fec4,
fd7d,
fd06,
fd99,
fec2,
ff84,
ff8f,
ff1b,
fef5,
ffac,
00fe,
01ce,
ffff,
ffff,
fffd,
fffd,
fffe,
0000,
0005,
0007,
0004,
0001,
fff9,
fffa,
fff6,
0000,
0003,
0006,
fff4,
fff5,
fffe,
0014,
fff7,
0012,
ffce,
002a,
ffb0,
0065,
ff82,
00a4,
ff0a,
06f2,
1b84,
21b3,
e985,
9881,
db85,
4aaa,
5b61,
37c3,
078e,
f00c,
f64b,
15fc,
05b9,
d235,
bae7,
c810,
dfc3,
edd1,
fc8a,
fc57,
ffcf,
0f18,
2214,
265f,
1f95,
1a7b,
11d5,
070b,
fd94,
f7b0,
f07a,
eca7,
ebdd,
ee1d,
f04a,
f595,
fa3d,
fb82,
0067,
07b7,
0c6c,
0b3d,
0766,
0502,
0533,
0741,
06ff,
0241,
fbbe,
f915,
fa79,
fa8a,
f830,
f544,
f590,
f8d3,
fd90,
0205,
04d4,
05c9,
0625,
063c,
0588,
04d4,
047a,
032f,
005b,
fdca,
fbf2,
fac8,
fa86,
fb22,
fbf2,
fc76,
fd32,
feca,
00ad,
026d,
039b,
03ee,
0326,
0225,
0183,
0173,
014f,
0078,
ff1b,
fdb0,
fd0c,
fd76,
fea9,
ff7a,
ff7e,
fefc,
feac,
ff4b,
00a3,
01a2,
ffff,
ffff,
fffd,
fffd,
fffe,
0000,
0005,
0007,
0004,
0001,
fff9,
fffa,
fff6,
0000,
0003,
0006,
fff4,
fff5,
fffe,
0014,
fff7,
0012,
ffce,
002a,
ffb0,
0065,
ff82,
00a4,
ff0a,
06f2,
1b84,
21b3,
e985,
9881,
db85,
4aaa,
5b61,
37c3,
078e,
f00c,
f64b,
15fc,
05b9,
d235,
bae7,
c810,
dfc3,
edd1,
fc8a,
fc57,
ffcf,
0f18,
2214,
265f,
1f95,
1a7b,
11d5,
070b,
fd94,
f7b0,
f07a,
eca7,
ebdd,
ee1d,
f04a,
f595,
fa3d,
fb82,
0067,
07b7,
0c6c,
0b3d,
0766,
0502,
0533,
0741,
06ff,
0241,
fbbe,
f915,
fa79,
fa8a,
f830,
f544,
f590,
f8d3,
fd90,
0205,
04d4,
05c9,
0625,
063c,
0588,
04d4,
047a,
032f,
005b,
fdca,
fbf2,
fac8,
fa86,
fb22,
fbf2,
fc76,
fd32,
feca,
00ad,
026d,
039b,
03ee,
0326,
0225,
0183,
0173,
014f,
0078,
ff1b,
fdb0,
fd0c,
fd76,
fea9,
ff7a,
ff7e,
fefc,
feac,
ff4b,
00a3,
01a2,
0000,
0000,
fffd,
fffc,
fffd,
0000,
0003,
0008,
0004,
0002,
fffa,
fffa,
fff6,
ffff,
0001,
0007,
fff8,
fff7,
fff5,
001a,
fff5,
0019,
ffcf,
0020,
ffc6,
0035,
ffd1,
002c,
ffc2,
02b8,
165e,
227e,
03d0,
a6a2,
b595,
330a,
6103,
4862,
1352,
f292,
f02b,
0bfb,
0f21,
dee0,
bc78,
bfda,
dbff,
ec2f,
f9b9,
fe44,
ffb2,
0cf0,
1ec2,
2806,
2139,
1a51,
119a,
07fe,
fe59,
f762,
f123,
ee05,
ed2c,
ee4b,
f0e3,
f49d,
fa09,
fc4b,
ff6e,
0547,
0ae1,
0c76,
0910,
04da,
041a,
05d8,
06b3,
0417,
fe27,
f950,
f969,
fb77,
fa9a,
f63a,
f432,
f6d5,
fbb6,
0087,
03eb,
0553,
05cd,
0662,
061f,
0577,
0508,
0417,
017e,
feae,
fc82,
fb1c,
fa4a,
fa59,
fb45,
fc32,
fcfb,
fe3c,
000a,
01ea,
035f,
03f8,
037b,
027b,
01ab,
0161,
0160,
00f1,
ffd5,
fe4c,
fd4c,
fd5e,
fe73,
ff4d,
ff51,
feca,
fe63,
fec0,
0004,
0137,
fffe,
0001,
ffff,
fffd,
fffd,
0000,
0003,
0007,
0007,
0004,
fffe,
fff9,
fff8,
fffa,
0002,
0005,
0000,
fff7,
fff4,
000d,
0008,
0005,
fffc,
ffe5,
0015,
ffc7,
005c,
ff7d,
00b8,
ff61,
0e40,
1eef,
1916,
ce5b,
976a,
fed3,
5a67,
5c0c,
2d2a,
fa20,
eb1a,
fc3e,
1309,
f353,
c7b3,
ba04,
d02a,
e856,
f4e4,
ffc9,
014f,
09d5,
17c7,
259c,
23cb,
1ad9,
12e1,
0a48,
00eb,
f862,
f32e,
ef50,
eea0,
eef3,
f146,
f389,
f860,
fcaa,
fe6e,
0241,
0822,
0c02,
0af9,
0682,
0336,
044d,
060f,
0550,
019e,
fb9c,
f87b,
fa85,
fcd5,
f9b8,
f44d,
f3f5,
f8e7,
fe3d,
01df,
0413,
0536,
065c,
069d,
0615,
05ad,
0544,
0346,
0032,
fd79,
fb97,
fa72,
f9dd,
fa71,
fb9a,
fc9b,
fd8f,
ff0c,
0105,
02c5,
03c7,
03cb,
030a,
0215,
0161,
0155,
0147,
00ac,
ff4f,
fdfd,
fd75,
fdf4,
fee6,
ff31,
febb,
fe2f,
fe41,
ff27,
007f,
fffe,
0001,
ffff,
fffd,
fffd,
0000,
0003,
0007,
0007,
0004,
fffe,
fff9,
fff8,
fffa,
0002,
0005,
0000,
fff7,
fff4,
000d,
0008,
0005,
fffc,
ffe5,
0015,
ffc7,
005c,
ff7d,
00b8,
ff61,
0e40,
1eef,
1916,
ce5b,
976a,
fed3,
5a67,
5c0c,
2d2a,
fa20,
eb1a,
fc3e,
1309,
f353,
c7b3,
ba04,
d02a,
e856,
f4e4,
ffc9,
014f,
09d5,
17c7,
259c,
23cb,
1ad9,
12e1,
0a48,
00eb,
f862,
f32e,
ef50,
eea0,
eef3,
f146,
f389,
f860,
fcaa,
fe6e,
0241,
0822,
0c02,
0af9,
0682,
0336,
044d,
060f,
0550,
019e,
fb9c,
f87b,
fa85,
fcd5,
f9b8,
f44d,
f3f5,
f8e7,
fe3d,
01df,
0413,
0536,
065c,
069d,
0615,
05ad,
0544,
0346,
0032,
fd79,
fb97,
fa72,
f9dd,
fa71,
fb9a,
fc9b,
fd8f,
ff0c,
0105,
02c5,
03c7,
03cb,
030a,
0215,
0161,
0155,
0147,
00ac,
ff4f,
fdfd,
fd75,
fdf4,
fee6,
ff31,
febb,
fe2f,
fe41,
ff27,
007f,
fffc,
0000,
0001,
0000,
fffe,
fffd,
0000,
0003,
0009,
0004,
0002,
fffa,
fffa,
fff6,
0001,
0002,
0008,
fffb,
fff9,
fff6,
0019,
fff6,
001f,
ffca,
0027,
ffb9,
004a,
ffb9,
0052,
ff91,
0478,
1802,
1f2d,
fefe,
a4a9,
ba63,
3576,
63be,
4f39,
11c9,
eab7,
ecdb,
09a8,
078c,
dd5e,
bfb9,
c056,
dd6e,
f0a6,
fe8b,
0405,
061e,
1033,
1d73,
246a,
1d6e,
1591,
0cd7,
04eb,
fbfb,
f5a6,
f188,
eff8,
f02f,
f0c7,
f342,
f660,
fb0f,
fd8f,
ffff,
04bd,
0983,
0ace,
0942,
0580,
0278,
0470,
05ad,
0429,
ffcc,
fa06,
f902,
fc4a,
fd57,
f848,
f33c,
f44c,
fa6b,
ff84,
0205,
03f1,
056d,
0675,
06ac,
06d1,
069a,
04e5,
01f6,
ff45,
fcda,
fae9,
f9e1,
f9e4,
fac8,
fbd5,
fcd5,
fdfd,
ffb9,
01bf,
033f,
03ca,
036e,
02b3,
01bb,
0147,
015c,
0151,
0089,
ff0f,
fdf0,
fda0,
fe46,
fee5,
fed3,
fe31,
fdcb,
fe64,
ffa7,
fffc,
0000,
0001,
0000,
fffe,
fffd,
0000,
0003,
0009,
0004,
0002,
fffa,
fffa,
fff6,
0001,
0002,
0008,
fffb,
fff9,
fff6,
0019,
fff6,
001f,
ffca,
0027,
ffb9,
004a,
ffb9,
0052,
ff91,
0478,
1802,
1f2d,
fefe,
a4a9,
ba63,
3576,
63be,
4f39,
11c9,
eab7,
ecdb,
09a8,
078c,
dd5e,
bfb9,
c056,
dd6e,
f0a6,
fe8b,
0405,
061e,
1033,
1d73,
246a,
1d6e,
1591,
0cd7,
04eb,
fbfb,
f5a6,
f188,
eff8,
f02f,
f0c7,
f342,
f660,
fb0f,
fd8f,
ffff,
04bd,
0983,
0ace,
0942,
0580,
0278,
0470,
05ad,
0429,
ffcc,
fa06,
f902,
fc4a,
fd57,
f848,
f33c,
f44c,
fa6b,
ff84,
0205,
03f1,
056d,
0675,
06ac,
06d1,
069a,
04e5,
01f6,
ff45,
fcda,
fae9,
f9e1,
f9e4,
fac8,
fbd5,
fcd5,
fdfd,
ffb9,
01bf,
033f,
03ca,
036e,
02b3,
01bb,
0147,
015c,
0151,
0089,
ff0f,
fdf0,
fda0,
fe46,
fee5,
fed3,
fe31,
fdcb,
fe64,
ffa7,
fffc,
fffd,
0001,
0001,
0000,
fffe,
ffff,
0002,
0006,
0007,
0003,
0000,
fff8,
fff9,
fff8,
0003,
0003,
0005,
fff9,
fff5,
0005,
000e,
0000,
000c,
ffd3,
0028,
ffae,
0075,
ff6a,
00cd,
ff36,
0c67,
1bd0,
18bd,
dde0,
993e,
eb42,
5015,
632a,
3c2f,
fa86,
e447,
f612,
0e58,
f818,
d247,
bc65,
ca21,
e9a5,
fa1f,
049a,
041e,
08d7,
1378,
1ea7,
20a6,
1952,
10b5,
087e,
01d9,
f9af,
f4ad,
f162,
f151,
f0fb,
f259,
f56c,
f849,
fbfc,
fe76,
0178,
05d3,
0992,
0941,
089b,
0580,
01cf,
0395,
05a0,
03d9,
fde2,
f99b,
fac1,
fd6a,
fc86,
f787,
f315,
f41a,
fad6,
0053,
026a,
03bb,
050d,
066f,
07a8,
0818,
06a5,
03b0,
00f9,
ff17,
fca3,
fa48,
f98d,
fa0e,
fb05,
fc0b,
fd0d,
fe60,
0030,
0231,
0382,
0395,
0308,
0252,
0191,
015b,
0191,
017c,
0061,
fed8,
fdcb,
fdc5,
fe76,
fecf,
fe72,
fdbd,
fdb1,
feb7,
fffc,
fffd,
fffe,
0001,
0000,
ffff,
fffe,
0000,
0003,
0006,
0005,
0003,
fffb,
fff9,
fff8,
fffd,
0002,
0005,
ffff,
fff9,
fff4,
0013,
fffd,
0014,
ffe7,
0000,
fff3,
fff2,
002c,
ffb8,
0069,
0116,
12d3,
1b27,
0d50,
c208,
a6ed,
126b,
593c,
5ccd,
265d,
ec60,
e50f,
0054,
0bae,
eb76,
cc05,
bee1,
d73f,
f369,
0009,
0427,
031e,
0a73,
1499,
1e8c,
1dc0,
1593,
0c88,
0729,
0090,
f85a,
f432,
f1fa,
f228,
f189,
f3fa,
f6d6,
f994,
fc52,
fee9,
024b,
06c4,
094c,
0802,
0845,
056b,
010f,
030e,
0642,
02be,
fcb6,
fabe,
fc3f,
fd1d,
fb44,
f731,
f364,
f469,
fa66,
0083,
0365,
03bd,
0463,
06ba,
08cb,
083e,
05e4,
0343,
00b9,
fe8b,
fc42,
fa4e,
f96f,
fa32,
fb53,
fc1c,
fd3e,
fee4,
00a1,
023c,
035d,
0362,
02b3,
01f1,
0191,
0199,
01c7,
015a,
001b,
feaf,
fdc1,
fdee,
fea1,
fec3,
fe23,
fd8c,
fdd7,
fffc,
fffd,
fffe,
0001,
0000,
ffff,
fffe,
0000,
0003,
0006,
0005,
0003,
fffb,
fff9,
fff8,
fffd,
0002,
0005,
ffff,
fff9,
fff4,
0013,
fffd,
0014,
ffe7,
0000,
fff3,
fff2,
002c,
ffb8,
0069,
0116,
12d3,
1b27,
0d50,
c208,
a6ed,
126b,
593c,
5ccd,
265d,
ec60,
e50f,
0054,
0bae,
eb76,
cc05,
bee1,
d73f,
f369,
0009,
0427,
031e,
0a73,
1499,
1e8c,
1dc0,
1593,
0c88,
0729,
0090,
f85a,
f432,
f1fa,
f228,
f189,
f3fa,
f6d6,
f994,
fc52,
fee9,
024b,
06c4,
094c,
0802,
0845,
056b,
010f,
030e,
0642,
02be,
fcb6,
fabe,
fc3f,
fd1d,
fb44,
f731,
f364,
f469,
fa66,
0083,
0365,
03bd,
0463,
06ba,
08cb,
083e,
05e4,
0343,
00b9,
fe8b,
fc42,
fa4e,
f96f,
fa32,
fb53,
fc1c,
fd3e,
fee4,
00a1,
023c,
035d,
0362,
02b3,
01f1,
0191,
0199,
01c7,
015a,
001b,
feaf,
fdc1,
fdee,
fea1,
fec3,
fe23,
fd8c,
fdd7,
fffe,
fffd,
fffc,
ffff,
0002,
0001,
0000,
ffff,
0001,
0003,
0007,
0004,
0002,
fffa,
fffa,
fff7,
0000,
0001,
0006,
fffd,
fffb,
fff7,
0017,
fff6,
001e,
ffd2,
0022,
ffc3,
003d,
ffca,
003a,
ffb6,
047d,
15f4,
1819,
ff0e,
b311,
c0a9,
29e6,
5872,
50f6,
1438,
e653,
eaba,
0760,
0455,
e497,
cb2c,
c60e,
e2e6,
f84e,
00c7,
01f3,
021e,
0b34,
1606,
1d9d,
1a33,
1231,
0b8b,
06d9,
fecf,
f811,
f45f,
f2b1,
f2a9,
f247,
f57d,
f807,
f9dd,
fc09,
ff95,
037f,
0756,
0826,
074a,
0794,
04a8,
01cf,
0366,
0537,
01c5,
fd29,
fbf6,
fca3,
fc1d,
fa09,
f755,
f4b1,
f488,
f9bf,
0119,
045a,
03ca,
0408,
067c,
0899,
081e,
05b7,
02ec,
004d,
fe0b,
fc0a,
fa92,
fa02,
fa78,
fb26,
fc4c,
fddd,
ff63,
00b7,
0206,
02fa,
0303,
028d,
01d3,
0179,
01a4,
01c7,
0134,
ffed,
fea4,
fdf3,
fe2e,
fec9,
feb6,
fe11,
fd99,
fffe,
fffd,
fffc,
ffff,
0002,
0001,
0000,
ffff,
0001,
0003,
0007,
0004,
0002,
fffa,
fffa,
fff7,
0000,
0001,
0006,
fffd,
fffb,
fff7,
0017,
fff6,
001e,
ffd2,
0022,
ffc3,
003d,
ffca,
003a,
ffb6,
047d,
15f4,
1819,
ff0e,
b311,
c0a9,
29e6,
5872,
50f6,
1438,
e653,
eaba,
0760,
0455,
e497,
cb2c,
c60e,
e2e6,
f84e,
00c7,
01f3,
021e,
0b34,
1606,
1d9d,
1a33,
1231,
0b8b,
06d9,
fecf,
f811,
f45f,
f2b1,
f2a9,
f247,
f57d,
f807,
f9dd,
fc09,
ff95,
037f,
0756,
0826,
074a,
0794,
04a8,
01cf,
0366,
0537,
01c5,
fd29,
fbf6,
fca3,
fc1d,
fa09,
f755,
f4b1,
f488,
f9bf,
0119,
045a,
03ca,
0408,
067c,
0899,
081e,
05b7,
02ec,
004d,
fe0b,
fc0a,
fa92,
fa02,
fa78,
fb26,
fc4c,
fddd,
ff63,
00b7,
0206,
02fa,
0303,
028d,
01d3,
0179,
01a4,
01c7,
0134,
ffed,
fea4,
fdf3,
fe2e,
fec9,
feb6,
fe11,
fd99,
0000,
fffd,
fffd,
fffe,
0000,
0001,
0000,
0000,
ffff,
0001,
0003,
0007,
0003,
0001,
fff9,
fffa,
fff8,
0002,
0001,
0004,
fffb,
fffa,
fffd,
0012,
fff7,
001b,
ffd0,
002b,
ffb4,
005c,
ff93,
0084,
ff69,
07bd,
161e,
13b4,
f29d,
b1b1,
d913,
3249,
5247,
44e2,
0973,
e622,
f014,
09dc,
ff51,
e2af,
cd5c,
ce73,
e925,
f954,
fffe,
ff08,
01f5,
0cba,
1619,
1ad7,
17dc,
1138,
0aa9,
05fe,
fe6d,
f839,
f493,
f385,
f335,
f327,
f67f,
f886,
f9c5,
fc59,
00bd,
041a,
06a6,
074a,
0723,
0663,
03b3,
0332,
03ea,
03c7,
0158,
fdbd,
fc45,
fc7d,
fbcd,
f952,
f72a,
f5a6,
f592,
fa62,
017a,
0487,
0369,
03d9,
063b,
07ec,
078b,
054a,
0264,
ffe9,
fe0a,
fc26,
facd,
fa7b,
faf9,
fb80,
fcb1,
fe40,
ff83,
00a4,
01ca,
0293,
02ab,
0241,
01a6,
016e,
0195,
01b1,
0117,
ffe4,
febe,
fe43,
fe8b,
fed8,
feaf,
fe28,
0003,
0000,
fffd,
fffd,
ffff,
0001,
0001,
ffff,
ffff,
0000,
0001,
0003,
0005,
0002,
0000,
fffa,
fffa,
fff9,
0001,
0001,
0003,
fffa,
fff9,
0002,
000c,
ffff,
0010,
ffda,
0025,
ffbd,
0058,
ff89,
0095,
ff95,
09f5,
146c,
0f2a,
ea4a,
b893,
eacd,
31b1,
4a80,
3a7b,
03df,
e74d,
f5b9,
0b84,
fbb4,
e37d,
d10e,
d4d1,
ec85,
f917,
fdc8,
fd6e,
0316,
0ce4,
144b,
1946,
169e,
0f3c,
0a1d,
060b,
fe19,
f888,
f58c,
f497,
f37b,
f3a3,
f746,
f912,
fa1c,
fd0b,
013a,
03c3,
0620,
06ea,
0696,
04dc,
02c8,
044c,
051c,
02c6,
fff6,
fdfd,
fcf8,
fcbc,
fb66,
f8da,
f708,
f67a,
f7cd,
fbed,
00ec,
037b,
036e,
0413,
05f5,
06ed,
0608,
0467,
0239,
ffed,
fdfb,
fc61,
fb4e,
fafd,
fbb0,
fc68,
fd14,
fe0f,
ff6b,
00a0,
019f,
0229,
0228,
01cc,
0176,
018b,
01b6,
019b,
00f2,
ffec,
ff07,
feac,
fec9,
fede,
fe9b,
0003,
0000,
fffd,
fffd,
ffff,
0001,
0001,
ffff,
ffff,
0000,
0001,
0003,
0005,
0002,
0000,
fffa,
fffa,
fff9,
0001,
0001,
0003,
fffa,
fff9,
0002,
000c,
ffff,
0010,
ffda,
0025,
ffbd,
0058,
ff89,
0095,
ff95,
09f5,
146c,
0f2a,
ea4a,
b893,
eacd,
31b1,
4a80,
3a7b,
03df,
e74d,
f5b9,
0b84,
fbb4,
e37d,
d10e,
d4d1,
ec85,
f917,
fdc8,
fd6e,
0316,
0ce4,
144b,
1946,
169e,
0f3c,
0a1d,
060b,
fe19,
f888,
f58c,
f497,
f37b,
f3a3,
f746,
f912,
fa1c,
fd0b,
013a,
03c3,
0620,
06ea,
0696,
04dc,
02c8,
044c,
051c,
02c6,
fff6,
fdfd,
fcf8,
fcbc,
fb66,
f8da,
f708,
f67a,
f7cd,
fbed,
00ec,
037b,
036e,
0413,
05f5,
06ed,
0608,
0467,
0239,
ffed,
fdfb,
fc61,
fb4e,
fafd,
fbb0,
fc68,
fd14,
fe0f,
ff6b,
00a0,
019f,
0229,
0228,
01cc,
0176,
018b,
01b6,
019b,
00f2,
ffec,
ff07,
feac,
fec9,
fede,
fe9b,
fffe,
ffff,
ffff,
0000,
0000,
fffe,
fffd,
fffe,
0001,
0003,
0006,
0002,
0000,
fffc,
fffb,
fffb,
ffff,
0000,
0001,
fffd,
fffb,
fff9,
000d,
fffd,
0010,
ffe9,
000c,
ffee,
000b,
fffd,
fff2,
0011,
01b1,
0c43,
1107,
0db5,
e19e,
cfd9,
0a1e,
2df3,
29bb,
0d90,
fdd3,
00e6,
07f1,
017b,
eba7,
de12,
db99,
e9dc,
f4a6,
f876,
fd76,
0161,
082b,
0edc,
1304,
11a8,
0e37,
08de,
060e,
025a,
fc74,
fa7c,
f8c7,
f7cc,
f792,
f802,
f752,
f822,
fa51,
fda2,
01c1,
0451,
0475,
0376,
0478,
0656,
06a7,
04f2,
01a0,
fe73,
fd6d,
fda9,
fdc8,
fd96,
fc5c,
faf1,
fb02,
fc22,
fdf5,
fec4,
fdfa,
fd75,
ff37,
026e,
045d,
0457,
030a,
01a9,
00eb,
00a5,
0048,
ff60,
fe6a,
fdb1,
fd29,
fcfb,
fd5f,
fe89,
ffbf,
0065,
0067,
002e,
0036,
005d,
00c6,
015b,
0153,
00b8,
ffff,
ffb1,
0012,
00ac,
00a3,
fff8,
ff31,
fec4,
fffe,
ffff,
ffff,
0000,
0000,
fffe,
fffd,
fffe,
0001,
0003,
0006,
0002,
0000,
fffc,
fffb,
fffb,
ffff,
0000,
0001,
fffd,
fffb,
fff9,
000d,
fffd,
0010,
ffe9,
000c,
ffee,
000b,
fffd,
fff2,
0011,
01b1,
0c43,
1107,
0db5,
e19e,
cfd9,
0a1e,
2df3,
29bb,
0d90,
fdd3,
00e6,
07f1,
017b,
eba7,
de12,
db99,
e9dc,
f4a6,
f876,
fd76,
0161,
082b,
0edc,
1304,
11a8,
0e37,
08de,
060e,
025a,
fc74,
fa7c,
f8c7,
f7cc,
f792,
f802,
f752,
f822,
fa51,
fda2,
01c1,
0451,
0475,
0376,
0478,
0656,
06a7,
04f2,
01a0,
fe73,
fd6d,
fda9,
fdc8,
fd96,
fc5c,
faf1,
fb02,
fc22,
fdf5,
fec4,
fdfa,
fd75,
ff37,
026e,
045d,
0457,
030a,
01a9,
00eb,
00a5,
0048,
ff60,
fe6a,
fdb1,
fd29,
fcfb,
fd5f,
fe89,
ffbf,
0065,
0067,
002e,
0036,
005d,
00c6,
015b,
0153,
00b8,
ffff,
ffb1,
0012,
00ac,
00a3,
fff8,
ff31,
fec4,
ffff,
0000,
ffff,
ffff,
ffff,
ffff,
fffe,
fffe,
fffe,
0001,
0004,
0004,
0002,
0000,
fffc,
fffc,
fffb,
0000,
0001,
0002,
fffd,
fffc,
fffb,
000c,
fffd,
000f,
ffe8,
0013,
ffe2,
001e,
ffdf,
001f,
ffe0,
02bd,
0bdc,
0f93,
08b8,
ded2,
d952,
0df5,
2af0,
2599,
0b1c,
fde0,
0123,
0854,
0053,
ed7d,
e139,
df7b,
ec5f,
f4e1,
f863,
fc3d,
007e,
06e5,
0d34,
1172,
10b6,
0da5,
08c6,
0654,
0233,
fcd9,
faf5,
f992,
f890,
f830,
f87d,
f7d7,
f8a8,
fab4,
fd9d,
0106,
038d,
03c2,
02eb,
03d1,
05b2,
0665,
04bd,
019d,
feeb,
fe14,
fe54,
fe2e,
fdd5,
fc8c,
fa89,
faa1,
fc9b,
fe3d,
fe3a,
fdd4,
fe6b,
ffff,
022b,
03e7,
0423,
02a6,
00f0,
005a,
0065,
0011,
ff39,
fe69,
fde3,
fd94,
fd8e,
fde0,
fe9a,
ffa6,
006d,
0071,
0033,
0029,
0053,
00ac,
013c,
0156,
00bd,
0012,
ffbe,
fff4,
0068,
0071,
ffe7,
ff40,
0001,
0000,
0000,
ffff,
0000,
ffff,
ffff,
ffff,
fffe,
fffe,
0001,
0003,
0004,
0001,
0000,
fffd,
fffd,
fffc,
0001,
0001,
0001,
fffe,
fffc,
fffd,
000a,
fffe,
000b,
ffec,
0012,
ffe2,
0022,
ffd5,
0033,
ffd3,
0368,
0af3,
0e0e,
04a6,
df08,
e0ea,
0f3f,
27e0,
21bb,
0984,
fe5e,
0200,
0836,
ffee,
ef90,
e3c8,
e2d7,
ee30,
f4fe,
f804,
fb73,
ffd7,
05b2,
0bf3,
103b,
0fc2,
0ce6,
08af,
0637,
020b,
fd8d,
fbab,
fa2f,
f908,
f8c3,
f8c5,
f815,
f91b,
fadd,
fd3b,
007d,
0321,
0300,
0246,
0429,
0629,
05ff,
0412,
016b,
ff4f,
fe86,
fed0,
fe77,
fd1c,
fbb4,
fae8,
fb9c,
fd07,
fdd9,
fdfb,
fe68,
ff78,
00b4,
01da,
02ed,
035d,
0288,
0105,
fff5,
ffac,
ff88,
ff1f,
fea7,
fe28,
fdbf,
fdc2,
fe3d,
fef6,
ffc8,
006d,
008f,
0069,
004f,
0067,
00b0,
0113,
011a,
008b,
fff6,
ffb9,
ffd5,
0015,
0022,
ffce,
0001,
0000,
0000,
ffff,
0000,
ffff,
ffff,
ffff,
fffe,
fffe,
0001,
0003,
0004,
0001,
0000,
fffd,
fffd,
fffc,
0001,
0001,
0001,
fffe,
fffc,
fffd,
000a,
fffe,
000b,
ffec,
0012,
ffe2,
0022,
ffd5,
0033,
ffd3,
0368,
0af3,
0e0e,
04a6,
df08,
e0ea,
0f3f,
27e0,
21bb,
0984,
fe5e,
0200,
0836,
ffee,
ef90,
e3c8,
e2d7,
ee30,
f4fe,
f804,
fb73,
ffd7,
05b2,
0bf3,
103b,
0fc2,
0ce6,
08af,
0637,
020b,
fd8d,
fbab,
fa2f,
f908,
f8c3,
f8c5,
f815,
f91b,
fadd,
fd3b,
007d,
0321,
0300,
0246,
0429,
0629,
05ff,
0412,
016b,
ff4f,
fe86,
fed0,
fe77,
fd1c,
fbb4,
fae8,
fb9c,
fd07,
fdd9,
fdfb,
fe68,
ff78,
00b4,
01da,
02ed,
035d,
0288,
0105,
fff5,
ffac,
ff88,
ff1f,
fea7,
fe28,
fdbf,
fdc2,
fe3d,
fef6,
ffc8,
006d,
008f,
0069,
004f,
0067,
00b0,
0113,
011a,
008b,
fff6,
ffb9,
ffd5,
0015,
0022,
ffce,
0001,
0000,
0000,
ffff,
0000,
ffff,
ffff,
ffff,
fffe,
fffe,
0001,
0003,
0004,
0001,
0000,
fffd,
fffd,
fffc,
0001,
0001,
0001,
fffe,
fffc,
fffd,
000a,
fffe,
000b,
ffec,
0012,
ffe2,
0022,
ffd5,
0033,
ffd3,
0368,
0af3,
0e0e,
04a6,
df08,
e0ea,
0f3f,
27e0,
21bb,
0984,
fe5e,
0200,
0836,
ffee,
ef90,
e3c8,
e2d7,
ee30,
f4fe,
f804,
fb73,
ffd7,
05b2,
0bf3,
103b,
0fc2,
0ce6,
08af,
0637,
020b,
fd8d,
fbab,
fa2f,
f908,
f8c3,
f8c5,
f815,
f91b,
fadd,
fd3b,
007d,
0321,
0300,
0246,
0429,
0629,
05ff,
0412,
016b,
ff4f,
fe86,
fed0,
fe77,
fd1c,
fbb4,
fae8,
fb9c,
fd07,
fdd9,
fdfb,
fe68,
ff78,
00b4,
01da,
02ed,
035d,
0288,
0105,
fff5,
ffac,
ff88,
ff1f,
fea7,
fe28,
fdbf,
fdc2,
fe3d,
fef6,
ffc8,
006d,
008f,
0069,
004f,
0067,
00b0,
0113,
011a,
008b,
fff6,
ffb9,
ffd5,
0015,
0022,
ffce,
0002,
0001,
0000,
ffff,
ffff,
0000,
0000,
ffff,
ffff,
ffff,
ffff,
0001,
0003,
0003,
0002,
0000,
fffe,
fffd,
fffd,
0000,
0000,
0001,
fffe,
fffb,
ffff,
0009,
0000,
0007,
fff0,
000f,
ffe6,
001f,
ffd6,
0039,
ffe0,
03ed,
0a1c,
0cbb,
00e1,
df8d,
e739,
10a8,
258a,
1dcf,
07cf,
ff0c,
02f7,
07fa,
ffc8,
f101,
e5e6,
e62a,
efe6,
f4fb,
f7db,
fb2b,
ff5e,
04bb,
0b10,
0f12,
0e69,
0bdd,
0888,
062a,
020d,
fe36,
fc36,
fa93,
f961,
f90f,
f8ed,
f88f,
f96f,
faad,
fd2a,
0025,
021e,
02e7,
0372,
04a9,
0582,
051b,
037b,
017c,
ffdc,
feb7,
fe1b,
fda4,
fd30,
fc66,
fb82,
fbde,
fd1b,
fdf0,
fe75,
ff36,
fffe,
0078,
0137,
0273,
0315,
0254,
00d2,
ff96,
ff15,
ff3e,
ff27,
feaf,
fe2f,
fdec,
fe0a,
fe98,
ff70,
000e,
0076,
00b2,
00bd,
008f,
005f,
0082,
00be,
00b2,
0042,
ffc8,
ff98,
ffa8,
ffe0,
0005,
0002,
0002,
0001,
0001,
ffff,
ffff,
ffff,
0000,
0000,
ffff,
fffe,
ffff,
0001,
0002,
0002,
0001,
0000,
fffe,
fffe,
fffd,
0000,
0000,
0001,
fffe,
fffb,
0001,
0006,
0002,
0002,
fff5,
000a,
ffec,
0019,
ffdf,
0033,
0003,
0461,
097e,
0b8d,
fd0e,
dffd,
ecd6,
12ad,
23b9,
19b0,
062e,
ffec,
03e9,
07a1,
ff72,
f1cf,
e7c8,
e938,
f141,
f528,
f81e,
fb2d,
ff10,
0422,
0a52,
0db2,
0d0a,
0b14,
0879,
05e3,
01ed,
feae,
fc66,
fa91,
f979,
f985,
f96e,
f8e8,
f98c,
faaf,
fc90,
000b,
0364,
03a6,
034f,
041e,
04bd,
0498,
0381,
0197,
feea,
fd4d,
fe07,
fedd,
fdb4,
fc0e,
fbc2,
fca4,
fdac,
fe56,
fef6,
ff56,
ffa3,
0052,
014b,
022d,
0279,
01c7,
008f,
ff92,
fef5,
fed7,
fede,
fecb,
fe75,
fe30,
fe63,
ff03,
ffcd,
0063,
00b5,
00cf,
00d0,
0094,
0038,
002e,
005c,
0050,
fff7,
ff92,
ff66,
ff9c,
0006,
0002,
0002,
0001,
0001,
ffff,
ffff,
ffff,
0000,
0000,
ffff,
fffe,
ffff,
0001,
0002,
0002,
0001,
0000,
fffe,
fffe,
fffd,
0000,
0000,
0001,
fffe,
fffb,
0001,
0006,
0002,
0002,
fff5,
000a,
ffec,
0019,
ffdf,
0033,
0003,
0461,
097e,
0b8d,
fd0e,
dffd,
ecd6,
12ad,
23b9,
19b0,
062e,
ffec,
03e9,
07a1,
ff72,
f1cf,
e7c8,
e938,
f141,
f528,
f81e,
fb2d,
ff10,
0422,
0a52,
0db2,
0d0a,
0b14,
0879,
05e3,
01ed,
feae,
fc66,
fa91,
f979,
f985,
f96e,
f8e8,
f98c,
faaf,
fc90,
000b,
0364,
03a6,
034f,
041e,
04bd,
0498,
0381,
0197,
feea,
fd4d,
fe07,
fedd,
fdb4,
fc0e,
fbc2,
fca4,
fdac,
fe56,
fef6,
ff56,
ffa3,
0052,
014b,
022d,
0279,
01c7,
008f,
ff92,
fef5,
fed7,
fede,
fecb,
fe75,
fe30,
fe63,
ff03,
ffcd,
0063,
00b5,
00cf,
00d0,
0094,
0038,
002e,
005c,
0050,
fff7,
ff92,
ff66,
ff9c,
0006,
0002,
0002,
0001,
0001,
ffff,
ffff,
ffff,
0000,
0000,
ffff,
fffe,
ffff,
0001,
0002,
0002,
0001,
0000,
fffe,
fffe,
fffd,
0000,
0000,
0001,
fffe,
fffb,
0001,
0006,
0002,
0002,
fff5,
000a,
ffec,
0019,
ffdf,
0033,
0003,
0461,
097e,
0b8d,
fd0e,
dffd,
ecd6,
12ad,
23b9,
19b0,
062e,
ffec,
03e9,
07a1,
ff72,
f1cf,
e7c8,
e938,
f141,
f528,
f81e,
fb2d,
ff10,
0422,
0a52,
0db2,
0d0a,
0b14,
0879,
05e3,
01ed,
feae,
fc66,
fa91,
f979,
f985,
f96e,
f8e8,
f98c,
faaf,
fc90,
000b,
0364,
03a6,
034f,
041e,
04bd,
0498,
0381,
0197,
feea,
fd4d,
fe07,
fedd,
fdb4,
fc0e,
fbc2,
fca4,
fdac,
fe56,
fef6,
ff56,
ffa3,
0052,
014b,
022d,
0279,
01c7,
008f,
ff92,
fef5,
fed7,
fede,
fecb,
fe75,
fe30,
fe63,
ff03,
ffcd,
0063,
00b5,
00cf,
00d0,
0094,
0038,
002e,
005c,
0050,
fff7,
ff92,
ff66,
ff9c,
0006,
0001,
0001,
0001,
0001,
0001,
0000,
ffff,
ffff,
0000,
0000,
ffff,
fffe,
ffff,
0000,
0003,
0003,
0001,
ffff,
fffe,
fffe,
fffe,
ffff,
0000,
0000,
ffff,
fffb,
0003,
0003,
0005,
fffe,
fffd,
0002,
fff5,
000e,
fff0,
0022,
005b,
0510,
093e,
0a1d,
f792,
e057,
f426,
164f,
219d,
1493,
0489,
00e5,
04fa,
071d,
fe5c,
f191,
e936,
ec3f,
f2b2,
f5bd,
f8ae,
fb74,
ff03,
03f6,
0a0a,
0c8b,
0bb8,
0a3a,
0823,
052c,
016e,
fe7f,
fc1b,
fa87,
f9fc,
fa35,
f9e2,
f95c,
f8ed,
fa6a,
fe7a,
01f0,
033d,
02f0,
02dc,
0385,
04ac,
04b9,
025c,
ff56,
fdf9,
fe7f,
ff4f,
feb1,
fd0e,
fc63,
fcf5,
fd8f,
fde2,
fe63,
fef9,
ff5c,
ffc2,
005a,
010c,
019d,
01dd,
0169,
0071,
ff6a,
fead,
fea4,
fef5,
ff0d,
fec4,
fe96,
fecc,
ff63,
0028,
00af,
00d1,
00b4,
008e,
004c,
fffd,
ffec,
0007,
fffc,
ffaf,
ff6f,
ff78,
ffdd,
0001,
0001,
0001,
0001,
0001,
0000,
ffff,
ffff,
ffff,
0000,
ffff,
ffff,
ffff,
ffff,
0000,
0002,
0002,
0001,
ffff,
ffff,
fffe,
ffff,
ffff,
0000,
ffff,
fffe,
fffc,
0006,
0001,
0006,
fff6,
0005,
fff7,
0007,
fffa,
000d,
fffd,
0129,
0607,
097a,
0730,
ef8d,
e299,
fe74,
1afb,
1e16,
0e96,
0326,
01f2,
065a,
0602,
fbdf,
f01e,
eabf,
ef74,
f423,
f6ad,
f953,
fbec,
ff8b,
04a4,
0a05,
0b5b,
0a69,
094e,
0755,
03bb,
0077,
fe13,
fc07,
fac7,
fab9,
fb0f,
f99e,
f8b5,
fa3b,
fd18,
ffc9,
01b5,
0270,
0252,
02ab,
03d6,
042f,
0265,
0073,
ffa5,
ff3e,
fef3,
fedf,
fe6a,
fd8f,
fd6a,
fda4,
fd83,
fdc9,
fec9,
ff6e,
ff69,
ff87,
0010,
00b4,
0147,
018f,
00fc,
fff1,
ff2d,
fedc,
fef1,
ff41,
ff5b,
ff16,
feed,
ff30,
ffc6,
0060,
00ab,
0093,
0051,
002e,
0007,
ffc7,
ffb1,
ffcb,
ffd6,
ffb0,
ff96,
ffb9,
0001,
0001,
0001,
0001,
0001,
0000,
ffff,
ffff,
ffff,
0000,
ffff,
ffff,
ffff,
ffff,
0000,
0002,
0002,
0001,
ffff,
ffff,
fffe,
ffff,
ffff,
0000,
ffff,
fffe,
fffc,
0006,
0001,
0006,
fff6,
0005,
fff7,
0007,
fffa,
000d,
fffd,
0129,
0607,
097a,
0730,
ef8d,
e299,
fe74,
1afb,
1e16,
0e96,
0326,
01f2,
065a,
0602,
fbdf,
f01e,
eabf,
ef74,
f423,
f6ad,
f953,
fbec,
ff8b,
04a4,
0a05,
0b5b,
0a69,
094e,
0755,
03bb,
0077,
fe13,
fc07,
fac7,
fab9,
fb0f,
f99e,
f8b5,
fa3b,
fd18,
ffc9,
01b5,
0270,
0252,
02ab,
03d6,
042f,
0265,
0073,
ffa5,
ff3e,
fef3,
fedf,
fe6a,
fd8f,
fd6a,
fda4,
fd83,
fdc9,
fec9,
ff6e,
ff69,
ff87,
0010,
00b4,
0147,
018f,
00fc,
fff1,
ff2d,
fedc,
fef1,
ff41,
ff5b,
ff16,
feed,
ff30,
ffc6,
0060,
00ab,
0093,
0051,
002e,
0007,
ffc7,
ffb1,
ffcb,
ffd6,
ffb0,
ff96,
ffb9,
0001,
0001,
0001,
0001,
0001,
0000,
ffff,
ffff,
ffff,
0000,
ffff,
ffff,
ffff,
ffff,
0000,
0002,
0002,
0001,
ffff,
ffff,
fffe,
ffff,
ffff,
0000,
ffff,
fffe,
fffc,
0006,
0001,
0006,
fff6,
0005,
fff7,
0007,
fffa,
000d,
fffd,
0129,
0607,
097a,
0730,
ef8d,
e299,
fe74,
1afb,
1e16,
0e96,
0326,
01f2,
065a,
0602,
fbdf,
f01e,
eabf,
ef74,
f423,
f6ad,
f953,
fbec,
ff8b,
04a4,
0a05,
0b5b,
0a69,
094e,
0755,
03bb,
0077,
fe13,
fc07,
fac7,
fab9,
fb0f,
f99e,
f8b5,
fa3b,
fd18,
ffc9,
01b5,
0270,
0252,
02ab,
03d6,
042f,
0265,
0073,
ffa5,
ff3e,
fef3,
fedf,
fe6a,
fd8f,
fd6a,
fda4,
fd83,
fdc9,
fec9,
ff6e,
ff69,
ff87,
0010,
00b4,
0147,
018f,
00fc,
fff1,
ff2d,
fedc,
fef1,
ff41,
ff5b,
ff16,
feed,
ff30,
ffc6,
0060,
00ab,
0093,
0051,
002e,
0007,
ffc7,
ffb1,
ffcb,
ffd6,
ffb0,
ff96,
ffb9,
0001,
0001,
0001,
0002,
0002,
0001,
0000,
0000,
ffff,
0000,
0000,
0000,
0000,
ffff,
0000,
0001,
0003,
0002,
0001,
ffff,
ffff,
fffe,
0000,
0000,
0001,
0000,
fffe,
ffff,
0006,
0002,
0004,
fff7,
0008,
fff2,
0013,
ffed,
0027,
fff3,
02de,
0747,
09d2,
ff95,
e612,
eb47,
0c6a,
1e60,
173c,
086d,
027a,
03c6,
07c2,
02f0,
f77a,
ee34,
ed4b,
f26e,
f56e,
f7d6,
fa25,
fcfd,
00bf,
05fa,
09f5,
0a41,
0921,
0816,
05ce,
021d,
ffab,
fdc2,
fc13,
fb50,
fb03,
fa4d,
fa4b,
fafa,
fbfe,
fdcf,
ffcc,
0169,
0213,
025e,
026f,
0247,
0258,
0227,
0146,
0005,
fee2,
feaf,
ff49,
fef9,
fdcc,
fd5f,
fd77,
fdc2,
fe9f,
ff63,
ff44,
ff01,
ff5e,
fff0,
0085,
0116,
0109,
0051,
ffc3,
ff76,
ff41,
ff60,
ffa9,
ff99,
ff4e,
ff41,
ff8c,
fff1,
0038,
0041,
0019,
fffa,
ffea,
ffba,
ff8d,
ffaf,
fffa,
0009,
ffd4,
ffbe,
0001,
0001,
0001,
0002,
0002,
0001,
0001,
0000,
0000,
0000,
0001,
0001,
0000,
0000,
0000,
0001,
0002,
0002,
0002,
0000,
ffff,
fffe,
ffff,
0000,
0001,
0000,
ffff,
fffd,
0005,
0002,
0007,
fff7,
0005,
fff6,
000a,
fffb,
0013,
fff6,
0108,
0578,
0906,
066f,
efc3,
e41e,
fef8,
19c7,
1b1f,
0d2a,
0472,
0358,
06df,
06a1,
fc70,
f1bb,
eddd,
f0fe,
f45a,
f718,
f924,
fb23,
fea3,
0346,
07a5,
097e,
092e,
07ce,
06c1,
040c,
00d1,
fedd,
fd8e,
fb87,
fa8b,
fba3,
fbd9,
fba3,
fbca,
fc75,
fe04,
005f,
01d0,
019e,
00d2,
0102,
028c,
033c,
0264,
00d7,
ff80,
fef2,
ff5a,
ff8a,
fe37,
fd1b,
fd73,
fe29,
fe98,
ff02,
ff2d,
fefe,
ff09,
ff5b,
ffbf,
0040,
00c6,
00c5,
0049,
ffd6,
ff9a,
ffb8,
0003,
fffd,
ffa8,
ff70,
ff75,
ff94,
ffb7,
ffc7,
ffbd,
ffbb,
ffc0,
ffa5,
ff8b,
ffc6,
002a,
004f,
001f,
ffe5,
0001,
0001,
0001,
0002,
0002,
0001,
0001,
0000,
0000,
0000,
0001,
0001,
0000,
0000,
0000,
0001,
0002,
0002,
0002,
0000,
ffff,
fffe,
ffff,
0000,
0001,
0000,
ffff,
fffd,
0005,
0002,
0007,
fff7,
0005,
fff6,
000a,
fffb,
0013,
fff6,
0108,
0578,
0906,
066f,
efc3,
e41e,
fef8,
19c7,
1b1f,
0d2a,
0472,
0358,
06df,
06a1,
fc70,
f1bb,
eddd,
f0fe,
f45a,
f718,
f924,
fb23,
fea3,
0346,
07a5,
097e,
092e,
07ce,
06c1,
040c,
00d1,
fedd,
fd8e,
fb87,
fa8b,
fba3,
fbd9,
fba3,
fbca,
fc75,
fe04,
005f,
01d0,
019e,
00d2,
0102,
028c,
033c,
0264,
00d7,
ff80,
fef2,
ff5a,
ff8a,
fe37,
fd1b,
fd73,
fe29,
fe98,
ff02,
ff2d,
fefe,
ff09,
ff5b,
ffbf,
0040,
00c6,
00c5,
0049,
ffd6,
ff9a,
ffb8,
0003,
fffd,
ffa8,
ff70,
ff75,
ff94,
ffb7,
ffc7,
ffbd,
ffbb,
ffc0,
ffa5,
ff8b,
ffc6,
002a,
004f,
001f,
ffe5,
0001,
0001,
0001,
0002,
0002,
0001,
0001,
0000,
0000,
0000,
0001,
0001,
0000,
0000,
0000,
0001,
0002,
0002,
0002,
0000,
ffff,
fffe,
ffff,
0000,
0001,
0000,
ffff,
fffd,
0005,
0002,
0007,
fff7,
0005,
fff6,
000a,
fffb,
0013,
fff6,
0108,
0578,
0906,
066f,
efc3,
e41e,
fef8,
19c7,
1b1f,
0d2a,
0472,
0358,
06df,
06a1,
fc70,
f1bb,
eddd,
f0fe,
f45a,
f718,
f924,
fb23,
fea3,
0346,
07a5,
097e,
092e,
07ce,
06c1,
040c,
00d1,
fedd,
fd8e,
fb87,
fa8b,
fba3,
fbd9,
fba3,
fbca,
fc75,
fe04,
005f,
01d0,
019e,
00d2,
0102,
028c,
033c,
0264,
00d7,
ff80,
fef2,
ff5a,
ff8a,
fe37,
fd1b,
fd73,
fe29,
fe98,
ff02,
ff2d,
fefe,
ff09,
ff5b,
ffbf,
0040,
00c6,
00c5,
0049,
ffd6,
ff9a,
ffb8,
0003,
fffd,
ffa8,
ff70,
ff75,
ff94,
ffb7,
ffc7,
ffbd,
ffbb,
ffc0,
ffa5,
ff8b,
ffc6,
002a,
004f,
001f,
ffe5,
0001,
0000,
ffff,
0001,
0001,
0001,
0000,
0000,
ffff,
0000,
0001,
0000,
ffff,
0000,
0001,
0001,
0001,
0002,
0002,
0001,
0000,
fffe,
fffe,
ffff,
0001,
0001,
ffff,
fffc,
0003,
0002,
0007,
fffb,
ffff,
fffb,
0001,
0008,
0005,
000a,
0066,
046e,
0872,
0839,
f51c,
e381,
f867,
160f,
1ba8,
0f3c,
05c5,
0412,
06cd,
07ca,
ff01,
f378,
ee28,
f0d9,
f3b8,
f61e,
f8ed,
fa48,
fd2d,
022d,
06c7,
083f,
08be,
0869,
0714,
04c4,
020c,
ffe6,
fd48,
fb52,
fb8f,
fc4a,
fc38,
fc3a,
fbe2,
fbe5,
fd64,
ffae,
00c1,
0043,
0007,
0127,
02ba,
0367,
02d9,
01b2,
0096,
ffa1,
ff24,
feec,
fe13,
fd53,
fdbe,
fe56,
fe66,
feaf,
ff3a,
ff4f,
ff18,
fefc,
fef9,
ff6e,
009a,
0143,
00ae,
ffd1,
ffb9,
0033,
007c,
004a,
ffe6,
ff8c,
ff55,
ff51,
ff5b,
ff52,
ff48,
ff6c,
ff98,
ffa2,
ffb3,
fffb,
0058,
0085,
0064,
001f,
0001,
0000,
0000,
0001,
0001,
0001,
0000,
0000,
0000,
0000,
0000,
0000,
ffff,
ffff,
0000,
0000,
0002,
0002,
0002,
0000,
ffff,
fffe,
fffe,
0000,
0001,
0000,
fffe,
fffc,
0004,
0001,
0006,
fffc,
0000,
fff8,
ffff,
0007,
0009,
0008,
0064,
0472,
08af,
0821,
f468,
e391,
f967,
168e,
1add,
0e60,
05ee,
04c8,
0792,
0837,
fec3,
f325,
ede1,
f05f,
f393,
f5c8,
f877,
fa6a,
fd1b,
020b,
0710,
0854,
084d,
08af,
07fa,
04d4,
0247,
ffe1,
fc59,
fb8c,
fc49,
fc4b,
fc18,
fc14,
fbfb,
fc47,
fdbc,
ff47,
ff4d,
ff16,
007b,
01ff,
02b5,
0323,
0312,
0273,
0155,
001a,
fef3,
fe0a,
fd7a,
fd94,
fe1d,
fe3a,
fe22,
fe9b,
ff7e,
ffbb,
ff4b,
feaf,
fe66,
ff29,
00bd,
0177,
00a5,
ffb3,
ffd9,
0096,
00d1,
0087,
000a,
ff7e,
ff27,
ff22,
ff1d,
feef,
fef0,
ff36,
ff86,
ffb6,
ffea,
003c,
008c,
00af,
008d,
0046,
0001,
0000,
0000,
0001,
0001,
0001,
0000,
0000,
0000,
0000,
0000,
0000,
ffff,
ffff,
0000,
0000,
0002,
0002,
0002,
0000,
ffff,
fffe,
fffe,
0000,
0001,
0000,
fffe,
fffc,
0004,
0001,
0006,
fffc,
0000,
fff8,
ffff,
0007,
0009,
0008,
0064,
0472,
08af,
0821,
f468,
e391,
f967,
168e,
1add,
0e60,
05ee,
04c8,
0792,
0837,
fec3,
f325,
ede1,
f05f,
f393,
f5c8,
f877,
fa6a,
fd1b,
020b,
0710,
0854,
084d,
08af,
07fa,
04d4,
0247,
ffe1,
fc59,
fb8c,
fc49,
fc4b,
fc18,
fc14,
fbfb,
fc47,
fdbc,
ff47,
ff4d,
ff16,
007b,
01ff,
02b5,
0323,
0312,
0273,
0155,
001a,
fef3,
fe0a,
fd7a,
fd94,
fe1d,
fe3a,
fe22,
fe9b,
ff7e,
ffbb,
ff4b,
feaf,
fe66,
ff29,
00bd,
0177,
00a5,
ffb3,
ffd9,
0096,
00d1,
0087,
000a,
ff7e,
ff27,
ff22,
ff1d,
feef,
fef0,
ff36,
ff86,
ffb6,
ffea,
003c,
008c,
00af,
008d,
0046,
0001,
0000,
0000,
0001,
0001,
0001,
0000,
0000,
0000,
0000,
0000,
0000,
ffff,
ffff,
0000,
0000,
0002,
0002,
0002,
0000,
ffff,
fffe,
fffe,
0000,
0001,
0000,
fffe,
fffc,
0004,
0001,
0006,
fffc,
0000,
fff8,
ffff,
0007,
0009,
0008,
0064,
0472,
08af,
0821,
f468,
e391,
f967,
168e,
1add,
0e60,
05ee,
04c8,
0792,
0837,
fec3,
f325,
ede1,
f05f,
f393,
f5c8,
f877,
fa6a,
fd1b,
020b,
0710,
0854,
084d,
08af,
07fa,
04d4,
0247,
ffe1,
fc59,
fb8c,
fc49,
fc4b,
fc18,
fc14,
fbfb,
fc47,
fdbc,
ff47,
ff4d,
ff16,
007b,
01ff,
02b5,
0323,
0312,
0273,
0155,
001a,
fef3,
fe0a,
fd7a,
fd94,
fe1d,
fe3a,
fe22,
fe9b,
ff7e,
ffbb,
ff4b,
feaf,
fe66,
ff29,
00bd,
0177,
00a5,
ffb3,
ffd9,
0096,
00d1,
0087,
000a,
ff7e,
ff27,
ff22,
ff1d,
feef,
fef0,
ff36,
ff86,
ffb6,
ffea,
003c,
008c,
00af,
008d,
0046,
0001,
ffff,
ffff,
0000,
0001,
0000,
0000,
0000,
ffff,
0000,
0000,
0000,
ffff,
fffe,
0000,
0000,
0001,
0001,
0001,
0000,
fffe,
fffd,
fffe,
0000,
0002,
ffff,
fffd,
fffc,
0005,
0000,
0006,
fff8,
0005,
fff2,
0008,
fffc,
0019,
ffed,
0103,
05ac,
09cf,
057e,
ed8a,
e51d,
0261,
1acc,
182b,
0ad2,
052b,
05a3,
08e7,
0746,
fbca,
f09d,
ed87,
f092,
f2ee,
f5f6,
f8cc,
fa96,
fe77,
03e8,
07cd,
08c9,
0911,
0904,
07b7,
0508,
019b,
fdb6,
fc65,
fc41,
fb85,
fbe5,
fbdb,
fb86,
fc10,
fd3e,
fe43,
fec5,
feb5,
ff62,
0130,
0282,
02d9,
0314,
0365,
02a4,
0134,
0007,
feaa,
fd66,
fd3e,
fda8,
fdb1,
fdeb,
fe78,
feff,
ffab,
0008,
ff5d,
fe50,
fe84,
ffd6,
00f0,
00fa,
0044,
ffc5,
0029,
00ce,
00e4,
0088,
ffef,
ff5c,
ff0a,
fef6,
fed4,
febc,
fef1,
ff45,
ff8f,
ffcb,
001c,
0084,
00ca,
00ca,
0085,
0036,
0001,
0000,
0001,
0002,
0002,
0001,
0000,
ffff,
0000,
0001,
0001,
0000,
ffff,
0000,
0001,
0002,
0003,
0001,
0001,
0000,
ffff,
fffe,
0000,
0001,
0001,
ffff,
fffd,
0001,
0005,
0003,
0003,
fffa,
0005,
fff2,
000f,
fff5,
0025,
ffed,
02e5,
083a,
0a98,
fc03,
e39e,
ef6b,
11fe,
1d81,
119e,
0669,
04ae,
0740,
0a10,
02d5,
f586,
edbd,
ee21,
f101,
f311,
f688,
f93b,
fc10,
0133,
071b,
0944,
0957,
09fd,
094a,
06fd,
03af,
ff58,
fcb2,
fc79,
fb7e,
fb31,
fb1f,
fb00,
fb8e,
fc84,
fdc1,
fe8d,
fef0,
ff79,
00bb,
01dd,
0296,
0328,
03b8,
0361,
01bc,
0064,
ff7d,
fe35,
fd43,
fd47,
fd35,
fd07,
fdd9,
ff1e,
ffd1,
fff6,
ffc4,
fef4,
fea9,
ffa9,
00b9,
00b3,
0016,
ffe6,
0020,
0084,
00c6,
00ac,
002b,
ff95,
ff34,
fef6,
feb4,
feaa,
fef8,
ff48,
ff72,
ff9f,
fff9,
0068,
00be,
00e2,
00b0,
004f,
0011,
0001,
0000,
0001,
0002,
0002,
0001,
0000,
ffff,
0000,
0001,
0001,
0000,
ffff,
0000,
0001,
0002,
0003,
0001,
0001,
0000,
ffff,
fffe,
0000,
0001,
0001,
ffff,
fffd,
0001,
0005,
0003,
0003,
fffa,
0005,
fff2,
000f,
fff5,
0025,
ffed,
02e5,
083a,
0a98,
fc03,
e39e,
ef6b,
11fe,
1d81,
119e,
0669,
04ae,
0740,
0a10,
02d5,
f586,
edbd,
ee21,
f101,
f311,
f688,
f93b,
fc10,
0133,
071b,
0944,
0957,
09fd,
094a,
06fd,
03af,
ff58,
fcb2,
fc79,
fb7e,
fb31,
fb1f,
fb00,
fb8e,
fc84,
fdc1,
fe8d,
fef0,
ff79,
00bb,
01dd,
0296,
0328,
03b8,
0361,
01bc,
0064,
ff7d,
fe35,
fd43,
fd47,
fd35,
fd07,
fdd9,
ff1e,
ffd1,
fff6,
ffc4,
fef4,
fea9,
ffa9,
00b9,
00b3,
0016,
ffe6,
0020,
0084,
00c6,
00ac,
002b,
ff95,
ff34,
fef6,
feb4,
feaa,
fef8,
ff48,
ff72,
ff9f,
fff9,
0068,
00be,
00e2,
00b0,
004f,
0011,
0001,
0000,
0001,
0002,
0002,
0001,
0000,
ffff,
0000,
0001,
0001,
0000,
ffff,
0000,
0001,
0002,
0003,
0001,
0001,
0000,
ffff,
fffe,
0000,
0001,
0001,
ffff,
fffd,
0001,
0005,
0003,
0003,
fffa,
0005,
fff2,
000f,
fff5,
0025,
ffed,
02e5,
083a,
0a98,
fc03,
e39e,
ef6b,
11fe,
1d81,
119e,
0669,
04ae,
0740,
0a10,
02d5,
f586,
edbd,
ee21,
f101,
f311,
f688,
f93b,
fc10,
0133,
071b,
0944,
0957,
09fd,
094a,
06fd,
03af,
ff58,
fcb2,
fc79,
fb7e,
fb31,
fb1f,
fb00,
fb8e,
fc84,
fdc1,
fe8d,
fef0,
ff79,
00bb,
01dd,
0296,
0328,
03b8,
0361,
01bc,
0064,
ff7d,
fe35,
fd43,
fd47,
fd35,
fd07,
fdd9,
ff1e,
ffd1,
fff6,
ffc4,
fef4,
fea9,
ffa9,
00b9,
00b3,
0016,
ffe6,
0020,
0084,
00c6,
00ac,
002b,
ff95,
ff34,
fef6,
feb4,
feaa,
fef8,
ff48,
ff72,
ff9f,
fff9,
0068,
00be,
00e2,
00b0,
004f,
0011,
0000,
0001,
0001,
0001,
0001,
0001,
0000,
0000,
0001,
0001,
0000,
ffff,
0000,
0001,
0002,
0002,
0002,
0001,
0000,
ffff,
fffe,
ffff,
0000,
0002,
ffff,
fffd,
fffc,
0006,
0001,
0006,
fff7,
0006,
fff4,
000a,
fff4,
0018,
ffed,
012a,
0691,
0b89,
04b5,
e9b8,
e492,
06d1,
1e96,
17d9,
090e,
0422,
05ad,
09f2,
0728,
f993,
eea4,
ecde,
efb4,
f15b,
f48f,
f7c4,
fa03,
ff16,
05e9,
09e9,
0a72,
0acf,
0a25,
0866,
0584,
00a1,
fd05,
fce2,
fba5,
fa5d,
fa9a,
fa73,
faa8,
fba8,
fcfd,
fe16,
ff08,
ffe4,
0134,
021a,
0274,
02ff,
03fa,
03fa,
0227,
005d,
ff63,
fe8d,
fdeb,
fd65,
fc98,
fc7a,
fd4b,
fe58,
ff9a,
0077,
001d,
ff04,
fef4,
0032,
0116,
00bf,
ffeb,
ffb1,
fff6,
0060,
0090,
0074,
001a,
ff9b,
ff2e,
fedf,
feac,
fec8,
ff29,
ff61,
ff76,
ffa8,
fff8,
004c,
00a4,
00d1,
00ad,
005f,
0021,
0002,
0001,
0001,
0000,
0001,
0000,
0000,
ffff,
0000,
0000,
0000,
ffff,
fffe,
ffff,
0001,
0002,
0002,
0000,
ffff,
fffe,
fffe,
ffff,
0000,
0001,
ffff,
fffd,
fffb,
0004,
0001,
0005,
fffb,
0000,
fffa,
ffff,
0003,
fffe,
000a,
0061,
054b,
0bc7,
0943,
ef78,
df91,
fdf4,
1e21,
1c4e,
0bbd,
0409,
04ae,
0937,
090a,
fc30,
ef36,
ebb4,
ee76,
f08a,
f359,
f712,
f913,
fd33,
046e,
0a2f,
0b59,
0bc2,
0b8c,
095a,
0651,
01fa,
fd67,
fc93,
fc06,
fa64,
f9f0,
f9b1,
fa3e,
fad6,
fbf4,
fd75,
fedc,
ffe4,
015f,
02e1,
032c,
035b,
0438,
0478,
029a,
0048,
ff1e,
fe60,
fdff,
fd9f,
fc84,
fbe2,
fcab,
fe0f,
ff3e,
0020,
0035,
ff67,
ff48,
00a7,
01b9,
0137,
0020,
ffb7,
ffe0,
002c,
003d,
0021,
ffd6,
ff64,
fefd,
fe92,
fe7e,
fef2,
ff7f,
ff9a,
ff8d,
ffcb,
001f,
0056,
0090,
00bb,
00ab,
005b,
0016,
fff1,
ffe4,
0001,
0001,
0000,
0001,
0000,
0000,
ffff,
0000,
0000,
0000,
ffff,
fffe,
ffff,
0001,
0002,
0002,
0000,
ffff,
fffe,
fffe,
ffff,
0000,
0001,
ffff,
fffd,
fffb,
0004,
0001,
0005,
fffb,
0000,
fffa,
ffff,
0003,
fffe,
000a,
0061,
054b,
0bc7,
0943,
ef78,
df91,
fdf4,
1e21,
1c4e,
0bbd,
0409,
04ae,
0937,
090a,
fc30,
ef36,
ebb4,
ee76,
f08a,
f359,
f712,
f913,
fd33,
046e,
0a2f,
0b59,
0bc2,
0b8c,
095a,
0651,
01fa,
fd67,
fc93,
fc06,
fa64,
f9f0,
f9b1,
fa3e,
fad6,
fbf4,
fd75,
fedc,
ffe4,
015f,
02e1,
032c,
035b,
0438,
0478,
029a,
0048,
ff1e,
fe60,
fdff,
fd9f,
fc84,
fbe2,
fcab,
fe0f,
ff3e,
0020,
0035,
ff67,
ff48,
00a7,
01b9,
0137,
0020,
ffb7,
ffe0,
002c,
003d,
0021,
ffd6,
ff64,
fefd,
fe92,
fe7e,
fef2,
ff7f,
ff9a,
ff8d,
ffcb,
001f,
0056,
0090,
00bb,
00ab,
005b,
0016,
fff1,
ffe4,
0001,
0001,
0000,
0001,
0000,
0000,
ffff,
0000,
0000,
0000,
ffff,
fffe,
ffff,
0001,
0002,
0002,
0000,
ffff,
fffe,
fffe,
ffff,
0000,
0001,
ffff,
fffd,
fffb,
0004,
0001,
0005,
fffb,
0000,
fffa,
ffff,
0003,
fffe,
000a,
0061,
054b,
0bc7,
0943,
ef78,
df91,
fdf4,
1e21,
1c4e,
0bbd,
0409,
04ae,
0937,
090a,
fc30,
ef36,
ebb4,
ee76,
f08a,
f359,
f712,
f913,
fd33,
046e,
0a2f,
0b59,
0bc2,
0b8c,
095a,
0651,
01fa,
fd67,
fc93,
fc06,
fa64,
f9f0,
f9b1,
fa3e,
fad6,
fbf4,
fd75,
fedc,
ffe4,
015f,
02e1,
032c,
035b,
0438,
0478,
029a,
0048,
ff1e,
fe60,
fdff,
fd9f,
fc84,
fbe2,
fcab,
fe0f,
ff3e,
0020,
0035,
ff67,
ff48,
00a7,
01b9,
0137,
0020,
ffb7,
ffe0,
002c,
003d,
0021,
ffd6,
ff64,
fefd,
fe92,
fe7e,
fef2,
ff7f,
ff9a,
ff8d,
ffcb,
001f,
0056,
0090,
00bb,
00ab,
005b,
0016,
fff1,
ffe4,
0001,
0001,
0001,
0000,
0000,
ffff,
0000,
0000,
0000,
ffff,
fffe,
ffff,
0000,
0002,
0001,
0001,
ffff,
ffff,
fffe,
fffe,
0000,
0002,
0000,
fffc,
fffb,
0003,
0003,
0003,
fffd,
fffb,
ffff,
fff8,
000a,
fff0,
001c,
000f,
0482,
0c1f,
0c04,
f321,
dce9,
f825,
1dd5,
1f86,
0dab,
0411,
0447,
08d7,
09e3,
fd05,
eeb3,
ea9f,
ed76,
efa3,
f253,
f6f0,
f8fb,
fc92,
03e0,
0a2a,
0bac,
0c58,
0c78,
0a58,
075e,
02f7,
fd67,
fbc6,
fc47,
fa81,
f978,
f974,
f9cb,
fa09,
fb46,
fd28,
fe67,
ff7d,
0132,
0334,
0408,
0448,
04ec,
04fe,
033b,
007b,
fe95,
fe00,
fe1c,
fd70,
fc1b,
fb9c,
fc3e,
fd89,
fefe,
0010,
ffe1,
ff20,
ffa6,
0180,
0262,
01b6,
00b2,
0025,
0004,
0008,
ffff,
ffbf,
ff64,
fefa,
fe7b,
fe26,
fe71,
ff0d,
ff7e,
ffba,
fffa,
002a,
003a,
005e,
00a0,
00cb,
00b2,
0067,
000a,
ffb9,
ffb6,
ffec,
0000,
0000,
0000,
0000,
ffff,
fffe,
0000,
ffff,
fffe,
fffd,
fffe,
0000,
0000,
0001,
0000,
fffe,
fffd,
fffc,
fffc,
ffff,
0001,
ffff,
fffb,
fff9,
0001,
0004,
0000,
fffd,
fff7,
0003,
fff2,
000e,
ffe5,
0022,
ffeb,
0411,
0cbd,
0e33,
f52b,
da8f,
f46b,
1e81,
2224,
0edb,
03e5,
0412,
08d8,
0a71,
fcf9,
ed3d,
e936,
ec79,
eeeb,
f18e,
f69d,
f914,
fcb5,
0436,
0ae5,
0c1e,
0c54,
0cc7,
0ad9,
07db,
0428,
fe5e,
fa83,
fb56,
fafc,
f95a,
f8e9,
f98c,
f9c7,
fa95,
fce6,
fe91,
ff00,
003d,
030d,
04d6,
0518,
059a,
05aa,
03ff,
010b,
fe83,
fda4,
fdf5,
fd40,
fbbf,
fb19,
fbb0,
fd41,
fecb,
ff9f,
ff4f,
fef1,
ffec,
01df,
02fb,
028c,
0169,
00ab,
0078,
0042,
ffc0,
ff4e,
ff06,
fe74,
fdc7,
fdb7,
fe53,
fef1,
ff64,
ffd8,
003a,
0065,
0075,
007f,
00b8,
00f2,
00de,
0072,
ffed,
ff92,
ff97,
ffe6,
fff5,
0000,
0000,
0000,
0000,
ffff,
fffe,
0000,
ffff,
fffe,
fffd,
fffe,
0000,
0000,
0001,
0000,
fffe,
fffd,
fffc,
fffc,
ffff,
0001,
ffff,
fffb,
fff9,
0001,
0004,
0000,
fffd,
fff7,
0003,
fff2,
000e,
ffe5,
0022,
ffeb,
0411,
0cbd,
0e33,
f52b,
da8f,
f46b,
1e81,
2224,
0edb,
03e5,
0412,
08d8,
0a71,
fcf9,
ed3d,
e936,
ec79,
eeeb,
f18e,
f69d,
f914,
fcb5,
0436,
0ae5,
0c1e,
0c54,
0cc7,
0ad9,
07db,
0428,
fe5e,
fa83,
fb56,
fafc,
f95a,
f8e9,
f98c,
f9c7,
fa95,
fce6,
fe91,
ff00,
003d,
030d,
04d6,
0518,
059a,
05aa,
03ff,
010b,
fe83,
fda4,
fdf5,
fd40,
fbbf,
fb19,
fbb0,
fd41,
fecb,
ff9f,
ff4f,
fef1,
ffec,
01df,
02fb,
028c,
0169,
00ab,
0078,
0042,
ffc0,
ff4e,
ff06,
fe74,
fdc7,
fdb7,
fe53,
fef1,
ff64,
ffd8,
003a,
0065,
0075,
007f,
00b8,
00f2,
00de,
0072,
ffed,
ff92,
ff97,
ffe6,
fff5,
0000,
0000,
0000,
0000,
ffff,
fffe,
0000,
ffff,
fffe,
fffd,
fffe,
0000,
0000,
0001,
0000,
fffe,
fffd,
fffc,
fffc,
ffff,
0001,
ffff,
fffb,
fff9,
0001,
0004,
0000,
fffd,
fff7,
0003,
fff2,
000e,
ffe5,
0022,
ffeb,
0411,
0cbd,
0e33,
f52b,
da8f,
f46b,
1e81,
2224,
0edb,
03e5,
0412,
08d8,
0a71,
fcf9,
ed3d,
e936,
ec79,
eeeb,
f18e,
f69d,
f914,
fcb5,
0436,
0ae5,
0c1e,
0c54,
0cc7,
0ad9,
07db,
0428,
fe5e,
fa83,
fb56,
fafc,
f95a,
f8e9,
f98c,
f9c7,
fa95,
fce6,
fe91,
ff00,
003d,
030d,
04d6,
0518,
059a,
05aa,
03ff,
010b,
fe83,
fda4,
fdf5,
fd40,
fbbf,
fb19,
fbb0,
fd41,
fecb,
ff9f,
ff4f,
fef1,
ffec,
01df,
02fb,
028c,
0169,
00ab,
0078,
0042,
ffc0,
ff4e,
ff06,
fe74,
fdc7,
fdb7,
fe53,
fef1,
ff64,
ffd8,
003a,
0065,
0075,
007f,
00b8,
00f2,
00de,
0072,
ffed,
ff92,
ff97,
ffe6,
fff5,
0002,
0001,
0001,
0000,
0000,
0001,
0001,
0000,
fffe,
ffff,
0001,
0003,
0003,
0001,
ffff,
fffe,
fffd,
fffe,
0001,
0002,
0001,
fffd,
fffc,
0001,
0007,
0002,
0002,
fff5,
0006,
fff0,
0015,
ffe3,
0028,
ffd6,
03ca,
0d89,
105a,
f6ba,
d7fa,
f12d,
1fd7,
24e8,
0fb5,
0393,
041d,
0926,
0ada,
fc69,
eb32,
e778,
eb77,
ee10,
f0c2,
f69e,
f939,
fcd2,
0536,
0c50,
0d22,
0c9e,
0cb6,
0af3,
07e8,
048d,
ff90,
fa54,
f9ba,
fa91,
f988,
f88a,
f91f,
f972,
fa65,
fd03,
ff04,
ff0c,
ff6d,
0211,
0527,
063a,
0637,
05dd,
0472,
01b2,
fee9,
fdef,
fddd,
fccb,
fb50,
fad0,
fb53,
fcd8,
fe96,
ff34,
fe92,
fea0,
003b,
0245,
0348,
031e,
024b,
0182,
010f,
0085,
ffc1,
ff25,
fe96,
fdc3,
fd45,
fd76,
fe07,
fe99,
ff4f,
0005,
0067,
007c,
0087,
00aa,
0109,
0146,
010f,
007a,
ffd0,
ff72,
ffa2,
fffa,
ffee,
ff87,
0000,
0000,
0000,
0000,
0000,
ffff,
fffe,
fffe,
ffff,
0001,
0002,
0003,
0001,
ffff,
fffc,
fffc,
fffd,
0001,
0001,
0001,
fffc,
fffc,
0001,
0009,
ffff,
0003,
fff2,
0009,
ffec,
0016,
ffdf,
0029,
ffc8,
036d,
0e2e,
12a3,
f900,
d5b3,
ecfb,
207f,
2805,
10ee,
032c,
0419,
0988,
0b6b,
fc04,
e8f3,
e55b,
ea5d,
ed4e,
efc6,
f65c,
f99d,
fcf4,
05f0,
0e03,
0e7b,
0d4f,
0ccd,
0ac2,
07e5,
046f,
004f,
faeb,
f863,
f953,
f9c8,
f84e,
f87d,
f90d,
fa16,
fd1a,
ffc5,
ffc6,
ff04,
00f3,
04bd,
06f8,
070a,
062e,
0446,
01b0,
ff8a,
feb6,
fe24,
fc8c,
fac4,
fa6b,
fb40,
fcbb,
fe29,
fe7a,
fdfe,
fe71,
004a,
027f,
038e,
0379,
02d1,
025a,
01d9,
00d3,
ffc6,
ff0e,
fe63,
fd6b,
fce3,
fcf2,
fd84,
fe62,
ff69,
000d,
0047,
0072,
009a,
00e5,
0157,
018b,
0141,
0084,
ffb9,
ff79,
ffbc,
fff8,
ffdc,
ff6c,
fee9,
0000,
0000,
0000,
0000,
0000,
ffff,
fffe,
fffe,
ffff,
0001,
0002,
0003,
0001,
ffff,
fffc,
fffc,
fffd,
0001,
0001,
0001,
fffc,
fffc,
0001,
0009,
ffff,
0003,
fff2,
0009,
ffec,
0016,
ffdf,
0029,
ffc8,
036d,
0e2e,
12a3,
f900,
d5b3,
ecfb,
207f,
2805,
10ee,
032c,
0419,
0988,
0b6b,
fc04,
e8f3,
e55b,
ea5d,
ed4e,
efc6,
f65c,
f99d,
fcf4,
05f0,
0e03,
0e7b,
0d4f,
0ccd,
0ac2,
07e5,
046f,
004f,
faeb,
f863,
f953,
f9c8,
f84e,
f87d,
f90d,
fa16,
fd1a,
ffc5,
ffc6,
ff04,
00f3,
04bd,
06f8,
070a,
062e,
0446,
01b0,
ff8a,
feb6,
fe24,
fc8c,
fac4,
fa6b,
fb40,
fcbb,
fe29,
fe7a,
fdfe,
fe71,
004a,
027f,
038e,
0379,
02d1,
025a,
01d9,
00d3,
ffc6,
ff0e,
fe63,
fd6b,
fce3,
fcf2,
fd84,
fe62,
ff69,
000d,
0047,
0072,
009a,
00e5,
0157,
018b,
0141,
0084,
ffb9,
ff79,
ffbc,
fff8,
ffdc,
ff6c,
fee9,
0000,
0000,
0000,
0000,
0000,
ffff,
fffe,
fffe,
ffff,
0001,
0002,
0003,
0001,
ffff,
fffc,
fffc,
fffd,
0001,
0001,
0001,
fffc,
fffc,
0001,
0009,
ffff,
0003,
fff2,
0009,
ffec,
0016,
ffdf,
0029,
ffc8,
036d,
0e2e,
12a3,
f900,
d5b3,
ecfb,
207f,
2805,
10ee,
032c,
0419,
0988,
0b6b,
fc04,
e8f3,
e55b,
ea5d,
ed4e,
efc6,
f65c,
f99d,
fcf4,
05f0,
0e03,
0e7b,
0d4f,
0ccd,
0ac2,
07e5,
046f,
004f,
faeb,
f863,
f953,
f9c8,
f84e,
f87d,
f90d,
fa16,
fd1a,
ffc5,
ffc6,
ff04,
00f3,
04bd,
06f8,
070a,
062e,
0446,
01b0,
ff8a,
feb6,
fe24,
fc8c,
fac4,
fa6b,
fb40,
fcbb,
fe29,
fe7a,
fdfe,
fe71,
004a,
027f,
038e,
0379,
02d1,
025a,
01d9,
00d3,
ffc6,
ff0e,
fe63,
fd6b,
fce3,
fcf2,
fd84,
fe62,
ff69,
000d,
0047,
0072,
009a,
00e5,
0157,
018b,
0141,
0084,
ffb9,
ff79,
ffbc,
fff8,
ffdc,
ff6c,
fee9,
0001,
0001,
0000,
0000,
0000,
ffff,
fffe,
ffff,
0000,
0003,
0004,
0002,
ffff,
fffc,
fffd,
fffd,
0001,
0001,
0002,
fffc,
fffd,
0001,
000b,
ffff,
0005,
fff1,
000a,
ffea,
0018,
ffe1,
0025,
ffc5,
02dc,
0e80,
1514,
fcab,
d414,
e6e6,
1fd6,
2bd4,
131c,
02d1,
03de,
09b3,
0c2f,
fc7c,
e6ed,
e2bf,
e8cc,
ec90,
eed4,
f5da,
f9ef,
fd25,
064d,
0fa0,
1039,
0e2a,
0d5b,
0aad,
07dc,
043b,
008c,
fbc3,
f7f6,
f73e,
f949,
f8c9,
f7d2,
f87f,
f9a2,
fcfa,
0051,
00e5,
ff82,
003e,
03da,
0737,
07e9,
068c,
03fe,
012d,
ffe2,
ff7d,
fe70,
fc84,
faa7,
fa25,
fb15,
fcb4,
fdd4,
fdea,
fd70,
fe49,
008a,
02a2,
0391,
03b0,
0366,
02c4,
021a,
0136,
0023,
fefd,
fe28,
fd70,
fccf,
fc8d,
fcff,
fe11,
ff4e,
0018,
0059,
0056,
0084,
0115,
01a7,
01d4,
0160,
0070,
ffa6,
ff99,
ffef,
0009,
ffb8,
ff26,
febe,
fed1,
0000,
0000,
0000,
0000,
ffff,
fffe,
fffe,
0001,
0004,
0005,
0001,
ffff,
fffc,
fffd,
fffc,
0001,
0001,
0002,
fffc,
fffd,
fffe,
000c,
0000,
0008,
ffef,
000a,
ffec,
0013,
ffeb,
0015,
ffd7,
0204,
0e11,
1750,
0251,
d4b6,
de87,
1bfe,
2fcc,
1718,
0316,
0339,
0976,
0cd6,
fe5e,
e606,
dfe7,
e698,
eb7a,
edb9,
f50c,
fa30,
fd3b,
0633,
1093,
123e,
0f40,
0e4c,
0afd,
07e7,
0436,
008a,
fc7a,
f872,
f5ad,
f736,
f921,
f7cc,
f7de,
f925,
fc7f,
007c,
01d7,
00a7,
004b,
0323,
06a7,
08a8,
075f,
039a,
0060,
ffed,
0038,
fe92,
fc67,
fabb,
fa35,
faf4,
fc96,
fd8c,
fd75,
fd3a,
fe5c,
00ad,
02a9,
03c1,
03e9,
0396,
02f4,
0237,
0135,
002b,
ff30,
fe59,
fd79,
fcb1,
fc67,
fccf,
fdeb,
ff1a,
ffe0,
003d,
0061,
00b1,
0133,
01bf,
01fd,
0178,
0070,
ffb7,
ffa9,
fff1,
0016,
ffae,
fefd,
fe8c,
febd,
ff56,
0000,
0000,
0000,
0000,
ffff,
fffe,
fffe,
0001,
0004,
0005,
0001,
ffff,
fffc,
fffd,
fffc,
0001,
0001,
0002,
fffc,
fffd,
fffe,
000c,
0000,
0008,
ffef,
000a,
ffec,
0013,
ffeb,
0015,
ffd7,
0204,
0e11,
1750,
0251,
d4b6,
de87,
1bfe,
2fcc,
1718,
0316,
0339,
0976,
0cd6,
fe5e,
e606,
dfe7,
e698,
eb7a,
edb9,
f50c,
fa30,
fd3b,
0633,
1093,
123e,
0f40,
0e4c,
0afd,
07e7,
0436,
008a,
fc7a,
f872,
f5ad,
f736,
f921,
f7cc,
f7de,
f925,
fc7f,
007c,
01d7,
00a7,
004b,
0323,
06a7,
08a8,
075f,
039a,
0060,
ffed,
0038,
fe92,
fc67,
fabb,
fa35,
faf4,
fc96,
fd8c,
fd75,
fd3a,
fe5c,
00ad,
02a9,
03c1,
03e9,
0396,
02f4,
0237,
0135,
002b,
ff30,
fe59,
fd79,
fcb1,
fc67,
fccf,
fdeb,
ff1a,
ffe0,
003d,
0061,
00b1,
0133,
01bf,
01fd,
0178,
0070,
ffb7,
ffa9,
fff1,
0016,
ffae,
fefd,
fe8c,
febd,
ff56,
0000,
0000,
0000,
0000,
ffff,
fffe,
fffe,
0001,
0004,
0005,
0001,
ffff,
fffc,
fffd,
fffc,
0001,
0001,
0002,
fffc,
fffd,
fffe,
000c,
0000,
0008,
ffef,
000a,
ffec,
0013,
ffeb,
0015,
ffd7,
0204,
0e11,
1750,
0251,
d4b6,
de87,
1bfe,
2fcc,
1718,
0316,
0339,
0976,
0cd6,
fe5e,
e606,
dfe7,
e698,
eb7a,
edb9,
f50c,
fa30,
fd3b,
0633,
1093,
123e,
0f40,
0e4c,
0afd,
07e7,
0436,
008a,
fc7a,
f872,
f5ad,
f736,
f921,
f7cc,
f7de,
f925,
fc7f,
007c,
01d7,
00a7,
004b,
0323,
06a7,
08a8,
075f,
039a,
0060,
ffed,
0038,
fe92,
fc67,
fabb,
fa35,
faf4,
fc96,
fd8c,
fd75,
fd3a,
fe5c,
00ad,
02a9,
03c1,
03e9,
0396,
02f4,
0237,
0135,
002b,
ff30,
fe59,
fd79,
fcb1,
fc67,
fccf,
fdeb,
ff1a,
ffe0,
003d,
0061,
00b1,
0133,
01bf,
01fd,
0178,
0070,
ffb7,
ffa9,
fff1,
0016,
ffae,
fefd,
fe8c,
febd,
ff56,
0000,
0000,
0000,
fffe,
fffd,
fffe,
0001,
0004,
0005,
0001,
ffff,
fffc,
fffc,
fffc,
ffff,
0001,
0002,
fffc,
fffc,
fffc,
000c,
0003,
0006,
fff3,
0002,
fff7,
0002,
0003,
fff4,
0008,
00d5,
0c22,
18d5,
0b01,
da58,
d313,
1180,
3336,
1e42,
053e,
01f0,
087c,
0d17,
025c,
e791,
dce7,
e377,
e9d1,
ec40,
f34d,
fa3f,
fd28,
0566,
1092,
1455,
10a6,
0f6d,
0c3f,
0838,
0478,
008d,
fd06,
f95e,
f588,
f473,
f7ad,
f855,
f785,
f8a1,
fbb9,
0029,
0276,
01f1,
010a,
02d9,
05ee,
0869,
087c,
0430,
ffc5,
ff20,
0065,
ff2d,
fc81,
fa8e,
fa21,
fade,
fc66,
fd5d,
fd12,
fd34,
feab,
00c6,
02a7,
03f9,
043b,
03b5,
02ef,
0232,
0119,
fff3,
ff35,
fe9b,
fd9e,
fcad,
fc62,
fcd8,
fdcf,
fef2,
ffcb,
001f,
004d,
00bb,
014d,
01da,
021b,
0178,
007c,
ffde,
ffc2,
ffed,
fff9,
ff96,
fef4,
fe7d,
fea6,
ff41,
ffe5,
ffff,
0000,
ffff,
fffd,
fffd,
0000,
0003,
0006,
0003,
ffff,
fffc,
fffb,
fffc,
fffd,
0001,
0002,
fffe,
fffa,
fffb,
0008,
0008,
0001,
ffff,
fff4,
0008,
ffeb,
001f,
ffd1,
003a,
ffdc,
0863,
181d,
1503,
e831,
c930,
fd2d,
3216,
286e,
0b6e,
00da,
0663,
0c48,
07af,
ed74,
dae4,
df35,
e739,
ea86,
f058,
f95a,
fcf8,
03c5,
0f3b,
15e6,
12dd,
105c,
0e31,
098d,
0544,
00d1,
fd6d,
fa4c,
f691,
f343,
f47d,
f75a,
f7c0,
f855,
fae5,
ff12,
0290,
032b,
024f,
02df,
058d,
07b7,
089c,
05ad,
007d,
fe1f,
ff50,
ffc7,
fd63,
fa97,
f99b,
fa9d,
fc10,
fd0f,
fcec,
fd2f,
fed4,
00e0,
02b8,
0434,
048d,
03e2,
0303,
0244,
00f9,
ffa4,
ff16,
febe,
fdba,
fca6,
fc67,
fcda,
fdcb,
fee4,
ffc8,
001a,
0051,
00bc,
0138,
01c5,
021d,
0191,
00aa,
0006,
ffcd,
ffe3,
ffdf,
ff8e,
fefd,
fe79,
fe82,
ff16,
ffc9,
0037,
ffff,
0000,
ffff,
fffd,
fffd,
0000,
0003,
0006,
0003,
ffff,
fffc,
fffb,
fffc,
fffd,
0001,
0002,
fffe,
fffa,
fffb,
0008,
0008,
0001,
ffff,
fff4,
0008,
ffeb,
001f,
ffd1,
003a,
ffdc,
0863,
181d,
1503,
e831,
c930,
fd2d,
3216,
286e,
0b6e,
00da,
0663,
0c48,
07af,
ed74,
dae4,
df35,
e739,
ea86,
f058,
f95a,
fcf8,
03c5,
0f3b,
15e6,
12dd,
105c,
0e31,
098d,
0544,
00d1,
fd6d,
fa4c,
f691,
f343,
f47d,
f75a,
f7c0,
f855,
fae5,
ff12,
0290,
032b,
024f,
02df,
058d,
07b7,
089c,
05ad,
007d,
fe1f,
ff50,
ffc7,
fd63,
fa97,
f99b,
fa9d,
fc10,
fd0f,
fcec,
fd2f,
fed4,
00e0,
02b8,
0434,
048d,
03e2,
0303,
0244,
00f9,
ffa4,
ff16,
febe,
fdba,
fca6,
fc67,
fcda,
fdcb,
fee4,
ffc8,
001a,
0051,
00bc,
0138,
01c5,
021d,
0191,
00aa,
0006,
ffcd,
ffe3,
ffdf,
ff8e,
fefd,
fe79,
fe82,
ff16,
ffc9,
0037,
ffff,
0000,
ffff,
fffd,
fffd,
0000,
0003,
0006,
0003,
ffff,
fffc,
fffb,
fffc,
fffd,
0001,
0002,
fffe,
fffa,
fffb,
0008,
0008,
0001,
ffff,
fff4,
0008,
ffeb,
001f,
ffd1,
003a,
ffdc,
0863,
181d,
1503,
e831,
c930,
fd2d,
3216,
286e,
0b6e,
00da,
0663,
0c48,
07af,
ed74,
dae4,
df35,
e739,
ea86,
f058,
f95a,
fcf8,
03c5,
0f3b,
15e6,
12dd,
105c,
0e31,
098d,
0544,
00d1,
fd6d,
fa4c,
f691,
f343,
f47d,
f75a,
f7c0,
f855,
fae5,
ff12,
0290,
032b,
024f,
02df,
058d,
07b7,
089c,
05ad,
007d,
fe1f,
ff50,
ffc7,
fd63,
fa97,
f99b,
fa9d,
fc10,
fd0f,
fcec,
fd2f,
fed4,
00e0,
02b8,
0434,
048d,
03e2,
0303,
0244,
00f9,
ffa4,
ff16,
febe,
fdba,
fca6,
fc67,
fcda,
fdcb,
fee4,
ffc8,
001a,
0051,
00bc,
0138,
01c5,
021d,
0191,
00aa,
0006,
ffcd,
ffe3,
ffdf,
ff8e,
fefd,
fe79,
fe82,
ff16,
ffc9,
0037,
ffff,
ffff,
fffd,
fffd,
ffff,
0003,
0005,
0004,
0000,
fffe,
fffa,
fffb,
fffc,
0000,
0000,
0000,
fffa,
fffc,
0000,
000f,
fffe,
0009,
ffeb,
0010,
ffe3,
0020,
ffda,
002c,
ffb4,
03b1,
13b5,
1c5f,
fe2b,
ca0f,
e001,
25a0,
32b6,
171a,
02e5,
0348,
09be,
0bcf,
f87a,
dccb,
d9db,
e316,
e875,
eca4,
f690,
fcad,
0192,
0c50,
1609,
15ed,
11cc,
1000,
0bf9,
0710,
01b6,
fdc1,
faf3,
f7c1,
f3e9,
f284,
f423,
f6a2,
f85c,
fa67,
fdd8,
01bf,
03d0,
03b6,
03bb,
0555,
0749,
0804,
06a1,
027e,
fe4a,
fd85,
ff3d,
feac,
fb72,
f923,
f9d7,
fb9b,
fc9c,
fcc6,
fd31,
fe9f,
00bf,
02d8,
0463,
04de,
0439,
034f,
026d,
0120,
ff91,
fed2,
fe96,
fde5,
fcbc,
fc3c,
fca5,
fd9c,
fed5,
ffde,
0046,
006b,
00c1,
0128,
019d,
01fe,
01a9,
00e5,
0033,
ffc7,
ffd2,
ffd1,
ffa1,
ff21,
fe86,
fe5d,
fed4,
ff93,
0025,
0038,
ffff,
fffe,
fffd,
fffc,
0000,
0005,
0006,
0001,
fffe,
fffa,
fffa,
fffc,
fffe,
ffff,
0001,
fffc,
fffb,
fffa,
000a,
0005,
0006,
fff8,
fffa,
ffff,
fff2,
0018,
ffd7,
0031,
0034,
0bcd,
1c54,
14d7,
df2d,
c5e0,
069f,
35f2,
26b1,
0b81,
0183,
0590,
0b81,
0587,
e748,
d5f0,
dc99,
e566,
e947,
f16b,
fb5c,
ff91,
07fc,
137d,
188c,
1486,
118b,
0eb5,
0a0e,
03d4,
fe86,
fb60,
f888,
f53b,
f2cc,
f209,
f315,
f71f,
fa3b,
fcb7,
0084,
03c6,
0467,
0488,
05f7,
0756,
0792,
0689,
0442,
0029,
fcc2,
fd80,
fee5,
fd11,
f9c4,
f8eb,
fa98,
fc26,
fc9b,
fd09,
fe4c,
0021,
0295,
047d,
0525,
04a7,
03c2,
02e4,
0194,
ffd3,
febc,
fe6b,
fdee,
fcf3,
fc2a,
fc38,
fd11,
fe7e,
ffe5,
0081,
0096,
00df,
0137,
017e,
01d1,
01b6,
0122,
007c,
ffce,
ff95,
ffaa,
ffc0,
ff7a,
fec7,
fe4d,
fe80,
ff39,
fff9,
0053,
0023,
ffff,
fffe,
fffd,
fffc,
0000,
0005,
0006,
0001,
fffe,
fffa,
fffa,
fffc,
fffe,
ffff,
0001,
fffc,
fffb,
fffa,
000a,
0005,
0006,
fff8,
fffa,
ffff,
fff2,
0018,
ffd7,
0031,
0034,
0bcd,
1c54,
14d7,
df2d,
c5e0,
069f,
35f2,
26b1,
0b81,
0183,
0590,
0b81,
0587,
e748,
d5f0,
dc99,
e566,
e947,
f16b,
fb5c,
ff91,
07fc,
137d,
188c,
1486,
118b,
0eb5,
0a0e,
03d4,
fe86,
fb60,
f888,
f53b,
f2cc,
f209,
f315,
f71f,
fa3b,
fcb7,
0084,
03c6,
0467,
0488,
05f7,
0756,
0792,
0689,
0442,
0029,
fcc2,
fd80,
fee5,
fd11,
f9c4,
f8eb,
fa98,
fc26,
fc9b,
fd09,
fe4c,
0021,
0295,
047d,
0525,
04a7,
03c2,
02e4,
0194,
ffd3,
febc,
fe6b,
fdee,
fcf3,
fc2a,
fc38,
fd11,
fe7e,
ffe5,
0081,
0096,
00df,
0137,
017e,
01d1,
01b6,
0122,
007c,
ffce,
ff95,
ffaa,
ffc0,
ff7a,
fec7,
fe4d,
fe80,
ff39,
fff9,
0053,
0023,
ffff,
fffe,
fffd,
fffc,
0000,
0005,
0006,
0001,
fffe,
fffa,
fffa,
fffc,
fffe,
ffff,
0001,
fffc,
fffb,
fffa,
000a,
0005,
0006,
fff8,
fffa,
ffff,
fff2,
0018,
ffd7,
0031,
0034,
0bcd,
1c54,
14d7,
df2d,
c5e0,
069f,
35f2,
26b1,
0b81,
0183,
0590,
0b81,
0587,
e748,
d5f0,
dc99,
e566,
e947,
f16b,
fb5c,
ff91,
07fc,
137d,
188c,
1486,
118b,
0eb5,
0a0e,
03d4,
fe86,
fb60,
f888,
f53b,
f2cc,
f209,
f315,
f71f,
fa3b,
fcb7,
0084,
03c6,
0467,
0488,
05f7,
0756,
0792,
0689,
0442,
0029,
fcc2,
fd80,
fee5,
fd11,
f9c4,
f8eb,
fa98,
fc26,
fc9b,
fd09,
fe4c,
0021,
0295,
047d,
0525,
04a7,
03c2,
02e4,
0194,
ffd3,
febc,
fe6b,
fdee,
fcf3,
fc2a,
fc38,
fd11,
fe7e,
ffe5,
0081,
0096,
00df,
0137,
017e,
01d1,
01b6,
0122,
007c,
ffce,
ff95,
ffaa,
ffc0,
ff7a,
fec7,
fe4d,
fe80,
ff39,
fff9,
0053,
0023,
ffff,
fffd,
fffc,
ffff,
0003,
0006,
0006,
0001,
fffe,
fffa,
fffb,
fffb,
0000,
0000,
0000,
fff9,
fffc,
fffe,
0013,
fffd,
000e,
ffe6,
0014,
ffe0,
0023,
ffda,
0028,
ffba,
02ee,
136f,
1fa5,
06ea,
c906,
d46e,
21cf,
35cf,
1c9b,
0679,
0248,
0643,
0c2f,
fc60,
dbbe,
d44b,
de83,
e66c,
eac5,
f679,
fe38,
02f4,
0d99,
180e,
18dd,
13c0,
1184,
0d9b,
07e9,
00d1,
fc42,
f8e2,
f63e,
f40e,
f264,
f0ef,
f2c2,
f88a,
fbfc,
fece,
02cf,
04e6,
04c4,
05de,
0808,
085f,
06cd,
04a3,
024f,
fe6d,
fc34,
fd8a,
fdf8,
fb8e,
f90c,
f947,
fb11,
fc5b,
fcc1,
fdc0,
ff52,
018d,
0412,
054e,
051c,
044d,
0384,
0277,
00af,
fef3,
fe5d,
fe16,
fd4e,
fc4d,
fbd9,
fc4d,
fd94,
ff54,
00a0,
00dc,
00e4,
0139,
018d,
01c7,
01ca,
0156,
00cd,
0018,
ff7e,
ff67,
ff92,
ffba,
ff50,
fe9f,
fe52,
feb7,
ff81,
003d,
0062,
0009,
fffe,
fffc,
fffd,
0001,
0005,
0006,
0006,
0000,
fffd,
fff9,
fffc,
fffd,
0002,
0000,
ffff,
fff9,
fffc,
0003,
0011,
fffd,
000d,
ffe1,
001e,
ffce,
0040,
ffae,
0069,
ff65,
063e,
1833,
2004,
fa7d,
bd86,
e445,
2fbf,
3257,
16a6,
04c8,
02be,
0653,
0c06,
f4ad,
d52f,
d359,
df91,
e6f4,
ece4,
fa77,
fffe,
05d4,
11b0,
1ae5,
1887,
13f3,
1170,
0c26,
060c,
fe7a,
f9f0,
f6ae,
f519,
f348,
f204,
f0f8,
f2ff,
f950,
fdb4,
00e2,
0405,
056d,
056a,
06df,
094f,
0907,
05f2,
02b6,
00a1,
fdad,
fc22,
fd1c,
fcf7,
faa9,
f8dc,
f991,
fb70,
fc9a,
fd09,
fe65,
002e,
0296,
04e3,
0589,
04ce,
040a,
0369,
0211,
fff6,
fe8b,
fe43,
fddf,
fce3,
fbe1,
fba2,
fc63,
fe16,
ffeb,
00fd,
010f,
011c,
017c,
01cb,
01ef,
01b2,
0120,
007e,
ffb9,
ff50,
ff50,
ff96,
ffb1,
ff37,
fe93,
fe69,
fee9,
ffbd,
0067,
0050,
ffe5,
fffe,
fffc,
fffd,
0001,
0005,
0006,
0006,
0000,
fffd,
fff9,
fffc,
fffd,
0002,
0000,
ffff,
fff9,
fffc,
0003,
0011,
fffd,
000d,
ffe1,
001e,
ffce,
0040,
ffae,
0069,
ff65,
063e,
1833,
2004,
fa7d,
bd86,
e445,
2fbf,
3257,
16a6,
04c8,
02be,
0653,
0c06,
f4ad,
d52f,
d359,
df91,
e6f4,
ece4,
fa77,
fffe,
05d4,
11b0,
1ae5,
1887,
13f3,
1170,
0c26,
060c,
fe7a,
f9f0,
f6ae,
f519,
f348,
f204,
f0f8,
f2ff,
f950,
fdb4,
00e2,
0405,
056d,
056a,
06df,
094f,
0907,
05f2,
02b6,
00a1,
fdad,
fc22,
fd1c,
fcf7,
faa9,
f8dc,
f991,
fb70,
fc9a,
fd09,
fe65,
002e,
0296,
04e3,
0589,
04ce,
040a,
0369,
0211,
fff6,
fe8b,
fe43,
fddf,
fce3,
fbe1,
fba2,
fc63,
fe16,
ffeb,
00fd,
010f,
011c,
017c,
01cb,
01ef,
01b2,
0120,
007e,
ffb9,
ff50,
ff50,
ff96,
ffb1,
ff37,
fe93,
fe69,
fee9,
ffbd,
0067,
0050,
ffe5,
fffe,
fffc,
fffd,
0001,
0005,
0006,
0006,
0000,
fffd,
fff9,
fffc,
fffd,
0002,
0000,
ffff,
fff9,
fffc,
0003,
0011,
fffd,
000d,
ffe1,
001e,
ffce,
0040,
ffae,
0069,
ff65,
063e,
1833,
2004,
fa7d,
bd86,
e445,
2fbf,
3257,
16a6,
04c8,
02be,
0653,
0c06,
f4ad,
d52f,
d359,
df91,
e6f4,
ece4,
fa77,
fffe,
05d4,
11b0,
1ae5,
1887,
13f3,
1170,
0c26,
060c,
fe7a,
f9f0,
f6ae,
f519,
f348,
f204,
f0f8,
f2ff,
f950,
fdb4,
00e2,
0405,
056d,
056a,
06df,
094f,
0907,
05f2,
02b6,
00a1,
fdad,
fc22,
fd1c,
fcf7,
faa9,
f8dc,
f991,
fb70,
fc9a,
fd09,
fe65,
002e,
0296,
04e3,
0589,
04ce,
040a,
0369,
0211,
fff6,
fe8b,
fe43,
fddf,
fce3,
fbe1,
fba2,
fc63,
fe16,
ffeb,
00fd,
010f,
011c,
017c,
01cb,
01ef,
01b2,
0120,
007e,
ffb9,
ff50,
ff50,
ff96,
ffb1,
ff37,
fe93,
fe69,
fee9,
ffbd,
0067,
0050,
ffe5,
fffe,
fffc,
fffd,
0000,
0005,
0007,
0005,
fffe,
fffb,
fff8,
fffb,
fffd,
0001,
fffe,
ffff,
fffa,
fffb,
0005,
0010,
fffd,
000c,
ffe1,
0021,
ffc6,
004e,
ff98,
0086,
ff47,
0832,
19f7,
2026,
f53f,
b80e,
eb82,
35b3,
30d3,
1400,
0491,
0324,
05da,
0be9,
f0ed,
d1aa,
d1d1,
df8e,
e796,
ee96,
fcba,
00d9,
07b7,
1458,
1c58,
191a,
148d,
10a3,
0b16,
04be,
fc37,
f830,
f5bd,
f3f9,
f29b,
f30e,
f1db,
f2b0,
f994,
ff44,
0218,
0479,
05f7,
05ab,
0715,
0a34,
09ab,
055c,
0136,
ff84,
fd85,
fc22,
fc82,
fc1b,
fa57,
f8e9,
f9b9,
fbc2,
fce5,
fd41,
fecf,
00c4,
02e3,
050d,
0597,
0497,
03df,
0355,
01cb,
ff93,
fe8b,
fe66,
fdca,
fca9,
fbb3,
fb8a,
fc65,
fe4d,
002a,
0124,
0119,
0134,
01a7,
01ee,
0208,
01ac,
00fd,
0041,
ff8a,
ff42,
ff4a,
ff9e,
ffb7,
ff2e,
fe90,
fe84,
ff0c,
ffdf,
006f,
0033,
ffbf,
fffd,
fffc,
fffd,
0001,
0006,
0007,
0006,
ffff,
fffc,
fff8,
fffb,
fffb,
0002,
ffff,
ffff,
fff9,
fffb,
0004,
0013,
fffa,
0010,
ffda,
002b,
ffbc,
005b,
ff8b,
0094,
ff34,
07c5,
1940,
20ef,
fa65,
b5dc,
e55f,
3694,
332f,
14b6,
04fb,
03fd,
0484,
0bf1,
f277,
d0ec,
cf24,
de0a,
e88e,
eeb1,
fce1,
0178,
0871,
14f7,
1d9a,
1a83,
1497,
104f,
0a32,
03c3,
fb1b,
f795,
f4ea,
f320,
f32c,
f46f,
f2de,
f2aa,
f913,
ff58,
02d2,
04e1,
05dc,
0570,
0700,
0a76,
0a1e,
05eb,
00d5,
fe7f,
fd95,
fc75,
fbc5,
fb5c,
fa8a,
f91d,
f9b9,
fbf0,
fd47,
fd5a,
fedb,
00dc,
027d,
0490,
058a,
04c5,
03da,
0338,
01bb,
ffb6,
fed1,
fea4,
fde1,
fcb0,
fbc8,
fb91,
fc31,
fe09,
0010,
0127,
011a,
011d,
01a2,
01fb,
0220,
01c4,
00ef,
0036,
ff88,
ff46,
ff58,
ffab,
ffc8,
ff33,
fea3,
fea0,
ff16,
ffca,
0061,
0024,
ff9b,
fffd,
fffc,
fffd,
0001,
0006,
0007,
0006,
ffff,
fffc,
fff8,
fffb,
fffb,
0002,
ffff,
ffff,
fff9,
fffb,
0004,
0013,
fffa,
0010,
ffda,
002b,
ffbc,
005b,
ff8b,
0094,
ff34,
07c5,
1940,
20ef,
fa65,
b5dc,
e55f,
3694,
332f,
14b6,
04fb,
03fd,
0484,
0bf1,
f277,
d0ec,
cf24,
de0a,
e88e,
eeb1,
fce1,
0178,
0871,
14f7,
1d9a,
1a83,
1497,
104f,
0a32,
03c3,
fb1b,
f795,
f4ea,
f320,
f32c,
f46f,
f2de,
f2aa,
f913,
ff58,
02d2,
04e1,
05dc,
0570,
0700,
0a76,
0a1e,
05eb,
00d5,
fe7f,
fd95,
fc75,
fbc5,
fb5c,
fa8a,
f91d,
f9b9,
fbf0,
fd47,
fd5a,
fedb,
00dc,
027d,
0490,
058a,
04c5,
03da,
0338,
01bb,
ffb6,
fed1,
fea4,
fde1,
fcb0,
fbc8,
fb91,
fc31,
fe09,
0010,
0127,
011a,
011d,
01a2,
01fb,
0220,
01c4,
00ef,
0036,
ff88,
ff46,
ff58,
ffab,
ffc8,
ff33,
fea3,
fea0,
ff16,
ffca,
0061,
0024,
ff9b,
fffd,
fffc,
fffd,
0001,
0006,
0007,
0006,
ffff,
fffc,
fff8,
fffb,
fffb,
0002,
ffff,
ffff,
fff9,
fffb,
0004,
0013,
fffa,
0010,
ffda,
002b,
ffbc,
005b,
ff8b,
0094,
ff34,
07c5,
1940,
20ef,
fa65,
b5dc,
e55f,
3694,
332f,
14b6,
04fb,
03fd,
0484,
0bf1,
f277,
d0ec,
cf24,
de0a,
e88e,
eeb1,
fce1,
0178,
0871,
14f7,
1d9a,
1a83,
1497,
104f,
0a32,
03c3,
fb1b,
f795,
f4ea,
f320,
f32c,
f46f,
f2de,
f2aa,
f913,
ff58,
02d2,
04e1,
05dc,
0570,
0700,
0a76,
0a1e,
05eb,
00d5,
fe7f,
fd95,
fc75,
fbc5,
fb5c,
fa8a,
f91d,
f9b9,
fbf0,
fd47,
fd5a,
fedb,
00dc,
027d,
0490,
058a,
04c5,
03da,
0338,
01bb,
ffb6,
fed1,
fea4,
fde1,
fcb0,
fbc8,
fb91,
fc31,
fe09,
0010,
0127,
011a,
011d,
01a2,
01fb,
0220,
01c4,
00ef,
0036,
ff88,
ff46,
ff58,
ffab,
ffc8,
ff33,
fea3,
fea0,
ff16,
ffca,
0061,
0024,
ff9b,
fffe,
fffc,
fffc,
ffff,
0005,
0007,
0007,
ffff,
fffd,
fff7,
fffa,
fffa,
0001,
fffd,
ffff,
fff8,
fffd,
fffd,
0018,
fff4,
001a,
ffd3,
002f,
ffbb,
0050,
ffa5,
0066,
ff6d,
04e2,
165e,
2081,
0941,
bbfe,
d0c2,
2efd,
399d,
1a4e,
05de,
0504,
0309,
0ad2,
f9aa,
d452,
cc1d,
d9fd,
e90c,
ed35,
faaf,
024a,
0785,
1425,
1da5,
1c2c,
153e,
1052,
093b,
0417,
fbcf,
f6e6,
f4c1,
f3a0,
f3ce,
f528,
f4bf,
f310,
f75a,
fdf3,
02d4,
0510,
055f,
0547,
0663,
09af,
0a88,
07b0,
0215,
fdb3,
fd69,
fce1,
fb70,
facf,
fad1,
f995,
f98c,
fbda,
fd9c,
fdae,
fe62,
0049,
01c8,
0372,
0500,
0525,
0458,
0345,
01d6,
004e,
ff58,
fee1,
fe2b,
fd20,
fc04,
fb97,
fbef,
fd6c,
ff74,
00fb,
0134,
00e0,
0158,
01f6,
022f,
01f8,
0128,
004f,
ff91,
ff4f,
ff86,
ffbf,
ffd2,
ff5c,
fecb,
fea6,
ff07,
ff95,
003c,
002d,
ff8d,
0000,
fffe,
fffc,
fffd,
0003,
0006,
0008,
0002,
fffe,
fff9,
fffa,
fffa,
0000,
0001,
0001,
fffb,
fffc,
fff7,
0016,
fffc,
0014,
ffe5,
000b,
fff0,
ffff,
0018,
ffc9,
004b,
00f5,
1126,
1cf9,
1930,
d460,
b738,
157c,
3fe7,
262e,
09dd,
046e,
031c,
074a,
036f,
de7d,
cba6,
d379,
e638,
ec6a,
f603,
0212,
065b,
113e,
1b1a,
1de0,
16b9,
1095,
096b,
0531,
fded,
f6e6,
f5d8,
f4b1,
f451,
f57b,
f6b4,
f407,
f579,
fb6a,
011a,
04bd,
0555,
0513,
0559,
081f,
0a96,
0951,
04f9,
fec6,
fc87,
fce1,
fbd3,
fadc,
fad3,
fa38,
f993,
fb46,
fd94,
fe51,
fe25,
feee,
00aa,
0227,
03b3,
050f,
052a,
03d7,
0226,
0106,
0019,
ff57,
fe9a,
fdd0,
fc86,
fb99,
fbba,
fcb5,
fe8b,
005f,
0125,
00cc,
00df,
01ae,
0217,
0228,
01af,
0093,
ffb2,
ff57,
ffa6,
ffe6,
ffec,
ffa8,
ff0a,
fe9e,
fed5,
ff65,
0000,
0036,
ffa5,
0000,
fffe,
fffc,
fffd,
0003,
0006,
0008,
0002,
fffe,
fff9,
fffa,
fffa,
0000,
0001,
0001,
fffb,
fffc,
fff7,
0016,
fffc,
0014,
ffe5,
000b,
fff0,
ffff,
0018,
ffc9,
004b,
00f5,
1126,
1cf9,
1930,
d460,
b738,
157c,
3fe7,
262e,
09dd,
046e,
031c,
074a,
036f,
de7d,
cba6,
d379,
e638,
ec6a,
f603,
0212,
065b,
113e,
1b1a,
1de0,
16b9,
1095,
096b,
0531,
fded,
f6e6,
f5d8,
f4b1,
f451,
f57b,
f6b4,
f407,
f579,
fb6a,
011a,
04bd,
0555,
0513,
0559,
081f,
0a96,
0951,
04f9,
fec6,
fc87,
fce1,
fbd3,
fadc,
fad3,
fa38,
f993,
fb46,
fd94,
fe51,
fe25,
feee,
00aa,
0227,
03b3,
050f,
052a,
03d7,
0226,
0106,
0019,
ff57,
fe9a,
fdd0,
fc86,
fb99,
fbba,
fcb5,
fe8b,
005f,
0125,
00cc,
00df,
01ae,
0217,
0228,
01af,
0093,
ffb2,
ff57,
ffa6,
ffe6,
ffec,
ffa8,
ff0a,
fe9e,
fed5,
ff65,
0000,
0036,
ffa5,
0000,
fffe,
fffc,
fffd,
0003,
0006,
0008,
0002,
fffe,
fff9,
fffa,
fffa,
0000,
0001,
0001,
fffb,
fffc,
fff7,
0016,
fffc,
0014,
ffe5,
000b,
fff0,
ffff,
0018,
ffc9,
004b,
00f5,
1126,
1cf9,
1930,
d460,
b738,
157c,
3fe7,
262e,
09dd,
046e,
031c,
074a,
036f,
de7d,
cba6,
d379,
e638,
ec6a,
f603,
0212,
065b,
113e,
1b1a,
1de0,
16b9,
1095,
096b,
0531,
fded,
f6e6,
f5d8,
f4b1,
f451,
f57b,
f6b4,
f407,
f579,
fb6a,
011a,
04bd,
0555,
0513,
0559,
081f,
0a96,
0951,
04f9,
fec6,
fc87,
fce1,
fbd3,
fadc,
fad3,
fa38,
f993,
fb46,
fd94,
fe51,
fe25,
feee,
00aa,
0227,
03b3,
050f,
052a,
03d7,
0226,
0106,
0019,
ff57,
fe9a,
fdd0,
fc86,
fb99,
fbba,
fcb5,
fe8b,
005f,
0125,
00cc,
00df,
01ae,
0217,
0228,
01af,
0093,
ffb2,
ff57,
ffa6,
ffe6,
ffec,
ffa8,
ff0a,
fe9e,
fed5,
ff65,
0000,
0036,
ffa5,
0000,
ffff,
fffc,
fffc,
0000,
0006,
0007,
0006,
ffff,
fffc,
fff8,
fffb,
fffb,
0003,
ffff,
0001,
fff9,
fffb,
0004,
0014,
fff8,
0015,
ffd1,
0036,
ffac,
0072,
ff6e,
00ba,
ff1e,
0907,
17c6,
1e51,
fbca,
b2c5,
e56e,
3909,
35f2,
1697,
031e,
0386,
0379,
091f,
efc3,
d1c0,
cdfe,
dd10,
ec65,
f115,
fee3,
059c,
0c5f,
16a0,
1cef,
1950,
11cd,
0b83,
05b2,
014a,
f923,
f6db,
f637,
f523,
f589,
f76a,
f5e8,
f477,
f87c,
fde9,
02ea,
056b,
0541,
04a3,
063d,
0995,
0a04,
079e,
0296,
fcfe,
fb93,
fc17,
fbc1,
fb1e,
faba,
f9fb,
fa88,
fcae,
fe94,
fecf,
fe1e,
fea2,
0064,
026c,
0450,
0555,
04ab,
0305,
01c0,
00e9,
0032,
ff3c,
fe54,
fd4c,
fc01,
fb7f,
fc0e,
fd99,
ff69,
00ac,
00df,
009e,
010c,
01d4,
021d,
021a,
013f,
0008,
ff6b,
ff7f,
fff6,
0038,
0007,
ff6a,
fec0,
fe90,
ff17,
ffcb,
002d,
ffd8,
ffff,
0000,
fffe,
fffd,
fffe,
0002,
0006,
0008,
0003,
fffe,
fff9,
fff9,
fffb,
0001,
0001,
0001,
fffc,
fffc,
fff8,
0016,
fffc,
0014,
ffe5,
000d,
ffef,
ffff,
001b,
ffca,
004b,
0127,
10ae,
1989,
1773,
d6fc,
b94e,
1338,
3e5b,
2ab3,
0ab4,
0089,
0265,
0758,
0174,
e0e8,
cf66,
d250,
e64c,
f019,
f853,
03a1,
07a1,
1084,
1837,
1aae,
14b3,
0e9a,
0732,
03ae,
fe52,
f830,
f7b7,
f673,
f5f9,
f6e6,
f767,
f510,
f64f,
fa6f,
ff71,
0424,
05b3,
04e9,
04c7,
075b,
099c,
08dd,
0618,
00d0,
fb7c,
fac9,
fc84,
fc23,
fb69,
fad8,
fa2d,
fb46,
fd93,
ff6b,
fed4,
fd62,
fdd0,
0072,
038e,
0500,
04b4,
03d5,
02d4,
01c9,
00f2,
002c,
ff0b,
fe02,
fcba,
fbac,
fba7,
fca9,
fe49,
ffe0,
00c5,
00bb,
008b,
0117,
01dc,
0205,
01ee,
00e0,
ffa4,
ff56,
ffb7,
0044,
0085,
0009,
ff1f,
fe8f,
fea8,
ff62,
001b,
001c,
ffff,
0000,
fffe,
fffd,
fffe,
0002,
0006,
0008,
0003,
fffe,
fff9,
fff9,
fffb,
0001,
0001,
0001,
fffc,
fffc,
fff8,
0016,
fffc,
0014,
ffe5,
000d,
ffef,
ffff,
001b,
ffca,
004b,
0127,
10ae,
1989,
1773,
d6fc,
b94e,
1338,
3e5b,
2ab3,
0ab4,
0089,
0265,
0758,
0174,
e0e8,
cf66,
d250,
e64c,
f019,
f853,
03a1,
07a1,
1084,
1837,
1aae,
14b3,
0e9a,
0732,
03ae,
fe52,
f830,
f7b7,
f673,
f5f9,
f6e6,
f767,
f510,
f64f,
fa6f,
ff71,
0424,
05b3,
04e9,
04c7,
075b,
099c,
08dd,
0618,
00d0,
fb7c,
fac9,
fc84,
fc23,
fb69,
fad8,
fa2d,
fb46,
fd93,
ff6b,
fed4,
fd62,
fdd0,
0072,
038e,
0500,
04b4,
03d5,
02d4,
01c9,
00f2,
002c,
ff0b,
fe02,
fcba,
fbac,
fba7,
fca9,
fe49,
ffe0,
00c5,
00bb,
008b,
0117,
01dc,
0205,
01ee,
00e0,
ffa4,
ff56,
ffb7,
0044,
0085,
0009,
ff1f,
fe8f,
fea8,
ff62,
001b,
001c,
ffff,
0000,
fffe,
fffd,
fffe,
0002,
0006,
0008,
0003,
fffe,
fff9,
fff9,
fffb,
0001,
0001,
0001,
fffc,
fffc,
fff8,
0016,
fffc,
0014,
ffe5,
000d,
ffef,
ffff,
001b,
ffca,
004b,
0127,
10ae,
1989,
1773,
d6fc,
b94e,
1338,
3e5b,
2ab3,
0ab4,
0089,
0265,
0758,
0174,
e0e8,
cf66,
d250,
e64c,
f019,
f853,
03a1,
07a1,
1084,
1837,
1aae,
14b3,
0e9a,
0732,
03ae,
fe52,
f830,
f7b7,
f673,
f5f9,
f6e6,
f767,
f510,
f64f,
fa6f,
ff71,
0424,
05b3,
04e9,
04c7,
075b,
099c,
08dd,
0618,
00d0,
fb7c,
fac9,
fc84,
fc23,
fb69,
fad8,
fa2d,
fb46,
fd93,
ff6b,
fed4,
fd62,
fdd0,
0072,
038e,
0500,
04b4,
03d5,
02d4,
01c9,
00f2,
002c,
ff0b,
fe02,
fcba,
fbac,
fba7,
fca9,
fe49,
ffe0,
00c5,
00bb,
008b,
0117,
01dc,
0205,
01ee,
00e0,
ffa4,
ff56,
ffb7,
0044,
0085,
0009,
ff1f,
fe8f,
fea8,
ff62,
001b,
001c,
0000,
ffff,
ffff,
fffd,
fffd,
0000,
0005,
0006,
0007,
0001,
fffe,
fff8,
fffb,
fffa,
0003,
0000,
0002,
fff9,
fffc,
fffe,
0018,
fff5,
001b,
ffd0,
0034,
ffb5,
005e,
ff95,
007e,
ff5d,
05f2,
13ce,
1984,
0716,
c010,
d607,
2b51,
39e3,
2074,
0288,
ffcc,
0360,
0945,
f6a8,
da0b,
d048,
d90f,
ed4e,
f43d,
fd70,
0442,
094f,
1190,
1779,
17e0,
11ea,
0b42,
04f8,
036a,
fcac,
f872,
f845,
f707,
f68c,
f73c,
f6e8,
f58b,
f7be,
fbb3,
00d3,
04cb,
05c1,
04a7,
0500,
07ab,
0906,
07dc,
0485,
ff1b,
fad8,
fb29,
fd04,
fca7,
fc06,
fae0,
fa38,
fbb8,
fe53,
ffcf,
fe5a,
fc63,
fd65,
0183,
04a1,
04c4,
03e0,
0365,
02cf,
01c1,
00db,
000d,
fee4,
fd90,
fc48,
fbc2,
fc0e,
fd36,
feca,
0036,
00dd,
00a7,
006a,
00e7,
01bb,
01fb,
01a3,
0090,
ff80,
ff63,
ffec,
007e,
00bf,
0008,
fef0,
fe7e,
fed2,
ffa0,
0043,
0001,
0000,
0000,
fffe,
fffc,
fffe,
0002,
0004,
0006,
0005,
0001,
fffe,
fff8,
fffa,
fffc,
0004,
0000,
0000,
fff9,
fffa,
0008,
000c,
ffff,
000a,
ffe1,
0025,
ffc2,
005e,
ff82,
00a0,
ff7a,
09ed,
13b7,
175b,
f578,
bcf3,
f02e,
31f4,
3462,
180e,
fedb,
ff95,
05f5,
0752,
eec1,
d982,
d2de,
e014,
f1ce,
f6f9,
fef2,
0387,
0994,
10d7,
1685,
157c,
0fba,
0941,
054a,
0332,
fba5,
f958,
f8cd,
f720,
f69d,
f79d,
f6a4,
f639,
f909,
fcb4,
0185,
0516,
059f,
0439,
0501,
0775,
0848,
06c3,
0307,
fe33,
fb50,
fbcb,
fd7b,
fd93,
fc36,
fa87,
fa7a,
fc23,
fe96,
ffba,
fdc1,
fbcc,
fdd2,
02ab,
04d1,
042f,
03a9,
02fb,
0249,
01c5,
00e9,
ff96,
fe75,
fd8c,
fc6b,
fbe3,
fc6a,
fdce,
ff38,
0067,
00da,
007e,
004b,
00b0,
0178,
01bd,
0164,
0095,
ff93,
ff56,
0006,
00bc,
00da,
0012,
fee7,
fe82,
fef8,
ffc9,
0001,
0000,
0000,
fffe,
fffc,
fffe,
0002,
0004,
0006,
0005,
0001,
fffe,
fff8,
fffa,
fffc,
0004,
0000,
0000,
fff9,
fffa,
0008,
000c,
ffff,
000a,
ffe1,
0025,
ffc2,
005e,
ff82,
00a0,
ff7a,
09ed,
13b7,
175b,
f578,
bcf3,
f02e,
31f4,
3462,
180e,
fedb,
ff95,
05f5,
0752,
eec1,
d982,
d2de,
e014,
f1ce,
f6f9,
fef2,
0387,
0994,
10d7,
1685,
157c,
0fba,
0941,
054a,
0332,
fba5,
f958,
f8cd,
f720,
f69d,
f79d,
f6a4,
f639,
f909,
fcb4,
0185,
0516,
059f,
0439,
0501,
0775,
0848,
06c3,
0307,
fe33,
fb50,
fbcb,
fd7b,
fd93,
fc36,
fa87,
fa7a,
fc23,
fe96,
ffba,
fdc1,
fbcc,
fdd2,
02ab,
04d1,
042f,
03a9,
02fb,
0249,
01c5,
00e9,
ff96,
fe75,
fd8c,
fc6b,
fbe3,
fc6a,
fdce,
ff38,
0067,
00da,
007e,
004b,
00b0,
0178,
01bd,
0164,
0095,
ff93,
ff56,
0006,
00bc,
00da,
0012,
fee7,
fe82,
fef8,
ffc9,
0001,
0000,
0000,
fffe,
fffc,
fffe,
0002,
0004,
0006,
0005,
0001,
fffe,
fff8,
fffa,
fffc,
0004,
0000,
0000,
fff9,
fffa,
0008,
000c,
ffff,
000a,
ffe1,
0025,
ffc2,
005e,
ff82,
00a0,
ff7a,
09ed,
13b7,
175b,
f578,
bcf3,
f02e,
31f4,
3462,
180e,
fedb,
ff95,
05f5,
0752,
eec1,
d982,
d2de,
e014,
f1ce,
f6f9,
fef2,
0387,
0994,
10d7,
1685,
157c,
0fba,
0941,
054a,
0332,
fba5,
f958,
f8cd,
f720,
f69d,
f79d,
f6a4,
f639,
f909,
fcb4,
0185,
0516,
059f,
0439,
0501,
0775,
0848,
06c3,
0307,
fe33,
fb50,
fbcb,
fd7b,
fd93,
fc36,
fa87,
fa7a,
fc23,
fe96,
ffba,
fdc1,
fbcc,
fdd2,
02ab,
04d1,
042f,
03a9,
02fb,
0249,
01c5,
00e9,
ff96,
fe75,
fd8c,
fc6b,
fbe3,
fc6a,
fdce,
ff38,
0067,
00da,
007e,
004b,
00b0,
0178,
01bd,
0164,
0095,
ff93,
ff56,
0006,
00bc,
00da,
0012,
fee7,
fe82,
fef8,
ffc9,
0001,
0000,
ffff,
0000,
ffff,
fffe,
ffff,
0001,
0004,
0007,
0005,
0000,
fffc,
fffb,
fffc,
fffe,
0002,
0001,
ffff,
fffc,
fffa,
000d,
0002,
000c,
fff7,
fffa,
0007,
ffe8,
0030,
ffb4,
0062,
0074,
0be1,
1297,
131d,
e8b0,
c45f,
00d7,
3164,
2f2d,
11eb,
fd74,
0043,
0779,
0408,
ebfc,
db23,
d70e,
e5d6,
f3ee,
f82c,
fe6c,
0265,
08d0,
100e,
150a,
1321,
0e9c,
0907,
05d0,
0298,
fbe0,
fa44,
f8bf,
f73c,
f721,
f7ad,
f6d0,
f756,
f9e1,
fd35,
01d7,
04f7,
04fc,
03d1,
04c4,
06e5,
0773,
05cb,
01fa,
fdf2,
fc77,
fce7,
fdeb,
fdcb,
fc17,
fa99,
faeb,
fc6f,
fe4b,
feeb,
fd84,
fc87,
fe95,
02a6,
04b3,
0436,
0348,
026d,
01d8,
0164,
0081,
ff4c,
fe6f,
fdb8,
fcbe,
fc3d,
fcd1,
fe4b,
ffa1,
006b,
0096,
0053,
0046,
0073,
0108,
018c,
0160,
00a3,
ffb3,
ff73,
0022,
00e1,
00cd,
0004,
ff08,
fea5,
ff13,
fffe,
ffff,
ffff,
0000,
0000,
fffe,
fffd,
fffe,
0001,
0003,
0006,
0002,
0000,
fffc,
fffb,
fffb,
ffff,
0000,
0001,
fffd,
fffb,
fff9,
000d,
fffd,
0010,
ffe9,
000c,
ffee,
000b,
fffd,
fff2,
0011,
01b1,
0c43,
1107,
0db5,
e19e,
cfd9,
0a1e,
2df3,
29bb,
0d90,
fdd3,
00e6,
07f1,
017b,
eba7,
de12,
db99,
e9dc,
f4a6,
f876,
fd76,
0161,
082b,
0edc,
1304,
11a8,
0e37,
08de,
060e,
025a,
fc74,
fa7c,
f8c7,
f7cc,
f792,
f802,
f752,
f822,
fa51,
fda2,
01c1,
0451,
0475,
0376,
0478,
0656,
06a7,
04f2,
01a0,
fe73,
fd6d,
fda9,
fdc8,
fd96,
fc5c,
faf1,
fb02,
fc22,
fdf5,
fec4,
fdfa,
fd75,
ff37,
026e,
045d,
0457,
030a,
01a9,
00eb,
00a5,
0048,
ff60,
fe6a,
fdb1,
fd29,
fcfb,
fd5f,
fe89,
ffbf,
0065,
0067,
002e,
0036,
005d,
00c6,
015b,
0153,
00b8,
ffff,
ffb1,
0012,
00ac,
00a3,
fff8,
ff31,
fec4,
0000,
fffd,
fffe,
0002,
0006,
0003,
fffd,
fffe,
fffe,
0000,
0002,
0001,
fffd,
fffc,
fffe,
0001,
0004,
0005,
0003,
0001,
fffc,
fff9,
fffa,
ffff,
0002,
0001,
fffd,
fffb,
fffa,
000d,
0001,
000b,
fff4,
0004,
fffd,
fffb,
0012,
ffd9,
002e,
00d7,
0a22,
0ff8,
1101,
ebfe,
ceaf,
00f4,
2b05,
259c,
0d77,
040e,
049c,
055e,
0054,
ec1d,
dd33,
dbde,
e972,
f31c,
f7b7,
ffba,
052a,
0aa7,
107f,
1474,
1156,
0c58,
0798,
04b8,
006d,
f9dc,
f7fa,
f7a0,
f727,
f7c1,
f981,
f8b4,
f89b,
fb4b,
ff20,
02aa,
051d,
05c1,
04c0,
04e1,
0662,
061e,
0397,
0065,
fdc1,
fc4c,
fbf5,
fbcd,
fb65,
fb79,
fbee,
fda9,
ff57,
0010,
0090,
00db,
002c,
fede,
ff1d,
012c,
0294,
01ed,
00b4,
005c,
0093,
0055,
ff78,
fe91,
fe16,
fdca,
fdb1,
fdf5,
fec0,
ffe8,
00ee,
0121,
00c1,
0072,
0065,
0082,
00a7,
0084,
ffd5,
ff1e,
0000,
fffd,
fffe,
0002,
0006,
0003,
fffd,
fffe,
fffe,
0000,
0002,
0001,
fffd,
fffc,
fffe,
0001,
0004,
0005,
0003,
0001,
fffc,
fff9,
fffa,
ffff,
0002,
0001,
fffd,
fffb,
fffa,
000d,
0001,
000b,
fff4,
0004,
fffd,
fffb,
0012,
ffd9,
002e,
00d7,
0a22,
0ff8,
1101,
ebfe,
ceaf,
00f4,
2b05,
259c,
0d77,
040e,
049c,
055e,
0054,
ec1d,
dd33,
dbde,
e972,
f31c,
f7b7,
ffba,
052a,
0aa7,
107f,
1474,
1156,
0c58,
0798,
04b8,
006d,
f9dc,
f7fa,
f7a0,
f727,
f7c1,
f981,
f8b4,
f89b,
fb4b,
ff20,
02aa,
051d,
05c1,
04c0,
04e1,
0662,
061e,
0397,
0065,
fdc1,
fc4c,
fbf5,
fbcd,
fb65,
fb79,
fbee,
fda9,
ff57,
0010,
0090,
00db,
002c,
fede,
ff1d,
012c,
0294,
01ed,
00b4,
005c,
0093,
0055,
ff78,
fe91,
fe16,
fdca,
fdb1,
fdf5,
fec0,
ffe8,
00ee,
0121,
00c1,
0072,
0065,
0082,
00a7,
0084,
ffd5,
ff1e,
0002,
0000,
ffff,
0000,
0002,
0003,
0002,
ffff,
fffe,
fffe,
0001,
0000,
ffff,
fffe,
fffd,
fffe,
0000,
0002,
0005,
0004,
0000,
fffc,
fffb,
fffb,
ffff,
0000,
0000,
fffd,
fffd,
fffb,
0009,
0001,
000c,
fff4,
0005,
fff8,
0000,
0008,
ffea,
0019,
0103,
0904,
0e07,
0df7,
ecbe,
d4a1,
0076,
2723,
2453,
0dae,
0386,
0426,
05c1,
0194,
efd0,
e169,
df41,
eaaa,
f38e,
f796,
fdb3,
0260,
079f,
0dd2,
1226,
104f,
0caf,
0891,
05a0,
0199,
fb73,
f8fa,
f84d,
f7d5,
f823,
f97f,
f90c,
f8ee,
fb10,
fe92,
01e7,
0407,
04d4,
044f,
0481,
05eb,
05ef,
03e1,
00d8,
fe21,
fc82,
fc53,
fcc7,
fbff,
fb60,
fbf6,
fd6d,
fedc,
ffdf,
009e,
00d3,
0047,
ff75,
ffa6,
0115,
022c,
01a2,
0058,
ffb0,
ffb3,
ffcc,
ff73,
fed6,
fe55,
fe1e,
fe2d,
fe7c,
ff36,
ffeb,
0095,
00f8,
00e3,
0091,
003d,
0041,
007c,
007b,
fff9,
0002,
0000,
ffff,
0000,
0002,
0003,
0002,
ffff,
fffe,
fffe,
0001,
0000,
ffff,
fffe,
fffd,
fffe,
0000,
0002,
0005,
0004,
0000,
fffc,
fffb,
fffb,
ffff,
0000,
0000,
fffd,
fffd,
fffb,
0009,
0001,
000c,
fff4,
0005,
fff8,
0000,
0008,
ffea,
0019,
0103,
0904,
0e07,
0df7,
ecbe,
d4a1,
0076,
2723,
2453,
0dae,
0386,
0426,
05c1,
0194,
efd0,
e169,
df41,
eaaa,
f38e,
f796,
fdb3,
0260,
079f,
0dd2,
1226,
104f,
0caf,
0891,
05a0,
0199,
fb73,
f8fa,
f84d,
f7d5,
f823,
f97f,
f90c,
f8ee,
fb10,
fe92,
01e7,
0407,
04d4,
044f,
0481,
05eb,
05ef,
03e1,
00d8,
fe21,
fc82,
fc53,
fcc7,
fbff,
fb60,
fbf6,
fd6d,
fedc,
ffdf,
009e,
00d3,
0047,
ff75,
ffa6,
0115,
022c,
01a2,
0058,
ffb0,
ffb3,
ffcc,
ff73,
fed6,
fe55,
fe1e,
fe2d,
fe7c,
ff36,
ffeb,
0095,
00f8,
00e3,
0091,
003d,
0041,
007c,
007b,
fff9,
0002,
0000,
ffff,
0000,
0002,
0003,
0002,
ffff,
fffe,
fffe,
0001,
0000,
ffff,
fffe,
fffd,
fffe,
0000,
0002,
0005,
0004,
0000,
fffc,
fffb,
fffb,
ffff,
0000,
0000,
fffd,
fffd,
fffb,
0009,
0001,
000c,
fff4,
0005,
fff8,
0000,
0008,
ffea,
0019,
0103,
0904,
0e07,
0df7,
ecbe,
d4a1,
0076,
2723,
2453,
0dae,
0386,
0426,
05c1,
0194,
efd0,
e169,
df41,
eaaa,
f38e,
f796,
fdb3,
0260,
079f,
0dd2,
1226,
104f,
0caf,
0891,
05a0,
0199,
fb73,
f8fa,
f84d,
f7d5,
f823,
f97f,
f90c,
f8ee,
fb10,
fe92,
01e7,
0407,
04d4,
044f,
0481,
05eb,
05ef,
03e1,
00d8,
fe21,
fc82,
fc53,
fcc7,
fbff,
fb60,
fbf6,
fd6d,
fedc,
ffdf,
009e,
00d3,
0047,
ff75,
ffa6,
0115,
022c,
01a2,
0058,
ffb0,
ffb3,
ffcc,
ff73,
fed6,
fe55,
fe1e,
fe2d,
fe7c,
ff36,
ffeb,
0095,
00f8,
00e3,
0091,
003d,
0041,
007c,
007b,
fff9,
0002,
0002,
0000,
ffff,
0000,
0002,
0003,
0002,
0000,
ffff,
0000,
0001,
0001,
0000,
ffff,
ffff,
ffff,
0001,
0002,
0004,
0003,
0002,
fffe,
fffc,
fffc,
ffff,
0000,
0001,
ffff,
fffd,
fffb,
0009,
0003,
000a,
fff6,
0005,
fff9,
0002,
0005,
fff0,
0014,
00f2,
07bb,
0c3e,
0bef,
ef0c,
d903,
fe45,
2340,
230e,
0e4c,
03b5,
03c7,
05d9,
0339,
f3a3,
e586,
e23f,
eb82,
f3a6,
f748,
fbff,
0038,
055a,
0b41,
0ffc,
0f59,
0c97,
091d,
0647,
028c,
fce7,
fa0e,
f8f3,
f851,
f851,
f9a4,
f985,
f939,
fae8,
fe0a,
0114,
02cf,
044a,
04c2,
0470,
0515,
058e,
0427,
00f7,
fe37,
fcea,
fc9b,
fcb8,
fc44,
fbf5,
fc50,
fd31,
fe75,
0018,
0109,
00d9,
004a,
0015,
003b,
00a9,
012a,
010b,
0041,
ff88,
ff2e,
ff09,
ff1f,
ff2d,
fed9,
fe6b,
fe71,
fecc,
ff72,
002c,
00bc,
00ea,
00d6,
00ad,
0065,
0031,
0031,
002d,
0002,
0002,
0000,
ffff,
0000,
0002,
0003,
0002,
0000,
ffff,
0000,
0001,
0001,
0000,
ffff,
ffff,
ffff,
0001,
0002,
0004,
0003,
0002,
fffe,
fffc,
fffc,
ffff,
0000,
0001,
ffff,
fffd,
fffb,
0009,
0003,
000a,
fff6,
0005,
fff9,
0002,
0005,
fff0,
0014,
00f2,
07bb,
0c3e,
0bef,
ef0c,
d903,
fe45,
2340,
230e,
0e4c,
03b5,
03c7,
05d9,
0339,
f3a3,
e586,
e23f,
eb82,
f3a6,
f748,
fbff,
0038,
055a,
0b41,
0ffc,
0f59,
0c97,
091d,
0647,
028c,
fce7,
fa0e,
f8f3,
f851,
f851,
f9a4,
f985,
f939,
fae8,
fe0a,
0114,
02cf,
044a,
04c2,
0470,
0515,
058e,
0427,
00f7,
fe37,
fcea,
fc9b,
fcb8,
fc44,
fbf5,
fc50,
fd31,
fe75,
0018,
0109,
00d9,
004a,
0015,
003b,
00a9,
012a,
010b,
0041,
ff88,
ff2e,
ff09,
ff1f,
ff2d,
fed9,
fe6b,
fe71,
fecc,
ff72,
002c,
00bc,
00ea,
00d6,
00ad,
0065,
0031,
0031,
002d,
0002,
0002,
0000,
ffff,
0000,
0002,
0003,
0002,
0000,
ffff,
0000,
0001,
0001,
0000,
ffff,
ffff,
ffff,
0001,
0002,
0004,
0003,
0002,
fffe,
fffc,
fffc,
ffff,
0000,
0001,
ffff,
fffd,
fffb,
0009,
0003,
000a,
fff6,
0005,
fff9,
0002,
0005,
fff0,
0014,
00f2,
07bb,
0c3e,
0bef,
ef0c,
d903,
fe45,
2340,
230e,
0e4c,
03b5,
03c7,
05d9,
0339,
f3a3,
e586,
e23f,
eb82,
f3a6,
f748,
fbff,
0038,
055a,
0b41,
0ffc,
0f59,
0c97,
091d,
0647,
028c,
fce7,
fa0e,
f8f3,
f851,
f851,
f9a4,
f985,
f939,
fae8,
fe0a,
0114,
02cf,
044a,
04c2,
0470,
0515,
058e,
0427,
00f7,
fe37,
fcea,
fc9b,
fcb8,
fc44,
fbf5,
fc50,
fd31,
fe75,
0018,
0109,
00d9,
004a,
0015,
003b,
00a9,
012a,
010b,
0041,
ff88,
ff2e,
ff09,
ff1f,
ff2d,
fed9,
fe6b,
fe71,
fecc,
ff72,
002c,
00bc,
00ea,
00d6,
00ad,
0065,
0031,
0031,
002d,
0000,
0001,
0001,
0000,
0000,
0000,
0000,
0001,
0001,
0001,
ffff,
fffe,
fffe,
fffe,
ffff,
ffff,
0000,
fffe,
0000,
0001,
0002,
0003,
0001,
fffe,
fffc,
fffb,
fffe,
ffff,
0000,
fffe,
fffe,
fffb,
0006,
0001,
000a,
fff6,
0005,
fff4,
0007,
fffb,
ffff,
0006,
0122,
071e,
0b28,
09c0,
ee20,
dccb,
fff8,
2170,
2077,
0d3d,
03f8,
03cf,
0629,
03d7,
f593,
e840,
e538,
ed26,
f3d6,
f75b,
fb4e,
ff15,
03e3,
098e,
0e2c,
0df9,
0bf3,
091b,
068e,
02e0,
fdd2,
faa5,
f934,
f8a5,
f8ce,
fa11,
f9d9,
f9a3,
fb16,
fd76,
0078,
0381,
04b3,
03fa,
03b9,
04a6,
0513,
038f,
00bc,
fe3a,
fcc1,
fc8f,
fd3a,
fd18,
fc53,
fc65,
fd94,
feeb,
002e,
0119,
011a,
0070,
001b,
0027,
0027,
0051,
0082,
0018,
ff4d,
fef0,
feec,
fefc,
ff32,
ff3f,
fee4,
febd,
ff19,
ffbe,
0067,
00ec,
00fc,
00c4,
0093,
005a,
fffc,
ffc6,
0000,
0001,
0001,
0000,
0000,
0000,
0000,
0001,
0001,
0001,
ffff,
fffe,
fffe,
fffe,
ffff,
ffff,
0000,
fffe,
0000,
0001,
0002,
0003,
0001,
fffe,
fffc,
fffb,
fffe,
ffff,
0000,
fffe,
fffe,
fffb,
0006,
0001,
000a,
fff6,
0005,
fff4,
0007,
fffb,
ffff,
0006,
0122,
071e,
0b28,
09c0,
ee20,
dccb,
fff8,
2170,
2077,
0d3d,
03f8,
03cf,
0629,
03d7,
f593,
e840,
e538,
ed26,
f3d6,
f75b,
fb4e,
ff15,
03e3,
098e,
0e2c,
0df9,
0bf3,
091b,
068e,
02e0,
fdd2,
faa5,
f934,
f8a5,
f8ce,
fa11,
f9d9,
f9a3,
fb16,
fd76,
0078,
0381,
04b3,
03fa,
03b9,
04a6,
0513,
038f,
00bc,
fe3a,
fcc1,
fc8f,
fd3a,
fd18,
fc53,
fc65,
fd94,
feeb,
002e,
0119,
011a,
0070,
001b,
0027,
0027,
0051,
0082,
0018,
ff4d,
fef0,
feec,
fefc,
ff32,
ff3f,
fee4,
febd,
ff19,
ffbe,
0067,
00ec,
00fc,
00c4,
0093,
005a,
fffc,
ffc6,
0000,
0001,
0001,
0000,
0000,
0000,
0000,
0001,
0001,
0001,
ffff,
fffe,
fffe,
fffe,
ffff,
ffff,
0000,
fffe,
0000,
0001,
0002,
0003,
0001,
fffe,
fffc,
fffb,
fffe,
ffff,
0000,
fffe,
fffe,
fffb,
0006,
0001,
000a,
fff6,
0005,
fff4,
0007,
fffb,
ffff,
0006,
0122,
071e,
0b28,
09c0,
ee20,
dccb,
fff8,
2170,
2077,
0d3d,
03f8,
03cf,
0629,
03d7,
f593,
e840,
e538,
ed26,
f3d6,
f75b,
fb4e,
ff15,
03e3,
098e,
0e2c,
0df9,
0bf3,
091b,
068e,
02e0,
fdd2,
faa5,
f934,
f8a5,
f8ce,
fa11,
f9d9,
f9a3,
fb16,
fd76,
0078,
0381,
04b3,
03fa,
03b9,
04a6,
0513,
038f,
00bc,
fe3a,
fcc1,
fc8f,
fd3a,
fd18,
fc53,
fc65,
fd94,
feeb,
002e,
0119,
011a,
0070,
001b,
0027,
0027,
0051,
0082,
0018,
ff4d,
fef0,
feec,
fefc,
ff32,
ff3f,
fee4,
febd,
ff19,
ffbe,
0067,
00ec,
00fc,
00c4,
0093,
005a,
fffc,
ffc6,
fffe,
ffff,
0000,
0002,
0001,
ffff,
ffff,
0000,
0002,
0001,
0000,
ffff,
ffff,
fffe,
ffff,
ffff,
ffff,
ffff,
ffff,
0000,
0002,
0003,
0002,
0002,
fffe,
fffc,
fffb,
fffe,
ffff,
0001,
fffe,
fffd,
fffd,
0007,
0001,
0009,
fff4,
0009,
ffef,
0014,
ffea,
001a,
ffeb,
01f0,
0766,
0aee,
05b0,
e877,
e223,
07ef,
21fd,
1b96,
0a1f,
041b,
044f,
06e5,
02e0,
f49e,
e8e3,
e830,
efb1,
f46e,
f813,
fb9e,
fee0,
037c,
0950,
0d01,
0c4b,
0ade,
08bc,
063d,
0225,
fd84,
fa83,
f98b,
f959,
f985,
fa7d,
fa44,
f974,
fb33,
ffa8,
0213,
02b9,
038d,
0374,
0345,
0432,
0450,
0225,
ff67,
fe15,
fdfe,
fdb2,
fd0f,
fcce,
fd0c,
fd83,
fe0a,
ff01,
0075,
013a,
00f2,
0078,
0017,
ff98,
ff62,
ffcb,
0020,
ffba,
ff38,
ff05,
fef3,
ff15,
ff8e,
ffaf,
ff47,
ff1a,
ff74,
0014,
009d,
00f2,
00c5,
0058,
002c,
0012,
ffb5,
fffe,
ffff,
0000,
0002,
0001,
ffff,
ffff,
0000,
0002,
0001,
0000,
ffff,
ffff,
fffe,
ffff,
ffff,
ffff,
ffff,
ffff,
0000,
0002,
0003,
0002,
0002,
fffe,
fffc,
fffb,
fffe,
ffff,
0001,
fffe,
fffd,
fffd,
0007,
0001,
0009,
fff4,
0009,
ffef,
0014,
ffea,
001a,
ffeb,
01f0,
0766,
0aee,
05b0,
e877,
e223,
07ef,
21fd,
1b96,
0a1f,
041b,
044f,
06e5,
02e0,
f49e,
e8e3,
e830,
efb1,
f46e,
f813,
fb9e,
fee0,
037c,
0950,
0d01,
0c4b,
0ade,
08bc,
063d,
0225,
fd84,
fa83,
f98b,
f959,
f985,
fa7d,
fa44,
f974,
fb33,
ffa8,
0213,
02b9,
038d,
0374,
0345,
0432,
0450,
0225,
ff67,
fe15,
fdfe,
fdb2,
fd0f,
fcce,
fd0c,
fd83,
fe0a,
ff01,
0075,
013a,
00f2,
0078,
0017,
ff98,
ff62,
ffcb,
0020,
ffba,
ff38,
ff05,
fef3,
ff15,
ff8e,
ffaf,
ff47,
ff1a,
ff74,
0014,
009d,
00f2,
00c5,
0058,
002c,
0012,
ffb5,
fffe,
ffff,
0000,
0002,
0001,
ffff,
ffff,
0000,
0002,
0001,
0000,
ffff,
ffff,
fffe,
ffff,
ffff,
ffff,
ffff,
ffff,
0000,
0002,
0003,
0002,
0002,
fffe,
fffc,
fffb,
fffe,
ffff,
0001,
fffe,
fffd,
fffd,
0007,
0001,
0009,
fff4,
0009,
ffef,
0014,
ffea,
001a,
ffeb,
01f0,
0766,
0aee,
05b0,
e877,
e223,
07ef,
21fd,
1b96,
0a1f,
041b,
044f,
06e5,
02e0,
f49e,
e8e3,
e830,
efb1,
f46e,
f813,
fb9e,
fee0,
037c,
0950,
0d01,
0c4b,
0ade,
08bc,
063d,
0225,
fd84,
fa83,
f98b,
f959,
f985,
fa7d,
fa44,
f974,
fb33,
ffa8,
0213,
02b9,
038d,
0374,
0345,
0432,
0450,
0225,
ff67,
fe15,
fdfe,
fdb2,
fd0f,
fcce,
fd0c,
fd83,
fe0a,
ff01,
0075,
013a,
00f2,
0078,
0017,
ff98,
ff62,
ffcb,
0020,
ffba,
ff38,
ff05,
fef3,
ff15,
ff8e,
ffaf,
ff47,
ff1a,
ff74,
0014,
009d,
00f2,
00c5,
0058,
002c,
0012,
ffb5,
fffe,
ffff,
ffff,
0001,
0002,
0002,
0000,
0000,
0002,
0001,
0001,
ffff,
0000,
fffe,
ffff,
ffff,
ffff,
ffff,
ffff,
0000,
0001,
0002,
0003,
0003,
0001,
ffff,
fffd,
fffc,
ffff,
0001,
0000,
fffd,
fffc,
0002,
0004,
0005,
0001,
fff9,
0003,
fff4,
0015,
ffe9,
0027,
0017,
0413,
08b3,
0a97,
fa6c,
e038,
f0c8,
1695,
20e8,
1265,
064d,
0463,
05cf,
0773,
fe46,
efe2,
e85d,
ec4f,
f28f,
f57f,
f98b,
fcc7,
ffe4,
04cc,
0aa9,
0c02,
0a81,
09c6,
0805,
0462,
ffeb,
fcc5,
faa7,
f9af,
f9f2,
faa3,
f998,
f986,
fc53,
fec6,
002d,
0177,
0291,
02cb,
02a9,
0345,
0363,
01ca,
0063,
003d,
ffb8,
fe28,
fd28,
fd6f,
fd8a,
fd4b,
fdca,
fea8,
ff85,
008e,
013b,
00f3,
0054,
ffa2,
feed,
fec7,
ff7b,
fff8,
ff78,
ff0c,
ff22,
ff60,
ffb7,
001c,
fff1,
ff78,
ff78,
fff2,
0060,
0082,
0060,
0012,
ffe3,
ffe3,
ffb8,
fffe,
ffff,
ffff,
0001,
0002,
0002,
0000,
0000,
0002,
0001,
0001,
ffff,
0000,
fffe,
ffff,
ffff,
ffff,
ffff,
ffff,
0000,
0001,
0002,
0003,
0003,
0001,
ffff,
fffd,
fffc,
ffff,
0001,
0000,
fffd,
fffc,
0002,
0004,
0005,
0001,
fff9,
0003,
fff4,
0015,
ffe9,
0027,
0017,
0413,
08b3,
0a97,
fa6c,
e038,
f0c8,
1695,
20e8,
1265,
064d,
0463,
05cf,
0773,
fe46,
efe2,
e85d,
ec4f,
f28f,
f57f,
f98b,
fcc7,
ffe4,
04cc,
0aa9,
0c02,
0a81,
09c6,
0805,
0462,
ffeb,
fcc5,
faa7,
f9af,
f9f2,
faa3,
f998,
f986,
fc53,
fec6,
002d,
0177,
0291,
02cb,
02a9,
0345,
0363,
01ca,
0063,
003d,
ffb8,
fe28,
fd28,
fd6f,
fd8a,
fd4b,
fdca,
fea8,
ff85,
008e,
013b,
00f3,
0054,
ffa2,
feed,
fec7,
ff7b,
fff8,
ff78,
ff0c,
ff22,
ff60,
ffb7,
001c,
fff1,
ff78,
ff78,
fff2,
0060,
0082,
0060,
0012,
ffe3,
ffe3,
ffb8,
fffe,
ffff,
ffff,
0001,
0002,
0002,
0000,
0000,
0002,
0001,
0001,
ffff,
0000,
fffe,
ffff,
ffff,
ffff,
ffff,
ffff,
0000,
0001,
0002,
0003,
0003,
0001,
ffff,
fffd,
fffc,
ffff,
0001,
0000,
fffd,
fffc,
0002,
0004,
0005,
0001,
fff9,
0003,
fff4,
0015,
ffe9,
0027,
0017,
0413,
08b3,
0a97,
fa6c,
e038,
f0c8,
1695,
20e8,
1265,
064d,
0463,
05cf,
0773,
fe46,
efe2,
e85d,
ec4f,
f28f,
f57f,
f98b,
fcc7,
ffe4,
04cc,
0aa9,
0c02,
0a81,
09c6,
0805,
0462,
ffeb,
fcc5,
faa7,
f9af,
f9f2,
faa3,
f998,
f986,
fc53,
fec6,
002d,
0177,
0291,
02cb,
02a9,
0345,
0363,
01ca,
0063,
003d,
ffb8,
fe28,
fd28,
fd6f,
fd8a,
fd4b,
fdca,
fea8,
ff85,
008e,
013b,
00f3,
0054,
ffa2,
feed,
fec7,
ff7b,
fff8,
ff78,
ff0c,
ff22,
ff60,
ffb7,
001c,
fff1,
ff78,
ff78,
fff2,
0060,
0082,
0060,
0012,
ffe3,
ffe3,
ffb8,
ffff,
ffff,
0000,
0002,
0003,
0002,
0002,
0001,
0002,
0002,
0002,
0001,
0000,
0000,
0000,
0000,
0000,
0001,
0000,
0000,
0001,
0002,
0004,
0003,
0002,
0000,
ffff,
fffe,
ffff,
0000,
0001,
fffe,
fffd,
0000,
0007,
0002,
0007,
fff8,
0009,
ffee,
0017,
ffec,
002a,
ffe1,
0281,
078d,
0abb,
00f0,
e4d4,
e8a5,
0e65,
2098,
15b1,
07fd,
0538,
05ad,
0869,
0285,
f3c9,
e9f5,
eb11,
f11c,
f44a,
f7f6,
fbad,
feef,
02e4,
0894,
0be8,
0acd,
0944,
0833,
05ea,
013c,
fdd0,
fbc1,
fa61,
f9d3,
f950,
f9d2,
fb5e,
fcaa,
fe02,
ff64,
00ed,
0243,
0224,
01d2,
0210,
023b,
01e6,
019f,
013a,
0022,
fee1,
fe73,
fe32,
fd21,
fc83,
fd8b,
febd,
ff49,
0015,
00e9,
010f,
00c5,
0031,
ff0a,
fe21,
fe94,
ff9e,
ffc5,
ff4b,
ff16,
ff67,
0016,
00a0,
005e,
ffd5,
ffb5,
ffed,
0022,
0014,
ffe1,
ffa7,
ff9b,
ffa5,
ff8f,
ffff,
ffff,
0000,
0002,
0003,
0002,
0002,
0001,
0002,
0002,
0002,
0001,
0000,
0000,
0000,
0000,
0000,
0001,
0000,
0000,
0001,
0002,
0004,
0003,
0002,
0000,
ffff,
fffe,
ffff,
0000,
0001,
fffe,
fffd,
0000,
0007,
0002,
0007,
fff8,
0009,
ffee,
0017,
ffec,
002a,
ffe1,
0281,
078d,
0abb,
00f0,
e4d4,
e8a5,
0e65,
2098,
15b1,
07fd,
0538,
05ad,
0869,
0285,
f3c9,
e9f5,
eb11,
f11c,
f44a,
f7f6,
fbad,
feef,
02e4,
0894,
0be8,
0acd,
0944,
0833,
05ea,
013c,
fdd0,
fbc1,
fa61,
f9d3,
f950,
f9d2,
fb5e,
fcaa,
fe02,
ff64,
00ed,
0243,
0224,
01d2,
0210,
023b,
01e6,
019f,
013a,
0022,
fee1,
fe73,
fe32,
fd21,
fc83,
fd8b,
febd,
ff49,
0015,
00e9,
010f,
00c5,
0031,
ff0a,
fe21,
fe94,
ff9e,
ffc5,
ff4b,
ff16,
ff67,
0016,
00a0,
005e,
ffd5,
ffb5,
ffed,
0022,
0014,
ffe1,
ffa7,
ff9b,
ffa5,
ff8f,
ffff,
ffff,
0000,
0002,
0003,
0002,
0002,
0001,
0002,
0002,
0002,
0001,
0000,
0000,
0000,
0000,
0000,
0001,
0000,
0000,
0001,
0002,
0004,
0003,
0002,
0000,
ffff,
fffe,
ffff,
0000,
0001,
fffe,
fffd,
0000,
0007,
0002,
0007,
fff8,
0009,
ffee,
0017,
ffec,
002a,
ffe1,
0281,
078d,
0abb,
00f0,
e4d4,
e8a5,
0e65,
2098,
15b1,
07fd,
0538,
05ad,
0869,
0285,
f3c9,
e9f5,
eb11,
f11c,
f44a,
f7f6,
fbad,
feef,
02e4,
0894,
0be8,
0acd,
0944,
0833,
05ea,
013c,
fdd0,
fbc1,
fa61,
f9d3,
f950,
f9d2,
fb5e,
fcaa,
fe02,
ff64,
00ed,
0243,
0224,
01d2,
0210,
023b,
01e6,
019f,
013a,
0022,
fee1,
fe73,
fe32,
fd21,
fc83,
fd8b,
febd,
ff49,
0015,
00e9,
010f,
00c5,
0031,
ff0a,
fe21,
fe94,
ff9e,
ffc5,
ff4b,
ff16,
ff67,
0016,
00a0,
005e,
ffd5,
ffb5,
ffed,
0022,
0014,
ffe1,
ffa7,
ff9b,
ffa5,
ff8f,
fffe,
ffff,
0001,
0003,
0004,
0004,
0002,
0001,
0002,
0002,
0002,
0002,
0000,
ffff,
0000,
0001,
0001,
0001,
0001,
0000,
0001,
0003,
0004,
0003,
0002,
0000,
ffff,
fffe,
0000,
0001,
0001,
ffff,
fffd,
0000,
0006,
0002,
0005,
fff8,
0009,
ffee,
0016,
ffec,
002e,
ffe1,
02d0,
080d,
0af7,
feac,
e2dd,
eb91,
1217,
205c,
1323,
06e2,
05b2,
06ba,
08d5,
01cf,
f2d1,
e99f,
eb95,
f0d5,
f363,
f7ad,
fb94,
feda,
03b8,
0999,
0be6,
0ad8,
09aa,
07dc,
054e,
01be,
fe09,
fb78,
fa62,
f885,
f8bb,
fb55,
fc28,
fc37,
fd6f,
ffb5,
019a,
024d,
01df,
00f8,
00d0,
0205,
0330,
0270,
0095,
ff9e,
ffd2,
ffa2,
fe14,
fc78,
fc29,
fd1b,
fe6c,
ff8b,
002f,
00b0,
0122,
011d,
007c,
ff46,
fe2d,
fe38,
ff44,
ffbb,
ff41,
fee3,
ff8a,
0087,
00c2,
007a,
002f,
fffe,
ffd8,
ffd3,
ffbc,
ff82,
ff6a,
ff72,
ff5f,
ff55,
fffe,
ffff,
0001,
0003,
0004,
0004,
0002,
0001,
0002,
0002,
0002,
0002,
0000,
ffff,
0000,
0001,
0001,
0001,
0001,
0000,
0001,
0003,
0004,
0003,
0002,
0000,
ffff,
fffe,
0000,
0001,
0001,
ffff,
fffd,
0000,
0006,
0002,
0005,
fff8,
0009,
ffee,
0016,
ffec,
002e,
ffe1,
02d0,
080d,
0af7,
feac,
e2dd,
eb91,
1217,
205c,
1323,
06e2,
05b2,
06ba,
08d5,
01cf,
f2d1,
e99f,
eb95,
f0d5,
f363,
f7ad,
fb94,
feda,
03b8,
0999,
0be6,
0ad8,
09aa,
07dc,
054e,
01be,
fe09,
fb78,
fa62,
f885,
f8bb,
fb55,
fc28,
fc37,
fd6f,
ffb5,
019a,
024d,
01df,
00f8,
00d0,
0205,
0330,
0270,
0095,
ff9e,
ffd2,
ffa2,
fe14,
fc78,
fc29,
fd1b,
fe6c,
ff8b,
002f,
00b0,
0122,
011d,
007c,
ff46,
fe2d,
fe38,
ff44,
ffbb,
ff41,
fee3,
ff8a,
0087,
00c2,
007a,
002f,
fffe,
ffd8,
ffd3,
ffbc,
ff82,
ff6a,
ff72,
ff5f,
ff55,
fffe,
ffff,
0001,
0003,
0004,
0004,
0002,
0001,
0002,
0002,
0002,
0002,
0000,
ffff,
0000,
0001,
0001,
0001,
0001,
0000,
0001,
0003,
0004,
0003,
0002,
0000,
ffff,
fffe,
0000,
0001,
0001,
ffff,
fffd,
0000,
0006,
0002,
0005,
fff8,
0009,
ffee,
0016,
ffec,
002e,
ffe1,
02d0,
080d,
0af7,
feac,
e2dd,
eb91,
1217,
205c,
1323,
06e2,
05b2,
06ba,
08d5,
01cf,
f2d1,
e99f,
eb95,
f0d5,
f363,
f7ad,
fb94,
feda,
03b8,
0999,
0be6,
0ad8,
09aa,
07dc,
054e,
01be,
fe09,
fb78,
fa62,
f885,
f8bb,
fb55,
fc28,
fc37,
fd6f,
ffb5,
019a,
024d,
01df,
00f8,
00d0,
0205,
0330,
0270,
0095,
ff9e,
ffd2,
ffa2,
fe14,
fc78,
fc29,
fd1b,
fe6c,
ff8b,
002f,
00b0,
0122,
011d,
007c,
ff46,
fe2d,
fe38,
ff44,
ffbb,
ff41,
fee3,
ff8a,
0087,
00c2,
007a,
002f,
fffe,
ffd8,
ffd3,
ffbc,
ff82,
ff6a,
ff72,
ff5f,
ff55,
fffe,
fffe,
ffff,
0002,
0002,
0002,
0001,
0001,
0000,
0001,
0001,
0000,
fffe,
fffe,
fffe,
ffff,
0000,
0000,
ffff,
0000,
0000,
0002,
0002,
0002,
ffff,
fffe,
fffd,
fffd,
0000,
0001,
0000,
fffe,
fffb,
0004,
0002,
0005,
fffa,
0000,
fffb,
fffc,
0005,
fffe,
0013,
0066,
0533,
0a63,
0964,
f1ca,
df35,
fc6e,
1df6,
1c8e,
0b84,
054f,
0651,
0884,
07d6,
fb12,
ed12,
e92f,
eda4,
f11b,
f3d0,
f889,
fc60,
0091,
06f8,
0cc5,
0ca1,
0a92,
0993,
07c2,
03d4,
ffa1,
fd56,
fadd,
f7c7,
f804,
fadc,
fb56,
fb3a,
fc4c,
fe33,
0080,
027f,
02b7,
012a,
008b,
01d8,
0351,
033a,
01d2,
0022,
ff91,
ffc8,
ff04,
fd48,
fc2a,
fc3f,
fd02,
fe3f,
ff95,
0099,
0146,
0178,
0115,
0020,
ff3a,
feda,
ff16,
ff38,
fee3,
fea5,
ff3f,
002d,
0069,
0078,
0075,
003d,
ffea,
ffbb,
ff91,
ff6b,
ff81,
ff8b,
ff5b,
ff3d,
ff91,
fffe,
fffe,
ffff,
0002,
0002,
0002,
0001,
0001,
0000,
0001,
0001,
0000,
fffe,
fffe,
fffe,
ffff,
0000,
0000,
ffff,
0000,
0000,
0002,
0002,
0002,
ffff,
fffe,
fffd,
fffd,
0000,
0001,
0000,
fffe,
fffb,
0004,
0002,
0005,
fffa,
0000,
fffb,
fffc,
0005,
fffe,
0013,
0066,
0533,
0a63,
0964,
f1ca,
df35,
fc6e,
1df6,
1c8e,
0b84,
054f,
0651,
0884,
07d6,
fb12,
ed12,
e92f,
eda4,
f11b,
f3d0,
f889,
fc60,
0091,
06f8,
0cc5,
0ca1,
0a92,
0993,
07c2,
03d4,
ffa1,
fd56,
fadd,
f7c7,
f804,
fadc,
fb56,
fb3a,
fc4c,
fe33,
0080,
027f,
02b7,
012a,
008b,
01d8,
0351,
033a,
01d2,
0022,
ff91,
ffc8,
ff04,
fd48,
fc2a,
fc3f,
fd02,
fe3f,
ff95,
0099,
0146,
0178,
0115,
0020,
ff3a,
feda,
ff16,
ff38,
fee3,
fea5,
ff3f,
002d,
0069,
0078,
0075,
003d,
ffea,
ffbb,
ff91,
ff6b,
ff81,
ff8b,
ff5b,
ff3d,
ff91,
fffe,
fffe,
ffff,
0002,
0002,
0002,
0001,
0001,
0000,
0001,
0001,
0000,
fffe,
fffe,
fffe,
ffff,
0000,
0000,
ffff,
0000,
0000,
0002,
0002,
0002,
ffff,
fffe,
fffd,
fffd,
0000,
0001,
0000,
fffe,
fffb,
0004,
0002,
0005,
fffa,
0000,
fffb,
fffc,
0005,
fffe,
0013,
0066,
0533,
0a63,
0964,
f1ca,
df35,
fc6e,
1df6,
1c8e,
0b84,
054f,
0651,
0884,
07d6,
fb12,
ed12,
e92f,
eda4,
f11b,
f3d0,
f889,
fc60,
0091,
06f8,
0cc5,
0ca1,
0a92,
0993,
07c2,
03d4,
ffa1,
fd56,
fadd,
f7c7,
f804,
fadc,
fb56,
fb3a,
fc4c,
fe33,
0080,
027f,
02b7,
012a,
008b,
01d8,
0351,
033a,
01d2,
0022,
ff91,
ffc8,
ff04,
fd48,
fc2a,
fc3f,
fd02,
fe3f,
ff95,
0099,
0146,
0178,
0115,
0020,
ff3a,
feda,
ff16,
ff38,
fee3,
fea5,
ff3f,
002d,
0069,
0078,
0075,
003d,
ffea,
ffbb,
ff91,
ff6b,
ff81,
ff8b,
ff5b,
ff3d,
ff91,
fffe,
ffff,
0001,
0001,
0001,
ffff,
0000,
0002,
0002,
0001,
ffff,
fffe,
fffe,
ffff,
ffff,
ffff,
fffe,
fffe,
ffff,
0000,
0002,
0002,
0002,
ffff,
fffe,
fffd,
fffc,
ffff,
0000,
0000,
fffc,
fffc,
0000,
0005,
0001,
0001,
fff7,
0006,
ffee,
0014,
ffe5,
002c,
ffe5,
0371,
09cb,
0c67,
fb06,
debd,
efc3,
1915,
214a,
0fbf,
0534,
05f3,
07d0,
0963,
ff5e,
eef3,
e80c,
ebbf,
effe,
f1c4,
f6ae,
faea,
fe6d,
051b,
0cda,
0e91,
0c79,
0b0c,
08ba,
0562,
010e,
fd9d,
fab8,
f7db,
f775,
f9c7,
fae8,
fab3,
fb1a,
fd2b,
ffdc,
0204,
02d8,
01e9,
0115,
0231,
044b,
041f,
0200,
0069,
0019,
ff97,
fe5a,
fd1e,
fc5d,
fc3b,
fc83,
fd4f,
fe9f,
0033,
014f,
019a,
0173,
00ae,
ffba,
ffac,
0033,
ffbf,
fe96,
fe4c,
fefb,
ffb0,
000d,
0041,
001c,
ffe8,
ffcd,
ffad,
ff7a,
ff82,
ffc0,
ffc1,
ff8e,
ff79,
ffc3,
0034,
fffe,
ffff,
0001,
0001,
0001,
ffff,
0000,
0002,
0002,
0001,
ffff,
fffe,
fffe,
ffff,
ffff,
ffff,
fffe,
fffe,
ffff,
0000,
0002,
0002,
0002,
ffff,
fffe,
fffd,
fffc,
ffff,
0000,
0000,
fffc,
fffc,
0000,
0005,
0001,
0001,
fff7,
0006,
ffee,
0014,
ffe5,
002c,
ffe5,
0371,
09cb,
0c67,
fb06,
debd,
efc3,
1915,
214a,
0fbf,
0534,
05f3,
07d0,
0963,
ff5e,
eef3,
e80c,
ebbf,
effe,
f1c4,
f6ae,
faea,
fe6d,
051b,
0cda,
0e91,
0c79,
0b0c,
08ba,
0562,
010e,
fd9d,
fab8,
f7db,
f775,
f9c7,
fae8,
fab3,
fb1a,
fd2b,
ffdc,
0204,
02d8,
01e9,
0115,
0231,
044b,
041f,
0200,
0069,
0019,
ff97,
fe5a,
fd1e,
fc5d,
fc3b,
fc83,
fd4f,
fe9f,
0033,
014f,
019a,
0173,
00ae,
ffba,
ffac,
0033,
ffbf,
fe96,
fe4c,
fefb,
ffb0,
000d,
0041,
001c,
ffe8,
ffcd,
ffad,
ff7a,
ff82,
ffc0,
ffc1,
ff8e,
ff79,
ffc3,
0034,
fffe,
ffff,
0001,
0001,
0001,
ffff,
0000,
0002,
0002,
0001,
ffff,
fffe,
fffe,
ffff,
ffff,
ffff,
fffe,
fffe,
ffff,
0000,
0002,
0002,
0002,
ffff,
fffe,
fffd,
fffc,
ffff,
0000,
0000,
fffc,
fffc,
0000,
0005,
0001,
0001,
fff7,
0006,
ffee,
0014,
ffe5,
002c,
ffe5,
0371,
09cb,
0c67,
fb06,
debd,
efc3,
1915,
214a,
0fbf,
0534,
05f3,
07d0,
0963,
ff5e,
eef3,
e80c,
ebbf,
effe,
f1c4,
f6ae,
faea,
fe6d,
051b,
0cda,
0e91,
0c79,
0b0c,
08ba,
0562,
010e,
fd9d,
fab8,
f7db,
f775,
f9c7,
fae8,
fab3,
fb1a,
fd2b,
ffdc,
0204,
02d8,
01e9,
0115,
0231,
044b,
041f,
0200,
0069,
0019,
ff97,
fe5a,
fd1e,
fc5d,
fc3b,
fc83,
fd4f,
fe9f,
0033,
014f,
019a,
0173,
00ae,
ffba,
ffac,
0033,
ffbf,
fe96,
fe4c,
fefb,
ffb0,
000d,
0041,
001c,
ffe8,
ffcd,
ffad,
ff7a,
ff82,
ffc0,
ffc1,
ff8e,
ff79,
ffc3,
0034,
0000,
0001,
0001,
0001,
ffff,
0000,
0001,
0002,
0001,
0000,
0000,
ffff,
ffff,
ffff,
ffff,
fffe,
fffe,
fffe,
ffff,
0001,
0003,
0002,
0000,
fffd,
fffc,
fffc,
ffff,
0000,
0000,
fffd,
fffb,
ffff,
0007,
0000,
0004,
fff3,
0009,
ffeb,
0016,
ffe1,
002c,
ffd1,
02ee,
0a3a,
0e31,
fddf,
ddeb,
eb64,
18a7,
23bb,
1108,
0526,
05e4,
07aa,
0972,
ffc5,
ee13,
e68b,
ea99,
ef12,
f0d0,
f644,
faf7,
fe1f,
04bf,
0d39,
0f95,
0da8,
0c73,
0a0d,
0617,
00fd,
fd9e,
fac0,
f742,
f646,
f93d,
fac9,
f9e8,
fa83,
fcfc,
ff72,
0183,
0303,
022e,
0128,
02da,
0562,
0540,
02e9,
00cf,
ffd7,
ff56,
fe40,
fc7a,
fba4,
fbbe,
fc1f,
fd2a,
fe87,
ffcb,
00e8,
019b,
015e,
0083,
0058,
00eb,
010c,
0012,
ff1b,
fefd,
ff20,
ff50,
ff6c,
ff90,
ff91,
ff6e,
ff40,
ff1b,
ff4e,
ffd2,
0024,
0004,
ffd4,
ffe2,
002e,
0078,
0097,
0000,
0001,
0001,
0001,
ffff,
0000,
0001,
0002,
0001,
0000,
0000,
ffff,
ffff,
ffff,
ffff,
fffe,
fffe,
fffe,
ffff,
0001,
0003,
0002,
0000,
fffd,
fffc,
fffc,
ffff,
0000,
0000,
fffd,
fffb,
ffff,
0007,
0000,
0004,
fff3,
0009,
ffeb,
0016,
ffe1,
002c,
ffd1,
02ee,
0a3a,
0e31,
fddf,
ddeb,
eb64,
18a7,
23bb,
1108,
0526,
05e4,
07aa,
0972,
ffc5,
ee13,
e68b,
ea99,
ef12,
f0d0,
f644,
faf7,
fe1f,
04bf,
0d39,
0f95,
0da8,
0c73,
0a0d,
0617,
00fd,
fd9e,
fac0,
f742,
f646,
f93d,
fac9,
f9e8,
fa83,
fcfc,
ff72,
0183,
0303,
022e,
0128,
02da,
0562,
0540,
02e9,
00cf,
ffd7,
ff56,
fe40,
fc7a,
fba4,
fbbe,
fc1f,
fd2a,
fe87,
ffcb,
00e8,
019b,
015e,
0083,
0058,
00eb,
010c,
0012,
ff1b,
fefd,
ff20,
ff50,
ff6c,
ff90,
ff91,
ff6e,
ff40,
ff1b,
ff4e,
ffd2,
0024,
0004,
ffd4,
ffe2,
002e,
0078,
0097,
0000,
0001,
0001,
0001,
ffff,
0000,
0001,
0002,
0001,
0000,
0000,
ffff,
ffff,
ffff,
ffff,
fffe,
fffe,
fffe,
ffff,
0001,
0003,
0002,
0000,
fffd,
fffc,
fffc,
ffff,
0000,
0000,
fffd,
fffb,
ffff,
0007,
0000,
0004,
fff3,
0009,
ffeb,
0016,
ffe1,
002c,
ffd1,
02ee,
0a3a,
0e31,
fddf,
ddeb,
eb64,
18a7,
23bb,
1108,
0526,
05e4,
07aa,
0972,
ffc5,
ee13,
e68b,
ea99,
ef12,
f0d0,
f644,
faf7,
fe1f,
04bf,
0d39,
0f95,
0da8,
0c73,
0a0d,
0617,
00fd,
fd9e,
fac0,
f742,
f646,
f93d,
fac9,
f9e8,
fa83,
fcfc,
ff72,
0183,
0303,
022e,
0128,
02da,
0562,
0540,
02e9,
00cf,
ffd7,
ff56,
fe40,
fc7a,
fba4,
fbbe,
fc1f,
fd2a,
fe87,
ffcb,
00e8,
019b,
015e,
0083,
0058,
00eb,
010c,
0012,
ff1b,
fefd,
ff20,
ff50,
ff6c,
ff90,
ff91,
ff6e,
ff40,
ff1b,
ff4e,
ffd2,
0024,
0004,
ffd4,
ffe2,
002e,
0078,
0097,
0002,
0001,
0000,
0000,
0001,
0002,
0002,
0001,
ffff,
0000,
ffff,
ffff,
0000,
0000,
ffff,
fffe,
ffff,
0000,
0002,
0004,
0001,
ffff,
fffd,
fffc,
fffc,
0000,
0001,
0000,
fffc,
fffc,
0000,
0008,
ffff,
0005,
fff3,
000b,
ffe9,
001b,
ffdc,
002f,
ffc5,
0338,
0bab,
100a,
fd0e,
dab6,
ebde,
1c57,
24f8,
0ffa,
04ed,
0672,
07c9,
08fa,
fd79,
eae3,
e4cd,
ea0e,
ee5d,
efef,
f6b1,
fc0d,
ff18,
0644,
0eee,
103f,
0de5,
0cf0,
0a5c,
0686,
010f,
fcdb,
f9fa,
f736,
f591,
f7b2,
fa35,
f9cc,
fa5c,
fd2a,
ffa7,
01aa,
0302,
0250,
0173,
0313,
05bd,
0610,
03c8,
014f,
002d,
ff46,
fd8b,
fc03,
fb76,
faf5,
fb43,
fd08,
fed0,
ffcf,
00ae,
0136,
00d1,
0050,
00e7,
01dc,
0197,
0099,
fffa,
ffcc,
ffc4,
ff89,
ff08,
feba,
feaa,
fe8b,
fe64,
fe99,
ff45,
fffc,
0050,
0056,
0058,
006d,
0086,
00ab,
00c6,
008a,
0002,
0001,
0000,
0000,
0001,
0002,
0002,
0001,
ffff,
0000,
ffff,
ffff,
0000,
0000,
ffff,
fffe,
ffff,
0000,
0002,
0004,
0001,
ffff,
fffd,
fffc,
fffc,
0000,
0001,
0000,
fffc,
fffc,
0000,
0008,
ffff,
0005,
fff3,
000b,
ffe9,
001b,
ffdc,
002f,
ffc5,
0338,
0bab,
100a,
fd0e,
dab6,
ebde,
1c57,
24f8,
0ffa,
04ed,
0672,
07c9,
08fa,
fd79,
eae3,
e4cd,
ea0e,
ee5d,
efef,
f6b1,
fc0d,
ff18,
0644,
0eee,
103f,
0de5,
0cf0,
0a5c,
0686,
010f,
fcdb,
f9fa,
f736,
f591,
f7b2,
fa35,
f9cc,
fa5c,
fd2a,
ffa7,
01aa,
0302,
0250,
0173,
0313,
05bd,
0610,
03c8,
014f,
002d,
ff46,
fd8b,
fc03,
fb76,
faf5,
fb43,
fd08,
fed0,
ffcf,
00ae,
0136,
00d1,
0050,
00e7,
01dc,
0197,
0099,
fffa,
ffcc,
ffc4,
ff89,
ff08,
feba,
feaa,
fe8b,
fe64,
fe99,
ff45,
fffc,
0050,
0056,
0058,
006d,
0086,
00ab,
00c6,
008a,
0002,
0001,
0000,
0000,
0001,
0002,
0002,
0001,
ffff,
0000,
ffff,
ffff,
0000,
0000,
ffff,
fffe,
ffff,
0000,
0002,
0004,
0001,
ffff,
fffd,
fffc,
fffc,
0000,
0001,
0000,
fffc,
fffc,
0000,
0008,
ffff,
0005,
fff3,
000b,
ffe9,
001b,
ffdc,
002f,
ffc5,
0338,
0bab,
100a,
fd0e,
dab6,
ebde,
1c57,
24f8,
0ffa,
04ed,
0672,
07c9,
08fa,
fd79,
eae3,
e4cd,
ea0e,
ee5d,
efef,
f6b1,
fc0d,
ff18,
0644,
0eee,
103f,
0de5,
0cf0,
0a5c,
0686,
010f,
fcdb,
f9fa,
f736,
f591,
f7b2,
fa35,
f9cc,
fa5c,
fd2a,
ffa7,
01aa,
0302,
0250,
0173,
0313,
05bd,
0610,
03c8,
014f,
002d,
ff46,
fd8b,
fc03,
fb76,
faf5,
fb43,
fd08,
fed0,
ffcf,
00ae,
0136,
00d1,
0050,
00e7,
01dc,
0197,
0099,
fffa,
ffcc,
ffc4,
ff89,
ff08,
feba,
feaa,
fe8b,
fe64,
fe99,
ff45,
fffc,
0050,
0056,
0058,
006d,
0086,
00ab,
00c6,
008a,
0001,
0000,
0000,
0002,
0003,
0002,
0000,
ffff,
ffff,
0000,
0000,
0000,
0000,
ffff,
fffe,
ffff,
0002,
0004,
0004,
0001,
ffff,
fffc,
fffc,
fffd,
0001,
0000,
0000,
fffc,
fffc,
0001,
0009,
0000,
0005,
fff2,
000d,
ffe7,
001f,
ffd6,
0038,
ffb9,
03ee,
0dc2,
1200,
faca,
d683,
ee2d,
215b,
256e,
0e35,
04d5,
0750,
0812,
080d,
f9d8,
e6a9,
e31b,
e9c2,
ed86,
ef5d,
f77a,
fd45,
00f4,
08cf,
113a,
1147,
0e16,
0cfd,
09f0,
05f8,
00a3,
fc57,
f970,
f6da,
f4f3,
f657,
f93d,
f958,
fa29,
fde7,
0076,
021e,
0354,
02be,
01f0,
0352,
0597,
0603,
041f,
01b5,
0057,
ff24,
fd6d,
fbee,
faeb,
fa43,
fb2a,
fd0c,
feb5,
ffb3,
0096,
00ce,
0027,
0046,
0185,
0241,
01d2,
0139,
00f5,
00cc,
004b,
ff98,
fef3,
fe65,
fdcc,
fd6a,
fd81,
fe31,
ff2d,
000a,
008e,
00bc,
00d3,
00cb,
00c7,
00fc,
00fa,
007d,
ffbd,
0001,
0000,
0000,
0002,
0003,
0002,
0000,
ffff,
ffff,
0000,
0000,
0000,
0000,
ffff,
fffe,
ffff,
0002,
0004,
0004,
0001,
ffff,
fffc,
fffc,
fffd,
0001,
0000,
0000,
fffc,
fffc,
0001,
0009,
0000,
0005,
fff2,
000d,
ffe7,
001f,
ffd6,
0038,
ffb9,
03ee,
0dc2,
1200,
faca,
d683,
ee2d,
215b,
256e,
0e35,
04d5,
0750,
0812,
080d,
f9d8,
e6a9,
e31b,
e9c2,
ed86,
ef5d,
f77a,
fd45,
00f4,
08cf,
113a,
1147,
0e16,
0cfd,
09f0,
05f8,
00a3,
fc57,
f970,
f6da,
f4f3,
f657,
f93d,
f958,
fa29,
fde7,
0076,
021e,
0354,
02be,
01f0,
0352,
0597,
0603,
041f,
01b5,
0057,
ff24,
fd6d,
fbee,
faeb,
fa43,
fb2a,
fd0c,
feb5,
ffb3,
0096,
00ce,
0027,
0046,
0185,
0241,
01d2,
0139,
00f5,
00cc,
004b,
ff98,
fef3,
fe65,
fdcc,
fd6a,
fd81,
fe31,
ff2d,
000a,
008e,
00bc,
00d3,
00cb,
00c7,
00fc,
00fa,
007d,
ffbd,
0001,
0000,
0000,
0002,
0003,
0002,
0000,
ffff,
ffff,
0000,
0000,
0000,
0000,
ffff,
fffe,
ffff,
0002,
0004,
0004,
0001,
ffff,
fffc,
fffc,
fffd,
0001,
0000,
0000,
fffc,
fffc,
0001,
0009,
0000,
0005,
fff2,
000d,
ffe7,
001f,
ffd6,
0038,
ffb9,
03ee,
0dc2,
1200,
faca,
d683,
ee2d,
215b,
256e,
0e35,
04d5,
0750,
0812,
080d,
f9d8,
e6a9,
e31b,
e9c2,
ed86,
ef5d,
f77a,
fd45,
00f4,
08cf,
113a,
1147,
0e16,
0cfd,
09f0,
05f8,
00a3,
fc57,
f970,
f6da,
f4f3,
f657,
f93d,
f958,
fa29,
fde7,
0076,
021e,
0354,
02be,
01f0,
0352,
0597,
0603,
041f,
01b5,
0057,
ff24,
fd6d,
fbee,
faeb,
fa43,
fb2a,
fd0c,
feb5,
ffb3,
0096,
00ce,
0027,
0046,
0185,
0241,
01d2,
0139,
00f5,
00cc,
004b,
ff98,
fef3,
fe65,
fdcc,
fd6a,
fd81,
fe31,
ff2d,
000a,
008e,
00bc,
00d3,
00cb,
00c7,
00fc,
00fa,
007d,
ffbd,
0000,
0001,
0002,
0002,
0001,
ffff,
fffe,
ffff,
0000,
ffff,
0000,
0000,
fffd,
fffd,
ffff,
0001,
0003,
0004,
0001,
fffd,
fffb,
fffb,
fffb,
0001,
0000,
ffff,
fffa,
fffb,
0002,
000a,
fffe,
0004,
ffef,
000f,
ffe2,
0024,
ffce,
0041,
ffaa,
0481,
0fc8,
1441,
f9f5,
d2b5,
ee6d,
24c5,
264b,
0d94,
050a,
0803,
080f,
0715,
f6c1,
e2cd,
e127,
e909,
ec8c,
eed1,
f857,
fe77,
02cc,
0b7e,
1374,
1278,
0ea4,
0d25,
09a1,
051d,
ff99,
fb7a,
f927,
f6ec,
f48d,
f4d2,
f780,
f926,
fa3d,
fdf8,
0148,
031b,
03f4,
0372,
02e1,
03ce,
0547,
055a,
040e,
01d6,
0011,
fe7b,
fd6f,
fc4d,
fa84,
f9c4,
fb49,
fd5e,
fea4,
ff98,
004e,
0038,
ffe4,
0095,
01d5,
0258,
022b,
01cc,
01b9,
016e,
007f,
ff8a,
fed8,
fe2b,
fd33,
fcbc,
fd01,
fddc,
fef2,
0003,
00c6,
011e,
0121,
00ff,
0112,
014d,
0129,
0073,
ff8a,
ff07,
0000,
0001,
0002,
0002,
0001,
ffff,
fffe,
ffff,
0000,
ffff,
0000,
0000,
fffd,
fffd,
ffff,
0001,
0003,
0004,
0001,
fffd,
fffb,
fffb,
fffb,
0001,
0000,
ffff,
fffa,
fffb,
0002,
000a,
fffe,
0004,
ffef,
000f,
ffe2,
0024,
ffce,
0041,
ffaa,
0481,
0fc8,
1441,
f9f5,
d2b5,
ee6d,
24c5,
264b,
0d94,
050a,
0803,
080f,
0715,
f6c1,
e2cd,
e127,
e909,
ec8c,
eed1,
f857,
fe77,
02cc,
0b7e,
1374,
1278,
0ea4,
0d25,
09a1,
051d,
ff99,
fb7a,
f927,
f6ec,
f48d,
f4d2,
f780,
f926,
fa3d,
fdf8,
0148,
031b,
03f4,
0372,
02e1,
03ce,
0547,
055a,
040e,
01d6,
0011,
fe7b,
fd6f,
fc4d,
fa84,
f9c4,
fb49,
fd5e,
fea4,
ff98,
004e,
0038,
ffe4,
0095,
01d5,
0258,
022b,
01cc,
01b9,
016e,
007f,
ff8a,
fed8,
fe2b,
fd33,
fcbc,
fd01,
fddc,
fef2,
0003,
00c6,
011e,
0121,
00ff,
0112,
014d,
0129,
0073,
ff8a,
ff07,
0000,
0001,
0002,
0002,
0001,
ffff,
fffe,
ffff,
0000,
ffff,
0000,
0000,
fffd,
fffd,
ffff,
0001,
0003,
0004,
0001,
fffd,
fffb,
fffb,
fffb,
0001,
0000,
ffff,
fffa,
fffb,
0002,
000a,
fffe,
0004,
ffef,
000f,
ffe2,
0024,
ffce,
0041,
ffaa,
0481,
0fc8,
1441,
f9f5,
d2b5,
ee6d,
24c5,
264b,
0d94,
050a,
0803,
080f,
0715,
f6c1,
e2cd,
e127,
e909,
ec8c,
eed1,
f857,
fe77,
02cc,
0b7e,
1374,
1278,
0ea4,
0d25,
09a1,
051d,
ff99,
fb7a,
f927,
f6ec,
f48d,
f4d2,
f780,
f926,
fa3d,
fdf8,
0148,
031b,
03f4,
0372,
02e1,
03ce,
0547,
055a,
040e,
01d6,
0011,
fe7b,
fd6f,
fc4d,
fa84,
f9c4,
fb49,
fd5e,
fea4,
ff98,
004e,
0038,
ffe4,
0095,
01d5,
0258,
022b,
01cc,
01b9,
016e,
007f,
ff8a,
fed8,
fe2b,
fd33,
fcbc,
fd01,
fddc,
fef2,
0003,
00c6,
011e,
0121,
00ff,
0112,
014d,
0129,
0073,
ff8a,
ff07,
0002,
0004,
0004,
0001,
ffff,
0000,
0000,
0000,
0000,
0001,
0000,
fffe,
fffe,
0000,
0003,
0005,
0006,
0002,
ffff,
fffb,
fffb,
fffc,
0001,
0000,
0000,
fffa,
fffc,
0002,
000e,
ffff,
0009,
ffeb,
0014,
ffdf,
0029,
ffcb,
0045,
ff9f,
0445,
10e7,
1713,
fd8e,
d057,
e8a9,
24ad,
291b,
0f6a,
056b,
083f,
0792,
06a4,
f626,
e03d,
de77,
e751,
eb80,
edd9,
f885,
ffbe,
0443,
0d24,
154c,
1432,
0f7d,
0da7,
09fb,
04b4,
fe90,
fa7c,
f879,
f6ff,
f4bc,
f3f8,
f523,
f7f4,
fab1,
fe21,
01c0,
03b6,
04ca,
0483,
0425,
04a1,
0537,
049d,
039e,
0203,
ff60,
fd72,
fd3f,
fc7e,
fa5b,
f9b5,
fb7f,
fd72,
fe9c,
ffc5,
0045,
ffc5,
ffc7,
00d1,
020d,
02b8,
02a7,
0235,
01ea,
019b,
0092,
ff66,
fe8c,
fdcb,
fcee,
fc92,
fce0,
fdaa,
fee2,
0024,
00f3,
0136,
0138,
0131,
014d,
0183,
0157,
0084,
ff7d,
fee3,
ff04,
0002,
0004,
0004,
0001,
ffff,
0000,
0000,
0000,
0000,
0001,
0000,
fffe,
fffe,
0000,
0003,
0005,
0006,
0002,
ffff,
fffb,
fffb,
fffc,
0001,
0000,
0000,
fffa,
fffc,
0002,
000e,
ffff,
0009,
ffeb,
0014,
ffdf,
0029,
ffcb,
0045,
ff9f,
0445,
10e7,
1713,
fd8e,
d057,
e8a9,
24ad,
291b,
0f6a,
056b,
083f,
0792,
06a4,
f626,
e03d,
de77,
e751,
eb80,
edd9,
f885,
ffbe,
0443,
0d24,
154c,
1432,
0f7d,
0da7,
09fb,
04b4,
fe90,
fa7c,
f879,
f6ff,
f4bc,
f3f8,
f523,
f7f4,
fab1,
fe21,
01c0,
03b6,
04ca,
0483,
0425,
04a1,
0537,
049d,
039e,
0203,
ff60,
fd72,
fd3f,
fc7e,
fa5b,
f9b5,
fb7f,
fd72,
fe9c,
ffc5,
0045,
ffc5,
ffc7,
00d1,
020d,
02b8,
02a7,
0235,
01ea,
019b,
0092,
ff66,
fe8c,
fdcb,
fcee,
fc92,
fce0,
fdaa,
fee2,
0024,
00f3,
0136,
0138,
0131,
014d,
0183,
0157,
0084,
ff7d,
fee3,
ff04,
0002,
0004,
0004,
0001,
ffff,
0000,
0000,
0000,
0000,
0001,
0000,
fffe,
fffe,
0000,
0003,
0005,
0006,
0002,
ffff,
fffb,
fffb,
fffc,
0001,
0000,
0000,
fffa,
fffc,
0002,
000e,
ffff,
0009,
ffeb,
0014,
ffdf,
0029,
ffcb,
0045,
ff9f,
0445,
10e7,
1713,
fd8e,
d057,
e8a9,
24ad,
291b,
0f6a,
056b,
083f,
0792,
06a4,
f626,
e03d,
de77,
e751,
eb80,
edd9,
f885,
ffbe,
0443,
0d24,
154c,
1432,
0f7d,
0da7,
09fb,
04b4,
fe90,
fa7c,
f879,
f6ff,
f4bc,
f3f8,
f523,
f7f4,
fab1,
fe21,
01c0,
03b6,
04ca,
0483,
0425,
04a1,
0537,
049d,
039e,
0203,
ff60,
fd72,
fd3f,
fc7e,
fa5b,
f9b5,
fb7f,
fd72,
fe9c,
ffc5,
0045,
ffc5,
ffc7,
00d1,
020d,
02b8,
02a7,
0235,
01ea,
019b,
0092,
ff66,
fe8c,
fdcb,
fcee,
fc92,
fce0,
fdaa,
fee2,
0024,
00f3,
0136,
0138,
0131,
014d,
0183,
0157,
0084,
ff7d,
fee3,
ff04,
0005,
0004,
0002,
ffff,
ffff,
0000,
0000,
0001,
0000,
ffff,
fffe,
fffe,
ffff,
0003,
0006,
0007,
0002,
ffff,
fffb,
fffc,
fffc,
0000,
ffff,
0000,
fffb,
fffc,
fffd,
0011,
fffe,
000d,
ffe9,
0014,
ffe1,
0020,
ffde,
0028,
ffc3,
0296,
0fd2,
19a3,
082b,
d3d1,
d9ba,
1ca6,
2e2e,
1549,
068e,
0805,
06cb,
069e,
f9e5,
e095,
daac,
e3e2,
ea36,
ec1d,
f6d7,
007a,
04f9,
0d3c,
162e,
16a6,
10ea,
0e9f,
0b2f,
058e,
fe4a,
f9a3,
f77e,
f694,
f536,
f3dd,
f381,
f577,
fa21,
fe25,
020a,
0451,
0544,
055d,
0553,
05fb,
05c0,
0460,
02f6,
01dd,
ff42,
fcb0,
fc58,
fc1d,
fab7,
f9e6,
fb49,
fd24,
fe9e,
ffe7,
0065,
ffed,
ffb8,
00bb,
0234,
032a,
0335,
02a8,
01ec,
014e,
0075,
ff64,
fe4e,
fd71,
fcdf,
fc80,
fc95,
fd86,
ff1a,
0071,
0105,
012b,
0141,
014e,
0171,
019f,
016b,
0095,
ff94,
feed,
fee8,
ff44,
0005,
0004,
0002,
ffff,
ffff,
0000,
0000,
0001,
0000,
ffff,
fffe,
fffe,
ffff,
0003,
0006,
0007,
0002,
ffff,
fffb,
fffc,
fffc,
0000,
ffff,
0000,
fffb,
fffc,
fffd,
0011,
fffe,
000d,
ffe9,
0014,
ffe1,
0020,
ffde,
0028,
ffc3,
0296,
0fd2,
19a3,
082b,
d3d1,
d9ba,
1ca6,
2e2e,
1549,
068e,
0805,
06cb,
069e,
f9e5,
e095,
daac,
e3e2,
ea36,
ec1d,
f6d7,
007a,
04f9,
0d3c,
162e,
16a6,
10ea,
0e9f,
0b2f,
058e,
fe4a,
f9a3,
f77e,
f694,
f536,
f3dd,
f381,
f577,
fa21,
fe25,
020a,
0451,
0544,
055d,
0553,
05fb,
05c0,
0460,
02f6,
01dd,
ff42,
fcb0,
fc58,
fc1d,
fab7,
f9e6,
fb49,
fd24,
fe9e,
ffe7,
0065,
ffed,
ffb8,
00bb,
0234,
032a,
0335,
02a8,
01ec,
014e,
0075,
ff64,
fe4e,
fd71,
fcdf,
fc80,
fc95,
fd86,
ff1a,
0071,
0105,
012b,
0141,
014e,
0171,
019f,
016b,
0095,
ff94,
feed,
fee8,
ff44,
0005,
0004,
0002,
ffff,
ffff,
0000,
0000,
0001,
0000,
ffff,
fffe,
fffe,
ffff,
0003,
0006,
0007,
0002,
ffff,
fffb,
fffc,
fffc,
0000,
ffff,
0000,
fffb,
fffc,
fffd,
0011,
fffe,
000d,
ffe9,
0014,
ffe1,
0020,
ffde,
0028,
ffc3,
0296,
0fd2,
19a3,
082b,
d3d1,
d9ba,
1ca6,
2e2e,
1549,
068e,
0805,
06cb,
069e,
f9e5,
e095,
daac,
e3e2,
ea36,
ec1d,
f6d7,
007a,
04f9,
0d3c,
162e,
16a6,
10ea,
0e9f,
0b2f,
058e,
fe4a,
f9a3,
f77e,
f694,
f536,
f3dd,
f381,
f577,
fa21,
fe25,
020a,
0451,
0544,
055d,
0553,
05fb,
05c0,
0460,
02f6,
01dd,
ff42,
fcb0,
fc58,
fc1d,
fab7,
f9e6,
fb49,
fd24,
fe9e,
ffe7,
0065,
ffed,
ffb8,
00bb,
0234,
032a,
0335,
02a8,
01ec,
014e,
0075,
ff64,
fe4e,
fd71,
fcdf,
fc80,
fc95,
fd86,
ff1a,
0071,
0105,
012b,
0141,
014e,
0171,
019f,
016b,
0095,
ff94,
feed,
fee8,
ff44,
0005,
0004,
0000,
ffff,
0000,
0000,
0000,
0000,
0000,
fffe,
fffd,
fffe,
0002,
0006,
0008,
0004,
0000,
fffc,
fffa,
fffb,
ffff,
0001,
0000,
fffd,
fffc,
fffb,
000d,
0006,
0007,
fff8,
fffb,
0005,
ffee,
0021,
ffcd,
0048,
0019,
0b02,
18ea,
171b,
e7b1,
c6e9,
0287,
3128,
2123,
0aea,
07a5,
06ca,
0561,
0180,
e7ff,
d745,
dd72,
e78f,
ea39,
f20c,
ff51,
04d0,
0b72,
1516,
1997,
13d8,
0ff7,
0d2c,
07e0,
0036,
f943,
f692,
f56e,
f56f,
f43a,
f362,
f368,
f73a,
fd00,
01ab,
04e6,
05bb,
05ea,
05eb,
06cf,
074a,
0546,
02eb,
0143,
ff59,
fce8,
fbbf,
fb32,
fa92,
fa4c,
faf9,
fc74,
fe1c,
ffed,
009d,
0050,
fffa,
008e,
01e7,
0341,
03cc,
0326,
0214,
0154,
0069,
ff3e,
fe46,
fd96,
fcea,
fc54,
fc45,
fd10,
fed8,
0094,
0155,
014d,
0142,
014f,
0174,
01bd,
01a6,
00cb,
ffac,
fee7,
fece,
ff27,
ff86,
0005,
0004,
0000,
ffff,
0000,
0000,
0000,
0000,
0000,
fffe,
fffd,
fffe,
0002,
0006,
0008,
0004,
0000,
fffc,
fffa,
fffb,
ffff,
0001,
0000,
fffd,
fffc,
fffb,
000d,
0006,
0007,
fff8,
fffb,
0005,
ffee,
0021,
ffcd,
0048,
0019,
0b02,
18ea,
171b,
e7b1,
c6e9,
0287,
3128,
2123,
0aea,
07a5,
06ca,
0561,
0180,
e7ff,
d745,
dd72,
e78f,
ea39,
f20c,
ff51,
04d0,
0b72,
1516,
1997,
13d8,
0ff7,
0d2c,
07e0,
0036,
f943,
f692,
f56e,
f56f,
f43a,
f362,
f368,
f73a,
fd00,
01ab,
04e6,
05bb,
05ea,
05eb,
06cf,
074a,
0546,
02eb,
0143,
ff59,
fce8,
fbbf,
fb32,
fa92,
fa4c,
faf9,
fc74,
fe1c,
ffed,
009d,
0050,
fffa,
008e,
01e7,
0341,
03cc,
0326,
0214,
0154,
0069,
ff3e,
fe46,
fd96,
fcea,
fc54,
fc45,
fd10,
fed8,
0094,
0155,
014d,
0142,
014f,
0174,
01bd,
01a6,
00cb,
ffac,
fee7,
fece,
ff27,
ff86,
0005,
0004,
0000,
ffff,
0000,
0000,
0000,
0000,
0000,
fffe,
fffd,
fffe,
0002,
0006,
0008,
0004,
0000,
fffc,
fffa,
fffb,
ffff,
0001,
0000,
fffd,
fffc,
fffb,
000d,
0006,
0007,
fff8,
fffb,
0005,
ffee,
0021,
ffcd,
0048,
0019,
0b02,
18ea,
171b,
e7b1,
c6e9,
0287,
3128,
2123,
0aea,
07a5,
06ca,
0561,
0180,
e7ff,
d745,
dd72,
e78f,
ea39,
f20c,
ff51,
04d0,
0b72,
1516,
1997,
13d8,
0ff7,
0d2c,
07e0,
0036,
f943,
f692,
f56e,
f56f,
f43a,
f362,
f368,
f73a,
fd00,
01ab,
04e6,
05bb,
05ea,
05eb,
06cf,
074a,
0546,
02eb,
0143,
ff59,
fce8,
fbbf,
fb32,
fa92,
fa4c,
faf9,
fc74,
fe1c,
ffed,
009d,
0050,
fffa,
008e,
01e7,
0341,
03cc,
0326,
0214,
0154,
0069,
ff3e,
fe46,
fd96,
fcea,
fc54,
fc45,
fd10,
fed8,
0094,
0155,
014d,
0142,
014f,
0174,
01bd,
01a6,
00cb,
ffac,
fee7,
fece,
ff27,
ff86,
0004,
0002,
ffff,
ffff,
ffff,
0001,
0001,
ffff,
ffff,
fffd,
fffd,
0000,
0004,
0007,
0007,
0002,
ffff,
fffa,
fffc,
fffc,
0002,
ffff,
ffff,
fff9,
fffd,
fffc,
0014,
fffb,
0012,
ffe2,
001a,
ffd8,
002a,
ffd5,
0030,
ffb8,
02fe,
11f4,
1d18,
0cf2,
cf62,
d1fa,
1dcb,
30f8,
17a6,
08b4,
0893,
0409,
0518,
f977,
dc63,
d519,
e003,
e8ab,
ebc1,
f8e6,
03a3,
0846,
1124,
19c2,
194c,
12a3,
0f79,
0ad9,
04c5,
fb94,
f5e6,
f4a6,
f462,
f452,
f42c,
f410,
f414,
f8c3,
ff92,
0458,
0650,
0671,
064a,
0662,
07f1,
07e4,
0479,
0178,
ff5c,
fd68,
fbf2,
fb25,
fa00,
f9c3,
faab,
fbc8,
fd29,
ff20,
00c3,
00d8,
006b,
007e,
012b,
0289,
03d8,
03c9,
02a9,
019a,
00d0,
ff8a,
fe78,
fdd8,
fd4f,
fc86,
fc08,
fc66,
fdcd,
ffe1,
0157,
01a6,
0169,
014f,
0166,
01af,
01e0,
015e,
0025,
ff09,
fe95,
fedb,
ff57,
ffa0,
0004,
0002,
ffff,
ffff,
ffff,
0001,
0001,
ffff,
ffff,
fffd,
fffd,
0000,
0004,
0007,
0007,
0002,
ffff,
fffa,
fffc,
fffc,
0002,
ffff,
ffff,
fff9,
fffd,
fffc,
0014,
fffb,
0012,
ffe2,
001a,
ffd8,
002a,
ffd5,
0030,
ffb8,
02fe,
11f4,
1d18,
0cf2,
cf62,
d1fa,
1dcb,
30f8,
17a6,
08b4,
0893,
0409,
0518,
f977,
dc63,
d519,
e003,
e8ab,
ebc1,
f8e6,
03a3,
0846,
1124,
19c2,
194c,
12a3,
0f79,
0ad9,
04c5,
fb94,
f5e6,
f4a6,
f462,
f452,
f42c,
f410,
f414,
f8c3,
ff92,
0458,
0650,
0671,
064a,
0662,
07f1,
07e4,
0479,
0178,
ff5c,
fd68,
fbf2,
fb25,
fa00,
f9c3,
faab,
fbc8,
fd29,
ff20,
00c3,
00d8,
006b,
007e,
012b,
0289,
03d8,
03c9,
02a9,
019a,
00d0,
ff8a,
fe78,
fdd8,
fd4f,
fc86,
fc08,
fc66,
fdcd,
ffe1,
0157,
01a6,
0169,
014f,
0166,
01af,
01e0,
015e,
0025,
ff09,
fe95,
fedb,
ff57,
ffa0,
0004,
0002,
ffff,
ffff,
ffff,
0001,
0001,
ffff,
ffff,
fffd,
fffd,
0000,
0004,
0007,
0007,
0002,
ffff,
fffa,
fffc,
fffc,
0002,
ffff,
ffff,
fff9,
fffd,
fffc,
0014,
fffb,
0012,
ffe2,
001a,
ffd8,
002a,
ffd5,
0030,
ffb8,
02fe,
11f4,
1d18,
0cf2,
cf62,
d1fa,
1dcb,
30f8,
17a6,
08b4,
0893,
0409,
0518,
f977,
dc63,
d519,
e003,
e8ab,
ebc1,
f8e6,
03a3,
0846,
1124,
19c2,
194c,
12a3,
0f79,
0ad9,
04c5,
fb94,
f5e6,
f4a6,
f462,
f452,
f42c,
f410,
f414,
f8c3,
ff92,
0458,
0650,
0671,
064a,
0662,
07f1,
07e4,
0479,
0178,
ff5c,
fd68,
fbf2,
fb25,
fa00,
f9c3,
faab,
fbc8,
fd29,
ff20,
00c3,
00d8,
006b,
007e,
012b,
0289,
03d8,
03c9,
02a9,
019a,
00d0,
ff8a,
fe78,
fdd8,
fd4f,
fc86,
fc08,
fc66,
fdcd,
ffe1,
0157,
01a6,
0169,
014f,
0166,
01af,
01e0,
015e,
0025,
ff09,
fe95,
fedb,
ff57,
ffa0,
0005,
0003,
0000,
ffff,
ffff,
0000,
0001,
0002,
ffff,
fffc,
fffc,
0000,
0005,
0008,
0007,
0000,
fffe,
fff9,
fffc,
fffe,
0003,
fffe,
ffff,
fffa,
fffd,
ffff,
0015,
fff9,
0014,
ffdc,
0025,
ffc6,
0046,
ffaf,
0064,
ff72,
0526,
14b5,
1e62,
0772,
c5b4,
d975,
2780,
2f43,
142a,
08f0,
091b,
0256,
04ad,
f4b5,
d778,
d3e1,
e07a,
e964,
ed9d,
fc40,
055a,
0b38,
146a,
1baa,
19a3,
124b,
0e79,
0928,
0247,
f877,
f444,
f3bf,
f31e,
f40b,
f5b6,
f51f,
f4a3,
f9c7,
00ce,
053b,
0713,
06f8,
061b,
0674,
088d,
084d,
0419,
00b7,
fe3a,
fc38,
fba5,
fadf,
f920,
f933,
faed,
fc49,
fdb3,
ffd1,
0143,
011e,
00b2,
00ba,
0135,
027b,
03b1,
038c,
0290,
017c,
005a,
ff21,
fe7b,
fdef,
fd35,
fc59,
fc09,
fc9e,
fe30,
002a,
0172,
01c3,
0177,
013f,
0177,
01e3,
01e7,
0123,
ffd6,
febe,
fe70,
fee8,
ff6e,
ffac,
0005,
0003,
0000,
ffff,
ffff,
0000,
0001,
0002,
ffff,
fffc,
fffc,
0000,
0005,
0008,
0007,
0000,
fffe,
fff9,
fffc,
fffe,
0003,
fffe,
ffff,
fffa,
fffd,
ffff,
0015,
fff9,
0014,
ffdc,
0025,
ffc6,
0046,
ffaf,
0064,
ff72,
0526,
14b5,
1e62,
0772,
c5b4,
d975,
2780,
2f43,
142a,
08f0,
091b,
0256,
04ad,
f4b5,
d778,
d3e1,
e07a,
e964,
ed9d,
fc40,
055a,
0b38,
146a,
1baa,
19a3,
124b,
0e79,
0928,
0247,
f877,
f444,
f3bf,
f31e,
f40b,
f5b6,
f51f,
f4a3,
f9c7,
00ce,
053b,
0713,
06f8,
061b,
0674,
088d,
084d,
0419,
00b7,
fe3a,
fc38,
fba5,
fadf,
f920,
f933,
faed,
fc49,
fdb3,
ffd1,
0143,
011e,
00b2,
00ba,
0135,
027b,
03b1,
038c,
0290,
017c,
005a,
ff21,
fe7b,
fdef,
fd35,
fc59,
fc09,
fc9e,
fe30,
002a,
0172,
01c3,
0177,
013f,
0177,
01e3,
01e7,
0123,
ffd6,
febe,
fe70,
fee8,
ff6e,
ffac,
0005,
0003,
0000,
ffff,
ffff,
0000,
0001,
0002,
ffff,
fffc,
fffc,
0000,
0005,
0008,
0007,
0000,
fffe,
fff9,
fffc,
fffe,
0003,
fffe,
ffff,
fffa,
fffd,
ffff,
0015,
fff9,
0014,
ffdc,
0025,
ffc6,
0046,
ffaf,
0064,
ff72,
0526,
14b5,
1e62,
0772,
c5b4,
d975,
2780,
2f43,
142a,
08f0,
091b,
0256,
04ad,
f4b5,
d778,
d3e1,
e07a,
e964,
ed9d,
fc40,
055a,
0b38,
146a,
1baa,
19a3,
124b,
0e79,
0928,
0247,
f877,
f444,
f3bf,
f31e,
f40b,
f5b6,
f51f,
f4a3,
f9c7,
00ce,
053b,
0713,
06f8,
061b,
0674,
088d,
084d,
0419,
00b7,
fe3a,
fc38,
fba5,
fadf,
f920,
f933,
faed,
fc49,
fdb3,
ffd1,
0143,
011e,
00b2,
00ba,
0135,
027b,
03b1,
038c,
0290,
017c,
005a,
ff21,
fe7b,
fdef,
fd35,
fc59,
fc09,
fc9e,
fe30,
002a,
0172,
01c3,
0177,
013f,
0177,
01e3,
01e7,
0123,
ffd6,
febe,
fe70,
fee8,
ff6e,
ffac,
0005,
0000,
fffd,
fffe,
0000,
0000,
ffff,
ffff,
fffe,
fffd,
fffd,
0001,
0005,
0006,
0007,
0002,
ffff,
fff9,
fffc,
fffa,
0002,
ffff,
ffff,
fff8,
fffc,
fffd,
0017,
fff7,
0016,
ffd9,
0028,
ffc8,
0040,
ffb8,
0052,
ff91,
041b,
1378,
1db2,
0e46,
c94a,
d001,
2365,
3250,
1676,
094a,
0a8a,
0228,
03a3,
f712,
d859,
d17e,
de2a,
ea28,
ed53,
fb17,
0636,
0be5,
1518,
1c72,
1abd,
12b5,
0df3,
07cf,
01a8,
f850,
f346,
f2fc,
f33a,
f491,
f6a8,
f6c6,
f58b,
f92f,
ffd5,
04cf,
072b,
0742,
05f2,
0612,
0844,
08bc,
04fe,
011d,
fe30,
fbcd,
fb42,
fae9,
f8ea,
f893,
fab6,
fc7c,
fdf9,
fffa,
0192,
018d,
00cd,
0087,
00e5,
01b6,
02c0,
0352,
030e,
01ce,
004b,
ff3d,
fef2,
fe53,
fd6d,
fc8e,
fc12,
fc8b,
fdf7,
ffdb,
0136,
01b2,
016e,
012d,
016e,
01e0,
01ec,
0134,
ffe6,
feca,
fe6d,
fed7,
ff69,
ffc8,
0005,
0000,
fffd,
fffe,
0000,
0000,
ffff,
ffff,
fffe,
fffd,
fffd,
0001,
0005,
0006,
0007,
0002,
ffff,
fff9,
fffc,
fffa,
0002,
ffff,
ffff,
fff8,
fffc,
fffd,
0017,
fff7,
0016,
ffd9,
0028,
ffc8,
0040,
ffb8,
0052,
ff91,
041b,
1378,
1db2,
0e46,
c94a,
d001,
2365,
3250,
1676,
094a,
0a8a,
0228,
03a3,
f712,
d859,
d17e,
de2a,
ea28,
ed53,
fb17,
0636,
0be5,
1518,
1c72,
1abd,
12b5,
0df3,
07cf,
01a8,
f850,
f346,
f2fc,
f33a,
f491,
f6a8,
f6c6,
f58b,
f92f,
ffd5,
04cf,
072b,
0742,
05f2,
0612,
0844,
08bc,
04fe,
011d,
fe30,
fbcd,
fb42,
fae9,
f8ea,
f893,
fab6,
fc7c,
fdf9,
fffa,
0192,
018d,
00cd,
0087,
00e5,
01b6,
02c0,
0352,
030e,
01ce,
004b,
ff3d,
fef2,
fe53,
fd6d,
fc8e,
fc12,
fc8b,
fdf7,
ffdb,
0136,
01b2,
016e,
012d,
016e,
01e0,
01ec,
0134,
ffe6,
feca,
fe6d,
fed7,
ff69,
ffc8,
0005,
0000,
fffd,
fffe,
0000,
0000,
ffff,
ffff,
fffe,
fffd,
fffd,
0001,
0005,
0006,
0007,
0002,
ffff,
fff9,
fffc,
fffa,
0002,
ffff,
ffff,
fff8,
fffc,
fffd,
0017,
fff7,
0016,
ffd9,
0028,
ffc8,
0040,
ffb8,
0052,
ff91,
041b,
1378,
1db2,
0e46,
c94a,
d001,
2365,
3250,
1676,
094a,
0a8a,
0228,
03a3,
f712,
d859,
d17e,
de2a,
ea28,
ed53,
fb17,
0636,
0be5,
1518,
1c72,
1abd,
12b5,
0df3,
07cf,
01a8,
f850,
f346,
f2fc,
f33a,
f491,
f6a8,
f6c6,
f58b,
f92f,
ffd5,
04cf,
072b,
0742,
05f2,
0612,
0844,
08bc,
04fe,
011d,
fe30,
fbcd,
fb42,
fae9,
f8ea,
f893,
fab6,
fc7c,
fdf9,
fffa,
0192,
018d,
00cd,
0087,
00e5,
01b6,
02c0,
0352,
030e,
01ce,
004b,
ff3d,
fef2,
fe53,
fd6d,
fc8e,
fc12,
fc8b,
fdf7,
ffdb,
0136,
01b2,
016e,
012d,
016e,
01e0,
01ec,
0134,
ffe6,
feca,
fe6d,
fed7,
ff69,
ffc8,
0004,
0003,
0000,
ffff,
fffd,
ffff,
0000,
0000,
0000,
fffd,
fffd,
fffd,
0002,
0007,
0009,
0003,
fffe,
fffa,
fffa,
fffb,
0001,
0000,
fffe,
fffc,
fffd,
fff7,
0012,
fffe,
0011,
ffec,
0006,
fff6,
fff9,
001c,
ffce,
0049,
00c6,
0ea7,
198d,
1a31,
e130,
bdbb,
0abc,
3662,
2065,
0ad1,
0b0f,
0540,
0178,
fe79,
e0f3,
d0a7,
d890,
e826,
ec93,
f61b,
0478,
0ab1,
136a,
1a9b,
1c60,
1492,
0df0,
07e4,
030e,
fade,
f339,
f369,
f440,
f4c1,
f6b4,
f8bb,
f6b6,
f78b,
fd19,
02d1,
0612,
0749,
067f,
0558,
0709,
0908,
06ed,
0285,
ff2d,
fcaf,
fb08,
fa8d,
f991,
f8a9,
f9da,
fbeb,
fe0e,
ffca,
0124,
01df,
0157,
002d,
0009,
00bd,
0189,
0294,
0363,
0297,
00e9,
ffe3,
ff86,
ff05,
fe09,
fd1d,
fc3e,
fc2c,
fd46,
ff1a,
00b0,
016c,
0161,
0125,
0132,
019b,
01e0,
017b,
0055,
ff27,
fe8f,
feb2,
ff4b,
ffdd,
0004,
0003,
0000,
ffff,
fffd,
ffff,
0000,
0000,
0000,
fffd,
fffd,
fffd,
0002,
0007,
0009,
0003,
fffe,
fffa,
fffa,
fffb,
0001,
0000,
fffe,
fffc,
fffd,
fff7,
0012,
fffe,
0011,
ffec,
0006,
fff6,
fff9,
001c,
ffce,
0049,
00c6,
0ea7,
198d,
1a31,
e130,
bdbb,
0abc,
3662,
2065,
0ad1,
0b0f,
0540,
0178,
fe79,
e0f3,
d0a7,
d890,
e826,
ec93,
f61b,
0478,
0ab1,
136a,
1a9b,
1c60,
1492,
0df0,
07e4,
030e,
fade,
f339,
f369,
f440,
f4c1,
f6b4,
f8bb,
f6b6,
f78b,
fd19,
02d1,
0612,
0749,
067f,
0558,
0709,
0908,
06ed,
0285,
ff2d,
fcaf,
fb08,
fa8d,
f991,
f8a9,
f9da,
fbeb,
fe0e,
ffca,
0124,
01df,
0157,
002d,
0009,
00bd,
0189,
0294,
0363,
0297,
00e9,
ffe3,
ff86,
ff05,
fe09,
fd1d,
fc3e,
fc2c,
fd46,
ff1a,
00b0,
016c,
0161,
0125,
0132,
019b,
01e0,
017b,
0055,
ff27,
fe8f,
feb2,
ff4b,
ffdd,
0004,
0003,
0000,
ffff,
fffd,
ffff,
0000,
0000,
0000,
fffd,
fffd,
fffd,
0002,
0007,
0009,
0003,
fffe,
fffa,
fffa,
fffb,
0001,
0000,
fffe,
fffc,
fffd,
fff7,
0012,
fffe,
0011,
ffec,
0006,
fff6,
fff9,
001c,
ffce,
0049,
00c6,
0ea7,
198d,
1a31,
e130,
bdbb,
0abc,
3662,
2065,
0ad1,
0b0f,
0540,
0178,
fe79,
e0f3,
d0a7,
d890,
e826,
ec93,
f61b,
0478,
0ab1,
136a,
1a9b,
1c60,
1492,
0df0,
07e4,
030e,
fade,
f339,
f369,
f440,
f4c1,
f6b4,
f8bb,
f6b6,
f78b,
fd19,
02d1,
0612,
0749,
067f,
0558,
0709,
0908,
06ed,
0285,
ff2d,
fcaf,
fb08,
fa8d,
f991,
f8a9,
f9da,
fbeb,
fe0e,
ffca,
0124,
01df,
0157,
002d,
0009,
00bd,
0189,
0294,
0363,
0297,
00e9,
ffe3,
ff86,
ff05,
fe09,
fd1d,
fc3e,
fc2c,
fd46,
ff1a,
00b0,
016c,
0161,
0125,
0132,
019b,
01e0,
017b,
0055,
ff27,
fe8f,
feb2,
ff4b,
ffdd,
0004,
0003,
0002,
0000,
ffff,
fffe,
ffff,
0000,
0000,
ffff,
fffc,
fffc,
fffe,
0005,
0008,
0007,
0000,
fffd,
fff7,
fffa,
fffb,
0003,
ffff,
0001,
fff9,
fffc,
ffff,
0014,
fff8,
0017,
ffd6,
002e,
ffba,
0058,
ff98,
0084,
ff59,
062d,
1352,
1b1b,
0805,
c489,
da89,
2900,
3022,
1532,
0877,
098b,
01b6,
02e8,
f229,
d7b5,
d2f8,
df7e,
ecb5,
f041,
fdf2,
0848,
0e9f,
166a,
1b3b,
17fe,
0fd4,
0a19,
046e,
ff8c,
f6f3,
f40f,
f51a,
f573,
f634,
f8d7,
f8be,
f69e,
f99e,
ff29,
03be,
0628,
0717,
05d3,
055b,
0801,
0895,
0512,
00d8,
fe27,
fc61,
fa4f,
f9cd,
f9cd,
f977,
faaa,
fd5d,
ff5b,
0016,
0166,
0228,
00d8,
ff06,
ff38,
00ae,
01dc,
02be,
02b6,
01dc,
0115,
006b,
ffb3,
fed1,
fdf7,
fce2,
fc1c,
fc77,
fdf3,
ffb3,
00e5,
0166,
0132,
00ff,
0116,
0176,
019f,
010e,
ffd8,
fed3,
fea2,
ff14,
ffba,
0004,
0003,
0002,
0000,
ffff,
fffe,
ffff,
0000,
0000,
ffff,
fffc,
fffc,
fffe,
0005,
0008,
0007,
0000,
fffd,
fff7,
fffa,
fffb,
0003,
ffff,
0001,
fff9,
fffc,
ffff,
0014,
fff8,
0017,
ffd6,
002e,
ffba,
0058,
ff98,
0084,
ff59,
062d,
1352,
1b1b,
0805,
c489,
da89,
2900,
3022,
1532,
0877,
098b,
01b6,
02e8,
f229,
d7b5,
d2f8,
df7e,
ecb5,
f041,
fdf2,
0848,
0e9f,
166a,
1b3b,
17fe,
0fd4,
0a19,
046e,
ff8c,
f6f3,
f40f,
f51a,
f573,
f634,
f8d7,
f8be,
f69e,
f99e,
ff29,
03be,
0628,
0717,
05d3,
055b,
0801,
0895,
0512,
00d8,
fe27,
fc61,
fa4f,
f9cd,
f9cd,
f977,
faaa,
fd5d,
ff5b,
0016,
0166,
0228,
00d8,
ff06,
ff38,
00ae,
01dc,
02be,
02b6,
01dc,
0115,
006b,
ffb3,
fed1,
fdf7,
fce2,
fc1c,
fc77,
fdf3,
ffb3,
00e5,
0166,
0132,
00ff,
0116,
0176,
019f,
010e,
ffd8,
fed3,
fea2,
ff14,
ffba,
0004,
0003,
0002,
0000,
ffff,
fffe,
ffff,
0000,
0000,
ffff,
fffc,
fffc,
fffe,
0005,
0008,
0007,
0000,
fffd,
fff7,
fffa,
fffb,
0003,
ffff,
0001,
fff9,
fffc,
ffff,
0014,
fff8,
0017,
ffd6,
002e,
ffba,
0058,
ff98,
0084,
ff59,
062d,
1352,
1b1b,
0805,
c489,
da89,
2900,
3022,
1532,
0877,
098b,
01b6,
02e8,
f229,
d7b5,
d2f8,
df7e,
ecb5,
f041,
fdf2,
0848,
0e9f,
166a,
1b3b,
17fe,
0fd4,
0a19,
046e,
ff8c,
f6f3,
f40f,
f51a,
f573,
f634,
f8d7,
f8be,
f69e,
f99e,
ff29,
03be,
0628,
0717,
05d3,
055b,
0801,
0895,
0512,
00d8,
fe27,
fc61,
fa4f,
f9cd,
f9cd,
f977,
faaa,
fd5d,
ff5b,
0016,
0166,
0228,
00d8,
ff06,
ff38,
00ae,
01dc,
02be,
02b6,
01dc,
0115,
006b,
ffb3,
fed1,
fdf7,
fce2,
fc1c,
fc77,
fdf3,
ffb3,
00e5,
0166,
0132,
00ff,
0116,
0176,
019f,
010e,
ffd8,
fed3,
fea2,
ff14,
ffba,
0003,
0003,
0004,
0003,
0000,
fffe,
fffe,
0000,
0001,
0001,
fffe,
fffd,
fffe,
0000,
0005,
0009,
0007,
0000,
fffd,
fff9,
fffb,
ffff,
0004,
ffff,
fffe,
fffc,
fffa,
0009,
000a,
0004,
0004,
ffeb,
0019,
ffce,
004e,
ff99,
008c,
ffa8,
09f7,
1383,
18ea,
f65e,
c112,
f330,
2fc1,
2a42,
101b,
06fa,
06c9,
027b,
0187,
eb39,
d6e5,
d5cb,
e47f,
ef3d,
f4ac,
0193,
08e3,
0f88,
15a6,
18fb,
1484,
0dc3,
076a,
02fa,
feb9,
f710,
f592,
f645,
f684,
f730,
f94c,
f826,
f76a,
fadc,
ffa1,
03e5,
0600,
06b7,
0599,
0599,
07f9,
0782,
03ee,
0012,
fd9c,
fc39,
fa63,
fa00,
fa6e,
fa66,
fb83,
fdf6,
ff78,
0045,
0192,
01e1,
0018,
fe0e,
febb,
016c,
0281,
01f3,
01ae,
01c8,
019e,
00bd,
ff99,
fe90,
fdd7,
fd0c,
fc7c,
fcc7,
fe31,
fffc,
010d,
014c,
011d,
00db,
00c3,
0119,
015f,
00d1,
ff98,
febe,
fece,
ff60,
0003,
0003,
0004,
0003,
0000,
fffe,
fffe,
0000,
0001,
0001,
fffe,
fffd,
fffe,
0000,
0005,
0009,
0007,
0000,
fffd,
fff9,
fffb,
ffff,
0004,
ffff,
fffe,
fffc,
fffa,
0009,
000a,
0004,
0004,
ffeb,
0019,
ffce,
004e,
ff99,
008c,
ffa8,
09f7,
1383,
18ea,
f65e,
c112,
f330,
2fc1,
2a42,
101b,
06fa,
06c9,
027b,
0187,
eb39,
d6e5,
d5cb,
e47f,
ef3d,
f4ac,
0193,
08e3,
0f88,
15a6,
18fb,
1484,
0dc3,
076a,
02fa,
feb9,
f710,
f592,
f645,
f684,
f730,
f94c,
f826,
f76a,
fadc,
ffa1,
03e5,
0600,
06b7,
0599,
0599,
07f9,
0782,
03ee,
0012,
fd9c,
fc39,
fa63,
fa00,
fa6e,
fa66,
fb83,
fdf6,
ff78,
0045,
0192,
01e1,
0018,
fe0e,
febb,
016c,
0281,
01f3,
01ae,
01c8,
019e,
00bd,
ff99,
fe90,
fdd7,
fd0c,
fc7c,
fcc7,
fe31,
fffc,
010d,
014c,
011d,
00db,
00c3,
0119,
015f,
00d1,
ff98,
febe,
fece,
ff60,
0003,
0003,
0004,
0003,
0000,
fffe,
fffe,
0000,
0001,
0001,
fffe,
fffd,
fffe,
0000,
0005,
0009,
0007,
0000,
fffd,
fff9,
fffb,
ffff,
0004,
ffff,
fffe,
fffc,
fffa,
0009,
000a,
0004,
0004,
ffeb,
0019,
ffce,
004e,
ff99,
008c,
ffa8,
09f7,
1383,
18ea,
f65e,
c112,
f330,
2fc1,
2a42,
101b,
06fa,
06c9,
027b,
0187,
eb39,
d6e5,
d5cb,
e47f,
ef3d,
f4ac,
0193,
08e3,
0f88,
15a6,
18fb,
1484,
0dc3,
076a,
02fa,
feb9,
f710,
f592,
f645,
f684,
f730,
f94c,
f826,
f76a,
fadc,
ffa1,
03e5,
0600,
06b7,
0599,
0599,
07f9,
0782,
03ee,
0012,
fd9c,
fc39,
fa63,
fa00,
fa6e,
fa66,
fb83,
fdf6,
ff78,
0045,
0192,
01e1,
0018,
fe0e,
febb,
016c,
0281,
01f3,
01ae,
01c8,
019e,
00bd,
ff99,
fe90,
fdd7,
fd0c,
fc7c,
fcc7,
fe31,
fffc,
010d,
014c,
011d,
00db,
00c3,
0119,
015f,
00d1,
ff98,
febe,
fece,
ff60,
0001,
0002,
0003,
0005,
0004,
0002,
ffff,
ffff,
0000,
0001,
0003,
ffff,
fffc,
fffd,
0000,
0006,
0009,
0004,
0000,
fffd,
fffa,
fffb,
0001,
0003,
0001,
ffff,
fffe,
fff9,
000c,
0003,
000d,
fffa,
fff9,
0005,
ffea,
002e,
ffbe,
0056,
0059,
0abc,
11fd,
14fc,
ee70,
c71a,
fd53,
2e8b,
27c1,
0e39,
0543,
0538,
042c,
009a,
e9fa,
d97a,
d896,
e712,
f1ce,
f6f8,
0166,
0794,
0d8d,
1344,
16ab,
12df,
0c8f,
06c8,
03c1,
ff59,
f838,
f6dc,
f723,
f6e4,
f74f,
f959,
f86d,
f819,
fb37,
ff9f,
0375,
058e,
067d,
0561,
0538,
0735,
06c5,
036d,
ffdf,
fd9f,
fc32,
fb24,
fad3,
fb0c,
fb1e,
fbaa,
fdf3,
ffa1,
0057,
00fd,
0137,
ffe9,
fe2b,
fed6,
0193,
02b7,
017e,
010b,
0182,
017b,
009d,
ff6b,
fe75,
fde6,
fd78,
fd1e,
fd36,
fe53,
000e,
0123,
013c,
00f0,
00a5,
0086,
00b6,
0104,
00b1,
ffa5,
fed4,
fee2,
0001,
0002,
0003,
0005,
0004,
0002,
ffff,
ffff,
0000,
0001,
0003,
ffff,
fffc,
fffd,
0000,
0006,
0009,
0004,
0000,
fffd,
fffa,
fffb,
0001,
0003,
0001,
ffff,
fffe,
fff9,
000c,
0003,
000d,
fffa,
fff9,
0005,
ffea,
002e,
ffbe,
0056,
0059,
0abc,
11fd,
14fc,
ee70,
c71a,
fd53,
2e8b,
27c1,
0e39,
0543,
0538,
042c,
009a,
e9fa,
d97a,
d896,
e712,
f1ce,
f6f8,
0166,
0794,
0d8d,
1344,
16ab,
12df,
0c8f,
06c8,
03c1,
ff59,
f838,
f6dc,
f723,
f6e4,
f74f,
f959,
f86d,
f819,
fb37,
ff9f,
0375,
058e,
067d,
0561,
0538,
0735,
06c5,
036d,
ffdf,
fd9f,
fc32,
fb24,
fad3,
fb0c,
fb1e,
fbaa,
fdf3,
ffa1,
0057,
00fd,
0137,
ffe9,
fe2b,
fed6,
0193,
02b7,
017e,
010b,
0182,
017b,
009d,
ff6b,
fe75,
fde6,
fd78,
fd1e,
fd36,
fe53,
000e,
0123,
013c,
00f0,
00a5,
0086,
00b6,
0104,
00b1,
ffa5,
fed4,
fee2,
0001,
0002,
0003,
0005,
0004,
0002,
ffff,
ffff,
0000,
0001,
0003,
ffff,
fffc,
fffd,
0000,
0006,
0009,
0004,
0000,
fffd,
fffa,
fffb,
0001,
0003,
0001,
ffff,
fffe,
fff9,
000c,
0003,
000d,
fffa,
fff9,
0005,
ffea,
002e,
ffbe,
0056,
0059,
0abc,
11fd,
14fc,
ee70,
c71a,
fd53,
2e8b,
27c1,
0e39,
0543,
0538,
042c,
009a,
e9fa,
d97a,
d896,
e712,
f1ce,
f6f8,
0166,
0794,
0d8d,
1344,
16ab,
12df,
0c8f,
06c8,
03c1,
ff59,
f838,
f6dc,
f723,
f6e4,
f74f,
f959,
f86d,
f819,
fb37,
ff9f,
0375,
058e,
067d,
0561,
0538,
0735,
06c5,
036d,
ffdf,
fd9f,
fc32,
fb24,
fad3,
fb0c,
fb1e,
fbaa,
fdf3,
ffa1,
0057,
00fd,
0137,
ffe9,
fe2b,
fed6,
0193,
02b7,
017e,
010b,
0182,
017b,
009d,
ff6b,
fe75,
fde6,
fd78,
fd1e,
fd36,
fe53,
000e,
0123,
013c,
00f0,
00a5,
0086,
00b6,
0104,
00b1,
ffa5,
fed4,
fee2,
0000,
fffd,
fffe,
0002,
0006,
0003,
fffd,
fffe,
fffe,
0000,
0002,
0001,
fffd,
fffc,
fffe,
0001,
0004,
0005,
0003,
0001,
fffc,
fff9,
fffa,
ffff,
0002,
0001,
fffd,
fffb,
fffa,
000d,
0001,
000b,
fff4,
0004,
fffd,
fffb,
0012,
ffd9,
002e,
00d7,
0a22,
0ff8,
1101,
ebfe,
ceaf,
00f4,
2b05,
259c,
0d77,
040e,
049c,
055e,
0054,
ec1d,
dd33,
dbde,
e972,
f31c,
f7b7,
ffba,
052a,
0aa7,
107f,
1474,
1156,
0c58,
0798,
04b8,
006d,
f9dc,
f7fa,
f7a0,
f727,
f7c1,
f981,
f8b4,
f89b,
fb4b,
ff20,
02aa,
051d,
05c1,
04c0,
04e1,
0662,
061e,
0397,
0065,
fdc1,
fc4c,
fbf5,
fbcd,
fb65,
fb79,
fbee,
fda9,
ff57,
0010,
0090,
00db,
002c,
fede,
ff1d,
012c,
0294,
01ed,
00b4,
005c,
0093,
0055,
ff78,
fe91,
fe16,
fdca,
fdb1,
fdf5,
fec0,
ffe8,
00ee,
0121,
00c1,
0072,
0065,
0082,
00a7,
0084,
ffd5,
ff1e,
0003,
0001,
0000,
fffe,
fffd,
fffe,
0000,
0000,
ffff,
fffe,
fffd,
fffe,
0001,
0003,
0005,
0003,
0001,
fffd,
fffc,
fffc,
ffff,
0000,
ffff,
fffb,
fffc,
fff9,
000c,
ffff,
000b,
fff1,
0008,
fff6,
0004,
000a,
fff0,
001a,
00fb,
09f1,
10f6,
12ad,
ed6c,
d255,
026d,
26b5,
1b02,
08d8,
0911,
07c2,
04b2,
0011,
eccf,
def0,
e0e8,
ebb0,
ef73,
f52e,
ffae,
05b0,
0bd7,
11ae,
13d5,
0f8c,
0b95,
0771,
0424,
ff13,
f99f,
f870,
f857,
f7d2,
f80f,
f9ab,
f8b6,
f8c1,
fbc7,
ff2e,
0182,
0397,
058e,
05a9,
060b,
0740,
05ff,
027a,
ff0c,
fd7a,
fd8f,
fdb5,
fc3f,
fa25,
f9e4,
fb7c,
fd79,
ff23,
009f,
01b5,
0294,
02c9,
019e,
ffc6,
fefb,
ffaf,
0047,
ff48,
fe05,
fe59,
ffc2,
006d,
001e,
ff9f,
ff2c,
ff0f,
ff62,
ffd5,
0011,
0062,
0082,
0049,
ffc8,
ff87,
ffd9,
0047,
0028,
ff73,
fed5,
fefb,
ffc6,
0072,
0003,
0001,
0000,
fffe,
fffd,
fffe,
0000,
0000,
ffff,
fffe,
fffd,
fffe,
0001,
0003,
0005,
0003,
0001,
fffd,
fffc,
fffc,
ffff,
0000,
ffff,
fffb,
fffc,
fff9,
000c,
ffff,
000b,
fff1,
0008,
fff6,
0004,
000a,
fff0,
001a,
00fb,
09f1,
10f6,
12ad,
ed6c,
d255,
026d,
26b5,
1b02,
08d8,
0911,
07c2,
04b2,
0011,
eccf,
def0,
e0e8,
ebb0,
ef73,
f52e,
ffae,
05b0,
0bd7,
11ae,
13d5,
0f8c,
0b95,
0771,
0424,
ff13,
f99f,
f870,
f857,
f7d2,
f80f,
f9ab,
f8b6,
f8c1,
fbc7,
ff2e,
0182,
0397,
058e,
05a9,
060b,
0740,
05ff,
027a,
ff0c,
fd7a,
fd8f,
fdb5,
fc3f,
fa25,
f9e4,
fb7c,
fd79,
ff23,
009f,
01b5,
0294,
02c9,
019e,
ffc6,
fefb,
ffaf,
0047,
ff48,
fe05,
fe59,
ffc2,
006d,
001e,
ff9f,
ff2c,
ff0f,
ff62,
ffd5,
0011,
0062,
0082,
0049,
ffc8,
ff87,
ffd9,
0047,
0028,
ff73,
fed5,
fefb,
ffc6,
0072,
0003,
0001,
0000,
fffe,
fffd,
fffe,
0000,
0000,
ffff,
fffe,
fffd,
fffe,
0001,
0003,
0005,
0003,
0001,
fffd,
fffc,
fffc,
ffff,
0000,
ffff,
fffb,
fffc,
fff9,
000c,
ffff,
000b,
fff1,
0008,
fff6,
0004,
000a,
fff0,
001a,
00fb,
09f1,
10f6,
12ad,
ed6c,
d255,
026d,
26b5,
1b02,
08d8,
0911,
07c2,
04b2,
0011,
eccf,
def0,
e0e8,
ebb0,
ef73,
f52e,
ffae,
05b0,
0bd7,
11ae,
13d5,
0f8c,
0b95,
0771,
0424,
ff13,
f99f,
f870,
f857,
f7d2,
f80f,
f9ab,
f8b6,
f8c1,
fbc7,
ff2e,
0182,
0397,
058e,
05a9,
060b,
0740,
05ff,
027a,
ff0c,
fd7a,
fd8f,
fdb5,
fc3f,
fa25,
f9e4,
fb7c,
fd79,
ff23,
009f,
01b5,
0294,
02c9,
019e,
ffc6,
fefb,
ffaf,
0047,
ff48,
fe05,
fe59,
ffc2,
006d,
001e,
ff9f,
ff2c,
ff0f,
ff62,
ffd5,
0011,
0062,
0082,
0049,
ffc8,
ff87,
ffd9,
0047,
0028,
ff73,
fed5,
fefb,
ffc6,
0072,
0003,
0001,
0000,
fffe,
fffd,
fffe,
0000,
0000,
ffff,
fffe,
fffd,
fffe,
0001,
0003,
0005,
0003,
0001,
fffd,
fffc,
fffc,
ffff,
0000,
ffff,
fffb,
fffc,
fff9,
000c,
ffff,
000b,
fff1,
0008,
fff6,
0004,
000a,
fff0,
001a,
00fb,
09f1,
10f6,
12ad,
ed6c,
d255,
026d,
26b5,
1b02,
08d8,
0911,
07c2,
04b2,
0011,
eccf,
def0,
e0e8,
ebb0,
ef73,
f52e,
ffae,
05b0,
0bd7,
11ae,
13d5,
0f8c,
0b95,
0771,
0424,
ff13,
f99f,
f870,
f857,
f7d2,
f80f,
f9ab,
f8b6,
f8c1,
fbc7,
ff2e,
0182,
0397,
058e,
05a9,
060b,
0740,
05ff,
027a,
ff0c,
fd7a,
fd8f,
fdb5,
fc3f,
fa25,
f9e4,
fb7c,
fd79,
ff23,
009f,
01b5,
0294,
02c9,
019e,
ffc6,
fefb,
ffaf,
0047,
ff48,
fe05,
fe59,
ffc2,
006d,
001e,
ff9f,
ff2c,
ff0f,
ff62,
ffd5,
0011,
0062,
0082,
0049,
ffc8,
ff87,
ffd9,
0047,
0028,
ff73,
fed5,
fefb,
ffc6,
0072,
0003,
0004,
0003,
0001,
0000,
ffff,
0000,
0001,
0001,
0001,
0001,
0000,
0001,
0003,
0004,
0006,
0004,
0002,
fffe,
fffe,
fffd,
0001,
0002,
0002,
fffe,
fffe,
fffb,
000c,
0000,
000c,
fff3,
000c,
fff2,
000d,
0000,
0002,
0006,
0147,
0943,
0ef0,
0df3,
e970,
d5a2,
0677,
28ed,
1c75,
07ee,
06a9,
071f,
06bc,
025a,
ef11,
e094,
e1f3,
ec93,
f0b1,
f558,
fe11,
0365,
08b2,
0f48,
129c,
0f2d,
0bc9,
07f1,
04e9,
005d,
fb00,
f921,
f8ba,
f82a,
f851,
f97a,
f8b6,
f8e0,
fba7,
ff59,
01e9,
039c,
04a4,
049b,
0547,
06dd,
05e8,
027e,
ff3d,
fd75,
fd44,
fd49,
fc76,
fb2a,
fabb,
fbfe,
fdce,
ff5e,
00e0,
01d4,
0242,
025c,
01c3,
002b,
fec3,
fec9,
ffb1,
ff61,
fe07,
fda7,
fede,
004e,
0099,
ffff,
ff59,
ff4d,
ffcb,
006c,
0093,
0057,
001d,
fffe,
ffe0,
ff96,
ff85,
ffe2,
0001,
ffa0,
ff10,
fefe,
ff88,
0003,
0004,
0003,
0001,
0000,
ffff,
0000,
0001,
0001,
0001,
0001,
0000,
0001,
0003,
0004,
0006,
0004,
0002,
fffe,
fffe,
fffd,
0001,
0002,
0002,
fffe,
fffe,
fffb,
000c,
0000,
000c,
fff3,
000c,
fff2,
000d,
0000,
0002,
0006,
0147,
0943,
0ef0,
0df3,
e970,
d5a2,
0677,
28ed,
1c75,
07ee,
06a9,
071f,
06bc,
025a,
ef11,
e094,
e1f3,
ec93,
f0b1,
f558,
fe11,
0365,
08b2,
0f48,
129c,
0f2d,
0bc9,
07f1,
04e9,
005d,
fb00,
f921,
f8ba,
f82a,
f851,
f97a,
f8b6,
f8e0,
fba7,
ff59,
01e9,
039c,
04a4,
049b,
0547,
06dd,
05e8,
027e,
ff3d,
fd75,
fd44,
fd49,
fc76,
fb2a,
fabb,
fbfe,
fdce,
ff5e,
00e0,
01d4,
0242,
025c,
01c3,
002b,
fec3,
fec9,
ffb1,
ff61,
fe07,
fda7,
fede,
004e,
0099,
ffff,
ff59,
ff4d,
ffcb,
006c,
0093,
0057,
001d,
fffe,
ffe0,
ff96,
ff85,
ffe2,
0001,
ffa0,
ff10,
fefe,
ff88,
0003,
0004,
0003,
0001,
0000,
ffff,
0000,
0001,
0001,
0001,
0001,
0000,
0001,
0003,
0004,
0006,
0004,
0002,
fffe,
fffe,
fffd,
0001,
0002,
0002,
fffe,
fffe,
fffb,
000c,
0000,
000c,
fff3,
000c,
fff2,
000d,
0000,
0002,
0006,
0147,
0943,
0ef0,
0df3,
e970,
d5a2,
0677,
28ed,
1c75,
07ee,
06a9,
071f,
06bc,
025a,
ef11,
e094,
e1f3,
ec93,
f0b1,
f558,
fe11,
0365,
08b2,
0f48,
129c,
0f2d,
0bc9,
07f1,
04e9,
005d,
fb00,
f921,
f8ba,
f82a,
f851,
f97a,
f8b6,
f8e0,
fba7,
ff59,
01e9,
039c,
04a4,
049b,
0547,
06dd,
05e8,
027e,
ff3d,
fd75,
fd44,
fd49,
fc76,
fb2a,
fabb,
fbfe,
fdce,
ff5e,
00e0,
01d4,
0242,
025c,
01c3,
002b,
fec3,
fec9,
ffb1,
ff61,
fe07,
fda7,
fede,
004e,
0099,
ffff,
ff59,
ff4d,
ffcb,
006c,
0093,
0057,
001d,
fffe,
ffe0,
ff96,
ff85,
ffe2,
0001,
ffa0,
ff10,
fefe,
ff88,
0003,
0004,
0003,
0001,
0000,
ffff,
0000,
0001,
0001,
0001,
0001,
0000,
0001,
0003,
0004,
0006,
0004,
0002,
fffe,
fffe,
fffd,
0001,
0002,
0002,
fffe,
fffe,
fffb,
000c,
0000,
000c,
fff3,
000c,
fff2,
000d,
0000,
0002,
0006,
0147,
0943,
0ef0,
0df3,
e970,
d5a2,
0677,
28ed,
1c75,
07ee,
06a9,
071f,
06bc,
025a,
ef11,
e094,
e1f3,
ec93,
f0b1,
f558,
fe11,
0365,
08b2,
0f48,
129c,
0f2d,
0bc9,
07f1,
04e9,
005d,
fb00,
f921,
f8ba,
f82a,
f851,
f97a,
f8b6,
f8e0,
fba7,
ff59,
01e9,
039c,
04a4,
049b,
0547,
06dd,
05e8,
027e,
ff3d,
fd75,
fd44,
fd49,
fc76,
fb2a,
fabb,
fbfe,
fdce,
ff5e,
00e0,
01d4,
0242,
025c,
01c3,
002b,
fec3,
fec9,
ffb1,
ff61,
fe07,
fda7,
fede,
004e,
0099,
ffff,
ff59,
ff4d,
ffcb,
006c,
0093,
0057,
001d,
fffe,
ffe0,
ff96,
ff85,
ffe2,
0001,
ffa0,
ff10,
fefe,
ff88,
0003,
0004,
0003,
0001,
0000,
ffff,
0000,
0001,
0001,
0001,
0001,
0000,
0001,
0003,
0004,
0006,
0004,
0002,
fffe,
fffe,
fffd,
0001,
0002,
0002,
fffe,
fffe,
fffb,
000c,
0000,
000c,
fff3,
000c,
fff2,
000d,
0000,
0002,
0006,
0147,
0943,
0ef0,
0df3,
e970,
d5a2,
0677,
28ed,
1c75,
07ee,
06a9,
071f,
06bc,
025a,
ef11,
e094,
e1f3,
ec93,
f0b1,
f558,
fe11,
0365,
08b2,
0f48,
129c,
0f2d,
0bc9,
07f1,
04e9,
005d,
fb00,
f921,
f8ba,
f82a,
f851,
f97a,
f8b6,
f8e0,
fba7,
ff59,
01e9,
039c,
04a4,
049b,
0547,
06dd,
05e8,
027e,
ff3d,
fd75,
fd44,
fd49,
fc76,
fb2a,
fabb,
fbfe,
fdce,
ff5e,
00e0,
01d4,
0242,
025c,
01c3,
002b,
fec3,
fec9,
ffb1,
ff61,
fe07,
fda7,
fede,
004e,
0099,
ffff,
ff59,
ff4d,
ffcb,
006c,
0093,
0057,
001d,
fffe,
ffe0,
ff96,
ff85,
ffe2,
0001,
ffa0,
ff10,
fefe,
ff88,
0000,
0000,
0001,
0001,
0000,
ffff,
fffe,
fffe,
fffe,
ffff,
0000,
ffff,
fffe,
fffe,
0001,
0002,
0004,
0002,
0001,
fffd,
fffc,
fffc,
0000,
0000,
0001,
fffc,
fffa,
fffc,
000a,
fffd,
000a,
ffee,
0012,
ffe4,
0022,
ffdd,
002f,
ffce,
02c9,
0a03,
0e87,
05bb,
de5f,
defa,
13cf,
29c7,
1776,
05e6,
063e,
0675,
083a,
00db,
ed22,
e16e,
e559,
eec3,
f194,
f6f2,
fddd,
0275,
07c0,
0eba,
1123,
0dd1,
0b52,
07f8,
04b3,
ffc7,
fb68,
f961,
f8d0,
f857,
f8c6,
f990,
f898,
f92a,
fc56,
0083,
02f3,
0408,
043d,
03a9,
0489,
05ef,
04db,
019f,
feaf,
fda3,
fdca,
fd83,
fc31,
fb38,
fb67,
fcde,
fe95,
ffe9,
0129,
01d0,
023f,
0271,
01a8,
ffcb,
fe36,
fe55,
ff40,
fef0,
fdb4,
fd64,
feac,
0052,
00f3,
0057,
ffb0,
ffc5,
004e,
00c0,
00ae,
0041,
ffd1,
ffc0,
ffbe,
ff61,
ff2b,
ff8d,
fff3,
ffbe,
ff48,
ff36,
0000,
0000,
0001,
0001,
0000,
ffff,
fffe,
fffe,
fffe,
ffff,
0000,
ffff,
fffe,
fffe,
0001,
0002,
0004,
0002,
0001,
fffd,
fffc,
fffc,
0000,
0000,
0001,
fffc,
fffa,
fffc,
000a,
fffd,
000a,
ffee,
0012,
ffe4,
0022,
ffdd,
002f,
ffce,
02c9,
0a03,
0e87,
05bb,
de5f,
defa,
13cf,
29c7,
1776,
05e6,
063e,
0675,
083a,
00db,
ed22,
e16e,
e559,
eec3,
f194,
f6f2,
fddd,
0275,
07c0,
0eba,
1123,
0dd1,
0b52,
07f8,
04b3,
ffc7,
fb68,
f961,
f8d0,
f857,
f8c6,
f990,
f898,
f92a,
fc56,
0083,
02f3,
0408,
043d,
03a9,
0489,
05ef,
04db,
019f,
feaf,
fda3,
fdca,
fd83,
fc31,
fb38,
fb67,
fcde,
fe95,
ffe9,
0129,
01d0,
023f,
0271,
01a8,
ffcb,
fe36,
fe55,
ff40,
fef0,
fdb4,
fd64,
feac,
0052,
00f3,
0057,
ffb0,
ffc5,
004e,
00c0,
00ae,
0041,
ffd1,
ffc0,
ffbe,
ff61,
ff2b,
ff8d,
fff3,
ffbe,
ff48,
ff36,
0000,
0000,
0001,
0001,
0000,
ffff,
fffe,
fffe,
fffe,
ffff,
0000,
ffff,
fffe,
fffe,
0001,
0002,
0004,
0002,
0001,
fffd,
fffc,
fffc,
0000,
0000,
0001,
fffc,
fffa,
fffc,
000a,
fffd,
000a,
ffee,
0012,
ffe4,
0022,
ffdd,
002f,
ffce,
02c9,
0a03,
0e87,
05bb,
de5f,
defa,
13cf,
29c7,
1776,
05e6,
063e,
0675,
083a,
00db,
ed22,
e16e,
e559,
eec3,
f194,
f6f2,
fddd,
0275,
07c0,
0eba,
1123,
0dd1,
0b52,
07f8,
04b3,
ffc7,
fb68,
f961,
f8d0,
f857,
f8c6,
f990,
f898,
f92a,
fc56,
0083,
02f3,
0408,
043d,
03a9,
0489,
05ef,
04db,
019f,
feaf,
fda3,
fdca,
fd83,
fc31,
fb38,
fb67,
fcde,
fe95,
ffe9,
0129,
01d0,
023f,
0271,
01a8,
ffcb,
fe36,
fe55,
ff40,
fef0,
fdb4,
fd64,
feac,
0052,
00f3,
0057,
ffb0,
ffc5,
004e,
00c0,
00ae,
0041,
ffd1,
ffc0,
ffbe,
ff61,
ff2b,
ff8d,
fff3,
ffbe,
ff48,
ff36,
0000,
0000,
0001,
0001,
0000,
ffff,
fffe,
fffe,
fffe,
ffff,
0000,
ffff,
fffe,
fffe,
0001,
0002,
0004,
0002,
0001,
fffd,
fffc,
fffc,
0000,
0000,
0001,
fffc,
fffa,
fffc,
000a,
fffd,
000a,
ffee,
0012,
ffe4,
0022,
ffdd,
002f,
ffce,
02c9,
0a03,
0e87,
05bb,
de5f,
defa,
13cf,
29c7,
1776,
05e6,
063e,
0675,
083a,
00db,
ed22,
e16e,
e559,
eec3,
f194,
f6f2,
fddd,
0275,
07c0,
0eba,
1123,
0dd1,
0b52,
07f8,
04b3,
ffc7,
fb68,
f961,
f8d0,
f857,
f8c6,
f990,
f898,
f92a,
fc56,
0083,
02f3,
0408,
043d,
03a9,
0489,
05ef,
04db,
019f,
feaf,
fda3,
fdca,
fd83,
fc31,
fb38,
fb67,
fcde,
fe95,
ffe9,
0129,
01d0,
023f,
0271,
01a8,
ffcb,
fe36,
fe55,
ff40,
fef0,
fdb4,
fd64,
feac,
0052,
00f3,
0057,
ffb0,
ffc5,
004e,
00c0,
00ae,
0041,
ffd1,
ffc0,
ffbe,
ff61,
ff2b,
ff8d,
fff3,
ffbe,
ff48,
ff36,
0000,
0000,
0001,
0001,
0000,
ffff,
fffe,
fffe,
fffe,
ffff,
0000,
ffff,
fffe,
fffe,
0001,
0002,
0004,
0002,
0001,
fffd,
fffc,
fffc,
0000,
0000,
0001,
fffc,
fffa,
fffc,
000a,
fffd,
000a,
ffee,
0012,
ffe4,
0022,
ffdd,
002f,
ffce,
02c9,
0a03,
0e87,
05bb,
de5f,
defa,
13cf,
29c7,
1776,
05e6,
063e,
0675,
083a,
00db,
ed22,
e16e,
e559,
eec3,
f194,
f6f2,
fddd,
0275,
07c0,
0eba,
1123,
0dd1,
0b52,
07f8,
04b3,
ffc7,
fb68,
f961,
f8d0,
f857,
f8c6,
f990,
f898,
f92a,
fc56,
0083,
02f3,
0408,
043d,
03a9,
0489,
05ef,
04db,
019f,
feaf,
fda3,
fdca,
fd83,
fc31,
fb38,
fb67,
fcde,
fe95,
ffe9,
0129,
01d0,
023f,
0271,
01a8,
ffcb,
fe36,
fe55,
ff40,
fef0,
fdb4,
fd64,
feac,
0052,
00f3,
0057,
ffb0,
ffc5,
004e,
00c0,
00ae,
0041,
ffd1,
ffc0,
ffbe,
ff61,
ff2b,
ff8d,
fff3,
ffbe,
ff48,
ff36,
0000,
0000,
0001,
0001,
0000,
ffff,
fffe,
fffe,
fffe,
ffff,
0000,
ffff,
fffe,
fffe,
0001,
0002,
0004,
0002,
0001,
fffd,
fffc,
fffc,
0000,
0000,
0001,
fffc,
fffa,
fffc,
000a,
fffd,
000a,
ffee,
0012,
ffe4,
0022,
ffdd,
002f,
ffce,
02c9,
0a03,
0e87,
05bb,
de5f,
defa,
13cf,
29c7,
1776,
05e6,
063e,
0675,
083a,
00db,
ed22,
e16e,
e559,
eec3,
f194,
f6f2,
fddd,
0275,
07c0,
0eba,
1123,
0dd1,
0b52,
07f8,
04b3,
ffc7,
fb68,
f961,
f8d0,
f857,
f8c6,
f990,
f898,
f92a,
fc56,
0083,
02f3,
0408,
043d,
03a9,
0489,
05ef,
04db,
019f,
feaf,
fda3,
fdca,
fd83,
fc31,
fb38,
fb67,
fcde,
fe95,
ffe9,
0129,
01d0,
023f,
0271,
01a8,
ffcb,
fe36,
fe55,
ff40,
fef0,
fdb4,
fd64,
feac,
0052,
00f3,
0057,
ffb0,
ffc5,
004e,
00c0,
00ae,
0041,
ffd1,
ffc0,
ffbe,
ff61,
ff2b,
ff8d,
fff3,
ffbe,
ff48,
ff36,
0000,
0000,
0001,
0001,
0000,
ffff,
fffe,
fffe,
fffe,
ffff,
0000,
ffff,
fffe,
fffe,
0001,
0002,
0004,
0002,
0001,
fffd,
fffc,
fffc,
0000,
0000,
0001,
fffc,
fffa,
fffc,
000a,
fffd,
000a,
ffee,
0012,
ffe4,
0022,
ffdd,
002f,
ffce,
02c9,
0a03,
0e87,
05bb,
de5f,
defa,
13cf,
29c7,
1776,
05e6,
063e,
0675,
083a,
00db,
ed22,
e16e,
e559,
eec3,
f194,
f6f2,
fddd,
0275,
07c0,
0eba,
1123,
0dd1,
0b52,
07f8,
04b3,
ffc7,
fb68,
f961,
f8d0,
f857,
f8c6,
f990,
f898,
f92a,
fc56,
0083,
02f3,
0408,
043d,
03a9,
0489,
05ef,
04db,
019f,
feaf,
fda3,
fdca,
fd83,
fc31,
fb38,
fb67,
fcde,
fe95,
ffe9,
0129,
01d0,
023f,
0271,
01a8,
ffcb,
fe36,
fe55,
ff40,
fef0,
fdb4,
fd64,
feac,
0052,
00f3,
0057,
ffb0,
ffc5,
004e,
00c0,
00ae,
0041,
ffd1,
ffc0,
ffbe,
ff61,
ff2b,
ff8d,
fff3,
ffbe,
ff48,
ff36,
0000,
0000,
0001,
0002,
0002,
0001,
ffff,
fffe,
fffe,
ffff,
0000,
ffff,
fffe,
fffe,
ffff,
0002,
0004,
0003,
0001,
fffe,
fffd,
fffc,
fffd,
0000,
0001,
fffd,
fffc,
fff9,
0007,
0001,
0008,
fff7,
0006,
fff7,
0001,
0006,
fff9,
0012,
00cd,
0780,
0cd4,
0b56,
eb66,
d6a8,
022a,
2831,
1f9f,
0985,
0539,
06c9,
0827,
065a,
f53f,
e540,
e38c,
ec75,
f0bc,
f3d9,
fad6,
ffa7,
0465,
0b8a,
10eb,
0ea6,
0c11,
0a0c,
0674,
0196,
fcfa,
fa70,
f8ed,
f881,
f8b1,
f94f,
f886,
f8d8,
fc3d,
ffb5,
01b2,
039d,
043f,
035b,
03b4,
04e8,
044d,
021a,
fffe,
fef1,
fe55,
fd92,
fcdd,
fbff,
fb70,
fc3d,
fe05,
ff6b,
00ad,
01a2,
023d,
0264,
01eb,
00ab,
fede,
fddc,
fe76,
feff,
fe1c,
fd33,
fded,
ffc2,
00e8,
00c4,
003c,
0030,
007c,
00d4,
00bc,
0026,
ff9a,
ff7f,
ff84,
ff43,
ff1e,
ff8c,
fff3,
ffdb,
ff80,
ff5e,
0000,
0000,
0001,
0002,
0002,
0001,
ffff,
fffe,
fffe,
ffff,
0000,
ffff,
fffe,
fffe,
ffff,
0002,
0004,
0003,
0001,
fffe,
fffd,
fffc,
fffd,
0000,
0001,
fffd,
fffc,
fff9,
0007,
0001,
0008,
fff7,
0006,
fff7,
0001,
0006,
fff9,
0012,
00cd,
0780,
0cd4,
0b56,
eb66,
d6a8,
022a,
2831,
1f9f,
0985,
0539,
06c9,
0827,
065a,
f53f,
e540,
e38c,
ec75,
f0bc,
f3d9,
fad6,
ffa7,
0465,
0b8a,
10eb,
0ea6,
0c11,
0a0c,
0674,
0196,
fcfa,
fa70,
f8ed,
f881,
f8b1,
f94f,
f886,
f8d8,
fc3d,
ffb5,
01b2,
039d,
043f,
035b,
03b4,
04e8,
044d,
021a,
fffe,
fef1,
fe55,
fd92,
fcdd,
fbff,
fb70,
fc3d,
fe05,
ff6b,
00ad,
01a2,
023d,
0264,
01eb,
00ab,
fede,
fddc,
fe76,
feff,
fe1c,
fd33,
fded,
ffc2,
00e8,
00c4,
003c,
0030,
007c,
00d4,
00bc,
0026,
ff9a,
ff7f,
ff84,
ff43,
ff1e,
ff8c,
fff3,
ffdb,
ff80,
ff5e,
0000,
0000,
0001,
0002,
0002,
0001,
ffff,
fffe,
fffe,
ffff,
0000,
ffff,
fffe,
fffe,
ffff,
0002,
0004,
0003,
0001,
fffe,
fffd,
fffc,
fffd,
0000,
0001,
fffd,
fffc,
fff9,
0007,
0001,
0008,
fff7,
0006,
fff7,
0001,
0006,
fff9,
0012,
00cd,
0780,
0cd4,
0b56,
eb66,
d6a8,
022a,
2831,
1f9f,
0985,
0539,
06c9,
0827,
065a,
f53f,
e540,
e38c,
ec75,
f0bc,
f3d9,
fad6,
ffa7,
0465,
0b8a,
10eb,
0ea6,
0c11,
0a0c,
0674,
0196,
fcfa,
fa70,
f8ed,
f881,
f8b1,
f94f,
f886,
f8d8,
fc3d,
ffb5,
01b2,
039d,
043f,
035b,
03b4,
04e8,
044d,
021a,
fffe,
fef1,
fe55,
fd92,
fcdd,
fbff,
fb70,
fc3d,
fe05,
ff6b,
00ad,
01a2,
023d,
0264,
01eb,
00ab,
fede,
fddc,
fe76,
feff,
fe1c,
fd33,
fded,
ffc2,
00e8,
00c4,
003c,
0030,
007c,
00d4,
00bc,
0026,
ff9a,
ff7f,
ff84,
ff43,
ff1e,
ff8c,
fff3,
ffdb,
ff80,
ff5e,
0000,
0000,
0001,
0002,
0002,
0001,
ffff,
fffe,
fffe,
ffff,
0000,
ffff,
fffe,
fffe,
ffff,
0002,
0004,
0003,
0001,
fffe,
fffd,
fffc,
fffd,
0000,
0001,
fffd,
fffc,
fff9,
0007,
0001,
0008,
fff7,
0006,
fff7,
0001,
0006,
fff9,
0012,
00cd,
0780,
0cd4,
0b56,
eb66,
d6a8,
022a,
2831,
1f9f,
0985,
0539,
06c9,
0827,
065a,
f53f,
e540,
e38c,
ec75,
f0bc,
f3d9,
fad6,
ffa7,
0465,
0b8a,
10eb,
0ea6,
0c11,
0a0c,
0674,
0196,
fcfa,
fa70,
f8ed,
f881,
f8b1,
f94f,
f886,
f8d8,
fc3d,
ffb5,
01b2,
039d,
043f,
035b,
03b4,
04e8,
044d,
021a,
fffe,
fef1,
fe55,
fd92,
fcdd,
fbff,
fb70,
fc3d,
fe05,
ff6b,
00ad,
01a2,
023d,
0264,
01eb,
00ab,
fede,
fddc,
fe76,
feff,
fe1c,
fd33,
fded,
ffc2,
00e8,
00c4,
003c,
0030,
007c,
00d4,
00bc,
0026,
ff9a,
ff7f,
ff84,
ff43,
ff1e,
ff8c,
fff3,
ffdb,
ff80,
ff5e,
0000,
0000,
0001,
0002,
0002,
0001,
ffff,
fffe,
fffe,
ffff,
0000,
ffff,
fffe,
fffe,
ffff,
0002,
0004,
0003,
0001,
fffe,
fffd,
fffc,
fffd,
0000,
0001,
fffd,
fffc,
fff9,
0007,
0001,
0008,
fff7,
0006,
fff7,
0001,
0006,
fff9,
0012,
00cd,
0780,
0cd4,
0b56,
eb66,
d6a8,
022a,
2831,
1f9f,
0985,
0539,
06c9,
0827,
065a,
f53f,
e540,
e38c,
ec75,
f0bc,
f3d9,
fad6,
ffa7,
0465,
0b8a,
10eb,
0ea6,
0c11,
0a0c,
0674,
0196,
fcfa,
fa70,
f8ed,
f881,
f8b1,
f94f,
f886,
f8d8,
fc3d,
ffb5,
01b2,
039d,
043f,
035b,
03b4,
04e8,
044d,
021a,
fffe,
fef1,
fe55,
fd92,
fcdd,
fbff,
fb70,
fc3d,
fe05,
ff6b,
00ad,
01a2,
023d,
0264,
01eb,
00ab,
fede,
fddc,
fe76,
feff,
fe1c,
fd33,
fded,
ffc2,
00e8,
00c4,
003c,
0030,
007c,
00d4,
00bc,
0026,
ff9a,
ff7f,
ff84,
ff43,
ff1e,
ff8c,
fff3,
ffdb,
ff80,
ff5e,
0000,
0001,
0002,
0002,
0000,
0000,
0000,
ffff,
0000,
0000,
0000,
ffff,
ffff,
ffff,
0000,
0001,
0004,
0004,
0002,
ffff,
fffe,
fffb,
ffff,
0000,
0000,
fffc,
fffc,
fffc,
000b,
ffff,
000a,
fff2,
000e,
ffed,
0012,
ffee,
0016,
ffeb,
0197,
08d4,
0e0f,
0828,
e385,
dafc,
0d46,
29ba,
19b3,
0664,
061a,
07af,
0916,
03ee,
f100,
e3bb,
e5a5,
edc8,
f048,
f474,
fb34,
ffa4,
052c,
0d6e,
11d3,
0eb6,
0c0b,
09b7,
0632,
0098,
fc13,
f9e1,
f897,
f861,
f874,
f873,
f83c,
fa68,
fd97,
ff91,
0200,
0413,
039d,
02f9,
042e,
04f6,
035b,
01a1,
00bc,
ff5c,
fdda,
fd9d,
fd60,
fbce,
faf6,
fc49,
fe18,
ff70,
008a,
0185,
0272,
02a7,
01e4,
004e,
fed4,
fe6b,
fee5,
febd,
fdaa,
fd37,
fe83,
002a,
0080,
004e,
0071,
008b,
0096,
00b7,
0077,
ffe4,
ff99,
ff8b,
ff2d,
feee,
ff5e,
fff6,
000e,
ffcf,
ff9d,
ff9a,
0000,
0001,
0002,
0002,
0000,
0000,
0000,
ffff,
0000,
0000,
0000,
ffff,
ffff,
ffff,
0000,
0001,
0004,
0004,
0002,
ffff,
fffe,
fffb,
ffff,
0000,
0000,
fffc,
fffc,
fffc,
000b,
ffff,
000a,
fff2,
000e,
ffed,
0012,
ffee,
0016,
ffeb,
0197,
08d4,
0e0f,
0828,
e385,
dafc,
0d46,
29ba,
19b3,
0664,
061a,
07af,
0916,
03ee,
f100,
e3bb,
e5a5,
edc8,
f048,
f474,
fb34,
ffa4,
052c,
0d6e,
11d3,
0eb6,
0c0b,
09b7,
0632,
0098,
fc13,
f9e1,
f897,
f861,
f874,
f873,
f83c,
fa68,
fd97,
ff91,
0200,
0413,
039d,
02f9,
042e,
04f6,
035b,
01a1,
00bc,
ff5c,
fdda,
fd9d,
fd60,
fbce,
faf6,
fc49,
fe18,
ff70,
008a,
0185,
0272,
02a7,
01e4,
004e,
fed4,
fe6b,
fee5,
febd,
fdaa,
fd37,
fe83,
002a,
0080,
004e,
0071,
008b,
0096,
00b7,
0077,
ffe4,
ff99,
ff8b,
ff2d,
feee,
ff5e,
fff6,
000e,
ffcf,
ff9d,
ff9a,
0000,
0001,
0002,
0002,
0000,
0000,
0000,
ffff,
0000,
0000,
0000,
ffff,
ffff,
ffff,
0000,
0001,
0004,
0004,
0002,
ffff,
fffe,
fffb,
ffff,
0000,
0000,
fffc,
fffc,
fffc,
000b,
ffff,
000a,
fff2,
000e,
ffed,
0012,
ffee,
0016,
ffeb,
0197,
08d4,
0e0f,
0828,
e385,
dafc,
0d46,
29ba,
19b3,
0664,
061a,
07af,
0916,
03ee,
f100,
e3bb,
e5a5,
edc8,
f048,
f474,
fb34,
ffa4,
052c,
0d6e,
11d3,
0eb6,
0c0b,
09b7,
0632,
0098,
fc13,
f9e1,
f897,
f861,
f874,
f873,
f83c,
fa68,
fd97,
ff91,
0200,
0413,
039d,
02f9,
042e,
04f6,
035b,
01a1,
00bc,
ff5c,
fdda,
fd9d,
fd60,
fbce,
faf6,
fc49,
fe18,
ff70,
008a,
0185,
0272,
02a7,
01e4,
004e,
fed4,
fe6b,
fee5,
febd,
fdaa,
fd37,
fe83,
002a,
0080,
004e,
0071,
008b,
0096,
00b7,
0077,
ffe4,
ff99,
ff8b,
ff2d,
feee,
ff5e,
fff6,
000e,
ffcf,
ff9d,
ff9a,
0000,
0001,
0002,
0002,
0000,
0000,
0000,
ffff,
0000,
0000,
0000,
ffff,
ffff,
ffff,
0000,
0001,
0004,
0004,
0002,
ffff,
fffe,
fffb,
ffff,
0000,
0000,
fffc,
fffc,
fffc,
000b,
ffff,
000a,
fff2,
000e,
ffed,
0012,
ffee,
0016,
ffeb,
0197,
08d4,
0e0f,
0828,
e385,
dafc,
0d46,
29ba,
19b3,
0664,
061a,
07af,
0916,
03ee,
f100,
e3bb,
e5a5,
edc8,
f048,
f474,
fb34,
ffa4,
052c,
0d6e,
11d3,
0eb6,
0c0b,
09b7,
0632,
0098,
fc13,
f9e1,
f897,
f861,
f874,
f873,
f83c,
fa68,
fd97,
ff91,
0200,
0413,
039d,
02f9,
042e,
04f6,
035b,
01a1,
00bc,
ff5c,
fdda,
fd9d,
fd60,
fbce,
faf6,
fc49,
fe18,
ff70,
008a,
0185,
0272,
02a7,
01e4,
004e,
fed4,
fe6b,
fee5,
febd,
fdaa,
fd37,
fe83,
002a,
0080,
004e,
0071,
008b,
0096,
00b7,
0077,
ffe4,
ff99,
ff8b,
ff2d,
feee,
ff5e,
fff6,
000e,
ffcf,
ff9d,
ff9a,
0000,
0001,
0002,
0002,
0000,
0000,
0000,
ffff,
0000,
0000,
0000,
ffff,
ffff,
ffff,
0000,
0001,
0004,
0004,
0002,
ffff,
fffe,
fffb,
ffff,
0000,
0000,
fffc,
fffc,
fffc,
000b,
ffff,
000a,
fff2,
000e,
ffed,
0012,
ffee,
0016,
ffeb,
0197,
08d4,
0e0f,
0828,
e385,
dafc,
0d46,
29ba,
19b3,
0664,
061a,
07af,
0916,
03ee,
f100,
e3bb,
e5a5,
edc8,
f048,
f474,
fb34,
ffa4,
052c,
0d6e,
11d3,
0eb6,
0c0b,
09b7,
0632,
0098,
fc13,
f9e1,
f897,
f861,
f874,
f873,
f83c,
fa68,
fd97,
ff91,
0200,
0413,
039d,
02f9,
042e,
04f6,
035b,
01a1,
00bc,
ff5c,
fdda,
fd9d,
fd60,
fbce,
faf6,
fc49,
fe18,
ff70,
008a,
0185,
0272,
02a7,
01e4,
004e,
fed4,
fe6b,
fee5,
febd,
fdaa,
fd37,
fe83,
002a,
0080,
004e,
0071,
008b,
0096,
00b7,
0077,
ffe4,
ff99,
ff8b,
ff2d,
feee,
ff5e,
fff6,
000e,
ffcf,
ff9d,
ff9a,
0000,
0001,
0002,
0002,
0000,
0000,
0000,
ffff,
0000,
0000,
0000,
ffff,
ffff,
ffff,
0000,
0001,
0004,
0004,
0002,
ffff,
fffe,
fffb,
ffff,
0000,
0000,
fffc,
fffc,
fffc,
000b,
ffff,
000a,
fff2,
000e,
ffed,
0012,
ffee,
0016,
ffeb,
0197,
08d4,
0e0f,
0828,
e385,
dafc,
0d46,
29ba,
19b3,
0664,
061a,
07af,
0916,
03ee,
f100,
e3bb,
e5a5,
edc8,
f048,
f474,
fb34,
ffa4,
052c,
0d6e,
11d3,
0eb6,
0c0b,
09b7,
0632,
0098,
fc13,
f9e1,
f897,
f861,
f874,
f873,
f83c,
fa68,
fd97,
ff91,
0200,
0413,
039d,
02f9,
042e,
04f6,
035b,
01a1,
00bc,
ff5c,
fdda,
fd9d,
fd60,
fbce,
faf6,
fc49,
fe18,
ff70,
008a,
0185,
0272,
02a7,
01e4,
004e,
fed4,
fe6b,
fee5,
febd,
fdaa,
fd37,
fe83,
002a,
0080,
004e,
0071,
008b,
0096,
00b7,
0077,
ffe4,
ff99,
ff8b,
ff2d,
feee,
ff5e,
fff6,
000e,
ffcf,
ff9d,
ff9a,
0000,
0001,
0002,
0002,
0000,
0000,
0000,
ffff,
0000,
0000,
0000,
ffff,
ffff,
ffff,
0000,
0001,
0004,
0004,
0002,
ffff,
fffe,
fffb,
ffff,
0000,
0000,
fffc,
fffc,
fffc,
000b,
ffff,
000a,
fff2,
000e,
ffed,
0012,
ffee,
0016,
ffeb,
0197,
08d4,
0e0f,
0828,
e385,
dafc,
0d46,
29ba,
19b3,
0664,
061a,
07af,
0916,
03ee,
f100,
e3bb,
e5a5,
edc8,
f048,
f474,
fb34,
ffa4,
052c,
0d6e,
11d3,
0eb6,
0c0b,
09b7,
0632,
0098,
fc13,
f9e1,
f897,
f861,
f874,
f873,
f83c,
fa68,
fd97,
ff91,
0200,
0413,
039d,
02f9,
042e,
04f6,
035b,
01a1,
00bc,
ff5c,
fdda,
fd9d,
fd60,
fbce,
faf6,
fc49,
fe18,
ff70,
008a,
0185,
0272,
02a7,
01e4,
004e,
fed4,
fe6b,
fee5,
febd,
fdaa,
fd37,
fe83,
002a,
0080,
004e,
0071,
008b,
0096,
00b7,
0077,
ffe4,
ff99,
ff8b,
ff2d,
feee,
ff5e,
fff6,
000e,
ffcf,
ff9d,
ff9a,
0001,
0002,
0003,
0001,
0000,
0000,
ffff,
0000,
0000,
0001,
0001,
0000,
ffff,
0000,
0002,
0005,
0004,
0002,
0000,
fffd,
fffc,
ffff,
0002,
0002,
ffff,
fffc,
fff9,
0007,
0004,
0005,
fffc,
fffc,
0007,
fff3,
0019,
ffdc,
0038,
001e,
0695,
0dc3,
0ed3,
f229,
d515,
fb40,
26ad,
1fe2,
093a,
057b,
08b1,
085e,
0682,
f601,
e4eb,
e355,
ebb5,
ef1c,
f188,
f9b9,
fe71,
02ef,
0ba9,
12b4,
110d,
0dd6,
0b54,
0754,
0258,
fd44,
f9e8,
f807,
f7fe,
f7c5,
f7a5,
f7d2,
f9d2,
fcbd,
fec1,
0176,
03b8,
037b,
0312,
044f,
0562,
0474,
02ae,
012c,
ffab,
fe51,
fe1e,
fdf7,
fc09,
fa6e,
fb29,
fcf4,
fe69,
ffd6,
0141,
0219,
026b,
026e,
0149,
ff7f,
ff1e,
ffc0,
ff17,
fdb2,
fd9a,
fed6,
ffae,
ffdd,
0010,
0005,
fffe,
002b,
0053,
0034,
0035,
003e,
ffc4,
ff20,
ff18,
ffb6,
0032,
002e,
ffe3,
ff84,
ff61,
ff9c,
0001,
0002,
0003,
0001,
0000,
0000,
ffff,
0000,
0000,
0001,
0001,
0000,
ffff,
0000,
0002,
0005,
0004,
0002,
0000,
fffd,
fffc,
ffff,
0002,
0002,
ffff,
fffc,
fff9,
0007,
0004,
0005,
fffc,
fffc,
0007,
fff3,
0019,
ffdc,
0038,
001e,
0695,
0dc3,
0ed3,
f229,
d515,
fb40,
26ad,
1fe2,
093a,
057b,
08b1,
085e,
0682,
f601,
e4eb,
e355,
ebb5,
ef1c,
f188,
f9b9,
fe71,
02ef,
0ba9,
12b4,
110d,
0dd6,
0b54,
0754,
0258,
fd44,
f9e8,
f807,
f7fe,
f7c5,
f7a5,
f7d2,
f9d2,
fcbd,
fec1,
0176,
03b8,
037b,
0312,
044f,
0562,
0474,
02ae,
012c,
ffab,
fe51,
fe1e,
fdf7,
fc09,
fa6e,
fb29,
fcf4,
fe69,
ffd6,
0141,
0219,
026b,
026e,
0149,
ff7f,
ff1e,
ffc0,
ff17,
fdb2,
fd9a,
fed6,
ffae,
ffdd,
0010,
0005,
fffe,
002b,
0053,
0034,
0035,
003e,
ffc4,
ff20,
ff18,
ffb6,
0032,
002e,
ffe3,
ff84,
ff61,
ff9c,
0001,
0002,
0003,
0001,
0000,
0000,
ffff,
0000,
0000,
0001,
0001,
0000,
ffff,
0000,
0002,
0005,
0004,
0002,
0000,
fffd,
fffc,
ffff,
0002,
0002,
ffff,
fffc,
fff9,
0007,
0004,
0005,
fffc,
fffc,
0007,
fff3,
0019,
ffdc,
0038,
001e,
0695,
0dc3,
0ed3,
f229,
d515,
fb40,
26ad,
1fe2,
093a,
057b,
08b1,
085e,
0682,
f601,
e4eb,
e355,
ebb5,
ef1c,
f188,
f9b9,
fe71,
02ef,
0ba9,
12b4,
110d,
0dd6,
0b54,
0754,
0258,
fd44,
f9e8,
f807,
f7fe,
f7c5,
f7a5,
f7d2,
f9d2,
fcbd,
fec1,
0176,
03b8,
037b,
0312,
044f,
0562,
0474,
02ae,
012c,
ffab,
fe51,
fe1e,
fdf7,
fc09,
fa6e,
fb29,
fcf4,
fe69,
ffd6,
0141,
0219,
026b,
026e,
0149,
ff7f,
ff1e,
ffc0,
ff17,
fdb2,
fd9a,
fed6,
ffae,
ffdd,
0010,
0005,
fffe,
002b,
0053,
0034,
0035,
003e,
ffc4,
ff20,
ff18,
ffb6,
0032,
002e,
ffe3,
ff84,
ff61,
ff9c,
0001,
0002,
0003,
0001,
0000,
0000,
ffff,
0000,
0000,
0001,
0001,
0000,
ffff,
0000,
0002,
0005,
0004,
0002,
0000,
fffd,
fffc,
ffff,
0002,
0002,
ffff,
fffc,
fff9,
0007,
0004,
0005,
fffc,
fffc,
0007,
fff3,
0019,
ffdc,
0038,
001e,
0695,
0dc3,
0ed3,
f229,
d515,
fb40,
26ad,
1fe2,
093a,
057b,
08b1,
085e,
0682,
f601,
e4eb,
e355,
ebb5,
ef1c,
f188,
f9b9,
fe71,
02ef,
0ba9,
12b4,
110d,
0dd6,
0b54,
0754,
0258,
fd44,
f9e8,
f807,
f7fe,
f7c5,
f7a5,
f7d2,
f9d2,
fcbd,
fec1,
0176,
03b8,
037b,
0312,
044f,
0562,
0474,
02ae,
012c,
ffab,
fe51,
fe1e,
fdf7,
fc09,
fa6e,
fb29,
fcf4,
fe69,
ffd6,
0141,
0219,
026b,
026e,
0149,
ff7f,
ff1e,
ffc0,
ff17,
fdb2,
fd9a,
fed6,
ffae,
ffdd,
0010,
0005,
fffe,
002b,
0053,
0034,
0035,
003e,
ffc4,
ff20,
ff18,
ffb6,
0032,
002e,
ffe3,
ff84,
ff61,
ff9c,
0001,
0002,
0003,
0001,
0000,
0000,
ffff,
0000,
0000,
0001,
0001,
0000,
ffff,
0000,
0002,
0005,
0004,
0002,
0000,
fffd,
fffc,
ffff,
0002,
0002,
ffff,
fffc,
fff9,
0007,
0004,
0005,
fffc,
fffc,
0007,
fff3,
0019,
ffdc,
0038,
001e,
0695,
0dc3,
0ed3,
f229,
d515,
fb40,
26ad,
1fe2,
093a,
057b,
08b1,
085e,
0682,
f601,
e4eb,
e355,
ebb5,
ef1c,
f188,
f9b9,
fe71,
02ef,
0ba9,
12b4,
110d,
0dd6,
0b54,
0754,
0258,
fd44,
f9e8,
f807,
f7fe,
f7c5,
f7a5,
f7d2,
f9d2,
fcbd,
fec1,
0176,
03b8,
037b,
0312,
044f,
0562,
0474,
02ae,
012c,
ffab,
fe51,
fe1e,
fdf7,
fc09,
fa6e,
fb29,
fcf4,
fe69,
ffd6,
0141,
0219,
026b,
026e,
0149,
ff7f,
ff1e,
ffc0,
ff17,
fdb2,
fd9a,
fed6,
ffae,
ffdd,
0010,
0005,
fffe,
002b,
0053,
0034,
0035,
003e,
ffc4,
ff20,
ff18,
ffb6,
0032,
002e,
ffe3,
ff84,
ff61,
ff9c,
0004,
0002,
0000,
ffff,
ffff,
0000,
0000,
0000,
0000,
0000,
ffff,
fffe,
0001,
0002,
0005,
0004,
0001,
fffe,
fffd,
fffc,
fffe,
0001,
0000,
fffe,
fffb,
fffb,
0006,
0006,
0003,
0001,
fff5,
000d,
ffe7,
0026,
ffcc,
004a,
ffd7,
063a,
0f02,
1276,
f7f2,
d410,
f51e,
2449,
1fed,
0a06,
0698,
099a,
0744,
0505,
f530,
e3a4,
e266,
eaaf,
ede3,
f0b4,
fa3d,
ffd4,
0417,
0c7d,
13aa,
11da,
0e79,
0c2e,
080d,
0247,
fc76,
f97e,
f7aa,
f757,
f6ff,
f6ec,
f72e,
f941,
fcb6,
fee6,
0138,
0394,
03fa,
0403,
0514,
05b8,
0483,
02bb,
0158,
ffea,
feac,
feb3,
fe32,
fb9a,
fa29,
fa9b,
fbc7,
fd7c,
ff84,
013a,
021c,
0263,
0219,
0118,
004c,
0078,
0056,
fef1,
fe2a,
fec8,
ff5f,
ff71,
ff95,
ffb9,
ff6d,
ff36,
ff64,
ff9f,
ffec,
0058,
0065,
0001,
ffc6,
fff4,
0017,
002d,
001b,
ffdf,
ff70,
ff2a,
ff7e,
fff4,
0004,
0002,
0000,
ffff,
ffff,
0000,
0000,
0000,
0000,
0000,
ffff,
fffe,
0001,
0002,
0005,
0004,
0001,
fffe,
fffd,
fffc,
fffe,
0001,
0000,
fffe,
fffb,
fffb,
0006,
0006,
0003,
0001,
fff5,
000d,
ffe7,
0026,
ffcc,
004a,
ffd7,
063a,
0f02,
1276,
f7f2,
d410,
f51e,
2449,
1fed,
0a06,
0698,
099a,
0744,
0505,
f530,
e3a4,
e266,
eaaf,
ede3,
f0b4,
fa3d,
ffd4,
0417,
0c7d,
13aa,
11da,
0e79,
0c2e,
080d,
0247,
fc76,
f97e,
f7aa,
f757,
f6ff,
f6ec,
f72e,
f941,
fcb6,
fee6,
0138,
0394,
03fa,
0403,
0514,
05b8,
0483,
02bb,
0158,
ffea,
feac,
feb3,
fe32,
fb9a,
fa29,
fa9b,
fbc7,
fd7c,
ff84,
013a,
021c,
0263,
0219,
0118,
004c,
0078,
0056,
fef1,
fe2a,
fec8,
ff5f,
ff71,
ff95,
ffb9,
ff6d,
ff36,
ff64,
ff9f,
ffec,
0058,
0065,
0001,
ffc6,
fff4,
0017,
002d,
001b,
ffdf,
ff70,
ff2a,
ff7e,
fff4,
0004,
0002,
0000,
ffff,
ffff,
0000,
0000,
0000,
0000,
0000,
ffff,
fffe,
0001,
0002,
0005,
0004,
0001,
fffe,
fffd,
fffc,
fffe,
0001,
0000,
fffe,
fffb,
fffb,
0006,
0006,
0003,
0001,
fff5,
000d,
ffe7,
0026,
ffcc,
004a,
ffd7,
063a,
0f02,
1276,
f7f2,
d410,
f51e,
2449,
1fed,
0a06,
0698,
099a,
0744,
0505,
f530,
e3a4,
e266,
eaaf,
ede3,
f0b4,
fa3d,
ffd4,
0417,
0c7d,
13aa,
11da,
0e79,
0c2e,
080d,
0247,
fc76,
f97e,
f7aa,
f757,
f6ff,
f6ec,
f72e,
f941,
fcb6,
fee6,
0138,
0394,
03fa,
0403,
0514,
05b8,
0483,
02bb,
0158,
ffea,
feac,
feb3,
fe32,
fb9a,
fa29,
fa9b,
fbc7,
fd7c,
ff84,
013a,
021c,
0263,
0219,
0118,
004c,
0078,
0056,
fef1,
fe2a,
fec8,
ff5f,
ff71,
ff95,
ffb9,
ff6d,
ff36,
ff64,
ff9f,
ffec,
0058,
0065,
0001,
ffc6,
fff4,
0017,
002d,
001b,
ffdf,
ff70,
ff2a,
ff7e,
fff4,
0004,
0002,
0000,
ffff,
ffff,
0000,
0000,
0000,
0000,
0000,
ffff,
fffe,
0001,
0002,
0005,
0004,
0001,
fffe,
fffd,
fffc,
fffe,
0001,
0000,
fffe,
fffb,
fffb,
0006,
0006,
0003,
0001,
fff5,
000d,
ffe7,
0026,
ffcc,
004a,
ffd7,
063a,
0f02,
1276,
f7f2,
d410,
f51e,
2449,
1fed,
0a06,
0698,
099a,
0744,
0505,
f530,
e3a4,
e266,
eaaf,
ede3,
f0b4,
fa3d,
ffd4,
0417,
0c7d,
13aa,
11da,
0e79,
0c2e,
080d,
0247,
fc76,
f97e,
f7aa,
f757,
f6ff,
f6ec,
f72e,
f941,
fcb6,
fee6,
0138,
0394,
03fa,
0403,
0514,
05b8,
0483,
02bb,
0158,
ffea,
feac,
feb3,
fe32,
fb9a,
fa29,
fa9b,
fbc7,
fd7c,
ff84,
013a,
021c,
0263,
0219,
0118,
004c,
0078,
0056,
fef1,
fe2a,
fec8,
ff5f,
ff71,
ff95,
ffb9,
ff6d,
ff36,
ff64,
ff9f,
ffec,
0058,
0065,
0001,
ffc6,
fff4,
0017,
002d,
001b,
ffdf,
ff70,
ff2a,
ff7e,
fff4,
0004,
0002,
0000,
ffff,
ffff,
0000,
0000,
0000,
0000,
0000,
ffff,
fffe,
0001,
0002,
0005,
0004,
0001,
fffe,
fffd,
fffc,
fffe,
0001,
0000,
fffe,
fffb,
fffb,
0006,
0006,
0003,
0001,
fff5,
000d,
ffe7,
0026,
ffcc,
004a,
ffd7,
063a,
0f02,
1276,
f7f2,
d410,
f51e,
2449,
1fed,
0a06,
0698,
099a,
0744,
0505,
f530,
e3a4,
e266,
eaaf,
ede3,
f0b4,
fa3d,
ffd4,
0417,
0c7d,
13aa,
11da,
0e79,
0c2e,
080d,
0247,
fc76,
f97e,
f7aa,
f757,
f6ff,
f6ec,
f72e,
f941,
fcb6,
fee6,
0138,
0394,
03fa,
0403,
0514,
05b8,
0483,
02bb,
0158,
ffea,
feac,
feb3,
fe32,
fb9a,
fa29,
fa9b,
fbc7,
fd7c,
ff84,
013a,
021c,
0263,
0219,
0118,
004c,
0078,
0056,
fef1,
fe2a,
fec8,
ff5f,
ff71,
ff95,
ffb9,
ff6d,
ff36,
ff64,
ff9f,
ffec,
0058,
0065,
0001,
ffc6,
fff4,
0017,
002d,
001b,
ffdf,
ff70,
ff2a,
ff7e,
fff4,
0004,
0002,
0000,
ffff,
ffff,
0000,
0000,
0000,
0000,
0000,
ffff,
fffe,
0001,
0002,
0005,
0004,
0001,
fffe,
fffd,
fffc,
fffe,
0001,
0000,
fffe,
fffb,
fffb,
0006,
0006,
0003,
0001,
fff5,
000d,
ffe7,
0026,
ffcc,
004a,
ffd7,
063a,
0f02,
1276,
f7f2,
d410,
f51e,
2449,
1fed,
0a06,
0698,
099a,
0744,
0505,
f530,
e3a4,
e266,
eaaf,
ede3,
f0b4,
fa3d,
ffd4,
0417,
0c7d,
13aa,
11da,
0e79,
0c2e,
080d,
0247,
fc76,
f97e,
f7aa,
f757,
f6ff,
f6ec,
f72e,
f941,
fcb6,
fee6,
0138,
0394,
03fa,
0403,
0514,
05b8,
0483,
02bb,
0158,
ffea,
feac,
feb3,
fe32,
fb9a,
fa29,
fa9b,
fbc7,
fd7c,
ff84,
013a,
021c,
0263,
0219,
0118,
004c,
0078,
0056,
fef1,
fe2a,
fec8,
ff5f,
ff71,
ff95,
ffb9,
ff6d,
ff36,
ff64,
ff9f,
ffec,
0058,
0065,
0001,
ffc6,
fff4,
0017,
002d,
001b,
ffdf,
ff70,
ff2a,
ff7e,
fff4,
0004,
0002,
0000,
ffff,
ffff,
0000,
0000,
0000,
0000,
0000,
ffff,
fffe,
0001,
0002,
0005,
0004,
0001,
fffe,
fffd,
fffc,
fffe,
0001,
0000,
fffe,
fffb,
fffb,
0006,
0006,
0003,
0001,
fff5,
000d,
ffe7,
0026,
ffcc,
004a,
ffd7,
063a,
0f02,
1276,
f7f2,
d410,
f51e,
2449,
1fed,
0a06,
0698,
099a,
0744,
0505,
f530,
e3a4,
e266,
eaaf,
ede3,
f0b4,
fa3d,
ffd4,
0417,
0c7d,
13aa,
11da,
0e79,
0c2e,
080d,
0247,
fc76,
f97e,
f7aa,
f757,
f6ff,
f6ec,
f72e,
f941,
fcb6,
fee6,
0138,
0394,
03fa,
0403,
0514,
05b8,
0483,
02bb,
0158,
ffea,
feac,
feb3,
fe32,
fb9a,
fa29,
fa9b,
fbc7,
fd7c,
ff84,
013a,
021c,
0263,
0219,
0118,
004c,
0078,
0056,
fef1,
fe2a,
fec8,
ff5f,
ff71,
ff95,
ffb9,
ff6d,
ff36,
ff64,
ff9f,
ffec,
0058,
0065,
0001,
ffc6,
fff4,
0017,
002d,
001b,
ffdf,
ff70,
ff2a,
ff7e,
fff4,
0003,
0001,
ffff,
0000,
0000,
0001,
0001,
0000,
fffe,
fffe,
fffe,
0001,
0004,
0005,
0005,
0001,
fffe,
fffc,
fffd,
fffd,
0001,
fffe,
fffd,
fffc,
fffd,
0004,
000a,
ffff,
0007,
ffee,
0014,
ffdc,
0031,
ffbf,
0058,
ffa6,
05d3,
1062,
16ce,
ff96,
d327,
ebe3,
1ff3,
20c6,
0c53,
0830,
09fe,
0565,
0340,
f4bc,
e2d5,
e127,
e927,
ecaf,
f025,
fb0d,
01b1,
0666,
0dbe,
1443,
1290,
0e83,
0c53,
0880,
0277,
fb6f,
f8a9,
f76b,
f6b0,
f6b5,
f706,
f6b7,
f7e3,
fbdf,
ff0d,
015f,
044d,
052d,
04c2,
054f,
05f8,
04c5,
027c,
010b,
0021,
ff89,
ff1c,
fdb2,
fb19,
fa0f,
fa26,
fae6,
fce9,
ff48,
0121,
0222,
028c,
0213,
00fc,
009f,
0125,
00c4,
ff2f,
fec8,
ff75,
ff87,
ff65,
ffb0,
ffb2,
fed7,
fe50,
fe97,
ff59,
004c,
00b0,
0014,
ff86,
fff0,
009f,
00bb,
0084,
003e,
ffc9,
ff47,
ff39,
ff91,
ffce,
ffed,
0003,
0001,
ffff,
0000,
0000,
0001,
0001,
0000,
fffe,
fffe,
fffe,
0001,
0004,
0005,
0005,
0001,
fffe,
fffc,
fffd,
fffd,
0001,
fffe,
fffd,
fffc,
fffd,
0004,
000a,
ffff,
0007,
ffee,
0014,
ffdc,
0031,
ffbf,
0058,
ffa6,
05d3,
1062,
16ce,
ff96,
d327,
ebe3,
1ff3,
20c6,
0c53,
0830,
09fe,
0565,
0340,
f4bc,
e2d5,
e127,
e927,
ecaf,
f025,
fb0d,
01b1,
0666,
0dbe,
1443,
1290,
0e83,
0c53,
0880,
0277,
fb6f,
f8a9,
f76b,
f6b0,
f6b5,
f706,
f6b7,
f7e3,
fbdf,
ff0d,
015f,
044d,
052d,
04c2,
054f,
05f8,
04c5,
027c,
010b,
0021,
ff89,
ff1c,
fdb2,
fb19,
fa0f,
fa26,
fae6,
fce9,
ff48,
0121,
0222,
028c,
0213,
00fc,
009f,
0125,
00c4,
ff2f,
fec8,
ff75,
ff87,
ff65,
ffb0,
ffb2,
fed7,
fe50,
fe97,
ff59,
004c,
00b0,
0014,
ff86,
fff0,
009f,
00bb,
0084,
003e,
ffc9,
ff47,
ff39,
ff91,
ffce,
ffed,
0003,
0001,
ffff,
0000,
0000,
0001,
0001,
0000,
fffe,
fffe,
fffe,
0001,
0004,
0005,
0005,
0001,
fffe,
fffc,
fffd,
fffd,
0001,
fffe,
fffd,
fffc,
fffd,
0004,
000a,
ffff,
0007,
ffee,
0014,
ffdc,
0031,
ffbf,
0058,
ffa6,
05d3,
1062,
16ce,
ff96,
d327,
ebe3,
1ff3,
20c6,
0c53,
0830,
09fe,
0565,
0340,
f4bc,
e2d5,
e127,
e927,
ecaf,
f025,
fb0d,
01b1,
0666,
0dbe,
1443,
1290,
0e83,
0c53,
0880,
0277,
fb6f,
f8a9,
f76b,
f6b0,
f6b5,
f706,
f6b7,
f7e3,
fbdf,
ff0d,
015f,
044d,
052d,
04c2,
054f,
05f8,
04c5,
027c,
010b,
0021,
ff89,
ff1c,
fdb2,
fb19,
fa0f,
fa26,
fae6,
fce9,
ff48,
0121,
0222,
028c,
0213,
00fc,
009f,
0125,
00c4,
ff2f,
fec8,
ff75,
ff87,
ff65,
ffb0,
ffb2,
fed7,
fe50,
fe97,
ff59,
004c,
00b0,
0014,
ff86,
fff0,
009f,
00bb,
0084,
003e,
ffc9,
ff47,
ff39,
ff91,
ffce,
ffed,
0003,
0001,
ffff,
0000,
0000,
0001,
0001,
0000,
fffe,
fffe,
fffe,
0001,
0004,
0005,
0005,
0001,
fffe,
fffc,
fffd,
fffd,
0001,
fffe,
fffd,
fffc,
fffd,
0004,
000a,
ffff,
0007,
ffee,
0014,
ffdc,
0031,
ffbf,
0058,
ffa6,
05d3,
1062,
16ce,
ff96,
d327,
ebe3,
1ff3,
20c6,
0c53,
0830,
09fe,
0565,
0340,
f4bc,
e2d5,
e127,
e927,
ecaf,
f025,
fb0d,
01b1,
0666,
0dbe,
1443,
1290,
0e83,
0c53,
0880,
0277,
fb6f,
f8a9,
f76b,
f6b0,
f6b5,
f706,
f6b7,
f7e3,
fbdf,
ff0d,
015f,
044d,
052d,
04c2,
054f,
05f8,
04c5,
027c,
010b,
0021,
ff89,
ff1c,
fdb2,
fb19,
fa0f,
fa26,
fae6,
fce9,
ff48,
0121,
0222,
028c,
0213,
00fc,
009f,
0125,
00c4,
ff2f,
fec8,
ff75,
ff87,
ff65,
ffb0,
ffb2,
fed7,
fe50,
fe97,
ff59,
004c,
00b0,
0014,
ff86,
fff0,
009f,
00bb,
0084,
003e,
ffc9,
ff47,
ff39,
ff91,
ffce,
ffed,
0003,
0001,
ffff,
0000,
0000,
0001,
0001,
0000,
fffe,
fffe,
fffe,
0001,
0004,
0005,
0005,
0001,
fffe,
fffc,
fffd,
fffd,
0001,
fffe,
fffd,
fffc,
fffd,
0004,
000a,
ffff,
0007,
ffee,
0014,
ffdc,
0031,
ffbf,
0058,
ffa6,
05d3,
1062,
16ce,
ff96,
d327,
ebe3,
1ff3,
20c6,
0c53,
0830,
09fe,
0565,
0340,
f4bc,
e2d5,
e127,
e927,
ecaf,
f025,
fb0d,
01b1,
0666,
0dbe,
1443,
1290,
0e83,
0c53,
0880,
0277,
fb6f,
f8a9,
f76b,
f6b0,
f6b5,
f706,
f6b7,
f7e3,
fbdf,
ff0d,
015f,
044d,
052d,
04c2,
054f,
05f8,
04c5,
027c,
010b,
0021,
ff89,
ff1c,
fdb2,
fb19,
fa0f,
fa26,
fae6,
fce9,
ff48,
0121,
0222,
028c,
0213,
00fc,
009f,
0125,
00c4,
ff2f,
fec8,
ff75,
ff87,
ff65,
ffb0,
ffb2,
fed7,
fe50,
fe97,
ff59,
004c,
00b0,
0014,
ff86,
fff0,
009f,
00bb,
0084,
003e,
ffc9,
ff47,
ff39,
ff91,
ffce,
ffed,
0000,
ffff,
ffff,
0001,
0001,
0000,
0000,
ffff,
fffd,
fffd,
0001,
0004,
0005,
0005,
0001,
ffff,
fffb,
fffd,
fffd,
0001,
fffe,
ffff,
fffb,
fffd,
fffd,
0010,
fffb,
000f,
ffe6,
0019,
ffdb,
0029,
ffd4,
0034,
ffbc,
02ef,
0ee0,
1938,
10ff,
dcad,
d59b,
1084,
2537,
1383,
0985,
0aaf,
0485,
0256,
f9b7,
e5b7,
dee4,
e514,
eb71,
ee63,
f8bd,
0294,
079c,
0d41,
13ac,
149d,
0f83,
0ca5,
0942,
03d7,
fc04,
f80e,
f718,
f600,
f6bc,
f7bd,
f702,
f67f,
f971,
fe16,
0185,
04bd,
064b,
04fc,
04bc,
060c,
0619,
03ae,
0154,
ffc1,
ff64,
ff82,
fde2,
fb01,
f9a3,
f9ad,
fa31,
fc40,
fee9,
00d2,
0207,
02d6,
027b,
0134,
00cd,
0154,
00cb,
ff79,
ff4d,
ffcc,
ff8a,
ff60,
ff86,
ff69,
fef7,
fe82,
fe59,
fed6,
ffea,
0097,
002a,
ff96,
ffdd,
0088,
011d,
0124,
00a0,
ffc5,
ff1e,
ff15,
ff7b,
ffcd,
ffd4,
ffac,
0000,
ffff,
ffff,
0001,
0001,
0000,
0000,
ffff,
fffd,
fffd,
0001,
0004,
0005,
0005,
0001,
ffff,
fffb,
fffd,
fffd,
0001,
fffe,
ffff,
fffb,
fffd,
fffd,
0010,
fffb,
000f,
ffe6,
0019,
ffdb,
0029,
ffd4,
0034,
ffbc,
02ef,
0ee0,
1938,
10ff,
dcad,
d59b,
1084,
2537,
1383,
0985,
0aaf,
0485,
0256,
f9b7,
e5b7,
dee4,
e514,
eb71,
ee63,
f8bd,
0294,
079c,
0d41,
13ac,
149d,
0f83,
0ca5,
0942,
03d7,
fc04,
f80e,
f718,
f600,
f6bc,
f7bd,
f702,
f67f,
f971,
fe16,
0185,
04bd,
064b,
04fc,
04bc,
060c,
0619,
03ae,
0154,
ffc1,
ff64,
ff82,
fde2,
fb01,
f9a3,
f9ad,
fa31,
fc40,
fee9,
00d2,
0207,
02d6,
027b,
0134,
00cd,
0154,
00cb,
ff79,
ff4d,
ffcc,
ff8a,
ff60,
ff86,
ff69,
fef7,
fe82,
fe59,
fed6,
ffea,
0097,
002a,
ff96,
ffdd,
0088,
011d,
0124,
00a0,
ffc5,
ff1e,
ff15,
ff7b,
ffcd,
ffd4,
ffac,
0000,
ffff,
ffff,
0001,
0001,
0000,
0000,
ffff,
fffd,
fffd,
0001,
0004,
0005,
0005,
0001,
ffff,
fffb,
fffd,
fffd,
0001,
fffe,
ffff,
fffb,
fffd,
fffd,
0010,
fffb,
000f,
ffe6,
0019,
ffdb,
0029,
ffd4,
0034,
ffbc,
02ef,
0ee0,
1938,
10ff,
dcad,
d59b,
1084,
2537,
1383,
0985,
0aaf,
0485,
0256,
f9b7,
e5b7,
dee4,
e514,
eb71,
ee63,
f8bd,
0294,
079c,
0d41,
13ac,
149d,
0f83,
0ca5,
0942,
03d7,
fc04,
f80e,
f718,
f600,
f6bc,
f7bd,
f702,
f67f,
f971,
fe16,
0185,
04bd,
064b,
04fc,
04bc,
060c,
0619,
03ae,
0154,
ffc1,
ff64,
ff82,
fde2,
fb01,
f9a3,
f9ad,
fa31,
fc40,
fee9,
00d2,
0207,
02d6,
027b,
0134,
00cd,
0154,
00cb,
ff79,
ff4d,
ffcc,
ff8a,
ff60,
ff86,
ff69,
fef7,
fe82,
fe59,
fed6,
ffea,
0097,
002a,
ff96,
ffdd,
0088,
011d,
0124,
00a0,
ffc5,
ff1e,
ff15,
ff7b,
ffcd,
ffd4,
ffac,
0000,
ffff,
ffff,
0001,
0001,
0000,
0000,
ffff,
fffd,
fffd,
0001,
0004,
0005,
0005,
0001,
ffff,
fffb,
fffd,
fffd,
0001,
fffe,
ffff,
fffb,
fffd,
fffd,
0010,
fffb,
000f,
ffe6,
0019,
ffdb,
0029,
ffd4,
0034,
ffbc,
02ef,
0ee0,
1938,
10ff,
dcad,
d59b,
1084,
2537,
1383,
0985,
0aaf,
0485,
0256,
f9b7,
e5b7,
dee4,
e514,
eb71,
ee63,
f8bd,
0294,
079c,
0d41,
13ac,
149d,
0f83,
0ca5,
0942,
03d7,
fc04,
f80e,
f718,
f600,
f6bc,
f7bd,
f702,
f67f,
f971,
fe16,
0185,
04bd,
064b,
04fc,
04bc,
060c,
0619,
03ae,
0154,
ffc1,
ff64,
ff82,
fde2,
fb01,
f9a3,
f9ad,
fa31,
fc40,
fee9,
00d2,
0207,
02d6,
027b,
0134,
00cd,
0154,
00cb,
ff79,
ff4d,
ffcc,
ff8a,
ff60,
ff86,
ff69,
fef7,
fe82,
fe59,
fed6,
ffea,
0097,
002a,
ff96,
ffdd,
0088,
011d,
0124,
00a0,
ffc5,
ff1e,
ff15,
ff7b,
ffcd,
ffd4,
ffac,
0000,
ffff,
ffff,
0001,
0001,
0000,
0000,
ffff,
fffd,
fffd,
0001,
0004,
0005,
0005,
0001,
ffff,
fffb,
fffd,
fffd,
0001,
fffe,
ffff,
fffb,
fffd,
fffd,
0010,
fffb,
000f,
ffe6,
0019,
ffdb,
0029,
ffd4,
0034,
ffbc,
02ef,
0ee0,
1938,
10ff,
dcad,
d59b,
1084,
2537,
1383,
0985,
0aaf,
0485,
0256,
f9b7,
e5b7,
dee4,
e514,
eb71,
ee63,
f8bd,
0294,
079c,
0d41,
13ac,
149d,
0f83,
0ca5,
0942,
03d7,
fc04,
f80e,
f718,
f600,
f6bc,
f7bd,
f702,
f67f,
f971,
fe16,
0185,
04bd,
064b,
04fc,
04bc,
060c,
0619,
03ae,
0154,
ffc1,
ff64,
ff82,
fde2,
fb01,
f9a3,
f9ad,
fa31,
fc40,
fee9,
00d2,
0207,
02d6,
027b,
0134,
00cd,
0154,
00cb,
ff79,
ff4d,
ffcc,
ff8a,
ff60,
ff86,
ff69,
fef7,
fe82,
fe59,
fed6,
ffea,
0097,
002a,
ff96,
ffdd,
0088,
011d,
0124,
00a0,
ffc5,
ff1e,
ff15,
ff7b,
ffcd,
ffd4,
ffac,
0000,
ffff,
ffff,
0001,
0001,
0000,
0000,
ffff,
fffd,
fffd,
0001,
0004,
0005,
0005,
0001,
ffff,
fffb,
fffd,
fffd,
0001,
fffe,
ffff,
fffb,
fffd,
fffd,
0010,
fffb,
000f,
ffe6,
0019,
ffdb,
0029,
ffd4,
0034,
ffbc,
02ef,
0ee0,
1938,
10ff,
dcad,
d59b,
1084,
2537,
1383,
0985,
0aaf,
0485,
0256,
f9b7,
e5b7,
dee4,
e514,
eb71,
ee63,
f8bd,
0294,
079c,
0d41,
13ac,
149d,
0f83,
0ca5,
0942,
03d7,
fc04,
f80e,
f718,
f600,
f6bc,
f7bd,
f702,
f67f,
f971,
fe16,
0185,
04bd,
064b,
04fc,
04bc,
060c,
0619,
03ae,
0154,
ffc1,
ff64,
ff82,
fde2,
fb01,
f9a3,
f9ad,
fa31,
fc40,
fee9,
00d2,
0207,
02d6,
027b,
0134,
00cd,
0154,
00cb,
ff79,
ff4d,
ffcc,
ff8a,
ff60,
ff86,
ff69,
fef7,
fe82,
fe59,
fed6,
ffea,
0097,
002a,
ff96,
ffdd,
0088,
011d,
0124,
00a0,
ffc5,
ff1e,
ff15,
ff7b,
ffcd,
ffd4,
ffac,
0000,
ffff,
ffff,
0001,
0001,
0000,
0000,
ffff,
fffd,
fffd,
0001,
0004,
0005,
0005,
0001,
ffff,
fffb,
fffd,
fffd,
0001,
fffe,
ffff,
fffb,
fffd,
fffd,
0010,
fffb,
000f,
ffe6,
0019,
ffdb,
0029,
ffd4,
0034,
ffbc,
02ef,
0ee0,
1938,
10ff,
dcad,
d59b,
1084,
2537,
1383,
0985,
0aaf,
0485,
0256,
f9b7,
e5b7,
dee4,
e514,
eb71,
ee63,
f8bd,
0294,
079c,
0d41,
13ac,
149d,
0f83,
0ca5,
0942,
03d7,
fc04,
f80e,
f718,
f600,
f6bc,
f7bd,
f702,
f67f,
f971,
fe16,
0185,
04bd,
064b,
04fc,
04bc,
060c,
0619,
03ae,
0154,
ffc1,
ff64,
ff82,
fde2,
fb01,
f9a3,
f9ad,
fa31,
fc40,
fee9,
00d2,
0207,
02d6,
027b,
0134,
00cd,
0154,
00cb,
ff79,
ff4d,
ffcc,
ff8a,
ff60,
ff86,
ff69,
fef7,
fe82,
fe59,
fed6,
ffea,
0097,
002a,
ff96,
ffdd,
0088,
011d,
0124,
00a0,
ffc5,
ff1e,
ff15,
ff7b,
ffcd,
ffd4,
ffac,
fffd,
fffd,
ffff,
0000,
0000,
0000,
ffff,
fffd,
fffb,
fffc,
0000,
0003,
0004,
0003,
fffe,
fffc,
fffa,
fffc,
fffd,
0000,
fffd,
fffd,
fff9,
fffa,
0001,
000c,
fffc,
000a,
ffe5,
001d,
ffd0,
003f,
ffae,
006b,
ff88,
064c,
12f7,
1ce0,
086f,
cf3f,
dfc6,
1b44,
2211,
1019,
0ae6,
0984,
0171,
00d9,
f3c0,
e133,
dea2,
e638,
ec47,
f0d1,
fd30,
060e,
0b1b,
1056,
152c,
13ba,
0e54,
0af7,
06f7,
00c5,
f957,
f6ea,
f644,
f632,
f78a,
f86c,
f73e,
f6da,
fa28,
ff1f,
02ec,
05bc,
066c,
04b4,
04b1,
0697,
0683,
03b0,
00bb,
fee5,
feeb,
ff05,
fcc6,
f9b1,
f8ed,
f996,
fade,
fd49,
ffca,
0164,
0297,
033a,
0253,
00d1,
00af,
011e,
003b,
ff52,
ff9d,
ffcd,
ff55,
ff5f,
ff90,
ff8b,
fefd,
fe75,
fe42,
fecf,
003c,
00c5,
fff3,
ff67,
0005,
00ec,
0144,
0113,
005e,
ff65,
feea,
ff2e,
ffb2,
ffda,
ffc8,
ff8d,
fffd,
fffd,
ffff,
0000,
0000,
0000,
ffff,
fffd,
fffb,
fffc,
0000,
0003,
0004,
0003,
fffe,
fffc,
fffa,
fffc,
fffd,
0000,
fffd,
fffd,
fff9,
fffa,
0001,
000c,
fffc,
000a,
ffe5,
001d,
ffd0,
003f,
ffae,
006b,
ff88,
064c,
12f7,
1ce0,
086f,
cf3f,
dfc6,
1b44,
2211,
1019,
0ae6,
0984,
0171,
00d9,
f3c0,
e133,
dea2,
e638,
ec47,
f0d1,
fd30,
060e,
0b1b,
1056,
152c,
13ba,
0e54,
0af7,
06f7,
00c5,
f957,
f6ea,
f644,
f632,
f78a,
f86c,
f73e,
f6da,
fa28,
ff1f,
02ec,
05bc,
066c,
04b4,
04b1,
0697,
0683,
03b0,
00bb,
fee5,
feeb,
ff05,
fcc6,
f9b1,
f8ed,
f996,
fade,
fd49,
ffca,
0164,
0297,
033a,
0253,
00d1,
00af,
011e,
003b,
ff52,
ff9d,
ffcd,
ff55,
ff5f,
ff90,
ff8b,
fefd,
fe75,
fe42,
fecf,
003c,
00c5,
fff3,
ff67,
0005,
00ec,
0144,
0113,
005e,
ff65,
feea,
ff2e,
ffb2,
ffda,
ffc8,
ff8d,
fffd,
fffd,
ffff,
0000,
0000,
0000,
ffff,
fffd,
fffb,
fffc,
0000,
0003,
0004,
0003,
fffe,
fffc,
fffa,
fffc,
fffd,
0000,
fffd,
fffd,
fff9,
fffa,
0001,
000c,
fffc,
000a,
ffe5,
001d,
ffd0,
003f,
ffae,
006b,
ff88,
064c,
12f7,
1ce0,
086f,
cf3f,
dfc6,
1b44,
2211,
1019,
0ae6,
0984,
0171,
00d9,
f3c0,
e133,
dea2,
e638,
ec47,
f0d1,
fd30,
060e,
0b1b,
1056,
152c,
13ba,
0e54,
0af7,
06f7,
00c5,
f957,
f6ea,
f644,
f632,
f78a,
f86c,
f73e,
f6da,
fa28,
ff1f,
02ec,
05bc,
066c,
04b4,
04b1,
0697,
0683,
03b0,
00bb,
fee5,
feeb,
ff05,
fcc6,
f9b1,
f8ed,
f996,
fade,
fd49,
ffca,
0164,
0297,
033a,
0253,
00d1,
00af,
011e,
003b,
ff52,
ff9d,
ffcd,
ff55,
ff5f,
ff90,
ff8b,
fefd,
fe75,
fe42,
fecf,
003c,
00c5,
fff3,
ff67,
0005,
00ec,
0144,
0113,
005e,
ff65,
feea,
ff2e,
ffb2,
ffda,
ffc8,
ff8d,
fffd,
fffd,
ffff,
0000,
0000,
0000,
ffff,
fffd,
fffb,
fffc,
0000,
0003,
0004,
0003,
fffe,
fffc,
fffa,
fffc,
fffd,
0000,
fffd,
fffd,
fff9,
fffa,
0001,
000c,
fffc,
000a,
ffe5,
001d,
ffd0,
003f,
ffae,
006b,
ff88,
064c,
12f7,
1ce0,
086f,
cf3f,
dfc6,
1b44,
2211,
1019,
0ae6,
0984,
0171,
00d9,
f3c0,
e133,
dea2,
e638,
ec47,
f0d1,
fd30,
060e,
0b1b,
1056,
152c,
13ba,
0e54,
0af7,
06f7,
00c5,
f957,
f6ea,
f644,
f632,
f78a,
f86c,
f73e,
f6da,
fa28,
ff1f,
02ec,
05bc,
066c,
04b4,
04b1,
0697,
0683,
03b0,
00bb,
fee5,
feeb,
ff05,
fcc6,
f9b1,
f8ed,
f996,
fade,
fd49,
ffca,
0164,
0297,
033a,
0253,
00d1,
00af,
011e,
003b,
ff52,
ff9d,
ffcd,
ff55,
ff5f,
ff90,
ff8b,
fefd,
fe75,
fe42,
fecf,
003c,
00c5,
fff3,
ff67,
0005,
00ec,
0144,
0113,
005e,
ff65,
feea,
ff2e,
ffb2,
ffda,
ffc8,
ff8d,
fffd,
fffd,
ffff,
0000,
0000,
0000,
ffff,
fffd,
fffb,
fffc,
0000,
0003,
0004,
0003,
fffe,
fffc,
fffa,
fffc,
fffd,
0000,
fffd,
fffd,
fff9,
fffa,
0001,
000c,
fffc,
000a,
ffe5,
001d,
ffd0,
003f,
ffae,
006b,
ff88,
064c,
12f7,
1ce0,
086f,
cf3f,
dfc6,
1b44,
2211,
1019,
0ae6,
0984,
0171,
00d9,
f3c0,
e133,
dea2,
e638,
ec47,
f0d1,
fd30,
060e,
0b1b,
1056,
152c,
13ba,
0e54,
0af7,
06f7,
00c5,
f957,
f6ea,
f644,
f632,
f78a,
f86c,
f73e,
f6da,
fa28,
ff1f,
02ec,
05bc,
066c,
04b4,
04b1,
0697,
0683,
03b0,
00bb,
fee5,
feeb,
ff05,
fcc6,
f9b1,
f8ed,
f996,
fade,
fd49,
ffca,
0164,
0297,
033a,
0253,
00d1,
00af,
011e,
003b,
ff52,
ff9d,
ffcd,
ff55,
ff5f,
ff90,
ff8b,
fefd,
fe75,
fe42,
fecf,
003c,
00c5,
fff3,
ff67,
0005,
00ec,
0144,
0113,
005e,
ff65,
feea,
ff2e,
ffb2,
ffda,
ffc8,
ff8d,
0001,
ffff,
ffff,
ffff,
0000,
0001,
0000,
fffe,
fffc,
fffc,
0000,
0004,
0005,
0006,
0001,
ffff,
fffb,
fffd,
fffd,
0001,
fffe,
fffe,
fff9,
fffb,
fffd,
0010,
fff9,
0010,
ffe1,
0020,
ffd0,
003a,
ffc1,
0053,
ff9b,
045a,
109c,
1aca,
109b,
d727,
d62b,
1411,
2466,
12ac,
0abb,
0b2e,
027e,
00fc,
f714,
e2d9,
dd66,
e46f,
ebd7,
efe8,
fb48,
051b,
0b72,
1096,
14cf,
14a4,
0e9c,
0a4a,
06a0,
01a8,
f9b7,
f693,
f6ff,
f6ab,
f758,
f914,
f8bf,
f762,
f94d,
fdab,
01bb,
0494,
0681,
05c8,
04af,
0625,
06f7,
04a0,
0153,
fed2,
fe56,
febc,
fd1a,
f9d4,
f8cc,
f9ad,
fae9,
fd3e,
ffb1,
0131,
024a,
034a,
02c6,
00f1,
fffc,
0078,
008a,
ffb0,
ff1c,
ff44,
ff8d,
0003,
ffee,
ff3d,
feeb,
fed9,
fec5,
feef,
ff95,
0062,
0060,
ffc2,
ffb1,
003c,
0105,
0140,
00bb,
ffad,
fec5,
fecc,
ff7a,
000b,
001e,
ffcb,
0001,
ffff,
ffff,
ffff,
0000,
0001,
0000,
fffe,
fffc,
fffc,
0000,
0004,
0005,
0006,
0001,
ffff,
fffb,
fffd,
fffd,
0001,
fffe,
fffe,
fff9,
fffb,
fffd,
0010,
fff9,
0010,
ffe1,
0020,
ffd0,
003a,
ffc1,
0053,
ff9b,
045a,
109c,
1aca,
109b,
d727,
d62b,
1411,
2466,
12ac,
0abb,
0b2e,
027e,
00fc,
f714,
e2d9,
dd66,
e46f,
ebd7,
efe8,
fb48,
051b,
0b72,
1096,
14cf,
14a4,
0e9c,
0a4a,
06a0,
01a8,
f9b7,
f693,
f6ff,
f6ab,
f758,
f914,
f8bf,
f762,
f94d,
fdab,
01bb,
0494,
0681,
05c8,
04af,
0625,
06f7,
04a0,
0153,
fed2,
fe56,
febc,
fd1a,
f9d4,
f8cc,
f9ad,
fae9,
fd3e,
ffb1,
0131,
024a,
034a,
02c6,
00f1,
fffc,
0078,
008a,
ffb0,
ff1c,
ff44,
ff8d,
0003,
ffee,
ff3d,
feeb,
fed9,
fec5,
feef,
ff95,
0062,
0060,
ffc2,
ffb1,
003c,
0105,
0140,
00bb,
ffad,
fec5,
fecc,
ff7a,
000b,
001e,
ffcb,
0001,
ffff,
ffff,
ffff,
0000,
0001,
0000,
fffe,
fffc,
fffc,
0000,
0004,
0005,
0006,
0001,
ffff,
fffb,
fffd,
fffd,
0001,
fffe,
fffe,
fff9,
fffb,
fffd,
0010,
fff9,
0010,
ffe1,
0020,
ffd0,
003a,
ffc1,
0053,
ff9b,
045a,
109c,
1aca,
109b,
d727,
d62b,
1411,
2466,
12ac,
0abb,
0b2e,
027e,
00fc,
f714,
e2d9,
dd66,
e46f,
ebd7,
efe8,
fb48,
051b,
0b72,
1096,
14cf,
14a4,
0e9c,
0a4a,
06a0,
01a8,
f9b7,
f693,
f6ff,
f6ab,
f758,
f914,
f8bf,
f762,
f94d,
fdab,
01bb,
0494,
0681,
05c8,
04af,
0625,
06f7,
04a0,
0153,
fed2,
fe56,
febc,
fd1a,
f9d4,
f8cc,
f9ad,
fae9,
fd3e,
ffb1,
0131,
024a,
034a,
02c6,
00f1,
fffc,
0078,
008a,
ffb0,
ff1c,
ff44,
ff8d,
0003,
ffee,
ff3d,
feeb,
fed9,
fec5,
feef,
ff95,
0062,
0060,
ffc2,
ffb1,
003c,
0105,
0140,
00bb,
ffad,
fec5,
fecc,
ff7a,
000b,
001e,
ffcb,
0001,
ffff,
ffff,
ffff,
0000,
0001,
0000,
fffe,
fffc,
fffc,
0000,
0004,
0005,
0006,
0001,
ffff,
fffb,
fffd,
fffd,
0001,
fffe,
fffe,
fff9,
fffb,
fffd,
0010,
fff9,
0010,
ffe1,
0020,
ffd0,
003a,
ffc1,
0053,
ff9b,
045a,
109c,
1aca,
109b,
d727,
d62b,
1411,
2466,
12ac,
0abb,
0b2e,
027e,
00fc,
f714,
e2d9,
dd66,
e46f,
ebd7,
efe8,
fb48,
051b,
0b72,
1096,
14cf,
14a4,
0e9c,
0a4a,
06a0,
01a8,
f9b7,
f693,
f6ff,
f6ab,
f758,
f914,
f8bf,
f762,
f94d,
fdab,
01bb,
0494,
0681,
05c8,
04af,
0625,
06f7,
04a0,
0153,
fed2,
fe56,
febc,
fd1a,
f9d4,
f8cc,
f9ad,
fae9,
fd3e,
ffb1,
0131,
024a,
034a,
02c6,
00f1,
fffc,
0078,
008a,
ffb0,
ff1c,
ff44,
ff8d,
0003,
ffee,
ff3d,
feeb,
fed9,
fec5,
feef,
ff95,
0062,
0060,
ffc2,
ffb1,
003c,
0105,
0140,
00bb,
ffad,
fec5,
fecc,
ff7a,
000b,
001e,
ffcb,
0001,
ffff,
ffff,
ffff,
0000,
0001,
0000,
fffe,
fffc,
fffc,
0000,
0004,
0005,
0006,
0001,
ffff,
fffb,
fffd,
fffd,
0001,
fffe,
fffe,
fff9,
fffb,
fffd,
0010,
fff9,
0010,
ffe1,
0020,
ffd0,
003a,
ffc1,
0053,
ff9b,
045a,
109c,
1aca,
109b,
d727,
d62b,
1411,
2466,
12ac,
0abb,
0b2e,
027e,
00fc,
f714,
e2d9,
dd66,
e46f,
ebd7,
efe8,
fb48,
051b,
0b72,
1096,
14cf,
14a4,
0e9c,
0a4a,
06a0,
01a8,
f9b7,
f693,
f6ff,
f6ab,
f758,
f914,
f8bf,
f762,
f94d,
fdab,
01bb,
0494,
0681,
05c8,
04af,
0625,
06f7,
04a0,
0153,
fed2,
fe56,
febc,
fd1a,
f9d4,
f8cc,
f9ad,
fae9,
fd3e,
ffb1,
0131,
024a,
034a,
02c6,
00f1,
fffc,
0078,
008a,
ffb0,
ff1c,
ff44,
ff8d,
0003,
ffee,
ff3d,
feeb,
fed9,
fec5,
feef,
ff95,
0062,
0060,
ffc2,
ffb1,
003c,
0105,
0140,
00bb,
ffad,
fec5,
fecc,
ff7a,
000b,
001e,
ffcb,
0001,
ffff,
ffff,
ffff,
0000,
0001,
0000,
fffe,
fffc,
fffc,
0000,
0004,
0005,
0006,
0001,
ffff,
fffb,
fffd,
fffd,
0001,
fffe,
fffe,
fff9,
fffb,
fffd,
0010,
fff9,
0010,
ffe1,
0020,
ffd0,
003a,
ffc1,
0053,
ff9b,
045a,
109c,
1aca,
109b,
d727,
d62b,
1411,
2466,
12ac,
0abb,
0b2e,
027e,
00fc,
f714,
e2d9,
dd66,
e46f,
ebd7,
efe8,
fb48,
051b,
0b72,
1096,
14cf,
14a4,
0e9c,
0a4a,
06a0,
01a8,
f9b7,
f693,
f6ff,
f6ab,
f758,
f914,
f8bf,
f762,
f94d,
fdab,
01bb,
0494,
0681,
05c8,
04af,
0625,
06f7,
04a0,
0153,
fed2,
fe56,
febc,
fd1a,
f9d4,
f8cc,
f9ad,
fae9,
fd3e,
ffb1,
0131,
024a,
034a,
02c6,
00f1,
fffc,
0078,
008a,
ffb0,
ff1c,
ff44,
ff8d,
0003,
ffee,
ff3d,
feeb,
fed9,
fec5,
feef,
ff95,
0062,
0060,
ffc2,
ffb1,
003c,
0105,
0140,
00bb,
ffad,
fec5,
fecc,
ff7a,
000b,
001e,
ffcb,
0001,
ffff,
ffff,
ffff,
0000,
0001,
0000,
fffe,
fffc,
fffc,
0000,
0004,
0005,
0006,
0001,
ffff,
fffb,
fffd,
fffd,
0001,
fffe,
fffe,
fff9,
fffb,
fffd,
0010,
fff9,
0010,
ffe1,
0020,
ffd0,
003a,
ffc1,
0053,
ff9b,
045a,
109c,
1aca,
109b,
d727,
d62b,
1411,
2466,
12ac,
0abb,
0b2e,
027e,
00fc,
f714,
e2d9,
dd66,
e46f,
ebd7,
efe8,
fb48,
051b,
0b72,
1096,
14cf,
14a4,
0e9c,
0a4a,
06a0,
01a8,
f9b7,
f693,
f6ff,
f6ab,
f758,
f914,
f8bf,
f762,
f94d,
fdab,
01bb,
0494,
0681,
05c8,
04af,
0625,
06f7,
04a0,
0153,
fed2,
fe56,
febc,
fd1a,
f9d4,
f8cc,
f9ad,
fae9,
fd3e,
ffb1,
0131,
024a,
034a,
02c6,
00f1,
fffc,
0078,
008a,
ffb0,
ff1c,
ff44,
ff8d,
0003,
ffee,
ff3d,
feeb,
fed9,
fec5,
feef,
ff95,
0062,
0060,
ffc2,
ffb1,
003c,
0105,
0140,
00bb,
ffad,
fec5,
fecc,
ff7a,
000b,
001e,
ffcb,
0002,
0000,
ffff,
ffff,
0001,
0001,
0001,
0001,
ffff,
fffd,
fffe,
0002,
0004,
0006,
0004,
0001,
fffd,
fffd,
fffe,
ffff,
0002,
ffff,
fffd,
fffc,
fff9,
0009,
0006,
0006,
fffd,
fff9,
000c,
ffe5,
002f,
ffc3,
005b,
000e,
091a,
1293,
18ec,
f97d,
ccd3,
f35d,
235d,
1df0,
0bcc,
0aae,
08bc,
025d,
003e,
ee6f,
dee7,
df4d,
e8ee,
ee1f,
f380,
ff6f,
06dd,
0d3d,
1282,
1536,
1140,
0bef,
082e,
0492,
feac,
f87b,
f7a6,
f7bb,
f745,
f805,
f9c5,
f8cf,
f855,
fafc,
feb1,
01a1,
0467,
0670,
05d8,
0580,
06ea,
0645,
02f5,
ffea,
fe30,
fe08,
fe2e,
fc13,
f96d,
f97d,
faae,
fc43,
feac,
0077,
0165,
028e,
0329,
020f,
000f,
ff4a,
0027,
00ad,
ff83,
fe4c,
fed5,
fffa,
0076,
0022,
ff75,
feb2,
fe71,
ff0d,
ffbe,
0040,
0073,
0010,
ffb5,
ffcd,
002f,
0098,
0099,
003b,
ff95,
fef8,
ff1a,
ffa4,
0008,
0027,
0002,
0000,
ffff,
ffff,
0001,
0001,
0001,
0001,
ffff,
fffd,
fffe,
0002,
0004,
0006,
0004,
0001,
fffd,
fffd,
fffe,
ffff,
0002,
ffff,
fffd,
fffc,
fff9,
0009,
0006,
0006,
fffd,
fff9,
000c,
ffe5,
002f,
ffc3,
005b,
000e,
091a,
1293,
18ec,
f97d,
ccd3,
f35d,
235d,
1df0,
0bcc,
0aae,
08bc,
025d,
003e,
ee6f,
dee7,
df4d,
e8ee,
ee1f,
f380,
ff6f,
06dd,
0d3d,
1282,
1536,
1140,
0bef,
082e,
0492,
feac,
f87b,
f7a6,
f7bb,
f745,
f805,
f9c5,
f8cf,
f855,
fafc,
feb1,
01a1,
0467,
0670,
05d8,
0580,
06ea,
0645,
02f5,
ffea,
fe30,
fe08,
fe2e,
fc13,
f96d,
f97d,
faae,
fc43,
feac,
0077,
0165,
028e,
0329,
020f,
000f,
ff4a,
0027,
00ad,
ff83,
fe4c,
fed5,
fffa,
0076,
0022,
ff75,
feb2,
fe71,
ff0d,
ffbe,
0040,
0073,
0010,
ffb5,
ffcd,
002f,
0098,
0099,
003b,
ff95,
fef8,
ff1a,
ffa4,
0008,
0027,
0002,
0000,
ffff,
ffff,
0001,
0001,
0001,
0001,
ffff,
fffd,
fffe,
0002,
0004,
0006,
0004,
0001,
fffd,
fffd,
fffe,
ffff,
0002,
ffff,
fffd,
fffc,
fff9,
0009,
0006,
0006,
fffd,
fff9,
000c,
ffe5,
002f,
ffc3,
005b,
000e,
091a,
1293,
18ec,
f97d,
ccd3,
f35d,
235d,
1df0,
0bcc,
0aae,
08bc,
025d,
003e,
ee6f,
dee7,
df4d,
e8ee,
ee1f,
f380,
ff6f,
06dd,
0d3d,
1282,
1536,
1140,
0bef,
082e,
0492,
feac,
f87b,
f7a6,
f7bb,
f745,
f805,
f9c5,
f8cf,
f855,
fafc,
feb1,
01a1,
0467,
0670,
05d8,
0580,
06ea,
0645,
02f5,
ffea,
fe30,
fe08,
fe2e,
fc13,
f96d,
f97d,
faae,
fc43,
feac,
0077,
0165,
028e,
0329,
020f,
000f,
ff4a,
0027,
00ad,
ff83,
fe4c,
fed5,
fffa,
0076,
0022,
ff75,
feb2,
fe71,
ff0d,
ffbe,
0040,
0073,
0010,
ffb5,
ffcd,
002f,
0098,
0099,
003b,
ff95,
fef8,
ff1a,
ffa4,
0008,
0027,
0002,
0000,
ffff,
ffff,
0001,
0001,
0001,
0001,
ffff,
fffd,
fffe,
0002,
0004,
0006,
0004,
0001,
fffd,
fffd,
fffe,
ffff,
0002,
ffff,
fffd,
fffc,
fff9,
0009,
0006,
0006,
fffd,
fff9,
000c,
ffe5,
002f,
ffc3,
005b,
000e,
091a,
1293,
18ec,
f97d,
ccd3,
f35d,
235d,
1df0,
0bcc,
0aae,
08bc,
025d,
003e,
ee6f,
dee7,
df4d,
e8ee,
ee1f,
f380,
ff6f,
06dd,
0d3d,
1282,
1536,
1140,
0bef,
082e,
0492,
feac,
f87b,
f7a6,
f7bb,
f745,
f805,
f9c5,
f8cf,
f855,
fafc,
feb1,
01a1,
0467,
0670,
05d8,
0580,
06ea,
0645,
02f5,
ffea,
fe30,
fe08,
fe2e,
fc13,
f96d,
f97d,
faae,
fc43,
feac,
0077,
0165,
028e,
0329,
020f,
000f,
ff4a,
0027,
00ad,
ff83,
fe4c,
fed5,
fffa,
0076,
0022,
ff75,
feb2,
fe71,
ff0d,
ffbe,
0040,
0073,
0010,
ffb5,
ffcd,
002f,
0098,
0099,
003b,
ff95,
fef8,
ff1a,
ffa4,
0008,
0027,
0002,
0000,
ffff,
ffff,
0001,
0001,
0001,
0001,
ffff,
fffd,
fffe,
0002,
0004,
0006,
0004,
0001,
fffd,
fffd,
fffe,
ffff,
0002,
ffff,
fffd,
fffc,
fff9,
0009,
0006,
0006,
fffd,
fff9,
000c,
ffe5,
002f,
ffc3,
005b,
000e,
091a,
1293,
18ec,
f97d,
ccd3,
f35d,
235d,
1df0,
0bcc,
0aae,
08bc,
025d,
003e,
ee6f,
dee7,
df4d,
e8ee,
ee1f,
f380,
ff6f,
06dd,
0d3d,
1282,
1536,
1140,
0bef,
082e,
0492,
feac,
f87b,
f7a6,
f7bb,
f745,
f805,
f9c5,
f8cf,
f855,
fafc,
feb1,
01a1,
0467,
0670,
05d8,
0580,
06ea,
0645,
02f5,
ffea,
fe30,
fe08,
fe2e,
fc13,
f96d,
f97d,
faae,
fc43,
feac,
0077,
0165,
028e,
0329,
020f,
000f,
ff4a,
0027,
00ad,
ff83,
fe4c,
fed5,
fffa,
0076,
0022,
ff75,
feb2,
fe71,
ff0d,
ffbe,
0040,
0073,
0010,
ffb5,
ffcd,
002f,
0098,
0099,
003b,
ff95,
fef8,
ff1a,
ffa4,
0008,
0027,
0003,
0001,
0000,
fffe,
fffd,
fffe,
0000,
0000,
ffff,
fffe,
fffd,
fffe,
0001,
0003,
0005,
0003,
0001,
fffd,
fffc,
fffc,
ffff,
0000,
ffff,
fffb,
fffc,
fff9,
000c,
ffff,
000b,
fff1,
0008,
fff6,
0004,
000a,
fff0,
001a,
00fb,
09f1,
10f6,
12ad,
ed6c,
d255,
026d,
26b5,
1b02,
08d8,
0911,
07c2,
04b2,
0011,
eccf,
def0,
e0e8,
ebb0,
ef73,
f52e,
ffae,
05b0,
0bd7,
11ae,
13d5,
0f8c,
0b95,
0771,
0424,
ff13,
f99f,
f870,
f857,
f7d2,
f80f,
f9ab,
f8b6,
f8c1,
fbc7,
ff2e,
0182,
0397,
058e,
05a9,
060b,
0740,
05ff,
027a,
ff0c,
fd7a,
fd8f,
fdb5,
fc3f,
fa25,
f9e4,
fb7c,
fd79,
ff23,
009f,
01b5,
0294,
02c9,
019e,
ffc6,
fefb,
ffaf,
0047,
ff48,
fe05,
fe59,
ffc2,
006d,
001e,
ff9f,
ff2c,
ff0f,
ff62,
ffd5,
0011,
0062,
0082,
0049,
ffc8,
ff87,
ffd9,
0047,
0028,
ff73,
fed5,
fefb,
ffc6,
0072,
0003,
0001,
0000,
fffe,
fffd,
fffe,
0000,
0000,
ffff,
fffe,
fffd,
fffe,
0001,
0003,
0005,
0003,
0001,
fffd,
fffc,
fffc,
ffff,
0000,
ffff,
fffb,
fffc,
fff9,
000c,
ffff,
000b,
fff1,
0008,
fff6,
0004,
000a,
fff0,
001a,
00fb,
09f1,
10f6,
12ad,
ed6c,
d255,
026d,
26b5,
1b02,
08d8,
0911,
07c2,
04b2,
0011,
eccf,
def0,
e0e8,
ebb0,
ef73,
f52e,
ffae,
05b0,
0bd7,
11ae,
13d5,
0f8c,
0b95,
0771,
0424,
ff13,
f99f,
f870,
f857,
f7d2,
f80f,
f9ab,
f8b6,
f8c1,
fbc7,
ff2e,
0182,
0397,
058e,
05a9,
060b,
0740,
05ff,
027a,
ff0c,
fd7a,
fd8f,
fdb5,
fc3f,
fa25,
f9e4,
fb7c,
fd79,
ff23,
009f,
01b5,
0294,
02c9,
019e,
ffc6,
fefb,
ffaf,
0047,
ff48,
fe05,
fe59,
ffc2,
006d,
001e,
ff9f,
ff2c,
ff0f,
ff62,
ffd5,
0011,
0062,
0082,
0049,
ffc8,
ff87,
ffd9,
0047,
0028,
ff73,
fed5,
fefb,
ffc6,
0072,
0003,
0001,
0000,
fffe,
fffd,
fffe,
0000,
0000,
ffff,
fffe,
fffd,
fffe,
0001,
0003,
0005,
0003,
0001,
fffd,
fffc,
fffc,
ffff,
0000,
ffff,
fffb,
fffc,
fff9,
000c,
ffff,
000b,
fff1,
0008,
fff6,
0004,
000a,
fff0,
001a,
00fb,
09f1,
10f6,
12ad,
ed6c,
d255,
026d,
26b5,
1b02,
08d8,
0911,
07c2,
04b2,
0011,
eccf,
def0,
e0e8,
ebb0,
ef73,
f52e,
ffae,
05b0,
0bd7,
11ae,
13d5,
0f8c,
0b95,
0771,
0424,
ff13,
f99f,
f870,
f857,
f7d2,
f80f,
f9ab,
f8b6,
f8c1,
fbc7,
ff2e,
0182,
0397,
058e,
05a9,
060b,
0740,
05ff,
027a,
ff0c,
fd7a,
fd8f,
fdb5,
fc3f,
fa25,
f9e4,
fb7c,
fd79,
ff23,
009f,
01b5,
0294,
02c9,
019e,
ffc6,
fefb,
ffaf,
0047,
ff48,
fe05,
fe59,
ffc2,
006d,
001e,
ff9f,
ff2c,
ff0f,
ff62,
ffd5,
0011,
0062,
0082,
0049,
ffc8,
ff87,
ffd9,
0047,
0028,
ff73,
fed5,
fefb,
ffc6,
0072,
ffff,
ffff,
0000,
0000,
0001,
0001,
0000,
fffe,
ffff,
0002,
0004,
0005,
0003,
0001,
fffe,
fffb,
fffc,
fffc,
0000,
ffff,
fffe,
fffc,
fffa,
0003,
0008,
0003,
0004,
fff5,
0010,
ffe7,
0027,
ffd0,
0049,
ffe2,
060a,
0f35,
15d4,
0175,
d8d1,
ec5f,
1980,
1b4d,
0b33,
0997,
0a46,
04f9,
01c9,
f54c,
e66d,
e46e,
eb0f,
ee3f,
f191,
fad0,
021b,
07d2,
0d49,
11dd,
10bd,
0ca0,
098d,
05e5,
004e,
faed,
fa73,
fb1b,
f9ec,
f825,
f7a2,
f71a,
f7c2,
fb57,
ff6f,
015f,
02ad,
03ed,
03e9,
04e0,
0699,
0621,
037d,
00b8,
ff34,
fe8b,
fe9b,
fdf6,
fb76,
f93c,
f9c7,
fc21,
fe2e,
003e,
013e,
0192,
022d,
029a,
01eb,
005b,
ff6b,
ff7f,
ff4d,
fe26,
fdb0,
fee2,
002f,
002a,
ffbb,
ff96,
ff64,
ff15,
ff6b,
0040,
00e4,
00fa,
004b,
ff4f,
ff3b,
0037,
00fc,
0071,
fed9,
fdc2,
fe2e,
ffa0,
00c8,
00c5,
0035,
0024,
ffff,
ffff,
0000,
0000,
0001,
0001,
0000,
fffe,
ffff,
0002,
0004,
0005,
0003,
0001,
fffe,
fffb,
fffc,
fffc,
0000,
ffff,
fffe,
fffc,
fffa,
0003,
0008,
0003,
0004,
fff5,
0010,
ffe7,
0027,
ffd0,
0049,
ffe2,
060a,
0f35,
15d4,
0175,
d8d1,
ec5f,
1980,
1b4d,
0b33,
0997,
0a46,
04f9,
01c9,
f54c,
e66d,
e46e,
eb0f,
ee3f,
f191,
fad0,
021b,
07d2,
0d49,
11dd,
10bd,
0ca0,
098d,
05e5,
004e,
faed,
fa73,
fb1b,
f9ec,
f825,
f7a2,
f71a,
f7c2,
fb57,
ff6f,
015f,
02ad,
03ed,
03e9,
04e0,
0699,
0621,
037d,
00b8,
ff34,
fe8b,
fe9b,
fdf6,
fb76,
f93c,
f9c7,
fc21,
fe2e,
003e,
013e,
0192,
022d,
029a,
01eb,
005b,
ff6b,
ff7f,
ff4d,
fe26,
fdb0,
fee2,
002f,
002a,
ffbb,
ff96,
ff64,
ff15,
ff6b,
0040,
00e4,
00fa,
004b,
ff4f,
ff3b,
0037,
00fc,
0071,
fed9,
fdc2,
fe2e,
ffa0,
00c8,
00c5,
0035,
0024,
ffff,
ffff,
0000,
0000,
0001,
0001,
0000,
fffe,
ffff,
0002,
0004,
0005,
0003,
0001,
fffe,
fffb,
fffc,
fffc,
0000,
ffff,
fffe,
fffc,
fffa,
0003,
0008,
0003,
0004,
fff5,
0010,
ffe7,
0027,
ffd0,
0049,
ffe2,
060a,
0f35,
15d4,
0175,
d8d1,
ec5f,
1980,
1b4d,
0b33,
0997,
0a46,
04f9,
01c9,
f54c,
e66d,
e46e,
eb0f,
ee3f,
f191,
fad0,
021b,
07d2,
0d49,
11dd,
10bd,
0ca0,
098d,
05e5,
004e,
faed,
fa73,
fb1b,
f9ec,
f825,
f7a2,
f71a,
f7c2,
fb57,
ff6f,
015f,
02ad,
03ed,
03e9,
04e0,
0699,
0621,
037d,
00b8,
ff34,
fe8b,
fe9b,
fdf6,
fb76,
f93c,
f9c7,
fc21,
fe2e,
003e,
013e,
0192,
022d,
029a,
01eb,
005b,
ff6b,
ff7f,
ff4d,
fe26,
fdb0,
fee2,
002f,
002a,
ffbb,
ff96,
ff64,
ff15,
ff6b,
0040,
00e4,
00fa,
004b,
ff4f,
ff3b,
0037,
00fc,
0071,
fed9,
fdc2,
fe2e,
ffa0,
00c8,
00c5,
0035,
0024,
ffff,
ffff,
0000,
0000,
0001,
0001,
0000,
fffe,
ffff,
0002,
0004,
0005,
0003,
0001,
fffe,
fffb,
fffc,
fffc,
0000,
ffff,
fffe,
fffc,
fffa,
0003,
0008,
0003,
0004,
fff5,
0010,
ffe7,
0027,
ffd0,
0049,
ffe2,
060a,
0f35,
15d4,
0175,
d8d1,
ec5f,
1980,
1b4d,
0b33,
0997,
0a46,
04f9,
01c9,
f54c,
e66d,
e46e,
eb0f,
ee3f,
f191,
fad0,
021b,
07d2,
0d49,
11dd,
10bd,
0ca0,
098d,
05e5,
004e,
faed,
fa73,
fb1b,
f9ec,
f825,
f7a2,
f71a,
f7c2,
fb57,
ff6f,
015f,
02ad,
03ed,
03e9,
04e0,
0699,
0621,
037d,
00b8,
ff34,
fe8b,
fe9b,
fdf6,
fb76,
f93c,
f9c7,
fc21,
fe2e,
003e,
013e,
0192,
022d,
029a,
01eb,
005b,
ff6b,
ff7f,
ff4d,
fe26,
fdb0,
fee2,
002f,
002a,
ffbb,
ff96,
ff64,
ff15,
ff6b,
0040,
00e4,
00fa,
004b,
ff4f,
ff3b,
0037,
00fc,
0071,
fed9,
fdc2,
fe2e,
ffa0,
00c8,
00c5,
0035,
0024,
ffff,
ffff,
0000,
0000,
0001,
0001,
0000,
fffe,
ffff,
0002,
0004,
0005,
0003,
0001,
fffe,
fffb,
fffc,
fffc,
0000,
ffff,
fffe,
fffc,
fffa,
0003,
0008,
0003,
0004,
fff5,
0010,
ffe7,
0027,
ffd0,
0049,
ffe2,
060a,
0f35,
15d4,
0175,
d8d1,
ec5f,
1980,
1b4d,
0b33,
0997,
0a46,
04f9,
01c9,
f54c,
e66d,
e46e,
eb0f,
ee3f,
f191,
fad0,
021b,
07d2,
0d49,
11dd,
10bd,
0ca0,
098d,
05e5,
004e,
faed,
fa73,
fb1b,
f9ec,
f825,
f7a2,
f71a,
f7c2,
fb57,
ff6f,
015f,
02ad,
03ed,
03e9,
04e0,
0699,
0621,
037d,
00b8,
ff34,
fe8b,
fe9b,
fdf6,
fb76,
f93c,
f9c7,
fc21,
fe2e,
003e,
013e,
0192,
022d,
029a,
01eb,
005b,
ff6b,
ff7f,
ff4d,
fe26,
fdb0,
fee2,
002f,
002a,
ffbb,
ff96,
ff64,
ff15,
ff6b,
0040,
00e4,
00fa,
004b,
ff4f,
ff3b,
0037,
00fc,
0071,
fed9,
fdc2,
fe2e,
ffa0,
00c8,
00c5,
0035,
0024,
ffff,
ffff,
0000,
0000,
0001,
0001,
0000,
fffe,
ffff,
0002,
0004,
0005,
0003,
0001,
fffe,
fffb,
fffc,
fffc,
0000,
ffff,
fffe,
fffc,
fffa,
0003,
0008,
0003,
0004,
fff5,
0010,
ffe7,
0027,
ffd0,
0049,
ffe2,
060a,
0f35,
15d4,
0175,
d8d1,
ec5f,
1980,
1b4d,
0b33,
0997,
0a46,
04f9,
01c9,
f54c,
e66d,
e46e,
eb0f,
ee3f,
f191,
fad0,
021b,
07d2,
0d49,
11dd,
10bd,
0ca0,
098d,
05e5,
004e,
faed,
fa73,
fb1b,
f9ec,
f825,
f7a2,
f71a,
f7c2,
fb57,
ff6f,
015f,
02ad,
03ed,
03e9,
04e0,
0699,
0621,
037d,
00b8,
ff34,
fe8b,
fe9b,
fdf6,
fb76,
f93c,
f9c7,
fc21,
fe2e,
003e,
013e,
0192,
022d,
029a,
01eb,
005b,
ff6b,
ff7f,
ff4d,
fe26,
fdb0,
fee2,
002f,
002a,
ffbb,
ff96,
ff64,
ff15,
ff6b,
0040,
00e4,
00fa,
004b,
ff4f,
ff3b,
0037,
00fc,
0071,
fed9,
fdc2,
fe2e,
ffa0,
00c8,
00c5,
0035,
0024,
ffff,
ffff,
0000,
0000,
0001,
0001,
0000,
fffe,
ffff,
0002,
0004,
0005,
0003,
0001,
fffe,
fffb,
fffc,
fffc,
0000,
ffff,
fffe,
fffc,
fffa,
0003,
0008,
0003,
0004,
fff5,
0010,
ffe7,
0027,
ffd0,
0049,
ffe2,
060a,
0f35,
15d4,
0175,
d8d1,
ec5f,
1980,
1b4d,
0b33,
0997,
0a46,
04f9,
01c9,
f54c,
e66d,
e46e,
eb0f,
ee3f,
f191,
fad0,
021b,
07d2,
0d49,
11dd,
10bd,
0ca0,
098d,
05e5,
004e,
faed,
fa73,
fb1b,
f9ec,
f825,
f7a2,
f71a,
f7c2,
fb57,
ff6f,
015f,
02ad,
03ed,
03e9,
04e0,
0699,
0621,
037d,
00b8,
ff34,
fe8b,
fe9b,
fdf6,
fb76,
f93c,
f9c7,
fc21,
fe2e,
003e,
013e,
0192,
022d,
029a,
01eb,
005b,
ff6b,
ff7f,
ff4d,
fe26,
fdb0,
fee2,
002f,
002a,
ffbb,
ff96,
ff64,
ff15,
ff6b,
0040,
00e4,
00fa,
004b,
ff4f,
ff3b,
0037,
00fc,
0071,
fed9,
fdc2,
fe2e,
ffa0,
00c8,
00c5,
0035,
0024,
ffff,
ffff,
0000,
0000,
0001,
0001,
0000,
fffe,
ffff,
0002,
0004,
0005,
0003,
0001,
fffe,
fffb,
fffc,
fffc,
0000,
ffff,
fffe,
fffc,
fffa,
0003,
0008,
0003,
0004,
fff5,
0010,
ffe7,
0027,
ffd0,
0049,
ffe2,
060a,
0f35,
15d4,
0175,
d8d1,
ec5f,
1980,
1b4d,
0b33,
0997,
0a46,
04f9,
01c9,
f54c,
e66d,
e46e,
eb0f,
ee3f,
f191,
fad0,
021b,
07d2,
0d49,
11dd,
10bd,
0ca0,
098d,
05e5,
004e,
faed,
fa73,
fb1b,
f9ec,
f825,
f7a2,
f71a,
f7c2,
fb57,
ff6f,
015f,
02ad,
03ed,
03e9,
04e0,
0699,
0621,
037d,
00b8,
ff34,
fe8b,
fe9b,
fdf6,
fb76,
f93c,
f9c7,
fc21,
fe2e,
003e,
013e,
0192,
022d,
029a,
01eb,
005b,
ff6b,
ff7f,
ff4d,
fe26,
fdb0,
fee2,
002f,
002a,
ffbb,
ff96,
ff64,
ff15,
ff6b,
0040,
00e4,
00fa,
004b,
ff4f,
ff3b,
0037,
00fc,
0071,
fed9,
fdc2,
fe2e,
ffa0,
00c8,
00c5,
0035,
0024,
ffff,
ffff,
0000,
0000,
0001,
0001,
0000,
fffe,
ffff,
0002,
0004,
0005,
0003,
0001,
fffe,
fffb,
fffc,
fffc,
0000,
ffff,
fffe,
fffc,
fffa,
0003,
0008,
0003,
0004,
fff5,
0010,
ffe7,
0027,
ffd0,
0049,
ffe2,
060a,
0f35,
15d4,
0175,
d8d1,
ec5f,
1980,
1b4d,
0b33,
0997,
0a46,
04f9,
01c9,
f54c,
e66d,
e46e,
eb0f,
ee3f,
f191,
fad0,
021b,
07d2,
0d49,
11dd,
10bd,
0ca0,
098d,
05e5,
004e,
faed,
fa73,
fb1b,
f9ec,
f825,
f7a2,
f71a,
f7c2,
fb57,
ff6f,
015f,
02ad,
03ed,
03e9,
04e0,
0699,
0621,
037d,
00b8,
ff34,
fe8b,
fe9b,
fdf6,
fb76,
f93c,
f9c7,
fc21,
fe2e,
003e,
013e,
0192,
022d,
029a,
01eb,
005b,
ff6b,
ff7f,
ff4d,
fe26,
fdb0,
fee2,
002f,
002a,
ffbb,
ff96,
ff64,
ff15,
ff6b,
0040,
00e4,
00fa,
004b,
ff4f,
ff3b,
0037,
00fc,
0071,
fed9,
fdc2,
fe2e,
ffa0,
00c8,
00c5,
0035,
0024,
ffff,
ffff,
0000,
0000,
0001,
0001,
0000,
fffe,
ffff,
0002,
0004,
0005,
0003,
0001,
fffe,
fffb,
fffc,
fffc,
0000,
ffff,
fffe,
fffc,
fffa,
0003,
0008,
0003,
0004,
fff5,
0010,
ffe7,
0027,
ffd0,
0049,
ffe2,
060a,
0f35,
15d4,
0175,
d8d1,
ec5f,
1980,
1b4d,
0b33,
0997,
0a46,
04f9,
01c9,
f54c,
e66d,
e46e,
eb0f,
ee3f,
f191,
fad0,
021b,
07d2,
0d49,
11dd,
10bd,
0ca0,
098d,
05e5,
004e,
faed,
fa73,
fb1b,
f9ec,
f825,
f7a2,
f71a,
f7c2,
fb57,
ff6f,
015f,
02ad,
03ed,
03e9,
04e0,
0699,
0621,
037d,
00b8,
ff34,
fe8b,
fe9b,
fdf6,
fb76,
f93c,
f9c7,
fc21,
fe2e,
003e,
013e,
0192,
022d,
029a,
01eb,
005b,
ff6b,
ff7f,
ff4d,
fe26,
fdb0,
fee2,
002f,
002a,
ffbb,
ff96,
ff64,
ff15,
ff6b,
0040,
00e4,
00fa,
004b,
ff4f,
ff3b,
0037,
00fc,
0071,
fed9,
fdc2,
fe2e,
ffa0,
00c8,
00c5,
0035,
0024,
ffff,
ffff,
0000,
0000,
0001,
0001,
0000,
fffe,
ffff,
0002,
0004,
0005,
0003,
0001,
fffe,
fffb,
fffc,
fffc,
0000,
ffff,
fffe,
fffc,
fffa,
0003,
0008,
0003,
0004,
fff5,
0010,
ffe7,
0027,
ffd0,
0049,
ffe2,
060a,
0f35,
15d4,
0175,
d8d1,
ec5f,
1980,
1b4d,
0b33,
0997,
0a46,
04f9,
01c9,
f54c,
e66d,
e46e,
eb0f,
ee3f,
f191,
fad0,
021b,
07d2,
0d49,
11dd,
10bd,
0ca0,
098d,
05e5,
004e,
faed,
fa73,
fb1b,
f9ec,
f825,
f7a2,
f71a,
f7c2,
fb57,
ff6f,
015f,
02ad,
03ed,
03e9,
04e0,
0699,
0621,
037d,
00b8,
ff34,
fe8b,
fe9b,
fdf6,
fb76,
f93c,
f9c7,
fc21,
fe2e,
003e,
013e,
0192,
022d,
029a,
01eb,
005b,
ff6b,
ff7f,
ff4d,
fe26,
fdb0,
fee2,
002f,
002a,
ffbb,
ff96,
ff64,
ff15,
ff6b,
0040,
00e4,
00fa,
004b,
ff4f,
ff3b,
0037,
00fc,
0071,
fed9,
fdc2,
fe2e,
ffa0,
00c8,
00c5,
0035,
0024,
ffff,
ffff,
0000,
0000,
0001,
0001,
0000,
fffe,
ffff,
0002,
0004,
0005,
0003,
0001,
fffe,
fffb,
fffc,
fffc,
0000,
ffff,
fffe,
fffc,
fffa,
0003,
0008,
0003,
0004,
fff5,
0010,
ffe7,
0027,
ffd0,
0049,
ffe2,
060a,
0f35,
15d4,
0175,
d8d1,
ec5f,
1980,
1b4d,
0b33,
0997,
0a46,
04f9,
01c9,
f54c,
e66d,
e46e,
eb0f,
ee3f,
f191,
fad0,
021b,
07d2,
0d49,
11dd,
10bd,
0ca0,
098d,
05e5,
004e,
faed,
fa73,
fb1b,
f9ec,
f825,
f7a2,
f71a,
f7c2,
fb57,
ff6f,
015f,
02ad,
03ed,
03e9,
04e0,
0699,
0621,
037d,
00b8,
ff34,
fe8b,
fe9b,
fdf6,
fb76,
f93c,
f9c7,
fc21,
fe2e,
003e,
013e,
0192,
022d,
029a,
01eb,
005b,
ff6b,
ff7f,
ff4d,
fe26,
fdb0,
fee2,
002f,
002a,
ffbb,
ff96,
ff64,
ff15,
ff6b,
0040,
00e4,
00fa,
004b,
ff4f,
ff3b,
0037,
00fc,
0071,
fed9,
fdc2,
fe2e,
ffa0,
00c8,
00c5,
0035,
0024,
ffff,
ffff,
0000,
0000,
0001,
0001,
0000,
fffe,
ffff,
0002,
0004,
0005,
0003,
0001,
fffe,
fffb,
fffc,
fffc,
0000,
ffff,
fffe,
fffc,
fffa,
0003,
0008,
0003,
0004,
fff5,
0010,
ffe7,
0027,
ffd0,
0049,
ffe2,
060a,
0f35,
15d4,
0175,
d8d1,
ec5f,
1980,
1b4d,
0b33,
0997,
0a46,
04f9,
01c9,
f54c,
e66d,
e46e,
eb0f,
ee3f,
f191,
fad0,
021b,
07d2,
0d49,
11dd,
10bd,
0ca0,
098d,
05e5,
004e,
faed,
fa73,
fb1b,
f9ec,
f825,
f7a2,
f71a,
f7c2,
fb57,
ff6f,
015f,
02ad,
03ed,
03e9,
04e0,
0699,
0621,
037d,
00b8,
ff34,
fe8b,
fe9b,
fdf6,
fb76,
f93c,
f9c7,
fc21,
fe2e,
003e,
013e,
0192,
022d,
029a,
01eb,
005b,
ff6b,
ff7f,
ff4d,
fe26,
fdb0,
fee2,
002f,
002a,
ffbb,
ff96,
ff64,
ff15,
ff6b,
0040,
00e4,
00fa,
004b,
ff4f,
ff3b,
0037,
00fc,
0071,
fed9,
fdc2,
fe2e,
ffa0,
00c8,
00c5,
0035,
0024,
ffff,
ffff,
0000,
0000,
0001,
0001,
0000,
fffe,
ffff,
0002,
0004,
0005,
0003,
0001,
fffe,
fffb,
fffc,
fffc,
0000,
ffff,
fffe,
fffc,
fffa,
0003,
0008,
0003,
0004,
fff5,
0010,
ffe7,
0027,
ffd0,
0049,
ffe2,
060a,
0f35,
15d4,
0175,
d8d1,
ec5f,
1980,
1b4d,
0b33,
0997,
0a46,
04f9,
01c9,
f54c,
e66d,
e46e,
eb0f,
ee3f,
f191,
fad0,
021b,
07d2,
0d49,
11dd,
10bd,
0ca0,
098d,
05e5,
004e,
faed,
fa73,
fb1b,
f9ec,
f825,
f7a2,
f71a,
f7c2,
fb57,
ff6f,
015f,
02ad,
03ed,
03e9,
04e0,
0699,
0621,
037d,
00b8,
ff34,
fe8b,
fe9b,
fdf6,
fb76,
f93c,
f9c7,
fc21,
fe2e,
003e,
013e,
0192,
022d,
029a,
01eb,
005b,
ff6b,
ff7f,
ff4d,
fe26,
fdb0,
fee2,
002f,
002a,
ffbb,
ff96,
ff64,
ff15,
ff6b,
0040,
00e4,
00fa,
004b,
ff4f,
ff3b,
0037,
00fc,
0071,
fed9,
fdc2,
fe2e,
ffa0,
00c8,
00c5,
0035,
0024,
ffff,
ffff,
0000,
0000,
0001,
0001,
0000,
fffe,
ffff,
0002,
0004,
0005,
0003,
0001,
fffe,
fffb,
fffc,
fffc,
0000,
ffff,
fffe,
fffc,
fffa,
0003,
0008,
0003,
0004,
fff5,
0010,
ffe7,
0027,
ffd0,
0049,
ffe2,
060a,
0f35,
15d4,
0175,
d8d1,
ec5f,
1980,
1b4d,
0b33,
0997,
0a46,
04f9,
01c9,
f54c,
e66d,
e46e,
eb0f,
ee3f,
f191,
fad0,
021b,
07d2,
0d49,
11dd,
10bd,
0ca0,
098d,
05e5,
004e,
faed,
fa73,
fb1b,
f9ec,
f825,
f7a2,
f71a,
f7c2,
fb57,
ff6f,
015f,
02ad,
03ed,
03e9,
04e0,
0699,
0621,
037d,
00b8,
ff34,
fe8b,
fe9b,
fdf6,
fb76,
f93c,
f9c7,
fc21,
fe2e,
003e,
013e,
0192,
022d,
029a,
01eb,
005b,
ff6b,
ff7f,
ff4d,
fe26,
fdb0,
fee2,
002f,
002a,
ffbb,
ff96,
ff64,
ff15,
ff6b,
0040,
00e4,
00fa,
004b,
ff4f,
ff3b,
0037,
00fc,
0071,
fed9,
fdc2,
fe2e,
ffa0,
00c8,
00c5,
0035,
0024,
ffff,
ffff,
0000,
0000,
0001,
0001,
0000,
fffe,
ffff,
0002,
0004,
0005,
0003,
0001,
fffe,
fffb,
fffc,
fffc,
0000,
ffff,
fffe,
fffc,
fffa,
0003,
0008,
0003,
0004,
fff5,
0010,
ffe7,
0027,
ffd0,
0049,
ffe2,
060a,
0f35,
15d4,
0175,
d8d1,
ec5f,
1980,
1b4d,
0b33,
0997,
0a46,
04f9,
01c9,
f54c,
e66d,
e46e,
eb0f,
ee3f,
f191,
fad0,
021b,
07d2,
0d49,
11dd,
10bd,
0ca0,
098d,
05e5,
004e,
faed,
fa73,
fb1b,
f9ec,
f825,
f7a2,
f71a,
f7c2,
fb57,
ff6f,
015f,
02ad,
03ed,
03e9,
04e0,
0699,
0621,
037d,
00b8,
ff34,
fe8b,
fe9b,
fdf6,
fb76,
f93c,
f9c7,
fc21,
fe2e,
003e,
013e,
0192,
022d,
029a,
01eb,
005b,
ff6b,
ff7f,
ff4d,
fe26,
fdb0,
fee2,
002f,
002a,
ffbb,
ff96,
ff64,
ff15,
ff6b,
0040,
00e4,
00fa,
004b,
ff4f,
ff3b,
0037,
00fc,
0071,
fed9,
fdc2,
fe2e,
ffa0,
00c8,
00c5,
0035,
0024,
ffff,
ffff,
0000,
0000,
0001,
0001,
0000,
fffe,
ffff,
0002,
0004,
0005,
0003,
0001,
fffe,
fffb,
fffc,
fffc,
0000,
ffff,
fffe,
fffc,
fffa,
0003,
0008,
0003,
0004,
fff5,
0010,
ffe7,
0027,
ffd0,
0049,
ffe2,
060a,
0f35,
15d4,
0175,
d8d1,
ec5f,
1980,
1b4d,
0b33,
0997,
0a46,
04f9,
01c9,
f54c,
e66d,
e46e,
eb0f,
ee3f,
f191,
fad0,
021b,
07d2,
0d49,
11dd,
10bd,
0ca0,
098d,
05e5,
004e,
faed,
fa73,
fb1b,
f9ec,
f825,
f7a2,
f71a,
f7c2,
fb57,
ff6f,
015f,
02ad,
03ed,
03e9,
04e0,
0699,
0621,
037d,
00b8,
ff34,
fe8b,
fe9b,
fdf6,
fb76,
f93c,
f9c7,
fc21,
fe2e,
003e,
013e,
0192,
022d,
029a,
01eb,
005b,
ff6b,
ff7f,
ff4d,
fe26,
fdb0,
fee2,
002f,
002a,
ffbb,
ff96,
ff64,
ff15,
ff6b,
0040,
00e4,
00fa,
004b,
ff4f,
ff3b,
0037,
00fc,
0071,
fed9,
fdc2,
fe2e,
ffa0,
00c8,
00c5,
0035,
0024,
ffff,
ffff,
0000,
0000,
0001,
0001,
0000,
fffe,
ffff,
0002,
0004,
0005,
0003,
0001,
fffe,
fffb,
fffc,
fffc,
0000,
ffff,
fffe,
fffc,
fffa,
0003,
0008,
0003,
0004,
fff5,
0010,
ffe7,
0027,
ffd0,
0049,
ffe2,
060a,
0f35,
15d4,
0175,
d8d1,
ec5f,
1980,
1b4d,
0b33,
0997,
0a46,
04f9,
01c9,
f54c,
e66d,
e46e,
eb0f,
ee3f,
f191,
fad0,
021b,
07d2,
0d49,
11dd,
10bd,
0ca0,
098d,
05e5,
004e,
faed,
fa73,
fb1b,
f9ec,
f825,
f7a2,
f71a,
f7c2,
fb57,
ff6f,
015f,
02ad,
03ed,
03e9,
04e0,
0699,
0621,
037d,
00b8,
ff34,
fe8b,
fe9b,
fdf6,
fb76,
f93c,
f9c7,
fc21,
fe2e,
003e,
013e,
0192,
022d,
029a,
01eb,
005b,
ff6b,
ff7f,
ff4d,
fe26,
fdb0,
fee2,
002f,
002a,
ffbb,
ff96,
ff64,
ff15,
ff6b,
0040,
00e4,
00fa,
004b,
ff4f,
ff3b,
0037,
00fc,
0071,
fed9,
fdc2,
fe2e,
ffa0,
00c8,
00c5,
0035,
0024,
ffff,
ffff,
0000,
0000,
0001,
0001,
0000,
fffe,
ffff,
0002,
0004,
0005,
0003,
0001,
fffe,
fffb,
fffc,
fffc,
0000,
ffff,
fffe,
fffc,
fffa,
0003,
0008,
0003,
0004,
fff5,
0010,
ffe7,
0027,
ffd0,
0049,
ffe2,
060a,
0f35,
15d4,
0175,
d8d1,
ec5f,
1980,
1b4d,
0b33,
0997,
0a46,
04f9,
01c9,
f54c,
e66d,
e46e,
eb0f,
ee3f,
f191,
fad0,
021b,
07d2,
0d49,
11dd,
10bd,
0ca0,
098d,
05e5,
004e,
faed,
fa73,
fb1b,
f9ec,
f825,
f7a2,
f71a,
f7c2,
fb57,
ff6f,
015f,
02ad,
03ed,
03e9,
04e0,
0699,
0621,
037d,
00b8,
ff34,
fe8b,
fe9b,
fdf6,
fb76,
f93c,
f9c7,
fc21,
fe2e,
003e,
013e,
0192,
022d,
029a,
01eb,
005b,
ff6b,
ff7f,
ff4d,
fe26,
fdb0,
fee2,
002f,
002a,
ffbb,
ff96,
ff64,
ff15,
ff6b,
0040,
00e4,
00fa,
004b,
ff4f,
ff3b,
0037,
00fc,
0071,
fed9,
fdc2,
fe2e,
ffa0,
00c8,
00c5,
0035,
0024,
ffff,
ffff,
0000,
0000,
0001,
0001,
0000,
fffe,
ffff,
0002,
0004,
0005,
0003,
0001,
fffe,
fffb,
fffc,
fffc,
0000,
ffff,
fffe,
fffc,
fffa,
0003,
0008,
0003,
0004,
fff5,
0010,
ffe7,
0027,
ffd0,
0049,
ffe2,
060a,
0f35,
15d4,
0175,
d8d1,
ec5f,
1980,
1b4d,
0b33,
0997,
0a46,
04f9,
01c9,
f54c,
e66d,
e46e,
eb0f,
ee3f,
f191,
fad0,
021b,
07d2,
0d49,
11dd,
10bd,
0ca0,
098d,
05e5,
004e,
faed,
fa73,
fb1b,
f9ec,
f825,
f7a2,
f71a,
f7c2,
fb57,
ff6f,
015f,
02ad,
03ed,
03e9,
04e0,
0699,
0621,
037d,
00b8,
ff34,
fe8b,
fe9b,
fdf6,
fb76,
f93c,
f9c7,
fc21,
fe2e,
003e,
013e,
0192,
022d,
029a,
01eb,
005b,
ff6b,
ff7f,
ff4d,
fe26,
fdb0,
fee2,
002f,
002a,
ffbb,
ff96,
ff64,
ff15,
ff6b,
0040,
00e4,
00fa,
004b,
ff4f,
ff3b,
0037,
00fc,
0071,
fed9,
fdc2,
fe2e,
ffa0,
00c8,
00c5,
0035,
0024,
ffff,
ffff,
0000,
0000,
0001,
0001,
0000,
fffe,
ffff,
0002,
0004,
0005,
0003,
0001,
fffe,
fffb,
fffc,
fffc,
0000,
ffff,
fffe,
fffc,
fffa,
0003,
0008,
0003,
0004,
fff5,
0010,
ffe7,
0027,
ffd0,
0049,
ffe2,
060a,
0f35,
15d4,
0175,
d8d1,
ec5f,
1980,
1b4d,
0b33,
0997,
0a46,
04f9,
01c9,
f54c,
e66d,
e46e,
eb0f,
ee3f,
f191,
fad0,
021b,
07d2,
0d49,
11dd,
10bd,
0ca0,
098d,
05e5,
004e,
faed,
fa73,
fb1b,
f9ec,
f825,
f7a2,
f71a,
f7c2,
fb57,
ff6f,
015f,
02ad,
03ed,
03e9,
04e0,
0699,
0621,
037d,
00b8,
ff34,
fe8b,
fe9b,
fdf6,
fb76,
f93c,
f9c7,
fc21,
fe2e,
003e,
013e,
0192,
022d,
029a,
01eb,
005b,
ff6b,
ff7f,
ff4d,
fe26,
fdb0,
fee2,
002f,
002a,
ffbb,
ff96,
ff64,
ff15,
ff6b,
0040,
00e4,
00fa,
004b,
ff4f,
ff3b,
0037,
00fc,
0071,
fed9,
fdc2,
fe2e,
ffa0,
00c8,
00c5,
0035,
0024,
ffff,
ffff,
0000,
0000,
0001,
0001,
0000,
fffe,
ffff,
0002,
0004,
0005,
0003,
0001,
fffe,
fffb,
fffc,
fffc,
0000,
ffff,
fffe,
fffc,
fffa,
0003,
0008,
0003,
0004,
fff5,
0010,
ffe7,
0027,
ffd0,
0049,
ffe2,
060a,
0f35,
15d4,
0175,
d8d1,
ec5f,
1980,
1b4d,
0b33,
0997,
0a46,
04f9,
01c9,
f54c,
e66d,
e46e,
eb0f,
ee3f,
f191,
fad0,
021b,
07d2,
0d49,
11dd,
10bd,
0ca0,
098d,
05e5,
004e,
faed,
fa73,
fb1b,
f9ec,
f825,
f7a2,
f71a,
f7c2,
fb57,
ff6f,
015f,
02ad,
03ed,
03e9,
04e0,
0699,
0621,
037d,
00b8,
ff34,
fe8b,
fe9b,
fdf6,
fb76,
f93c,
f9c7,
fc21,
fe2e,
003e,
013e,
0192,
022d,
029a,
01eb,
005b,
ff6b,
ff7f,
ff4d,
fe26,
fdb0,
fee2,
002f,
002a,
ffbb,
ff96,
ff64,
ff15,
ff6b,
0040,
00e4,
00fa,
004b,
ff4f,
ff3b,
0037,
00fc,
0071,
fed9,
fdc2,
fe2e,
ffa0,
00c8,
00c5,
0035,
0024,
ffff,
ffff,
0000,
0000,
0001,
0001,
0000,
fffe,
ffff,
0002,
0004,
0005,
0003,
0001,
fffe,
fffb,
fffc,
fffc,
0000,
ffff,
fffe,
fffc,
fffa,
0003,
0008,
0003,
0004,
fff5,
0010,
ffe7,
0027,
ffd0,
0049,
ffe2,
060a,
0f35,
15d4,
0175,
d8d1,
ec5f,
1980,
1b4d,
0b33,
0997,
0a46,
04f9,
01c9,
f54c,
e66d,
e46e,
eb0f,
ee3f,
f191,
fad0,
021b,
07d2,
0d49,
11dd,
10bd,
0ca0,
098d,
05e5,
004e,
faed,
fa73,
fb1b,
f9ec,
f825,
f7a2,
f71a,
f7c2,
fb57,
ff6f,
015f,
02ad,
03ed,
03e9,
04e0,
0699,
0621,
037d,
00b8,
ff34,
fe8b,
fe9b,
fdf6,
fb76,
f93c,
f9c7,
fc21,
fe2e,
003e,
013e,
0192,
022d,
029a,
01eb,
005b,
ff6b,
ff7f,
ff4d,
fe26,
fdb0,
fee2,
002f,
002a,
ffbb,
ff96,
ff64,
ff15,
ff6b,
0040,
00e4,
00fa,
004b,
ff4f,
ff3b,
0037,
00fc,
0071,
fed9,
fdc2,
fe2e,
ffa0,
00c8,
00c5,
0035,
0024,
ffff,
ffff,
0000,
0000,
0001,
0001,
0000,
fffe,
ffff,
0002,
0004,
0005,
0003,
0001,
fffe,
fffb,
fffc,
fffc,
0000,
ffff,
fffe,
fffc,
fffa,
0003,
0008,
0003,
0004,
fff5,
0010,
ffe7,
0027,
ffd0,
0049,
ffe2,
060a,
0f35,
15d4,
0175,
d8d1,
ec5f,
1980,
1b4d,
0b33,
0997,
0a46,
04f9,
01c9,
f54c,
e66d,
e46e,
eb0f,
ee3f,
f191,
fad0,
021b,
07d2,
0d49,
11dd,
10bd,
0ca0,
098d,
05e5,
004e,
faed,
fa73,
fb1b,
f9ec,
f825,
f7a2,
f71a,
f7c2,
fb57,
ff6f,
015f,
02ad,
03ed,
03e9,
04e0,
0699,
0621,
037d,
00b8,
ff34,
fe8b,
fe9b,
fdf6,
fb76,
f93c,
f9c7,
fc21,
fe2e,
003e,
013e,
0192,
022d,
029a,
01eb,
005b,
ff6b,
ff7f,
ff4d,
fe26,
fdb0,
fee2,
002f,
002a,
ffbb,
ff96,
ff64,
ff15,
ff6b,
0040,
00e4,
00fa,
004b,
ff4f,
ff3b,
0037,
00fc,
0071,
fed9,
fdc2,
fe2e,
ffa0,
00c8,
00c5,
0035,
0024,
ffff,
ffff,
0000,
0000,
0001,
0001,
0000,
fffe,
ffff,
0002,
0004,
0005,
0003,
0001,
fffe,
fffb,
fffc,
fffc,
0000,
ffff,
fffe,
fffc,
fffa,
0003,
0008,
0003,
0004,
fff5,
0010,
ffe7,
0027,
ffd0,
0049,
ffe2,
060a,
0f35,
15d4,
0175,
d8d1,
ec5f,
1980,
1b4d,
0b33,
0997,
0a46,
04f9,
01c9,
f54c,
e66d,
e46e,
eb0f,
ee3f,
f191,
fad0,
021b,
07d2,
0d49,
11dd,
10bd,
0ca0,
098d,
05e5,
004e,
faed,
fa73,
fb1b,
f9ec,
f825,
f7a2,
f71a,
f7c2,
fb57,
ff6f,
015f,
02ad,
03ed,
03e9,
04e0,
0699,
0621,
037d,
00b8,
ff34,
fe8b,
fe9b,
fdf6,
fb76,
f93c,
f9c7,
fc21,
fe2e,
003e,
013e,
0192,
022d,
029a,
01eb,
005b,
ff6b,
ff7f,
ff4d,
fe26,
fdb0,
fee2,
002f,
002a,
ffbb,
ff96,
ff64,
ff15,
ff6b,
0040,
00e4,
00fa,
004b,
ff4f,
ff3b,
0037,
00fc,
0071,
fed9,
fdc2,
fe2e,
ffa0,
00c8,
00c5,
0035,
0024,
ffff,
ffff,
0000,
0000,
0001,
0001,
0000,
fffe,
ffff,
0002,
0004,
0005,
0003,
0001,
fffe,
fffb,
fffc,
fffc,
0000,
ffff,
fffe,
fffc,
fffa,
0003,
0008,
0003,
0004,
fff5,
0010,
ffe7,
0027,
ffd0,
0049,
ffe2,
060a,
0f35,
15d4,
0175,
d8d1,
ec5f,
1980,
1b4d,
0b33,
0997,
0a46,
04f9,
01c9,
f54c,
e66d,
e46e,
eb0f,
ee3f,
f191,
fad0,
021b,
07d2,
0d49,
11dd,
10bd,
0ca0,
098d,
05e5,
004e,
faed,
fa73,
fb1b,
f9ec,
f825,
f7a2,
f71a,
f7c2,
fb57,
ff6f,
015f,
02ad,
03ed,
03e9,
04e0,
0699,
0621,
037d,
00b8,
ff34,
fe8b,
fe9b,
fdf6,
fb76,
f93c,
f9c7,
fc21,
fe2e,
003e,
013e,
0192,
022d,
029a,
01eb,
005b,
ff6b,
ff7f,
ff4d,
fe26,
fdb0,
fee2,
002f,
002a,
ffbb,
ff96,
ff64,
ff15,
ff6b,
0040,
00e4,
00fa,
004b,
ff4f,
ff3b,
0037,
00fc,
0071,
fed9,
fdc2,
fe2e,
ffa0,
00c8,
00c5,
0035,
0024,
ffff,
ffff,
0000,
0000,
0001,
0001,
0000,
fffe,
ffff,
0002,
0004,
0005,
0003,
0001,
fffe,
fffb,
fffc,
fffc,
0000,
ffff,
fffe,
fffc,
fffa,
0003,
0008,
0003,
0004,
fff5,
0010,
ffe7,
0027,
ffd0,
0049,
ffe2,
060a,
0f35,
15d4,
0175,
d8d1,
ec5f,
1980,
1b4d,
0b33,
0997,
0a46,
04f9,
01c9,
f54c,
e66d,
e46e,
eb0f,
ee3f,
f191,
fad0,
021b,
07d2,
0d49,
11dd,
10bd,
0ca0,
098d,
05e5,
004e,
faed,
fa73,
fb1b,
f9ec,
f825,
f7a2,
f71a,
f7c2,
fb57,
ff6f,
015f,
02ad,
03ed,
03e9,
04e0,
0699,
0621,
037d,
00b8,
ff34,
fe8b,
fe9b,
fdf6,
fb76,
f93c,
f9c7,
fc21,
fe2e,
003e,
013e,
0192,
022d,
029a,
01eb,
005b,
ff6b,
ff7f,
ff4d,
fe26,
fdb0,
fee2,
002f,
002a,
ffbb,
ff96,
ff64,
ff15,
ff6b,
0040,
00e4,
00fa,
004b,
ff4f,
ff3b,
0037,
00fc,
0071,
fed9,
fdc2,
fe2e,
ffa0,
00c8,
00c5,
0035,
0024,
ffff,
ffff,
0000,
0000,
0001,
0001,
0000,
fffe,
ffff,
0002,
0004,
0005,
0003,
0001,
fffe,
fffb,
fffc,
fffc,
0000,
ffff,
fffe,
fffc,
fffa,
0003,
0008,
0003,
0004,
fff5,
0010,
ffe7,
0027,
ffd0,
0049,
ffe2,
060a,
0f35,
15d4,
0175,
d8d1,
ec5f,
1980,
1b4d,
0b33,
0997,
0a46,
04f9,
01c9,
f54c,
e66d,
e46e,
eb0f,
ee3f,
f191,
fad0,
021b,
07d2,
0d49,
11dd,
10bd,
0ca0,
098d,
05e5,
004e,
faed,
fa73,
fb1b,
f9ec,
f825,
f7a2,
f71a,
f7c2,
fb57,
ff6f,
015f,
02ad,
03ed,
03e9,
04e0,
0699,
0621,
037d,
00b8,
ff34,
fe8b,
fe9b,
fdf6,
fb76,
f93c,
f9c7,
fc21,
fe2e,
003e,
013e,
0192,
022d,
029a,
01eb,
005b,
ff6b,
ff7f,
ff4d,
fe26,
fdb0,
fee2,
002f,
002a,
ffbb,
ff96,
ff64,
ff15,
ff6b,
0040,
00e4,
00fa,
004b,
ff4f,
ff3b,
0037,
00fc,
0071,
fed9,
fdc2,
fe2e,
ffa0,
00c8,
00c5,
0035,
0024,
ffff,
ffff,
0000,
0000,
0001,
0001,
0000,
fffe,
ffff,
0002,
0004,
0005,
0003,
0001,
fffe,
fffb,
fffc,
fffc,
0000,
ffff,
fffe,
fffc,
fffa,
0003,
0008,
0003,
0004,
fff5,
0010,
ffe7,
0027,
ffd0,
0049,
ffe2,
060a,
0f35,
15d4,
0175,
d8d1,
ec5f,
1980,
1b4d,
0b33,
0997,
0a46,
04f9,
01c9,
f54c,
e66d,
e46e,
eb0f,
ee3f,
f191,
fad0,
021b,
07d2,
0d49,
11dd,
10bd,
0ca0,
098d,
05e5,
004e,
faed,
fa73,
fb1b,
f9ec,
f825,
f7a2,
f71a,
f7c2,
fb57,
ff6f,
015f,
02ad,
03ed,
03e9,
04e0,
0699,
0621,
037d,
00b8,
ff34,
fe8b,
fe9b,
fdf6,
fb76,
f93c,
f9c7,
fc21,
fe2e,
003e,
013e,
0192,
022d,
029a,
01eb,
005b,
ff6b,
ff7f,
ff4d,
fe26,
fdb0,
fee2,
002f,
002a,
ffbb,
ff96,
ff64,
ff15,
ff6b,
0040,
00e4,
00fa,
004b,
ff4f,
ff3b,
0037,
00fc,
0071,
fed9,
fdc2,
fe2e,
ffa0,
00c8,
00c5,
0035,
0024,
ffff,
ffff,
0000,
0000,
0001,
0001,
0000,
fffe,
ffff,
0002,
0004,
0005,
0003,
0001,
fffe,
fffb,
fffc,
fffc,
0000,
ffff,
fffe,
fffc,
fffa,
0003,
0008,
0003,
0004,
fff5,
0010,
ffe7,
0027,
ffd0,
0049,
ffe2,
060a,
0f35,
15d4,
0175,
d8d1,
ec5f,
1980,
1b4d,
0b33,
0997,
0a46,
04f9,
01c9,
f54c,
e66d,
e46e,
eb0f,
ee3f,
f191,
fad0,
021b,
07d2,
0d49,
11dd,
10bd,
0ca0,
098d,
05e5,
004e,
faed,
fa73,
fb1b,
f9ec,
f825,
f7a2,
f71a,
f7c2,
fb57,
ff6f,
015f,
02ad,
03ed,
03e9,
04e0,
0699,
0621,
037d,
00b8,
ff34,
fe8b,
fe9b,
fdf6,
fb76,
f93c,
f9c7,
fc21,
fe2e,
003e,
013e,
0192,
022d,
029a,
01eb,
005b,
ff6b,
ff7f,
ff4d,
fe26,
fdb0,
fee2,
002f,
002a,
ffbb,
ff96,
ff64,
ff15,
ff6b,
0040,
00e4,
00fa,
004b,
ff4f,
ff3b,
0037,
00fc,
0071,
fed9,
fdc2,
fe2e,
ffa0,
00c8,
00c5,
0035,
0024,
ffff,
ffff,
0000,
0000,
0001,
0001,
0000,
fffe,
ffff,
0002,
0004,
0005,
0003,
0001,
fffe,
fffb,
fffc,
fffc,
0000,
ffff,
fffe,
fffc,
fffa,
0003,
0008,
0003,
0004,
fff5,
0010,
ffe7,
0027,
ffd0,
0049,
ffe2,
060a,
0f35,
15d4,
0175,
d8d1,
ec5f,
1980,
1b4d,
0b33,
0997,
0a46,
04f9,
01c9,
f54c,
e66d,
e46e,
eb0f,
ee3f,
f191,
fad0,
021b,
07d2,
0d49,
11dd,
10bd,
0ca0,
098d,
05e5,
004e,
faed,
fa73,
fb1b,
f9ec,
f825,
f7a2,
f71a,
f7c2,
fb57,
ff6f,
015f,
02ad,
03ed,
03e9,
04e0,
0699,
0621,
037d,
00b8,
ff34,
fe8b,
fe9b,
fdf6,
fb76,
f93c,
f9c7,
fc21,
fe2e,
003e,
013e,
0192,
022d,
029a,
01eb,
005b,
ff6b,
ff7f,
ff4d,
fe26,
fdb0,
fee2,
002f,
002a,
ffbb,
ff96,
ff64,
ff15,
ff6b,
0040,
00e4,
00fa,
004b,
ff4f,
ff3b,
0037,
00fc,
0071,
fed9,
fdc2,
fe2e,
ffa0,
00c8,
00c5,
0035,
0024,
ffff,
ffff,
0000,
0000,
0001,
0001,
0000,
fffe,
ffff,
0002,
0004,
0005,
0003,
0001,
fffe,
fffb,
fffc,
fffc,
0000,
ffff,
fffe,
fffc,
fffa,
0003,
0008,
0003,
0004,
fff5,
0010,
ffe7,
0027,
ffd0,
0049,
ffe2,
060a,
0f35,
15d4,
0175,
d8d1,
ec5f,
1980,
1b4d,
0b33,
0997,
0a46,
04f9,
01c9,
f54c,
e66d,
e46e,
eb0f,
ee3f,
f191,
fad0,
021b,
07d2,
0d49,
11dd,
10bd,
0ca0,
098d,
05e5,
004e,
faed,
fa73,
fb1b,
f9ec,
f825,
f7a2,
f71a,
f7c2,
fb57,
ff6f,
015f,
02ad,
03ed,
03e9,
04e0,
0699,
0621,
037d,
00b8,
ff34,
fe8b,
fe9b,
fdf6,
fb76,
f93c,
f9c7,
fc21,
fe2e,
003e,
013e,
0192,
022d,
029a,
01eb,
005b,
ff6b,
ff7f,
ff4d,
fe26,
fdb0,
fee2,
002f,
002a,
ffbb,
ff96,
ff64,
ff15,
ff6b,
0040,
00e4,
00fa,
004b,
ff4f,
ff3b,
0037,
00fc,
0071,
fed9,
fdc2,
fe2e,
ffa0,
00c8,
00c5,
0035,
0024,
ffff,
ffff,
0000,
0000,
0001,
0001,
0000,
fffe,
ffff,
0002,
0004,
0005,
0003,
0001,
fffe,
fffb,
fffc,
fffc,
0000,
ffff,
fffe,
fffc,
fffa,
0003,
0008,
0003,
0004,
fff5,
0010,
ffe7,
0027,
ffd0,
0049,
ffe2,
060a,
0f35,
15d4,
0175,
d8d1,
ec5f,
1980,
1b4d,
0b33,
0997,
0a46,
04f9,
01c9,
f54c,
e66d,
e46e,
eb0f,
ee3f,
f191,
fad0,
021b,
07d2,
0d49,
11dd,
10bd,
0ca0,
098d,
05e5,
004e,
faed,
fa73,
fb1b,
f9ec,
f825,
f7a2,
f71a,
f7c2,
fb57,
ff6f,
015f,
02ad,
03ed,
03e9,
04e0,
0699,
0621,
037d,
00b8,
ff34,
fe8b,
fe9b,
fdf6,
fb76,
f93c,
f9c7,
fc21,
fe2e,
003e,
013e,
0192,
022d,
029a,
01eb,
005b,
ff6b,
ff7f,
ff4d,
fe26,
fdb0,
fee2,
002f,
002a,
ffbb,
ff96,
ff64,
ff15,
ff6b,
0040,
00e4,
00fa,
004b,
ff4f,
ff3b,
0037,
00fc,
0071,
fed9,
fdc2,
fe2e,
ffa0,
00c8,
00c5,
0035,
0024,
ffff,
ffff,
0000,
0000,
0001,
0001,
0000,
fffe,
ffff,
0002,
0004,
0005,
0003,
0001,
fffe,
fffb,
fffc,
fffc,
0000,
ffff,
fffe,
fffc,
fffa,
0003,
0008,
0003,
0004,
fff5,
0010,
ffe7,
0027,
ffd0,
0049,
ffe2,
060a,
0f35,
15d4,
0175,
d8d1,
ec5f,
1980,
1b4d,
0b33,
0997,
0a46,
04f9,
01c9,
f54c,
e66d,
e46e,
eb0f,
ee3f,
f191,
fad0,
021b,
07d2,
0d49,
11dd,
10bd,
0ca0,
098d,
05e5,
004e,
faed,
fa73,
fb1b,
f9ec,
f825,
f7a2,
f71a,
f7c2,
fb57,
ff6f,
015f,
02ad,
03ed,
03e9,
04e0,
0699,
0621,
037d,
00b8,
ff34,
fe8b,
fe9b,
fdf6,
fb76,
f93c,
f9c7,
fc21,
fe2e,
003e,
013e,
0192,
022d,
029a,
01eb,
005b,
ff6b,
ff7f,
ff4d,
fe26,
fdb0,
fee2,
002f,
002a,
ffbb,
ff96,
ff64,
ff15,
ff6b,
0040,
00e4,
00fa,
004b,
ff4f,
ff3b,
0037,
00fc,
0071,
fed9,
fdc2,
fe2e,
ffa0,
00c8,
00c5,
0035,
0024,
ffff,
ffff,
0000,
0000,
0001,
0001,
0000,
fffe,
ffff,
0002,
0004,
0005,
0003,
0001,
fffe,
fffb,
fffc,
fffc,
0000,
ffff,
fffe,
fffc,
fffa,
0003,
0008,
0003,
0004,
fff5,
0010,
ffe7,
0027,
ffd0,
0049,
ffe2,
060a,
0f35,
15d4,
0175,
d8d1,
ec5f,
1980,
1b4d,
0b33,
0997,
0a46,
04f9,
01c9,
f54c,
e66d,
e46e,
eb0f,
ee3f,
f191,
fad0,
021b,
07d2,
0d49,
11dd,
10bd,
0ca0,
098d,
05e5,
004e,
faed,
fa73,
fb1b,
f9ec,
f825,
f7a2,
f71a,
f7c2,
fb57,
ff6f,
015f,
02ad,
03ed,
03e9,
04e0,
0699,
0621,
037d,
00b8,
ff34,
fe8b,
fe9b,
fdf6,
fb76,
f93c,
f9c7,
fc21,
fe2e,
003e,
013e,
0192,
022d,
029a,
01eb,
005b,
ff6b,
ff7f,
ff4d,
fe26,
fdb0,
fee2,
002f,
002a,
ffbb,
ff96,
ff64,
ff15,
ff6b,
0040,
00e4,
00fa,
004b,
ff4f,
ff3b,
0037,
00fc,
0071,
fed9,
fdc2,
fe2e,
ffa0,
00c8,
00c5,
0035,
0024,
ffff,
ffff,
0000,
0000,
0001,
0001,
0000,
fffe,
ffff,
0002,
0004,
0005,
0003,
0001,
fffe,
fffb,
fffc,
fffc,
0000,
ffff,
fffe,
fffc,
fffa,
0003,
0008,
0003,
0004,
fff5,
0010,
ffe7,
0027,
ffd0,
0049,
ffe2,
060a,
0f35,
15d4,
0175,
d8d1,
ec5f,
1980,
1b4d,
0b33,
0997,
0a46,
04f9,
01c9,
f54c,
e66d,
e46e,
eb0f,
ee3f,
f191,
fad0,
021b,
07d2,
0d49,
11dd,
10bd,
0ca0,
098d,
05e5,
004e,
faed,
fa73,
fb1b,
f9ec,
f825,
f7a2,
f71a,
f7c2,
fb57,
ff6f,
015f,
02ad,
03ed,
03e9,
04e0,
0699,
0621,
037d,
00b8,
ff34,
fe8b,
fe9b,
fdf6,
fb76,
f93c,
f9c7,
fc21,
fe2e,
003e,
013e,
0192,
022d,
029a,
01eb,
005b,
ff6b,
ff7f,
ff4d,
fe26,
fdb0,
fee2,
002f,
002a,
ffbb,
ff96,
ff64,
ff15,
ff6b,
0040,
00e4,
00fa,
004b,
ff4f,
ff3b,
0037,
00fc,
0071,
fed9,
fdc2,
fe2e,
ffa0,
00c8,
00c5,
0035,
0024,
ffff,
ffff,
0000,
0000,
0001,
0001,
0000,
fffe,
ffff,
0002,
0004,
0005,
0003,
0001,
fffe,
fffb,
fffc,
fffc,
0000,
ffff,
fffe,
fffc,
fffa,
0003,
0008,
0003,
0004,
fff5,
0010,
ffe7,
0027,
ffd0,
0049,
ffe2,
060a,
0f35,
15d4,
0175,
d8d1,
ec5f,
1980,
1b4d,
0b33,
0997,
0a46,
04f9,
01c9,
f54c,
e66d,
e46e,
eb0f,
ee3f,
f191,
fad0,
021b,
07d2,
0d49,
11dd,
10bd,
0ca0,
098d,
05e5,
004e,
faed,
fa73,
fb1b,
f9ec,
f825,
f7a2,
f71a,
f7c2,
fb57,
ff6f,
015f,
02ad,
03ed,
03e9,
04e0,
0699,
0621,
037d,
00b8,
ff34,
fe8b,
fe9b,
fdf6,
fb76,
f93c,
f9c7,
fc21,
fe2e,
003e,
013e,
0192,
022d,
029a,
01eb,
005b,
ff6b,
ff7f,
ff4d,
fe26,
fdb0,
fee2,
002f,
002a,
ffbb,
ff96,
ff64,
ff15,
ff6b,
0040,
00e4,
00fa,
004b,
ff4f,
ff3b,
0037,
00fc,
0071,
fed9,
fdc2,
fe2e,
ffa0,
00c8,
00c5,
0035,
0024,
ffff,
ffff,
0000,
0000,
0001,
0001,
0000,
fffe,
ffff,
0002,
0004,
0005,
0003,
0001,
fffe,
fffb,
fffc,
fffc,
0000,
ffff,
fffe,
fffc,
fffa,
0003,
0008,
0003,
0004,
fff5,
0010,
ffe7,
0027,
ffd0,
0049,
ffe2,
060a,
0f35,
15d4,
0175,
d8d1,
ec5f,
1980,
1b4d,
0b33,
0997,
0a46,
04f9,
01c9,
f54c,
e66d,
e46e,
eb0f,
ee3f,
f191,
fad0,
021b,
07d2,
0d49,
11dd,
10bd,
0ca0,
098d,
05e5,
004e,
faed,
fa73,
fb1b,
f9ec,
f825,
f7a2,
f71a,
f7c2,
fb57,
ff6f,
015f,
02ad,
03ed,
03e9,
04e0,
0699,
0621,
037d,
00b8,
ff34,
fe8b,
fe9b,
fdf6,
fb76,
f93c,
f9c7,
fc21,
fe2e,
003e,
013e,
0192,
022d,
029a,
01eb,
005b,
ff6b,
ff7f,
ff4d,
fe26,
fdb0,
fee2,
002f,
002a,
ffbb,
ff96,
ff64,
ff15,
ff6b,
0040,
00e4,
00fa,
004b,
ff4f,
ff3b,
0037,
00fc,
0071,
fed9,
fdc2,
fe2e,
ffa0,
00c8,
00c5,
0035,
0024,
ffff,
ffff,
0000,
0000,
0001,
0001,
0000,
fffe,
ffff,
0002,
0004,
0005,
0003,
0001,
fffe,
fffb,
fffc,
fffc,
0000,
ffff,
fffe,
fffc,
fffa,
0003,
0008,
0003,
0004,
fff5,
0010,
ffe7,
0027,
ffd0,
0049,
ffe2,
060a,
0f35,
15d4,
0175,
d8d1,
ec5f,
1980,
1b4d,
0b33,
0997,
0a46,
04f9,
01c9,
f54c,
e66d,
e46e,
eb0f,
ee3f,
f191,
fad0,
021b,
07d2,
0d49,
11dd,
10bd,
0ca0,
098d,
05e5,
004e,
faed,
fa73,
fb1b,
f9ec,
f825,
f7a2,
f71a,
f7c2,
fb57,
ff6f,
015f,
02ad,
03ed,
03e9,
04e0,
0699,
0621,
037d,
00b8,
ff34,
fe8b,
fe9b,
fdf6,
fb76,
f93c,
f9c7,
fc21,
fe2e,
003e,
013e,
0192,
022d,
029a,
01eb,
005b,
ff6b,
ff7f,
ff4d,
fe26,
fdb0,
fee2,
002f,
002a,
ffbb,
ff96,
ff64,
ff15,
ff6b,
0040,
00e4,
00fa,
004b,
ff4f,
ff3b,
0037,
00fc,
0071,
fed9,
fdc2,
fe2e,
ffa0,
00c8,
00c5,
0035,
0024,
ffff,
ffff,
0000,
0000,
0001,
0001,
0000,
fffe,
ffff,
0002,
0004,
0005,
0003,
0001,
fffe,
fffb,
fffc,
fffc,
0000,
ffff,
fffe,
fffc,
fffa,
0003,
0008,
0003,
0004,
fff5,
0010,
ffe7,
0027,
ffd0,
0049,
ffe2,
060a,
0f35,
15d4,
0175,
d8d1,
ec5f,
1980,
1b4d,
0b33,
0997,
0a46,
04f9,
01c9,
f54c,
e66d,
e46e,
eb0f,
ee3f,
f191,
fad0,
021b,
07d2,
0d49,
11dd,
10bd,
0ca0,
098d,
05e5,
004e,
faed,
fa73,
fb1b,
f9ec,
f825,
f7a2,
f71a,
f7c2,
fb57,
ff6f,
015f,
02ad,
03ed,
03e9,
04e0,
0699,
0621,
037d,
00b8,
ff34,
fe8b,
fe9b,
fdf6,
fb76,
f93c,
f9c7,
fc21,
fe2e,
003e,
013e,
0192,
022d,
029a,
01eb,
005b,
ff6b,
ff7f,
ff4d,
fe26,
fdb0,
fee2,
002f,
002a,
ffbb,
ff96,
ff64,
ff15,
ff6b,
0040,
00e4,
00fa,
004b,
ff4f,
ff3b,
0037,
00fc,
0071,
fed9,
fdc2,
fe2e,
ffa0,
00c8,
00c5,
0035,
0024,
ffff,
ffff,
0000,
0000,
0001,
0001,
0000,
fffe,
ffff,
0002,
0004,
0005,
0003,
0001,
fffe,
fffb,
fffc,
fffc,
0000,
ffff,
fffe,
fffc,
fffa,
0003,
0008,
0003,
0004,
fff5,
0010,
ffe7,
0027,
ffd0,
0049,
ffe2,
060a,
0f35,
15d4,
0175,
d8d1,
ec5f,
1980,
1b4d,
0b33,
0997,
0a46,
04f9,
01c9,
f54c,
e66d,
e46e,
eb0f,
ee3f,
f191,
fad0,
021b,
07d2,
0d49,
11dd,
10bd,
0ca0,
098d,
05e5,
004e,
faed,
fa73,
fb1b,
f9ec,
f825,
f7a2,
f71a,
f7c2,
fb57,
ff6f,
015f,
02ad,
03ed,
03e9,
04e0,
0699,
0621,
037d,
00b8,
ff34,
fe8b,
fe9b,
fdf6,
fb76,
f93c,
f9c7,
fc21,
fe2e,
003e,
013e,
0192,
022d,
029a,
01eb,
005b,
ff6b,
ff7f,
ff4d,
fe26,
fdb0,
fee2,
002f,
002a,
ffbb,
ff96,
ff64,
ff15,
ff6b,
0040,
00e4,
00fa,
004b,
ff4f,
ff3b,
0037,
00fc,
0071,
fed9,
fdc2,
fe2e,
ffa0,
00c8,
00c5,
0035,
0024,
ffff,
ffff,
0000,
0000,
0001,
0001,
0000,
fffe,
ffff,
0002,
0004,
0005,
0003,
0001,
fffe,
fffb,
fffc,
fffc,
0000,
ffff,
fffe,
fffc,
fffa,
0003,
0008,
0003,
0004,
fff5,
0010,
ffe7,
0027,
ffd0,
0049,
ffe2,
060a,
0f35,
15d4,
0175,
d8d1,
ec5f,
1980,
1b4d,
0b33,
0997,
0a46,
04f9,
01c9,
f54c,
e66d,
e46e,
eb0f,
ee3f,
f191,
fad0,
021b,
07d2,
0d49,
11dd,
10bd,
0ca0,
098d,
05e5,
004e,
faed,
fa73,
fb1b,
f9ec,
f825,
f7a2,
f71a,
f7c2,
fb57,
ff6f,
015f,
02ad,
03ed,
03e9,
04e0,
0699,
0621,
037d,
00b8,
ff34,
fe8b,
fe9b,
fdf6,
fb76,
f93c,
f9c7,
fc21,
fe2e,
003e,
013e,
0192,
022d,
029a,
01eb,
005b,
ff6b,
ff7f,
ff4d,
fe26,
fdb0,
fee2,
002f,
002a,
ffbb,
ff96,
ff64,
ff15,
ff6b,
0040,
00e4,
00fa,
004b,
ff4f,
ff3b,
0037,
00fc,
0071,
fed9,
fdc2,
fe2e,
ffa0,
00c8,
00c5,
0035,
0024,
ffff,
ffff,
0000,
0000,
0001,
0001,
0000,
fffe,
ffff,
0002,
0004,
0005,
0003,
0001,
fffe,
fffb,
fffc,
fffc,
0000,
ffff,
fffe,
fffc,
fffa,
0003,
0008,
0003,
0004,
fff5,
0010,
ffe7,
0027,
ffd0,
0049,
ffe2,
060a,
0f35,
15d4,
0175,
d8d1,
ec5f,
1980,
1b4d,
0b33,
0997,
0a46,
04f9,
01c9,
f54c,
e66d,
e46e,
eb0f,
ee3f,
f191,
fad0,
021b,
07d2,
0d49,
11dd,
10bd,
0ca0,
098d,
05e5,
004e,
faed,
fa73,
fb1b,
f9ec,
f825,
f7a2,
f71a,
f7c2,
fb57,
ff6f,
015f,
02ad,
03ed,
03e9,
04e0,
0699,
0621,
037d,
00b8,
ff34,
fe8b,
fe9b,
fdf6,
fb76,
f93c,
f9c7,
fc21,
fe2e,
003e,
013e,
0192,
022d,
029a,
01eb,
005b,
ff6b,
ff7f,
ff4d,
fe26,
fdb0,
fee2,
002f,
002a,
ffbb,
ff96,
ff64,
ff15,
ff6b,
0040,
00e4,
00fa,
004b,
ff4f,
ff3b,
0037,
00fc,
0071,
fed9,
fdc2,
fe2e,
ffa0,
00c8,
00c5,
0035,
0024,
ffff,
ffff,
0000,
0000,
0001,
0001,
0000,
fffe,
ffff,
0002,
0004,
0005,
0003,
0001,
fffe,
fffb,
fffc,
fffc,
0000,
ffff,
fffe,
fffc,
fffa,
0003,
0008,
0003,
0004,
fff5,
0010,
ffe7,
0027,
ffd0,
0049,
ffe2,
060a,
0f35,
15d4,
0175,
d8d1,
ec5f,
1980,
1b4d,
0b33,
0997,
0a46,
04f9,
01c9,
f54c,
e66d,
e46e,
eb0f,
ee3f,
f191,
fad0,
021b,
07d2,
0d49,
11dd,
10bd,
0ca0,
098d,
05e5,
004e,
faed,
fa73,
fb1b,
f9ec,
f825,
f7a2,
f71a,
f7c2,
fb57,
ff6f,
015f,
02ad,
03ed,
03e9,
04e0,
0699,
0621,
037d,
00b8,
ff34,
fe8b,
fe9b,
fdf6,
fb76,
f93c,
f9c7,
fc21,
fe2e,
003e,
013e,
0192,
022d,
029a,
01eb,
005b,
ff6b,
ff7f,
ff4d,
fe26,
fdb0,
fee2,
002f,
002a,
ffbb,
ff96,
ff64,
ff15,
ff6b,
0040,
00e4,
00fa,
004b,
ff4f,
ff3b,
0037,
00fc,
0071,
fed9,
fdc2,
fe2e,
ffa0,
00c8,
00c5,
0035,
0024,
ffff,
ffff,
0000,
0000,
0001,
0001,
0000,
fffe,
ffff,
0002,
0004,
0005,
0003,
0001,
fffe,
fffb,
fffc,
fffc,
0000,
ffff,
fffe,
fffc,
fffa,
0003,
0008,
0003,
0004,
fff5,
0010,
ffe7,
0027,
ffd0,
0049,
ffe2,
060a,
0f35,
15d4,
0175,
d8d1,
ec5f,
1980,
1b4d,
0b33,
0997,
0a46,
04f9,
01c9,
f54c,
e66d,
e46e,
eb0f,
ee3f,
f191,
fad0,
021b,
07d2,
0d49,
11dd,
10bd,
0ca0,
098d,
05e5,
004e,
faed,
fa73,
fb1b,
f9ec,
f825,
f7a2,
f71a,
f7c2,
fb57,
ff6f,
015f,
02ad,
03ed,
03e9,
04e0,
0699,
0621,
037d,
00b8,
ff34,
fe8b,
fe9b,
fdf6,
fb76,
f93c,
f9c7,
fc21,
fe2e,
003e,
013e,
0192,
022d,
029a,
01eb,
005b,
ff6b,
ff7f,
ff4d,
fe26,
fdb0,
fee2,
002f,
002a,
ffbb,
ff96,
ff64,
ff15,
ff6b,
0040,
00e4,
00fa,
004b,
ff4f,
ff3b,
0037,
00fc,
0071,
fed9,
fdc2,
fe2e,
ffa0,
00c8,
00c5,
0035,
0024,
ffff,
ffff,
0000,
0000,
0001,
0001,
0000,
fffe,
ffff,
0002,
0004,
0005,
0003,
0001,
fffe,
fffb,
fffc,
fffc,
0000,
ffff,
fffe,
fffc,
fffa,
0003,
0008,
0003,
0004,
fff5,
0010,
ffe7,
0027,
ffd0,
0049,
ffe2,
060a,
0f35,
15d4,
0175,
d8d1,
ec5f,
1980,
1b4d,
0b33,
0997,
0a46,
04f9,
01c9,
f54c,
e66d,
e46e,
eb0f,
ee3f,
f191,
fad0,
021b,
07d2,
0d49,
11dd,
10bd,
0ca0,
098d,
05e5,
004e,
faed,
fa73,
fb1b,
f9ec,
f825,
f7a2,
f71a,
f7c2,
fb57,
ff6f,
015f,
02ad,
03ed,
03e9,
04e0,
0699,
0621,
037d,
00b8,
ff34,
fe8b,
fe9b,
fdf6,
fb76,
f93c,
f9c7,
fc21,
fe2e,
003e,
013e,
0192,
022d,
029a,
01eb,
005b,
ff6b,
ff7f,
ff4d,
fe26,
fdb0,
fee2,
002f,
002a,
ffbb,
ff96,
ff64,
ff15,
ff6b,
0040,
00e4,
00fa,
004b,
ff4f,
ff3b,
0037,
00fc,
0071,
fed9,
fdc2,
fe2e,
ffa0,
00c8,
00c5,
0035,
0024,
ffff,
ffff,
0000,
0000,
0001,
0001,
0000,
fffe,
ffff,
0002,
0004,
0005,
0003,
0001,
fffe,
fffb,
fffc,
fffc,
0000,
ffff,
fffe,
fffc,
fffa,
0003,
0008,
0003,
0004,
fff5,
0010,
ffe7,
0027,
ffd0,
0049,
ffe2,
060a,
0f35,
15d4,
0175,
d8d1,
ec5f,
1980,
1b4d,
0b33,
0997,
0a46,
04f9,
01c9,
f54c,
e66d,
e46e,
eb0f,
ee3f,
f191,
fad0,
021b,
07d2,
0d49,
11dd,
10bd,
0ca0,
098d,
05e5,
004e,
faed,
fa73,
fb1b,
f9ec,
f825,
f7a2,
f71a,
f7c2,
fb57,
ff6f,
015f,
02ad,
03ed,
03e9,
04e0,
0699,
0621,
037d,
00b8,
ff34,
fe8b,
fe9b,
fdf6,
fb76,
f93c,
f9c7,
fc21,
fe2e,
003e,
013e,
0192,
022d,
029a,
01eb,
005b,
ff6b,
ff7f,
ff4d,
fe26,
fdb0,
fee2,
002f,
002a,
ffbb,
ff96,
ff64,
ff15,
ff6b,
0040,
00e4,
00fa,
004b,
ff4f,
ff3b,
0037,
00fc,
0071,
fed9,
fdc2,
fe2e,
ffa0,
00c8,
00c5,
0035,
0024,
ffff,
ffff,
0000,
0000,
0001,
0001,
0000,
fffe,
ffff,
0002,
0004,
0005,
0003,
0001,
fffe,
fffb,
fffc,
fffc,
0000,
ffff,
fffe,
fffc,
fffa,
0003,
0008,
0003,
0004,
fff5,
0010,
ffe7,
0027,
ffd0,
0049,
ffe2,
060a,
0f35,
15d4,
0175,
d8d1,
ec5f,
1980,
1b4d,
0b33,
0997,
0a46,
04f9,
01c9,
f54c,
e66d,
e46e,
eb0f,
ee3f,
f191,
fad0,
021b,
07d2,
0d49,
11dd,
10bd,
0ca0,
098d,
05e5,
004e,
faed,
fa73,
fb1b,
f9ec,
f825,
f7a2,
f71a,
f7c2,
fb57,
ff6f,
015f,
02ad,
03ed,
03e9,
04e0,
0699,
0621,
037d,
00b8,
ff34,
fe8b,
fe9b,
fdf6,
fb76,
f93c,
f9c7,
fc21,
fe2e,
003e,
013e,
0192,
022d,
029a,
01eb,
005b,
ff6b,
ff7f,
ff4d,
fe26,
fdb0,
fee2,
002f,
002a,
ffbb,
ff96,
ff64,
ff15,
ff6b,
0040,
00e4,
00fa,
004b,
ff4f,
ff3b,
0037,
00fc,
0071,
fed9,
fdc2,
fe2e,
ffa0,
00c8,
00c5,
0035,
0024,
ffff,
ffff,
0000,
0000,
0001,
0001,
0000,
fffe,
ffff,
0002,
0004,
0005,
0003,
0001,
fffe,
fffb,
fffc,
fffc,
0000,
ffff,
fffe,
fffc,
fffa,
0003,
0008,
0003,
0004,
fff5,
0010,
ffe7,
0027,
ffd0,
0049,
ffe2,
060a,
0f35,
15d4,
0175,
d8d1,
ec5f,
1980,
1b4d,
0b33,
0997,
0a46,
04f9,
01c9,
f54c,
e66d,
e46e,
eb0f,
ee3f,
f191,
fad0,
021b,
07d2,
0d49,
11dd,
10bd,
0ca0,
098d,
05e5,
004e,
faed,
fa73,
fb1b,
f9ec,
f825,
f7a2,
f71a,
f7c2,
fb57,
ff6f,
015f,
02ad,
03ed,
03e9,
04e0,
0699,
0621,
037d,
00b8,
ff34,
fe8b,
fe9b,
fdf6,
fb76,
f93c,
f9c7,
fc21,
fe2e,
003e,
013e,
0192,
022d,
029a,
01eb,
005b,
ff6b,
ff7f,
ff4d,
fe26,
fdb0,
fee2,
002f,
002a,
ffbb,
ff96,
ff64,
ff15,
ff6b,
0040,
00e4,
00fa,
004b,
ff4f,
ff3b,
0037,
00fc,
0071,
fed9,
fdc2,
fe2e,
ffa0,
00c8,
00c5,
0035,
0024,
ffff,
ffff,
0000,
0000,
0001,
0001,
0000,
fffe,
ffff,
0002,
0004,
0005,
0003,
0001,
fffe,
fffb,
fffc,
fffc,
0000,
ffff,
fffe,
fffc,
fffa,
0003,
0008,
0003,
0004,
fff5,
0010,
ffe7,
0027,
ffd0,
0049,
ffe2,
060a,
0f35,
15d4,
0175,
d8d1,
ec5f,
1980,
1b4d,
0b33,
0997,
0a46,
04f9,
01c9,
f54c,
e66d,
e46e,
eb0f,
ee3f,
f191,
fad0,
021b,
07d2,
0d49,
11dd,
10bd,
0ca0,
098d,
05e5,
004e,
faed,
fa73,
fb1b,
f9ec,
f825,
f7a2,
f71a,
f7c2,
fb57,
ff6f,
015f,
02ad,
03ed,
03e9,
04e0,
0699,
0621,
037d,
00b8,
ff34,
fe8b,
fe9b,
fdf6,
fb76,
f93c,
f9c7,
fc21,
fe2e,
003e,
013e,
0192,
022d,
029a,
01eb,
005b,
ff6b,
ff7f,
ff4d,
fe26,
fdb0,
fee2,
002f,
002a,
ffbb,
ff96,
ff64,
ff15,
ff6b,
0040,
00e4,
00fa,
004b,
ff4f,
ff3b,
0037,
00fc,
0071,
fed9,
fdc2,
fe2e,
ffa0,
00c8,
00c5,
0035,
0024,
ffff,
ffff,
0000,
0000,
0001,
0001,
0000,
fffe,
ffff,
0002,
0004,
0005,
0003,
0001,
fffe,
fffb,
fffc,
fffc,
0000,
ffff,
fffe,
fffc,
fffa,
0003,
0008,
0003,
0004,
fff5,
0010,
ffe7,
0027,
ffd0,
0049,
ffe2,
060a,
0f35,
15d4,
0175,
d8d1,
ec5f,
1980,
1b4d,
0b33,
0997,
0a46,
04f9,
01c9,
f54c,
e66d,
e46e,
eb0f,
ee3f,
f191,
fad0,
021b,
07d2,
0d49,
11dd,
10bd,
0ca0,
098d,
05e5,
004e,
faed,
fa73,
fb1b,
f9ec,
f825,
f7a2,
f71a,
f7c2,
fb57,
ff6f,
015f,
02ad,
03ed,
03e9,
04e0,
0699,
0621,
037d,
00b8,
ff34,
fe8b,
fe9b,
fdf6,
fb76,
f93c,
f9c7,
fc21,
fe2e,
003e,
013e,
0192,
022d,
029a,
01eb,
005b,
ff6b,
ff7f,
ff4d,
fe26,
fdb0,
fee2,
002f,
002a,
ffbb,
ff96,
ff64,
ff15,
ff6b,
0040,
00e4,
00fa,
004b,
ff4f,
ff3b,
0037,
00fc,
0071,
fed9,
fdc2,
fe2e,
ffa0,
00c8,
00c5,
0035,
0024,
ffff,
ffff,
0000,
0000,
0001,
0001,
0000,
fffe,
ffff,
0002,
0004,
0005,
0003,
0001,
fffe,
fffb,
fffc,
fffc,
0000,
ffff,
fffe,
fffc,
fffa,
0003,
0008,
0003,
0004,
fff5,
0010,
ffe7,
0027,
ffd0,
0049,
ffe2,
060a,
0f35,
15d4,
0175,
d8d1,
ec5f,
1980,
1b4d,
0b33,
0997,
0a46,
04f9,
01c9,
f54c,
e66d,
e46e,
eb0f,
ee3f,
f191,
fad0,
021b,
07d2,
0d49,
11dd,
10bd,
0ca0,
098d,
05e5,
004e,
faed,
fa73,
fb1b,
f9ec,
f825,
f7a2,
f71a,
f7c2,
fb57,
ff6f,
015f,
02ad,
03ed,
03e9,
04e0,
0699,
0621,
037d,
00b8,
ff34,
fe8b,
fe9b,
fdf6,
fb76,
f93c,
f9c7,
fc21,
fe2e,
003e,
013e,
0192,
022d,
029a,
01eb,
005b,
ff6b,
ff7f,
ff4d,
fe26,
fdb0,
fee2,
002f,
002a,
ffbb,
ff96,
ff64,
ff15,
ff6b,
0040,
00e4,
00fa,
004b,
ff4f,
ff3b,
0037,
00fc,
0071,
fed9,
fdc2,
fe2e,
ffa0,
00c8,
00c5,
0035,
0024,
ffff,
ffff,
0000,
0000,
0001,
0001,
0000,
fffe,
ffff,
0002,
0004,
0005,
0003,
0001,
fffe,
fffb,
fffc,
fffc,
0000,
ffff,
fffe,
fffc,
fffa,
0003,
0008,
0003,
0004,
fff5,
0010,
ffe7,
0027,
ffd0,
0049,
ffe2,
060a,
0f35,
15d4,
0175,
d8d1,
ec5f,
1980,
1b4d,
0b33,
0997,
0a46,
04f9,
01c9,
f54c,
e66d,
e46e,
eb0f,
ee3f,
f191,
fad0,
021b,
07d2,
0d49,
11dd,
10bd,
0ca0,
098d,
05e5,
004e,
faed,
fa73,
fb1b,
f9ec,
f825,
f7a2,
f71a,
f7c2,
fb57,
ff6f,
015f,
02ad,
03ed,
03e9,
04e0,
0699,
0621,
037d,
00b8,
ff34,
fe8b,
fe9b,
fdf6,
fb76,
f93c,
f9c7,
fc21,
fe2e,
003e,
013e,
0192,
022d,
029a,
01eb,
005b,
ff6b,
ff7f,
ff4d,
fe26,
fdb0,
fee2,
002f,
002a,
ffbb,
ff96,
ff64,
ff15,
ff6b,
0040,
00e4,
00fa,
004b,
ff4f,
ff3b,
0037,
00fc,
0071,
fed9,
fdc2,
fe2e,
ffa0,
00c8,
00c5,
0035,
0024,
ffff,
ffff,
0000,
0000,
0001,
0001,
0000,
fffe,
ffff,
0002,
0004,
0005,
0003,
0001,
fffe,
fffb,
fffc,
fffc,
0000,
ffff,
fffe,
fffc,
fffa,
0003,
0008,
0003,
0004,
fff5,
0010,
ffe7,
0027,
ffd0,
0049,
ffe2,
060a,
0f35,
15d4,
0175,
d8d1,
ec5f,
1980,
1b4d,
0b33,
0997,
0a46,
04f9,
01c9,
f54c,
e66d,
e46e,
eb0f,
ee3f,
f191,
fad0,
021b,
07d2,
0d49,
11dd,
10bd,
0ca0,
098d,
05e5,
004e,
faed,
fa73,
fb1b,
f9ec,
f825,
f7a2,
f71a,
f7c2,
fb57,
ff6f,
015f,
02ad,
03ed,
03e9,
04e0,
0699,
0621,
037d,
00b8,
ff34,
fe8b,
fe9b,
fdf6,
fb76,
f93c,
f9c7,
fc21,
fe2e,
003e,
013e,
0192,
022d,
029a,
01eb,
005b,
ff6b,
ff7f,
ff4d,
fe26,
fdb0,
fee2,
002f,
002a,
ffbb,
ff96,
ff64,
ff15,
ff6b,
0040,
00e4,
00fa,
004b,
ff4f,
ff3b,
0037,
00fc,
0071,
fed9,
fdc2,
fe2e,
ffa0,
00c8,
00c5,
0035,
0024,
ffff,
ffff,
0000,
0000,
0001,
0001,
0000,
fffe,
ffff,
0002,
0004,
0005,
0003,
0001,
fffe,
fffb,
fffc,
fffc,
0000,
ffff,
fffe,
fffc,
fffa,
0003,
0008,
0003,
0004,
fff5,
0010,
ffe7,
0027,
ffd0,
0049,
ffe2,
060a,
0f35,
15d4,
0175,
d8d1,
ec5f,
1980,
1b4d,
0b33,
0997,
0a46,
04f9,
01c9,
f54c,
e66d,
e46e,
eb0f,
ee3f,
f191,
fad0,
021b,
07d2,
0d49,
11dd,
10bd,
0ca0,
098d,
05e5,
004e,
faed,
fa73,
fb1b,
f9ec,
f825,
f7a2,
f71a,
f7c2,
fb57,
ff6f,
015f,
02ad,
03ed,
03e9,
04e0,
0699,
0621,
037d,
00b8,
ff34,
fe8b,
fe9b,
fdf6,
fb76,
f93c,
f9c7,
fc21,
fe2e,
003e,
013e,
0192,
022d,
029a,
01eb,
005b,
ff6b,
ff7f,
ff4d,
fe26,
fdb0,
fee2,
002f,
002a,
ffbb,
ff96,
ff64,
ff15,
ff6b,
0040,
00e4,
00fa,
004b,
ff4f,
ff3b,
0037,
00fc,
0071,
fed9,
fdc2,
fe2e,
ffa0,
00c8,
00c5,
0035,
0024,
ffff,
ffff,
0000,
0000,
0001,
0001,
0000,
fffe,
ffff,
0002,
0004,
0005,
0003,
0001,
fffe,
fffb,
fffc,
fffc,
0000,
ffff,
fffe,
fffc,
fffa,
0003,
0008,
0003,
0004,
fff5,
0010,
ffe7,
0027,
ffd0,
0049,
ffe2,
060a,
0f35,
15d4,
0175,
d8d1,
ec5f,
1980,
1b4d,
0b33,
0997,
0a46,
04f9,
01c9,
f54c,
e66d,
e46e,
eb0f,
ee3f,
f191,
fad0,
021b,
07d2,
0d49,
11dd,
10bd,
0ca0,
098d,
05e5,
004e,
faed,
fa73,
fb1b,
f9ec,
f825,
f7a2,
f71a,
f7c2,
fb57,
ff6f,
015f,
02ad,
03ed,
03e9,
04e0,
0699,
0621,
037d,
00b8,
ff34,
fe8b,
fe9b,
fdf6,
fb76,
f93c,
f9c7,
fc21,
fe2e,
003e,
013e,
0192,
022d,
029a,
01eb,
005b,
ff6b,
ff7f,
ff4d,
fe26,
fdb0,
fee2,
002f,
002a,
ffbb,
ff96,
ff64,
ff15,
ff6b,
0040,
00e4,
00fa,
004b,
ff4f,
ff3b,
0037,
00fc,
0071,
fed9,
fdc2,
fe2e,
ffa0,
00c8,
00c5,
0035,
0024,
ffff,
ffff,
0000,
0000,
0001,
0001,
0000,
fffe,
ffff,
0002,
0004,
0005,
0003,
0001,
fffe,
fffb,
fffc,
fffc,
0000,
ffff,
fffe,
fffc,
fffa,
0003,
0008,
0003,
0004,
fff5,
0010,
ffe7,
0027,
ffd0,
0049,
ffe2,
060a,
0f35,
15d4,
0175,
d8d1,
ec5f,
1980,
1b4d,
0b33,
0997,
0a46,
04f9,
01c9,
f54c,
e66d,
e46e,
eb0f,
ee3f,
f191,
fad0,
021b,
07d2,
0d49,
11dd,
10bd,
0ca0,
098d,
05e5,
004e,
faed,
fa73,
fb1b,
f9ec,
f825,
f7a2,
f71a,
f7c2,
fb57,
ff6f,
015f,
02ad,
03ed,
03e9,
04e0,
0699,
0621,
037d,
00b8,
ff34,
fe8b,
fe9b,
fdf6,
fb76,
f93c,
f9c7,
fc21,
fe2e,
003e,
013e,
0192,
022d,
029a,
01eb,
005b,
ff6b,
ff7f,
ff4d,
fe26,
fdb0,
fee2,
002f,
002a,
ffbb,
ff96,
ff64,
ff15,
ff6b,
0040,
00e4,
00fa,
004b,
ff4f,
ff3b,
0037,
00fc,
0071,
fed9,
fdc2,
fe2e,
ffa0,
00c8,
00c5,
0035,
0024,
ffff,
ffff,
0000,
0000,
0001,
0001,
0000,
fffe,
ffff,
0002,
0004,
0005,
0003,
0001,
fffe,
fffb,
fffc,
fffc,
0000,
ffff,
fffe,
fffc,
fffa,
0003,
0008,
0003,
0004,
fff5,
0010,
ffe7,
0027,
ffd0,
0049,
ffe2,
060a,
0f35,
15d4,
0175,
d8d1,
ec5f,
1980,
1b4d,
0b33,
0997,
0a46,
04f9,
01c9,
f54c,
e66d,
e46e,
eb0f,
ee3f,
f191,
fad0,
021b,
07d2,
0d49,
11dd,
10bd,
0ca0,
098d,
05e5,
004e,
faed,
fa73,
fb1b,
f9ec,
f825,
f7a2,
f71a,
f7c2,
fb57,
ff6f,
015f,
02ad,
03ed,
03e9,
04e0,
0699,
0621,
037d,
00b8,
ff34,
fe8b,
fe9b,
fdf6,
fb76,
f93c,
f9c7,
fc21,
fe2e,
003e,
013e,
0192,
022d,
029a,
01eb,
005b,
ff6b,
ff7f,
ff4d,
fe26,
fdb0,
fee2,
002f,
002a,
ffbb,
ff96,
ff64,
ff15,
ff6b,
0040,
00e4,
00fa,
004b,
ff4f,
ff3b,
0037,
00fc,
0071,
fed9,
fdc2,
fe2e,
ffa0,
00c8,
00c5,
0035,
0024,
ffff,
ffff,
0000,
0000,
0001,
0001,
0000,
fffe,
ffff,
0002,
0004,
0005,
0003,
0001,
fffe,
fffb,
fffc,
fffc,
0000,
ffff,
fffe,
fffc,
fffa,
0003,
0008,
0003,
0004,
fff5,
0010,
ffe7,
0027,
ffd0,
0049,
ffe2,
060a,
0f35,
15d4,
0175,
d8d1,
ec5f,
1980,
1b4d,
0b33,
0997,
0a46,
04f9,
01c9,
f54c,
e66d,
e46e,
eb0f,
ee3f,
f191,
fad0,
021b,
07d2,
0d49,
11dd,
10bd,
0ca0,
098d,
05e5,
004e,
faed,
fa73,
fb1b,
f9ec,
f825,
f7a2,
f71a,
f7c2,
fb57,
ff6f,
015f,
02ad,
03ed,
03e9,
04e0,
0699,
0621,
037d,
00b8,
ff34,
fe8b,
fe9b,
fdf6,
fb76,
f93c,
f9c7,
fc21,
fe2e,
003e,
013e,
0192,
022d,
029a,
01eb,
005b,
ff6b,
ff7f,
ff4d,
fe26,
fdb0,
fee2,
002f,
002a,
ffbb,
ff96,
ff64,
ff15,
ff6b,
0040,
00e4,
00fa,
004b,
ff4f,
ff3b,
0037,
00fc,
0071,
fed9,
fdc2,
fe2e,
ffa0,
00c8,
00c5,
0035,
0024,
ffff,
ffff,
0000,
0000,
0001,
0001,
0000,
fffe,
ffff,
0002,
0004,
0005,
0003,
0001,
fffe,
fffb,
fffc,
fffc,
0000,
ffff,
fffe,
fffc,
fffa,
0003,
0008,
0003,
0004,
fff5,
0010,
ffe7,
0027,
ffd0,
0049,
ffe2,
060a,
0f35,
15d4,
0175,
d8d1,
ec5f,
1980,
1b4d,
0b33,
0997,
0a46,
04f9,
01c9,
f54c,
e66d,
e46e,
eb0f,
ee3f,
f191,
fad0,
021b,
07d2,
0d49,
11dd,
10bd,
0ca0,
098d,
05e5,
004e,
faed,
fa73,
fb1b,
f9ec,
f825,
f7a2,
f71a,
f7c2,
fb57,
ff6f,
015f,
02ad,
03ed,
03e9,
04e0,
0699,
0621,
037d,
00b8,
ff34,
fe8b,
fe9b,
fdf6,
fb76,
f93c,
f9c7,
fc21,
fe2e,
003e,
013e,
0192,
022d,
029a,
01eb,
005b,
ff6b,
ff7f,
ff4d,
fe26,
fdb0,
fee2,
002f,
002a,
ffbb,
ff96,
ff64,
ff15,
ff6b,
0040,
00e4,
00fa,
004b,
ff4f,
ff3b,
0037,
00fc,
0071,
fed9,
fdc2,
fe2e,
ffa0,
00c8,
00c5,
0035,
0024,
ffff,
ffff,
0000,
0000,
0001,
0001,
0000,
fffe,
ffff,
0002,
0004,
0005,
0003,
0001,
fffe,
fffb,
fffc,
fffc,
0000,
ffff,
fffe,
fffc,
fffa,
0003,
0008,
0003,
0004,
fff5,
0010,
ffe7,
0027,
ffd0,
0049,
ffe2,
060a,
0f35,
15d4,
0175,
d8d1,
ec5f,
1980,
1b4d,
0b33,
0997,
0a46,
04f9,
01c9,
f54c,
e66d,
e46e,
eb0f,
ee3f,
f191,
fad0,
021b,
07d2,
0d49,
11dd,
10bd,
0ca0,
098d,
05e5,
004e,
faed,
fa73,
fb1b,
f9ec,
f825,
f7a2,
f71a,
f7c2,
fb57,
ff6f,
015f,
02ad,
03ed,
03e9,
04e0,
0699,
0621,
037d,
00b8,
ff34,
fe8b,
fe9b,
fdf6,
fb76,
f93c,
f9c7,
fc21,
fe2e,
003e,
013e,
0192,
022d,
029a,
01eb,
005b,
ff6b,
ff7f,
ff4d,
fe26,
fdb0,
fee2,
002f,
002a,
ffbb,
ff96,
ff64,
ff15,
ff6b,
0040,
00e4,
00fa,
004b,
ff4f,
ff3b,
0037,
00fc,
0071,
fed9,
fdc2,
fe2e,
ffa0,
00c8,
00c5,
0035,
0024,
ffff,
ffff,
0000,
0000,
0001,
0001,
0000,
fffe,
ffff,
0002,
0004,
0005,
0003,
0001,
fffe,
fffb,
fffc,
fffc,
0000,
ffff,
fffe,
fffc,
fffa,
0003,
0008,
0003,
0004,
fff5,
0010,
ffe7,
0027,
ffd0,
0049,
ffe2,
060a,
0f35,
15d4,
0175,
d8d1,
ec5f,
1980,
1b4d,
0b33,
0997,
0a46,
04f9,
01c9,
f54c,
e66d,
e46e,
eb0f,
ee3f,
f191,
fad0,
021b,
07d2,
0d49,
11dd,
10bd,
0ca0,
098d,
05e5,
004e,
faed,
fa73,
fb1b,
f9ec,
f825,
f7a2,
f71a,
f7c2,
fb57,
ff6f,
015f,
02ad,
03ed,
03e9,
04e0,
0699,
0621,
037d,
00b8,
ff34,
fe8b,
fe9b,
fdf6,
fb76,
f93c,
f9c7,
fc21,
fe2e,
003e,
013e,
0192,
022d,
029a,
01eb,
005b,
ff6b,
ff7f,
ff4d,
fe26,
fdb0,
fee2,
002f,
002a,
ffbb,
ff96,
ff64,
ff15,
ff6b,
0040,
00e4,
00fa,
004b,
ff4f,
ff3b,
0037,
00fc,
0071,
fed9,
fdc2,
fe2e,
ffa0,
00c8,
00c5,
0035,
0024,
ffff,
ffff,
0000,
0000,
0001,
0001,
0000,
fffe,
ffff,
0002,
0004,
0005,
0003,
0001,
fffe,
fffb,
fffc,
fffc,
0000,
ffff,
fffe,
fffc,
fffa,
0003,
0008,
0003,
0004,
fff5,
0010,
ffe7,
0027,
ffd0,
0049,
ffe2,
060a,
0f35,
15d4,
0175,
d8d1,
ec5f,
1980,
1b4d,
0b33,
0997,
0a46,
04f9,
01c9,
f54c,
e66d,
e46e,
eb0f,
ee3f,
f191,
fad0,
021b,
07d2,
0d49,
11dd,
10bd,
0ca0,
098d,
05e5,
004e,
faed,
fa73,
fb1b,
f9ec,
f825,
f7a2,
f71a,
f7c2,
fb57,
ff6f,
015f,
02ad,
03ed,
03e9,
04e0,
0699,
0621,
037d,
00b8,
ff34,
fe8b,
fe9b,
fdf6,
fb76,
f93c,
f9c7,
fc21,
fe2e,
003e,
013e,
0192,
022d,
029a,
01eb,
005b,
ff6b,
ff7f,
ff4d,
fe26,
fdb0,
fee2,
002f,
002a,
ffbb,
ff96,
ff64,
ff15,
ff6b,
0040,
00e4,
00fa,
004b,
ff4f,
ff3b,
0037,
00fc,
0071,
fed9,
fdc2,
fe2e,
ffa0,
00c8,
00c5,
0035,
0024,
ffff,
ffff,
0000,
0000,
0001,
0001,
0000,
fffe,
ffff,
0002,
0004,
0005,
0003,
0001,
fffe,
fffb,
fffc,
fffc,
0000,
ffff,
fffe,
fffc,
fffa,
0003,
0008,
0003,
0004,
fff5,
0010,
ffe7,
0027,
ffd0,
0049,
ffe2,
060a,
0f35,
15d4,
0175,
d8d1,
ec5f,
1980,
1b4d,
0b33,
0997,
0a46,
04f9,
01c9,
f54c,
e66d,
e46e,
eb0f,
ee3f,
f191,
fad0,
021b,
07d2,
0d49,
11dd,
10bd,
0ca0,
098d,
05e5,
004e,
faed,
fa73,
fb1b,
f9ec,
f825,
f7a2,
f71a,
f7c2,
fb57,
ff6f,
015f,
02ad,
03ed,
03e9,
04e0,
0699,
0621,
037d,
00b8,
ff34,
fe8b,
fe9b,
fdf6,
fb76,
f93c,
f9c7,
fc21,
fe2e,
003e,
013e,
0192,
022d,
029a,
01eb,
005b,
ff6b,
ff7f,
ff4d,
fe26,
fdb0,
fee2,
002f,
002a,
ffbb,
ff96,
ff64,
ff15,
ff6b,
0040,
00e4,
00fa,
004b,
ff4f,
ff3b,
0037,
00fc,
0071,
fed9,
fdc2,
fe2e,
ffa0,
00c8,
00c5,
0035,
0024,
ffff,
ffff,
0000,
0000,
0001,
0001,
0000,
fffe,
ffff,
0002,
0004,
0005,
0003,
0001,
fffe,
fffb,
fffc,
fffc,
0000,
ffff,
fffe,
fffc,
fffa,
0003,
0008,
0003,
0004,
fff5,
0010,
ffe7,
0027,
ffd0,
0049,
ffe2,
060a,
0f35,
15d4,
0175,
d8d1,
ec5f,
1980,
1b4d,
0b33,
0997,
0a46,
04f9,
01c9,
f54c,
e66d,
e46e,
eb0f,
ee3f,
f191,
fad0,
021b,
07d2,
0d49,
11dd,
10bd,
0ca0,
098d,
05e5,
004e,
faed,
fa73,
fb1b,
f9ec,
f825,
f7a2,
f71a,
f7c2,
fb57,
ff6f,
015f,
02ad,
03ed,
03e9,
04e0,
0699,
0621,
037d,
00b8,
ff34,
fe8b,
fe9b,
fdf6,
fb76,
f93c,
f9c7,
fc21,
fe2e,
003e,
013e,
0192,
022d,
029a,
01eb,
005b,
ff6b,
ff7f,
ff4d,
fe26,
fdb0,
fee2,
002f,
002a,
ffbb,
ff96,
ff64,
ff15,
ff6b,
0040,
00e4,
00fa,
004b,
ff4f,
ff3b,
0037,
00fc,
0071,
fed9,
fdc2,
fe2e,
ffa0,
00c8,
00c5,
0035,
0024,
ffff,
ffff,
0000,
0000,
0001,
0001,
0000,
fffe,
ffff,
0002,
0004,
0005,
0003,
0001,
fffe,
fffb,
fffc,
fffc,
0000,
ffff,
fffe,
fffc,
fffa,
0003,
0008,
0003,
0004,
fff5,
0010,
ffe7,
0027,
ffd0,
0049,
ffe2,
060a,
0f35,
15d4,
0175,
d8d1,
ec5f,
1980,
1b4d,
0b33,
0997,
0a46,
04f9,
01c9,
f54c,
e66d,
e46e,
eb0f,
ee3f,
f191,
fad0,
021b,
07d2,
0d49,
11dd,
10bd,
0ca0,
098d,
05e5,
004e,
faed,
fa73,
fb1b,
f9ec,
f825,
f7a2,
f71a,
f7c2,
fb57,
ff6f,
015f,
02ad,
03ed,
03e9,
04e0,
0699,
0621,
037d,
00b8,
ff34,
fe8b,
fe9b,
fdf6,
fb76,
f93c,
f9c7,
fc21,
fe2e,
003e,
013e,
0192,
022d,
029a,
01eb,
005b,
ff6b,
ff7f,
ff4d,
fe26,
fdb0,
fee2,
002f,
002a,
ffbb,
ff96,
ff64,
ff15,
ff6b,
0040,
00e4,
00fa,
004b,
ff4f,
ff3b,
0037,
00fc,
0071,
fed9,
fdc2,
fe2e,
ffa0,
00c8,
00c5,
0035,
0024,
ffff,
ffff,
0000,
0000,
0001,
0001,
0000,
fffe,
ffff,
0002,
0004,
0005,
0003,
0001,
fffe,
fffb,
fffc,
fffc,
0000,
ffff,
fffe,
fffc,
fffa,
0003,
0008,
0003,
0004,
fff5,
0010,
ffe7,
0027,
ffd0,
0049,
ffe2,
060a,
0f35,
15d4,
0175,
d8d1,
ec5f,
1980,
1b4d,
0b33,
0997,
0a46,
04f9,
01c9,
f54c,
e66d,
e46e,
eb0f,
ee3f,
f191,
fad0,
021b,
07d2,
0d49,
11dd,
10bd,
0ca0,
098d,
05e5,
004e,
faed,
fa73,
fb1b,
f9ec,
f825,
f7a2,
f71a,
f7c2,
fb57,
ff6f,
015f,
02ad,
03ed,
03e9,
04e0,
0699,
0621,
037d,
00b8,
ff34,
fe8b,
fe9b,
fdf6,
fb76,
f93c,
f9c7,
fc21,
fe2e,
003e,
013e,
0192,
022d,
029a,
01eb,
005b,
ff6b,
ff7f,
ff4d,
fe26,
fdb0,
fee2,
002f,
002a,
ffbb,
ff96,
ff64,
ff15,
ff6b,
0040,
00e4,
00fa,
004b,
ff4f,
ff3b,
0037,
00fc,
0071,
fed9,
fdc2,
fe2e,
ffa0,
00c8,
00c5,
0035,
0024,
ffff,
ffff,
0000,
0000,
0001,
0001,
0000,
fffe,
ffff,
0002,
0004,
0005,
0003,
0001,
fffe,
fffb,
fffc,
fffc,
0000,
ffff,
fffe,
fffc,
fffa,
0003,
0008,
0003,
0004,
fff5,
0010,
ffe7,
0027,
ffd0,
0049,
ffe2,
060a,
0f35,
15d4,
0175,
d8d1,
ec5f,
1980,
1b4d,
0b33,
0997,
0a46,
04f9,
01c9,
f54c,
e66d,
e46e,
eb0f,
ee3f,
f191,
fad0,
021b,
07d2,
0d49,
11dd,
10bd,
0ca0,
098d,
05e5,
004e,
faed,
fa73,
fb1b,
f9ec,
f825,
f7a2,
f71a,
f7c2,
fb57,
ff6f,
015f,
02ad,
03ed,
03e9,
04e0,
0699,
0621,
037d,
00b8,
ff34,
fe8b,
fe9b,
fdf6,
fb76,
f93c,
f9c7,
fc21,
fe2e,
003e,
013e,
0192,
022d,
029a,
01eb,
005b,
ff6b,
ff7f,
ff4d,
fe26,
fdb0,
fee2,
002f,
002a,
ffbb,
ff96,
ff64,
ff15,
ff6b,
0040,
00e4,
00fa,
004b,
ff4f,
ff3b,
0037,
00fc,
0071,
fed9,
fdc2,
fe2e,
ffa0,
00c8,
00c5,
0035,
0024,
ffff,
ffff,
0000,
0000,
0001,
0001,
0000,
fffe,
ffff,
0002,
0004,
0005,
0003,
0001,
fffe,
fffb,
fffc,
fffc,
0000,
ffff,
fffe,
fffc,
fffa,
0003,
0008,
0003,
0004,
fff5,
0010,
ffe7,
0027,
ffd0,
0049,
ffe2,
060a,
0f35,
15d4,
0175,
d8d1,
ec5f,
1980,
1b4d,
0b33,
0997,
0a46,
04f9,
01c9,
f54c,
e66d,
e46e,
eb0f,
ee3f,
f191,
fad0,
021b,
07d2,
0d49,
11dd,
10bd,
0ca0,
098d,
05e5,
004e,
faed,
fa73,
fb1b,
f9ec,
f825,
f7a2,
f71a,
f7c2,
fb57,
ff6f,
015f,
02ad,
03ed,
03e9,
04e0,
0699,
0621,
037d,
00b8,
ff34,
fe8b,
fe9b,
fdf6,
fb76,
f93c,
f9c7,
fc21,
fe2e,
003e,
013e,
0192,
022d,
029a,
01eb,
005b,
ff6b,
ff7f,
ff4d,
fe26,
fdb0,
fee2,
002f,
002a,
ffbb,
ff96,
ff64,
ff15,
ff6b,
0040,
00e4,
00fa,
004b,
ff4f,
ff3b,
0037,
00fc,
0071,
fed9,
fdc2,
fe2e,
ffa0,
00c8,
00c5,
0035,
0024,
ffff,
ffff,
0000,
0000,
0001,
0001,
0000,
fffe,
ffff,
0002,
0004,
0005,
0003,
0001,
fffe,
fffb,
fffc,
fffc,
0000,
ffff,
fffe,
fffc,
fffa,
0003,
0008,
0003,
0004,
fff5,
0010,
ffe7,
0027,
ffd0,
0049,
ffe2,
060a,
0f35,
15d4,
0175,
d8d1,
ec5f,
1980,
1b4d,
0b33,
0997,
0a46,
04f9,
01c9,
f54c,
e66d,
e46e,
eb0f,
ee3f,
f191,
fad0,
021b,
07d2,
0d49,
11dd,
10bd,
0ca0,
098d,
05e5,
004e,
faed,
fa73,
fb1b,
f9ec,
f825,
f7a2,
f71a,
f7c2,
fb57,
ff6f,
015f,
02ad,
03ed,
03e9,
04e0,
0699,
0621,
037d,
00b8,
ff34,
fe8b,
fe9b,
fdf6,
fb76,
f93c,
f9c7,
fc21,
fe2e,
003e,
013e,
0192,
022d,
029a,
01eb,
005b,
ff6b,
ff7f,
ff4d,
fe26,
fdb0,
fee2,
002f,
002a,
ffbb,
ff96,
ff64,
ff15,
ff6b,
0040,
00e4,
00fa,
004b,
ff4f,
ff3b,
0037,
00fc,
0071,
fed9,
fdc2,
fe2e,
ffa0,
00c8,
00c5,
0035,
0024,
ffff,
ffff,
0000,
0000,
0001,
0001,
0000,
fffe,
ffff,
0002,
0004,
0005,
0003,
0001,
fffe,
fffb,
fffc,
fffc,
0000,
ffff,
fffe,
fffc,
fffa,
0003,
0008,
0003,
0004,
fff5,
0010,
ffe7,
0027,
ffd0,
0049,
ffe2,
060a,
0f35,
15d4,
0175,
d8d1,
ec5f,
1980,
1b4d,
0b33,
0997,
0a46,
04f9,
01c9,
f54c,
e66d,
e46e,
eb0f,
ee3f,
f191,
fad0,
021b,
07d2,
0d49,
11dd,
10bd,
0ca0,
098d,
05e5,
004e,
faed,
fa73,
fb1b,
f9ec,
f825,
f7a2,
f71a,
f7c2,
fb57,
ff6f,
015f,
02ad,
03ed,
03e9,
04e0,
0699,
0621,
037d,
00b8,
ff34,
fe8b,
fe9b,
fdf6,
fb76,
f93c,
f9c7,
fc21,
fe2e,
003e,
013e,
0192,
022d,
029a,
01eb,
005b,
ff6b,
ff7f,
ff4d,
fe26,
fdb0,
fee2,
002f,
002a,
ffbb,
ff96,
ff64,
ff15,
ff6b,
0040,
00e4,
00fa,
004b,
ff4f,
ff3b,
0037,
00fc,
0071,
fed9,
fdc2,
fe2e,
ffa0,
00c8,
00c5,
0035,
0024,
ffff,
ffff,
0000,
0000,
0001,
0001,
0000,
fffe,
ffff,
0002,
0004,
0005,
0003,
0001,
fffe,
fffb,
fffc,
fffc,
0000,
ffff,
fffe,
fffc,
fffa,
0003,
0008,
0003,
0004,
fff5,
0010,
ffe7,
0027,
ffd0,
0049,
ffe2,
060a,
0f35,
15d4,
0175,
d8d1,
ec5f,
1980,
1b4d,
0b33,
0997,
0a46,
04f9,
01c9,
f54c,
e66d,
e46e,
eb0f,
ee3f,
f191,
fad0,
021b,
07d2,
0d49,
11dd,
10bd,
0ca0,
098d,
05e5,
004e,
faed,
fa73,
fb1b,
f9ec,
f825,
f7a2,
f71a,
f7c2,
fb57,
ff6f,
015f,
02ad,
03ed,
03e9,
04e0,
0699,
0621,
037d,
00b8,
ff34,
fe8b,
fe9b,
fdf6,
fb76,
f93c,
f9c7,
fc21,
fe2e,
003e,
013e,
0192,
022d,
029a,
01eb,
005b,
ff6b,
ff7f,
ff4d,
fe26,
fdb0,
fee2,
002f,
002a,
ffbb,
ff96,
ff64,
ff15,
ff6b,
0040,
00e4,
00fa,
004b,
ff4f,
ff3b,
0037,
00fc,
0071,
fed9,
fdc2,
fe2e,
ffa0,
00c8,
00c5,
0035,
0024;