memory_initialization_radix=16;
memory_initialization_vector=
0005,
0004,
0002,
0000,
0000,
ffff,
fffe,
fffe,
fffd,
fffe,
ffff,
ffff,
ffff,
ffff,
ffff,
0002,
0003,
0002,
0002,
0001,
ffff,
fffd,
fffe,
fffd,
0000,
0000,
fffa,
0003,
ffff,
0004,
0001,
fffd,
0001,
ffeb,
0014,
ffdc,
0021,
ffce,
002f,
020e,
13bf,
0c90,
e235,
ea7f,
f811,
fac8,
190d,
261d,
169d,
0e31,
2ac9,
1e66,
eb31,
e41b,
e122,
d041,
e3fb,
fb2a,
ecad,
e97d,
005f,
0f94,
0db1,
0e6e,
1083,
091a,
0639,
0adc,
0448,
f91d,
f849,
fa14,
f8cf,
f923,
fba0,
fda1,
fe6f,
ff93,
015a,
00ba,
ff16,
0036,
0292,
0264,
0219,
032a,
02e3,
0081,
ffac,
ffa5,
fe86,
fd97,
fd8a,
fd30,
fcb5,
fdc1,
ff25,
000b,
00f2,
01c4,
0251,
0270,
01fb,
0192,
00ea,
001e,
ff87,
ff53,
fee0,
fe4a,
fe1d,
fe7a,
fead,
feba,
ff20,
ff55,
ff7e,
ffdd,
007f,
0125,
00ec,
ff79,
fe7b,
fe52,
ff42,
0164,
0286,
01f5,
0003,
0004,
0003,
0002,
0000,
0000,
0000,
0000,
ffff,
fffe,
fffe,
ffff,
ffff,
0000,
0000,
ffff,
0000,
0001,
0002,
0003,
0002,
0001,
ffff,
ffff,
fffe,
ffff,
0000,
fffb,
ffff,
0002,
ffff,
0006,
fffa,
0009,
ffea,
0011,
ffe4,
0014,
ffdf,
0023,
0089,
0c25,
1178,
f018,
e71b,
f41b,
f220,
0961,
21c8,
1e1b,
1309,
2203,
23bc,
fd04,
ebb3,
e9c6,
d874,
dcce,
f63f,
f4a3,
ebb7,
f697,
03dc,
0836,
091c,
0c13,
0b29,
0618,
08c0,
0a06,
02d3,
fd56,
fba3,
facf,
f982,
fa34,
fc57,
fb96,
fb6a,
fec8,
ffcb,
ff6a,
00b4,
01ed,
020f,
025f,
0337,
03ba,
026a,
0143,
0061,
ff1a,
fe60,
fdd6,
fd40,
fca4,
fcbc,
fd91,
fee2,
fffa,
00d6,
015f,
01e0,
025d,
024a,
01c1,
015b,
00cc,
0046,
ffd8,
ff4f,
feb3,
fe34,
fdd5,
fd73,
fd7a,
fdc8,
fe5e,
ffa3,
00bb,
fff3,
fefa,
ff46,
004f,
021e,
038c,
0356,
0224,
0001,
0003,
0004,
0003,
0002,
0001,
0000,
0000,
0000,
ffff,
fffe,
ffff,
ffff,
0000,
0000,
ffff,
0000,
0001,
0002,
0002,
0003,
0002,
0001,
0000,
0000,
fffe,
0000,
0000,
fffc,
0000,
0001,
0000,
0005,
fffd,
0006,
ffef,
000e,
ffe8,
0013,
ffe5,
001f,
00b9,
0b8a,
0e62,
f155,
eb51,
f4e5,
f3e5,
0930,
1d20,
1af0,
1363,
1e97,
1dad,
fe21,
efc6,
ec97,
ddd8,
e1bc,
f537,
f3ab,
ee3f,
f6cc,
0151,
055c,
0682,
0a4d,
0ab8,
0709,
093f,
0a43,
04d7,
ffff,
fd47,
fb4e,
f9a3,
fa3d,
fb61,
f9ef,
f9b4,
fcd6,
fe98,
ff4e,
00c2,
01b7,
0230,
0326,
0457,
0506,
03dd,
023e,
00c5,
ff41,
fe29,
fd57,
fcae,
fc22,
fc1f,
fce8,
fe23,
ff33,
005d,
0164,
0246,
02af,
0294,
0240,
01d1,
013e,
00b8,
0055,
ffa3,
feab,
fe05,
fd8d,
fd10,
fced,
fd2d,
fdfa,
ff6a,
0022,
ff63,
ff30,
fff4,
0172,
0346,
0403,
0353,
0001,
0003,
0004,
0003,
0002,
0001,
0000,
0000,
0000,
ffff,
fffe,
ffff,
ffff,
0000,
0000,
ffff,
0000,
0001,
0002,
0002,
0003,
0002,
0001,
0000,
0000,
fffe,
0000,
0000,
fffc,
0000,
0001,
0000,
0005,
fffd,
0006,
ffef,
000e,
ffe8,
0013,
ffe5,
001f,
00b9,
0b8a,
0e62,
f155,
eb51,
f4e5,
f3e5,
0930,
1d20,
1af0,
1363,
1e97,
1dad,
fe21,
efc6,
ec97,
ddd8,
e1bc,
f537,
f3ab,
ee3f,
f6cc,
0151,
055c,
0682,
0a4d,
0ab8,
0709,
093f,
0a43,
04d7,
ffff,
fd47,
fb4e,
f9a3,
fa3d,
fb61,
f9ef,
f9b4,
fcd6,
fe98,
ff4e,
00c2,
01b7,
0230,
0326,
0457,
0506,
03dd,
023e,
00c5,
ff41,
fe29,
fd57,
fcae,
fc22,
fc1f,
fce8,
fe23,
ff33,
005d,
0164,
0246,
02af,
0294,
0240,
01d1,
013e,
00b8,
0055,
ffa3,
feab,
fe05,
fd8d,
fd10,
fced,
fd2d,
fdfa,
ff6a,
0022,
ff63,
ff30,
fff4,
0172,
0346,
0403,
0353,
ffff,
0000,
0002,
0003,
0002,
0001,
0000,
0000,
0000,
0000,
ffff,
fffe,
fffe,
fffe,
ffff,
ffff,
ffff,
ffff,
0000,
0001,
0002,
0002,
0002,
0001,
ffff,
fffe,
fffe,
ffff,
ffff,
fffc,
0000,
0000,
0000,
0003,
fffe,
0004,
fff3,
000a,
ffec,
0010,
ffeb,
0017,
00d3,
0a82,
0bec,
f371,
ee9b,
f56f,
f5d6,
0831,
18cd,
18ba,
128e,
1a47,
1919,
0019,
f3ce,
ef8d,
e356,
e593,
f3f9,
f38e,
efd4,
f6eb,
ffc4,
0259,
0322,
07f3,
0a39,
0871,
0aa4,
0b0c,
0685,
0296,
ffd1,
fc24,
f8d4,
f8ee,
f9b0,
f856,
f83d,
fb43,
fdaa,
ff10,
009e,
01ef,
0310,
0496,
05f4,
0631,
048c,
02aa,
00ed,
ff24,
fdef,
fcfc,
fc0c,
fb65,
fb6f,
fc00,
fd2b,
fecd,
007e,
01bd,
0292,
02f6,
02f6,
02c1,
026b,
01bd,
00f7,
0047,
ff87,
fea2,
fdda,
fd36,
fcbf,
fcb2,
fd03,
fdf9,
ff31,
ff6d,
ff0c,
ff87,
00ad,
0269,
03d9,
03f1,
ffff,
ffff,
0001,
0002,
0003,
0002,
0002,
0001,
0002,
0002,
0001,
0000,
ffff,
ffff,
0000,
0000,
ffff,
0000,
0000,
0000,
0002,
0003,
0003,
0002,
0001,
0000,
ffff,
ffff,
0000,
0000,
fffe,
0000,
0000,
0001,
0003,
ffff,
0004,
fff6,
0007,
fff2,
000e,
fff3,
0012,
00c5,
091a,
0a7e,
f618,
f0b7,
f616,
f75f,
0672,
159f,
16d2,
107a,
1623,
163e,
029c,
f760,
f2e5,
e7f7,
e7c0,
f38a,
f42d,
f110,
f6c1,
fd70,
fed5,
00ad,
0736,
0a92,
09d7,
0bb4,
0be3,
0818,
0437,
00c7,
fc43,
f85e,
f772,
f7e5,
f75f,
f7cf,
faab,
fcdd,
fe8d,
00e3,
031e,
048e,
058e,
066f,
0682,
04d3,
02bd,
00c2,
fee7,
fda4,
fca5,
fba0,
fac2,
fab1,
fb9e,
fd20,
fed0,
0087,
01d8,
02bb,
0343,
0375,
032e,
02a2,
01d7,
00f2,
0014,
ff39,
fe7a,
fddf,
fd41,
fcbe,
fca2,
fd10,
fe1a,
fef4,
fedf,
fee2,
ffcd,
0159,
0321,
03dd,
fffe,
fffe,
ffff,
0000,
0002,
0003,
0003,
0002,
0001,
0002,
0002,
0002,
0001,
0000,
ffff,
0000,
0000,
0000,
0000,
0000,
0000,
0002,
0003,
0003,
0003,
0002,
0000,
ffff,
0000,
0000,
0000,
fffe,
0000,
0000,
0001,
0003,
0000,
0003,
fff9,
0007,
fff5,
000d,
fff8,
000c,
00a4,
07a2,
0986,
f88b,
f26e,
f6f6,
f870,
051a,
130d,
1407,
0e3a,
12d6,
13f0,
04e3,
faf2,
f607,
eb63,
e9ca,
f3b9,
f51e,
f1f9,
f510,
fa40,
fd36,
00f8,
074a,
0aa0,
0aa6,
0c6e,
0c4a,
0858,
0446,
0068,
fc2b,
f8b4,
f73c,
f6df,
f69b,
f7b3,
fa7d,
fce5,
ff07,
01a3,
03ea,
0536,
05c7,
0615,
0601,
0494,
027d,
0068,
feb4,
fd6a,
fc59,
fb7b,
fae2,
faf1,
fbbe,
fd33,
fed8,
0088,
01c9,
029b,
0342,
0380,
0350,
02aa,
01b5,
00cd,
0000,
ff63,
feb0,
fde3,
fd2b,
fcbe,
fcc5,
fd3b,
fe2a,
fe98,
fe83,
ff14,
004f,
01e6,
0338,
fffc,
fffc,
fffd,
fffe,
fffe,
ffff,
0000,
0001,
0000,
0000,
0000,
0000,
0000,
fffe,
fffe,
fffd,
fffe,
fffe,
fffe,
fffe,
fffe,
ffff,
0000,
0001,
0001,
0000,
ffff,
fffe,
fffe,
fffe,
ffff,
ffff,
fffd,
fffe,
ffff,
ffff,
0002,
ffff,
0001,
fff8,
0004,
fff7,
000d,
fff8,
0007,
0078,
065c,
08f8,
fa87,
f3a8,
f7a0,
f95b,
045a,
106e,
112d,
0c7d,
1001,
1220,
0714,
fe24,
f85f,
ede7,
ebc9,
f433,
f584,
f20f,
f37e,
f88b,
fd58,
01fe,
079b,
0aed,
0b20,
0b6e,
0aba,
07f1,
0462,
0034,
fc01,
f8e4,
f77f,
f6f1,
f69d,
f7f2,
fb17,
fdf1,
0019,
01f1,
0385,
049a,
0517,
0541,
0532,
03fe,
01e6,
ffff,
fe9f,
fdc5,
fceb,
fc17,
fb76,
fb51,
fc10,
fd45,
fec5,
0047,
0157,
0233,
02e9,
035b,
0321,
0290,
01d7,
0101,
004e,
ff88,
fea5,
fdc4,
fd25,
fccc,
fcd3,
fd63,
fe13,
fe57,
feaf,
ff99,
00c2,
0214,
fffe,
fffe,
fffe,
fffe,
fffe,
ffff,
0000,
0001,
0001,
0001,
0000,
0001,
0001,
0001,
ffff,
ffff,
ffff,
fffe,
ffff,
ffff,
ffff,
0000,
0000,
0001,
0002,
0002,
0001,
0000,
ffff,
ffff,
fffe,
ffff,
ffff,
fffd,
ffff,
0000,
0000,
0003,
fffe,
0003,
fffa,
0006,
fffc,
000b,
fffa,
0008,
004d,
0549,
0866,
fc12,
f4dd,
f862,
fa8a,
03b5,
0d8f,
0ea8,
0b0c,
0d8b,
10a9,
0900,
007e,
fa1f,
f06c,
ed43,
f441,
f62c,
f298,
f2f0,
f86f,
fe40,
02dd,
0808,
0a75,
094d,
092e,
09d6,
07f7,
041d,
ffe7,
fc14,
f93e,
f817,
f7bf,
f7c1,
f946,
fc37,
fe85,
fffe,
016b,
02a1,
0370,
0410,
0472,
0446,
030f,
0173,
003c,
ff5c,
fe8b,
fd94,
fcb1,
fbfc,
fbce,
fc4d,
fd58,
feb5,
0002,
00f6,
01c8,
027e,
02ed,
02fd,
0294,
01d8,
0127,
0075,
ff84,
fe86,
fdc0,
fd4b,
fd0d,
fd13,
fd92,
fe1c,
fe69,
ff1d,
0018,
0116,
ffff,
ffff,
fffe,
ffff,
ffff,
ffff,
0000,
0000,
0001,
0002,
0001,
0001,
0001,
0001,
0001,
0000,
ffff,
ffff,
0000,
0000,
0000,
0000,
0000,
0001,
0001,
0002,
0002,
0001,
0001,
0000,
0000,
ffff,
0000,
0001,
ffff,
0000,
0000,
0001,
0005,
ffff,
0005,
fffc,
0007,
fffd,
0009,
fffc,
0005,
0032,
046d,
07b7,
fd47,
f605,
f92c,
fbc5,
02ef,
0ad7,
0ca8,
09e9,
0b7f,
0f2d,
0a71,
02cd,
fafd,
f13f,
ee92,
f56d,
f7b7,
f38f,
f31d,
f91a,
ffbb,
0391,
069d,
0832,
079f,
07f2,
0910,
07a9,
03a5,
ff55,
fbde,
f9dd,
f9b7,
f9c6,
f9a4,
fa69,
fc59,
fe24,
ff81,
00a9,
0198,
0260,
02e3,
034a,
0371,
02b3,
0195,
00bc,
fff9,
ff28,
fe28,
fd3c,
fc91,
fc54,
fca5,
fd88,
feb6,
ffca,
0090,
0139,
01ed,
028a,
02bd,
026c,
01ab,
00ec,
005a,
ffb1,
fedb,
fe0d,
fd9a,
fd53,
fd59,
fdc6,
fe3a,
feb3,
ff7a,
0066,
ffff,
ffff,
fffe,
ffff,
ffff,
ffff,
0000,
0000,
0001,
0002,
0001,
0001,
0001,
0001,
0001,
0000,
ffff,
ffff,
0000,
0000,
0000,
0000,
0000,
0001,
0001,
0002,
0002,
0001,
0001,
0000,
0000,
ffff,
0000,
0001,
ffff,
0000,
0000,
0001,
0005,
ffff,
0005,
fffc,
0007,
fffd,
0009,
fffc,
0005,
0032,
046d,
07b7,
fd47,
f605,
f92c,
fbc5,
02ef,
0ad7,
0ca8,
09e9,
0b7f,
0f2d,
0a71,
02cd,
fafd,
f13f,
ee92,
f56d,
f7b7,
f38f,
f31d,
f91a,
ffbb,
0391,
069d,
0832,
079f,
07f2,
0910,
07a9,
03a5,
ff55,
fbde,
f9dd,
f9b7,
f9c6,
f9a4,
fa69,
fc59,
fe24,
ff81,
00a9,
0198,
0260,
02e3,
034a,
0371,
02b3,
0195,
00bc,
fff9,
ff28,
fe28,
fd3c,
fc91,
fc54,
fca5,
fd88,
feb6,
ffca,
0090,
0139,
01ed,
028a,
02bd,
026c,
01ab,
00ec,
005a,
ffb1,
fedb,
fe0d,
fd9a,
fd53,
fd59,
fdc6,
fe3a,
feb3,
ff7a,
0066,
0000,
ffff,
ffff,
ffff,
ffff,
ffff,
ffff,
ffff,
0000,
0001,
0001,
0001,
0000,
0000,
0000,
0001,
0000,
ffff,
ffff,
ffff,
0000,
0000,
0000,
0000,
0000,
0001,
0001,
0001,
0000,
0000,
0000,
0000,
0000,
0000,
0000,
ffff,
ffff,
0001,
0003,
0003,
0001,
0003,
fffc,
0005,
fffa,
0009,
fffc,
0004,
0031,
03c9,
06b7,
fe16,
f762,
fa0c,
fce2,
021e,
0884,
0af9,
08d3,
0a0b,
0e9d,
0b38,
0252,
fa42,
f31f,
f1ed,
f795,
f8ba,
f455,
f49c,
fad4,
ffd1,
0224,
048e,
0666,
069b,
0734,
0819,
0681,
027a,
fe64,
fc97,
fc9e,
fc6b,
fb23,
fa3e,
faba,
fc3c,
fddf,
feff,
ffa7,
0066,
014a,
0205,
028c,
02de,
027f,
01ca,
0131,
007b,
ffa4,
febf,
fdf1,
fd35,
fce1,
fd0f,
fdb4,
fe95,
ff5c,
fffe,
00c4,
0193,
020a,
022a,
01eb,
0160,
00fd,
00a8,
0015,
ff43,
fe72,
fde0,
fd7f,
fd95,
fe01,
fe81,
ff0e,
ffbc,
0001,
0001,
0000,
0000,
ffff,
ffff,
ffff,
ffff,
ffff,
0000,
0000,
0001,
0001,
0000,
0001,
0001,
0000,
0000,
0000,
0000,
0000,
0000,
0000,
0000,
0000,
0000,
0000,
0001,
0001,
0001,
0001,
0000,
0001,
0000,
ffff,
0000,
0000,
0001,
0002,
0003,
0003,
0001,
0001,
fffe,
0004,
fffe,
0005,
ffff,
0003,
004c,
035c,
0565,
fe90,
f904,
fb01,
fd9e,
0161,
068d,
0994,
0932,
0994,
0bac,
0921,
01ee,
fb72,
f6c8,
f599,
f8d1,
f9aa,
f65b,
f60b,
faab,
fee1,
00d0,
02f9,
051e,
0587,
05f4,
0672,
0490,
01a4,
000a,
ff96,
fec3,
fd30,
fb72,
faa1,
fb1a,
fc4f,
fd6c,
fdfc,
fe9d,
ff9b,
0081,
0159,
020d,
028c,
0278,
0212,
019e,
00f5,
0041,
ff50,
fe74,
fdb6,
fd56,
fd67,
fda6,
fe3b,
feec,
ffa5,
006b,
0106,
0177,
019b,
01a6,
0196,
0160,
00f6,
0043,
ff7f,
feae,
fe11,
fdc0,
fddf,
fe5b,
fed9,
ff57,
0002,
0001,
0000,
0000,
0000,
ffff,
ffff,
fffe,
ffff,
ffff,
ffff,
0000,
0001,
0001,
0001,
0000,
0001,
0001,
0000,
0000,
0000,
0001,
0000,
0000,
0000,
0000,
0000,
0000,
0001,
0001,
0001,
0001,
0001,
0000,
0000,
0001,
0001,
0001,
0001,
0001,
0001,
0002,
0000,
ffff,
0002,
0003,
fffc,
0002,
0006,
ffff,
008d,
0301,
03ca,
fed5,
faec,
fbe2,
fdc4,
00f3,
0622,
0970,
07e0,
066c,
0884,
08a6,
0378,
fd52,
f9bf,
f928,
faf6,
fa12,
f6a9,
f6ac,
fa50,
fdba,
ffaa,
01ad,
034e,
03d5,
043b,
04f7,
0517,
03d0,
0206,
0092,
ff45,
fd84,
fbaf,
fafa,
fb4e,
fbf8,
fc91,
fd2d,
fdff,
ff01,
0014,
010f,
01e8,
028b,
029f,
0260,
0202,
0159,
007d,
ffa2,
feda,
fe17,
fd99,
fd59,
fd7c,
fe0c,
feba,
ff59,
ffea,
009d,
0132,
0192,
01c8,
01b9,
0182,
0111,
005e,
ff7a,
febd,
fe53,
fe26,
fe58,
feb4,
fefb,
0003,
0003,
0003,
0002,
0002,
0001,
0001,
0000,
0000,
0000,
0000,
0001,
0001,
0001,
0002,
0002,
0002,
0002,
0002,
0003,
0002,
0001,
0001,
0001,
0001,
0001,
0001,
0002,
0002,
0002,
0002,
0002,
0002,
0002,
0003,
0002,
0003,
0003,
0002,
0002,
0001,
0002,
0001,
0004,
0000,
0005,
0001,
fffe,
0006,
000a,
0008,
00d5,
02a1,
0237,
ff13,
fcaf,
fc63,
fe8c,
025d,
04f9,
05be,
05a4,
060b,
0816,
08e3,
0480,
fed1,
fd76,
fd2e,
fa9b,
f7cc,
f6ce,
f79e,
f9ce,
fc8e,
fe83,
ffce,
010f,
02d3,
050c,
06af,
0679,
0476,
0244,
00c9,
ff69,
fd5c,
fb97,
fb06,
fb29,
fb6c,
fbd9,
fcc7,
fde7,
fef3,
0006,
012d,
022d,
0297,
02ae,
0291,
0224,
0175,
00a1,
ffc9,
fedf,
fe25,
fda3,
fd5d,
fd82,
fdfc,
fe8f,
ff19,
ffcd,
0091,
0129,
0197,
01d6,
01db,
018b,
00f6,
0030,
ff6e,
feeb,
fea2,
fe9a,
fea4,
fea0,
0003,
0003,
0003,
0002,
0002,
0001,
0001,
0000,
0000,
0000,
0000,
0001,
0001,
0001,
0002,
0002,
0002,
0002,
0002,
0003,
0002,
0001,
0001,
0001,
0001,
0001,
0001,
0002,
0002,
0002,
0002,
0002,
0002,
0002,
0003,
0002,
0003,
0003,
0002,
0002,
0001,
0002,
0001,
0004,
0000,
0005,
0001,
fffe,
0006,
000a,
0008,
00d5,
02a1,
0237,
ff13,
fcaf,
fc63,
fe8c,
025d,
04f9,
05be,
05a4,
060b,
0816,
08e3,
0480,
fed1,
fd76,
fd2e,
fa9b,
f7cc,
f6ce,
f79e,
f9ce,
fc8e,
fe83,
ffce,
010f,
02d3,
050c,
06af,
0679,
0476,
0244,
00c9,
ff69,
fd5c,
fb97,
fb06,
fb29,
fb6c,
fbd9,
fcc7,
fde7,
fef3,
0006,
012d,
022d,
0297,
02ae,
0291,
0224,
0175,
00a1,
ffc9,
fedf,
fe25,
fda3,
fd5d,
fd82,
fdfc,
fe8f,
ff19,
ffcd,
0091,
0129,
0197,
01d6,
01db,
018b,
00f6,
0030,
ff6e,
feeb,
fea2,
fe9a,
fea4,
fea0,
0001,
0002,
0001,
0001,
0001,
0001,
0000,
ffff,
ffff,
fffe,
fffe,
ffff,
ffff,
0000,
0000,
0000,
0001,
0001,
0000,
0001,
0001,
0000,
0000,
0000,
0000,
0000,
0000,
0000,
0000,
0000,
0001,
0001,
0002,
0002,
0002,
0002,
0001,
0001,
0000,
ffff,
ffff,
ffff,
0001,
0001,
0000,
0001,
0006,
0000,
0003,
0003,
0006,
001a,
012a,
0213,
00c3,
ff63,
fe6c,
fe90,
ff40,
ff94,
01c8,
04b7,
06ec,
0778,
07b9,
0869,
0656,
01f6,
feb2,
fc0f,
f88c,
f6b5,
f76a,
f848,
f8fe,
faf5,
fd11,
fea5,
0174,
0543,
0786,
0749,
05f4,
0432,
022a,
0068,
fea0,
fca5,
fb38,
fac9,
fadd,
fb1c,
fbd7,
fcff,
fe47,
ff62,
0068,
0175,
0248,
02a0,
02aa,
028f,
021b,
0168,
0081,
ff7f,
fe98,
fe09,
fdc7,
fd9b,
fd97,
fde0,
fe7e,
ff3c,
ffec,
009a,
012b,
01a8,
0204,
01ee,
0160,
00a6,
000c,
ff7b,
ff02,
fec8,
feb5,
fe9e,
0001,
0001,
0002,
0001,
0001,
0000,
0000,
ffff,
fffe,
fffe,
fffe,
fffe,
ffff,
0000,
0000,
0000,
0001,
0001,
0001,
0001,
0001,
0000,
0000,
ffff,
ffff,
ffff,
0000,
0000,
0000,
0000,
0000,
0001,
0001,
0002,
0002,
0002,
0002,
0001,
0000,
ffff,
fffe,
fffe,
0001,
0000,
fffe,
0003,
0003,
0008,
0005,
fffc,
0000,
000a,
0049,
013c,
014d,
004e,
0154,
0043,
fc91,
fc33,
fed2,
0328,
06bc,
0822,
081b,
08c2,
09d1,
063c,
ffa3,
fbe3,
faa9,
f865,
f699,
f741,
f814,
f87f,
fa2c,
fd67,
010d,
04a2,
076a,
07ec,
06ac,
04fc,
033f,
013b,
ff1f,
fd3a,
fbb0,
face,
fa94,
fb09,
fbad,
fc73,
fda2,
fef3,
000e,
00ef,
01c2,
0248,
0286,
02ac,
0286,
01dd,
00d2,
ffd7,
ff13,
fe7c,
fe1c,
fddc,
fdb1,
fdac,
fdff,
feac,
ff80,
0047,
00e3,
0164,
01d1,
0210,
01d7,
0123,
0058,
ffbd,
ff50,
fef7,
feb2,
fe92,
0001,
0002,
0002,
0002,
0002,
0001,
0000,
0000,
fffe,
fffe,
fffe,
fffe,
ffff,
0000,
0000,
0001,
0001,
0001,
0001,
0001,
0000,
0000,
0000,
0000,
0000,
0000,
0000,
0000,
0000,
0000,
0001,
0001,
0002,
0003,
0003,
0002,
0002,
0001,
ffff,
ffff,
fffe,
ffff,
0001,
ffff,
0000,
0003,
0003,
0006,
0008,
0003,
fff7,
0007,
0005,
0066,
0159,
026d,
01e8,
fece,
fc10,
fbb2,
fe96,
025c,
055a,
07db,
098b,
0b0a,
0975,
0501,
0094,
fcbe,
fa90,
f9db,
f873,
f69b,
f6eb,
f878,
f99b,
fc16,
00e4,
0500,
06b5,
078f,
0759,
0560,
0307,
0134,
ff53,
fd48,
fbba,
faf9,
fad4,
fb1a,
fbd1,
fcc3,
fda0,
feb3,
ffce,
00b6,
0174,
0207,
0272,
0273,
023e,
01ca,
0109,
001d,
ff3f,
feb4,
fe51,
fe18,
fde6,
fdc1,
fde4,
fe74,
ff5d,
0029,
00c6,
014b,
01b6,
01ee,
01da,
016b,
00b0,
fff5,
ff55,
fecf,
fe86,
fe94,
0001,
0002,
0003,
0002,
0002,
0001,
0000,
0000,
ffff,
fffe,
ffff,
ffff,
ffff,
0000,
0001,
0001,
0002,
0001,
0001,
0001,
0001,
0000,
0000,
0000,
0000,
0000,
0000,
0001,
0001,
0001,
0001,
0002,
0002,
0003,
0003,
0003,
0002,
0001,
0001,
ffff,
fffe,
0000,
0000,
ffff,
0003,
0001,
0004,
0005,
0009,
0007,
0004,
fff2,
fffe,
001c,
021e,
0404,
001e,
fbcd,
fbdd,
fe3e,
00d2,
0304,
04b3,
06b4,
0af2,
0b75,
0743,
02bf,
fed4,
fcb8,
fb64,
f9f0,
f8fc,
f88c,
f7ed,
f896,
fa8c,
fceb,
0091,
04ba,
0721,
0731,
065c,
04f2,
02ba,
006a,
fea3,
fd2c,
fbd9,
fb01,
faff,
fb83,
fc3c,
fd3f,
fe28,
fede,
ffba,
00be,
0193,
0209,
0229,
0209,
01e6,
0186,
00c6,
ffed,
ff3f,
fed1,
fe5f,
fdff,
fde2,
fe07,
fe60,
fedd,
ff7c,
0039,
00f7,
016d,
019a,
01a1,
018c,
0154,
00cc,
0001,
ff28,
fe86,
fe4e,
fe82,
0001,
0002,
0002,
0001,
0001,
0000,
ffff,
ffff,
ffff,
fffe,
fffe,
fffe,
ffff,
0000,
0000,
0000,
0000,
0001,
0001,
0000,
0000,
0000,
ffff,
ffff,
0000,
ffff,
0000,
0000,
0000,
0001,
0001,
0001,
0001,
0002,
0002,
0002,
0001,
0000,
ffff,
ffff,
ffff,
ffff,
fffe,
0000,
0000,
0003,
0001,
0006,
0002,
000a,
0006,
fffd,
ffec,
012a,
03e4,
019b,
fc82,
fb41,
fd38,
00ce,
039c,
045f,
051f,
0892,
0a21,
07ae,
03d6,
0054,
fe18,
fbab,
fa97,
fa14,
f92d,
f97a,
fb3d,
fc3b,
fba7,
fd62,
013e,
04b2,
0702,
0728,
0532,
0310,
01b0,
ffd4,
fdc7,
fc7d,
fbb9,
fb29,
fb13,
fbf5,
fcfb,
fd9f,
fe7c,
ffa1,
0096,
012f,
0194,
01e2,
0216,
01f4,
016b,
00bc,
0024,
ff8a,
feed,
fe5e,
fe0a,
fdff,
fe16,
fe67,
fef2,
ffa4,
0044,
00c3,
0130,
016c,
0173,
0153,
012c,
00f1,
0077,
ffb5,
fed4,
fe44,
fe2f,
fe6a,
0002,
0002,
0001,
0000,
0000,
0000,
ffff,
ffff,
ffff,
ffff,
ffff,
ffff,
0000,
0000,
0001,
0001,
0001,
0001,
0001,
0001,
0000,
0000,
0000,
ffff,
0000,
0000,
ffff,
0000,
0001,
0002,
0001,
0002,
0001,
0001,
0002,
0003,
0002,
0001,
0000,
ffff,
0001,
ffff,
0000,
fffe,
ffff,
0000,
0004,
0001,
0003,
0008,
0006,
0004,
00b1,
0415,
02ad,
fbdb,
fa59,
fd18,
00da,
03b7,
04c3,
057e,
0886,
0b01,
0756,
013c,
fe9a,
fe32,
fcd7,
fbaa,
f993,
f836,
f996,
fbf7,
fe79,
fff3,
ffb2,
fec1,
00f5,
0531,
0717,
05ff,
03bb,
0183,
ffb0,
fe8f,
fd2e,
fbd0,
fb4d,
fb4c,
fb95,
fc32,
fd5d,
fe76,
ff57,
0062,
0161,
0200,
0224,
0216,
01c0,
014f,
00df,
004a,
ff7b,
fe7a,
fde7,
fdda,
fdf2,
fe11,
fe5d,
ff0f,
ffd4,
008f,
0130,
017f,
0189,
015a,
011d,
00d1,
00b0,
008e,
fffe,
ff2d,
fe5f,
fdfe,
fe0b,
fe66,
0002,
0002,
0001,
0000,
0000,
0000,
ffff,
ffff,
ffff,
ffff,
ffff,
ffff,
0000,
0000,
0001,
0001,
0001,
0001,
0001,
0001,
0000,
0000,
0000,
ffff,
0000,
0000,
ffff,
0000,
0001,
0002,
0001,
0002,
0001,
0001,
0002,
0003,
0002,
0001,
0000,
ffff,
0001,
ffff,
0000,
fffe,
ffff,
0000,
0004,
0001,
0003,
0008,
0006,
0004,
00b1,
0415,
02ad,
fbdb,
fa59,
fd18,
00da,
03b7,
04c3,
057e,
0886,
0b01,
0756,
013c,
fe9a,
fe32,
fcd7,
fbaa,
f993,
f836,
f996,
fbf7,
fe79,
fff3,
ffb2,
fec1,
00f5,
0531,
0717,
05ff,
03bb,
0183,
ffb0,
fe8f,
fd2e,
fbd0,
fb4d,
fb4c,
fb95,
fc32,
fd5d,
fe76,
ff57,
0062,
0161,
0200,
0224,
0216,
01c0,
014f,
00df,
004a,
ff7b,
fe7a,
fde7,
fdda,
fdf2,
fe11,
fe5d,
ff0f,
ffd4,
008f,
0130,
017f,
0189,
015a,
011d,
00d1,
00b0,
008e,
fffe,
ff2d,
fe5f,
fdfe,
fe0b,
fe66,
0001,
0001,
0000,
ffff,
ffff,
ffff,
fffe,
fffe,
fffe,
ffff,
ffff,
ffff,
0000,
0000,
0000,
0000,
0000,
0000,
0000,
0000,
ffff,
0000,
ffff,
ffff,
fffe,
fffe,
ffff,
0000,
0000,
0001,
0001,
0001,
0001,
0000,
0001,
0001,
0001,
0000,
ffff,
0000,
0000,
0000,
0001,
fffd,
fffd,
fffe,
0004,
fff9,
000a,
fffd,
0013,
0059,
0410,
049c,
fc0d,
f823,
fb91,
00e0,
04d9,
05c2,
0592,
0825,
0cd6,
09b5,
0165,
fc85,
fa85,
fa5c,
fb72,
fa9a,
f88c,
f812,
fa3a,
fef7,
0239,
02e4,
02f4,
028b,
02a4,
0445,
05a4,
04a1,
0200,
ffd2,
fe46,
fcd2,
fbf1,
fb98,
fb1c,
fb05,
fbff,
fd31,
fe00,
fef5,
004b,
016c,
0248,
02f3,
02c0,
01e5,
0153,
00fa,
0047,
ff39,
fe4f,
fdb7,
fd45,
fd2d,
fda3,
fe64,
ff28,
ffee,
00b8,
0174,
01f4,
0202,
01af,
0127,
00be,
007f,
003c,
ffe4,
ff5b,
fead,
fe00,
fdb8,
fde5,
fe4f,
0001,
0000,
ffff,
ffff,
ffff,
fffe,
fffe,
fffe,
ffff,
0000,
0000,
0001,
0001,
0000,
0000,
0001,
0001,
0001,
0000,
0000,
0000,
0000,
0000,
ffff,
ffff,
0000,
0000,
0001,
0001,
0001,
0002,
0001,
0000,
0001,
0001,
0001,
0001,
0000,
0001,
0002,
0001,
0002,
fffe,
0001,
fff9,
0008,
fff6,
0009,
fff4,
0017,
001e,
03a0,
06b8,
fd50,
f5f1,
f994,
fff0,
0556,
0716,
06b1,
0890,
0e17,
0c05,
024f,
fbe5,
f95b,
f86d,
f7eb,
f7d9,
f7eb,
f81f,
f9ef,
fdf8,
01a1,
042b,
05d6,
05f5,
0615,
05c4,
03f5,
022a,
01b0,
00da,
fe71,
fc95,
fbc4,
faef,
fa5b,
fad3,
fc16,
fd10,
fdbe,
fe96,
ffe5,
018e,
02dc,
031d,
02ad,
0298,
0261,
0144,
ffdc,
fef6,
fe61,
fd9c,
fcee,
fcc9,
fd30,
fde6,
fecf,
ffdc,
00d4,
01ad,
022e,
021c,
01d5,
019e,
0143,
00b1,
0027,
ffab,
ff24,
fea7,
fe3d,
fdce,
fd7d,
fdba,
fe67,
0000,
ffff,
fffe,
fffe,
fffe,
fffe,
fffe,
ffff,
ffff,
0000,
0000,
0000,
0000,
0000,
0001,
0001,
0000,
0000,
ffff,
ffff,
ffff,
ffff,
ffff,
ffff,
ffff,
ffff,
0000,
0000,
0001,
0001,
0002,
0000,
0001,
0000,
0000,
0001,
0000,
0000,
0003,
0001,
0005,
fffe,
0005,
fff8,
0006,
fffa,
0006,
fff7,
0009,
0001,
02c8,
087f,
ffd0,
f3dd,
f707,
ff19,
0593,
07c9,
0797,
0944,
0fd6,
0f87,
0379,
fa42,
f7e5,
f7d2,
f6f1,
f604,
f4a8,
f4d7,
f8cb,
fe32,
026b,
0455,
058d,
071c,
090c,
097d,
0709,
0320,
fff1,
fe7c,
fe4c,
fdc9,
fba0,
f9e5,
f9fc,
faa1,
fb80,
fc93,
fd88,
fe86,
002d,
01d8,
026e,
02b8,
0347,
036a,
0291,
0147,
0042,
ff62,
fe45,
fd34,
fca7,
fca8,
fd1c,
fdc4,
fe83,
ff73,
0093,
0187,
01fc,
0213,
020f,
01e5,
0185,
010e,
008c,
ffe3,
ff13,
fe68,
fdfb,
fdb4,
fd9c,
fdc5,
fe34,
fe8f,
0000,
ffff,
ffff,
ffff,
fffe,
fffe,
fffe,
ffff,
0000,
0002,
0002,
0001,
0001,
0001,
0001,
0001,
0000,
0000,
0000,
0000,
ffff,
ffff,
ffff,
ffff,
0000,
0001,
0001,
0002,
0002,
0002,
0001,
0001,
0000,
0000,
0001,
0000,
fffe,
0003,
0001,
0005,
ffff,
0005,
fffd,
0002,
ffff,
fffd,
0008,
fffc,
0006,
01ce,
0999,
035f,
f235,
f368,
fe04,
0629,
08f9,
0835,
0972,
114c,
13c0,
0609,
f922,
f575,
f5fe,
f615,
f542,
f347,
f272,
f5ba,
fbe2,
02bc,
05c4,
0682,
0772,
08f2,
0aca,
0a35,
064d,
01b5,
fef1,
fce8,
fb26,
fa8e,
facb,
fabe,
fa45,
fab1,
fbfa,
fd62,
fee2,
005b,
0170,
023a,
032e,
03bf,
034a,
0252,
018a,
00a9,
ff97,
fe65,
fd26,
fc5e,
fc54,
fd00,
fdd7,
feaa,
ff8d,
004f,
00f0,
019b,
0219,
0223,
01f5,
01a3,
012b,
00ae,
0019,
ff4e,
fe63,
fdb6,
fd84,
fdad,
fdfa,
fe65,
fec2,
fed2,
0000,
ffff,
ffff,
ffff,
fffe,
fffe,
fffe,
ffff,
0000,
0002,
0002,
0001,
0001,
0001,
0001,
0001,
0000,
0000,
0000,
0000,
ffff,
ffff,
ffff,
ffff,
0000,
0001,
0001,
0002,
0002,
0002,
0001,
0001,
0000,
0000,
0001,
0000,
fffe,
0003,
0001,
0005,
ffff,
0005,
fffd,
0002,
ffff,
fffd,
0008,
fffc,
0006,
01ce,
0999,
035f,
f235,
f368,
fe04,
0629,
08f9,
0835,
0972,
114c,
13c0,
0609,
f922,
f575,
f5fe,
f615,
f542,
f347,
f272,
f5ba,
fbe2,
02bc,
05c4,
0682,
0772,
08f2,
0aca,
0a35,
064d,
01b5,
fef1,
fce8,
fb26,
fa8e,
facb,
fabe,
fa45,
fab1,
fbfa,
fd62,
fee2,
005b,
0170,
023a,
032e,
03bf,
034a,
0252,
018a,
00a9,
ff97,
fe65,
fd26,
fc5e,
fc54,
fd00,
fdd7,
feaa,
ff8d,
004f,
00f0,
019b,
0219,
0223,
01f5,
01a3,
012b,
00ae,
0019,
ff4e,
fe63,
fdb6,
fd84,
fdad,
fdfa,
fe65,
fec2,
fed2,
ffff,
fffe,
fffd,
fffd,
fffe,
fffe,
ffff,
ffff,
0001,
0002,
0001,
0001,
0001,
0001,
0000,
0000,
ffff,
ffff,
ffff,
ffff,
ffff,
fffe,
ffff,
0000,
0001,
0001,
0001,
0001,
0001,
0000,
0001,
0000,
ffff,
0000,
0001,
fffe,
0001,
0002,
0004,
0001,
0002,
0003,
fffd,
000a,
fff1,
0014,
ffee,
0022,
00f7,
09f1,
0783,
f198,
eedc,
fc44,
06c2,
0a97,
0964,
09eb,
1214,
173c,
094c,
f8e0,
f32d,
f402,
f4c8,
f3c3,
f20c,
f0c9,
f39b,
fa5f,
020b,
059d,
075f,
08b4,
09c1,
0b94,
0aac,
076b,
03fc,
00e0,
fd30,
fa4e,
f92d,
f910,
f9fb,
fad8,
fb65,
fc6b,
fdeb,
feb7,
ff6d,
013f,
02fc,
03c5,
0382,
02ed,
026f,
01a4,
009e,
ff83,
fe53,
fd26,
fc72,
fc3d,
fcab,
fdb3,
fec5,
ff99,
0042,
0107,
01c7,
0211,
0213,
01f7,
019e,
0120,
0085,
ffcf,
ff0b,
fe63,
fdf1,
fda9,
fdac,
fe03,
fea0,
ff3d,
ff4f,
ff1a,
fffd,
fffd,
fffd,
fffd,
fffd,
fffe,
0000,
0001,
0002,
0001,
0001,
0001,
0001,
0001,
0000,
ffff,
fffe,
ffff,
ffff,
fffe,
fffe,
fffe,
0000,
0000,
0001,
0001,
0002,
0001,
0001,
0000,
0000,
ffff,
0000,
0000,
fffd,
0000,
0002,
0002,
0003,
fffb,
0007,
fff5,
0012,
ffeb,
001c,
ffe1,
003e,
005e,
098b,
0bc8,
f271,
e9c2,
f985,
0721,
0c6b,
0ad7,
0aca,
1339,
1a71,
0c59,
f8be,
f102,
f1d9,
f3bd,
f2ab,
f063,
ee6d,
f193,
f93f,
01f7,
066c,
0758,
089c,
0abe,
0d2c,
0c9e,
08b3,
0369,
001e,
fdf0,
fb6c,
f924,
f7d7,
f826,
f93a,
fb9d,
fe3f,
fefc,
fec9,
ffcf,
01d4,
0328,
03ab,
03ba,
0332,
0250,
0165,
0040,
fef3,
fdfa,
fd11,
fc5c,
fc43,
fcca,
fd82,
fe2e,
ff3c,
0089,
019e,
024a,
027f,
024b,
01fd,
01ad,
0117,
0027,
ff2c,
fe84,
fe33,
fdf1,
fdba,
fdc8,
fe29,
fec4,
ff8e,
ffe1,
ff76,
ff55,
fffd,
fffd,
fffd,
fffd,
ffff,
0001,
0002,
0003,
0002,
0002,
0001,
0002,
0001,
0000,
0000,
ffff,
ffff,
ffff,
fffe,
fffe,
ffff,
0001,
0001,
0002,
0002,
0002,
0002,
0002,
0000,
0000,
ffff,
0000,
0000,
fffe,
ffff,
0003,
0000,
0006,
fff9,
000b,
fff1,
0015,
ffe5,
0023,
ffdb,
0048,
0015,
08b8,
0f96,
f48d,
e4d0,
f5d8,
070c,
0e88,
0cba,
0be3,
1471,
1d33,
0f9e,
f944,
eed9,
eee0,
f212,
f1c6,
ef66,
ec91,
ef15,
f78d,
01e1,
07a4,
0850,
08d7,
0ac4,
0e77,
0ec3,
0a2a,
03a9,
ffda,
fd3e,
fa65,
f8fe,
f7c5,
f787,
f8c6,
faa7,
fc8b,
fec9,
00d1,
01db,
02c2,
03ef,
0473,
03ed,
0351,
02ae,
0133,
ff62,
fe12,
fd4e,
fc9c,
fc2b,
fc07,
fc48,
fd2b,
fe4b,
ff62,
0085,
01c6,
02d8,
0348,
02f8,
025b,
0198,
00bf,
fff3,
ff30,
fe62,
fdc2,
fd79,
fd79,
fdb1,
fe24,
fed2,
ffb4,
0047,
ffe9,
ff7b,
ffd2,
fffc,
fffd,
fffd,
fffe,
0000,
0002,
0003,
0003,
0002,
0002,
0002,
0002,
0000,
0000,
ffff,
fffe,
ffff,
fffe,
fffe,
ffff,
0000,
0001,
0002,
0002,
0003,
0002,
0002,
0000,
0001,
fffe,
0000,
0000,
fffe,
fffd,
0003,
ffff,
0008,
fff6,
000a,
ffef,
0014,
ffe5,
001c,
ffe1,
003b,
0009,
07e5,
126b,
f777,
e0a2,
f196,
062c,
106c,
0f7a,
0d9d,
15d7,
1f01,
1247,
fa89,
edb7,
ebf0,
ef29,
f01e,
eea6,
eb52,
ecfe,
f5d4,
0148,
08ae,
0957,
09e6,
0bf1,
0f46,
0f93,
0b2c,
04e0,
000c,
fc98,
f98b,
f7d4,
f72b,
f7b0,
f841,
f93c,
fbb2,
fe70,
0018,
0202,
04c6,
0651,
0611,
0532,
0408,
0281,
00df,
ff50,
fdbd,
fc99,
fba5,
fae4,
fad6,
fbb8,
fd20,
fe4a,
ff90,
00fc,
0237,
0332,
03cd,
0383,
0295,
0199,
00d1,
001e,
ff3d,
fe4c,
fda4,
fd57,
fd37,
fd51,
fdc8,
fe86,
ff7b,
006b,
0054,
ffb9,
ffcc,
009a,
fffc,
fffc,
fffd,
ffff,
0001,
0002,
0003,
0002,
0002,
0001,
0000,
0000,
fffe,
fffd,
fffd,
fffd,
fffd,
fffc,
fffd,
ffff,
0000,
0001,
0001,
0002,
0001,
0001,
ffff,
ffff,
fffe,
fffe,
fffe,
fffc,
fffb,
0002,
fffe,
0007,
fff5,
0009,
ffef,
0011,
ffe8,
0013,
ffea,
0028,
0013,
0759,
142b,
fa9c,
ddc4,
ed1b,
04b0,
1149,
1286,
10a2,
17d4,
1fda,
13c5,
fc34,
ed8a,
e9e7,
ebf0,
ecfb,
ed2e,
eaea,
eb8c,
f411,
0001,
0944,
0b7c,
0b1d,
0c9c,
101f,
10ed,
0cb6,
0543,
ffcf,
fc63,
f902,
f780,
f6a5,
f5f7,
f6b6,
f936,
fc06,
fddf,
ff51,
01aa,
0486,
0718,
084b,
0751,
0519,
0330,
0184,
ffb3,
fdb6,
fbfb,
fa91,
f9af,
f9c6,
fa9f,
fc1f,
fdef,
ffd5,
0189,
02ce,
03a1,
03fc,
03a1,
02ed,
0225,
0142,
0041,
ff44,
fe51,
fd86,
fd2f,
fd20,
fd32,
fd79,
fe18,
ff01,
003b,
00b0,
fff3,
ff9b,
0049,
017f,
fffc,
fffe,
0000,
0001,
0003,
0004,
0003,
0002,
0002,
0002,
0001,
0000,
ffff,
fffe,
fffe,
fffe,
fffd,
fffd,
0000,
0000,
0002,
0002,
0003,
0002,
0002,
0000,
0000,
fffe,
ffff,
0000,
fffe,
fffc,
0002,
ffff,
0009,
fff7,
0009,
ffef,
000e,
ffec,
000d,
ffec,
0022,
0016,
0769,
14dc,
fccc,
dce4,
e926,
029e,
116a,
14d4,
1460,
1aed,
2062,
141d,
fdbb,
eddc,
e8ae,
e93d,
e998,
eab4,
e9f7,
eab6,
f272,
ff48,
09e5,
0c9a,
0c35,
0dbf,
11a2,
121f,
0dba,
0626,
0020,
fc6e,
f8bb,
f652,
f4f0,
f4e8,
f633,
f863,
fb51,
fe35,
ffdf,
01b7,
0479,
06d2,
07d1,
07c0,
06e0,
0524,
02b7,
002b,
fda4,
fbc1,
fa98,
f975,
f8cf,
f96e,
fb3b,
fd49,
ff60,
0163,
02d6,
03bb,
0454,
0445,
0384,
028a,
01a6,
00a8,
ff93,
fe7b,
fd81,
fcec,
fcd1,
fd03,
fd52,
fdd4,
fe95,
ffe7,
00ee,
0052,
ff7b,
fff1,
0143,
024c,
fffc,
fffe,
0000,
0001,
0003,
0004,
0003,
0002,
0002,
0002,
0001,
0000,
ffff,
fffe,
fffe,
fffe,
fffd,
fffd,
0000,
0000,
0002,
0002,
0003,
0002,
0002,
0000,
0000,
fffe,
ffff,
0000,
fffe,
fffc,
0002,
ffff,
0009,
fff7,
0009,
ffef,
000e,
ffec,
000d,
ffec,
0022,
0016,
0769,
14dc,
fccc,
dce4,
e926,
029e,
116a,
14d4,
1460,
1aed,
2062,
141d,
fdbb,
eddc,
e8ae,
e93d,
e998,
eab4,
e9f7,
eab6,
f272,
ff48,
09e5,
0c9a,
0c35,
0dbf,
11a2,
121f,
0dba,
0626,
0020,
fc6e,
f8bb,
f652,
f4f0,
f4e8,
f633,
f863,
fb51,
fe35,
ffdf,
01b7,
0479,
06d2,
07d1,
07c0,
06e0,
0524,
02b7,
002b,
fda4,
fbc1,
fa98,
f975,
f8cf,
f96e,
fb3b,
fd49,
ff60,
0163,
02d6,
03bb,
0454,
0445,
0384,
028a,
01a6,
00a8,
ff93,
fe7b,
fd81,
fcec,
fcd1,
fd03,
fd52,
fdd4,
fe95,
ffe7,
00ee,
0052,
ff7b,
fff1,
0143,
024c,
fffd,
ffff,
0002,
0004,
0004,
0003,
0002,
0002,
0002,
0001,
0000,
ffff,
fffe,
fffd,
fffd,
fffd,
fffe,
ffff,
0000,
0002,
0002,
0003,
0002,
0002,
0000,
0000,
fffe,
ffff,
ffff,
fffe,
fffb,
0002,
ffff,
0008,
fff9,
0008,
ffef,
000d,
ffe9,
0012,
ffe3,
002b,
000d,
0801,
14fc,
fd4b,
dda2,
e6b5,
ffe2,
1101,
169c,
17c7,
1e38,
2144,
1475,
ff29,
ee29,
e7bd,
e6f2,
e63e,
e821,
e835,
e9e7,
f242,
fde9,
08eb,
0d91,
0e6f,
0fdd,
1286,
12a4,
0eb7,
07f0,
01bd,
fc14,
f6cd,
f4b7,
f45e,
f469,
f501,
f72d,
faed,
fe60,
0054,
0256,
04b7,
06ad,
07c2,
079c,
06b9,
0591,
03c4,
013a,
fe5f,
fc20,
fa98,
f970,
f8ec,
f96d,
faa8,
fc53,
fe63,
0080,
0255,
03b3,
0499,
049a,
0400,
0318,
0212,
00fb,
ffd9,
fecc,
fdc6,
fcf3,
fca2,
fcc8,
fd1b,
fd79,
fe23,
ff72,
00f1,
00d7,
ffae,
ffad,
00d2,
023d,
027f,
ffff,
0002,
0004,
0005,
0004,
0003,
0003,
0004,
0002,
0001,
ffff,
ffff,
ffff,
ffff,
fffe,
fffe,
ffff,
0000,
0002,
0003,
0004,
0002,
0002,
0000,
0000,
fffe,
0000,
0000,
fffe,
fffd,
0002,
0000,
0009,
fff9,
000a,
ffed,
0011,
ffe3,
001a,
ffd8,
003a,
0009,
091d,
14fd,
fbba,
dee7,
e6c5,
fd91,
104b,
1822,
1a7a,
2040,
215a,
1554,
0147,
ee80,
e6b7,
e4b0,
e2fb,
e58e,
e75f,
e8d2,
f089,
fd63,
0912,
0df7,
0f4c,
11de,
1464,
143e,
10f2,
0929,
011a,
fb08,
f6b7,
f44a,
f2f9,
f2c9,
f404,
f6c0,
faaa,
fe38,
000b,
0244,
0555,
07a3,
082e,
0770,
0640,
04f2,
038a,
01f5,
ffa7,
fd16,
fb0f,
f9d1,
f932,
f94e,
fa31,
fbaa,
fdb0,
0001,
020c,
035d,
0440,
0483,
0436,
036f,
025f,
0126,
0004,
ff16,
fe35,
fd5e,
fcd0,
fcc6,
fd15,
fd6e,
fddb,
fec4,
006a,
0134,
002d,
ff8d,
0041,
019b,
0296,
022c,
0001,
0003,
0003,
0003,
0002,
0002,
0003,
0002,
0000,
fffe,
fffd,
fffd,
fffd,
fffd,
fffd,
fffe,
ffff,
0000,
0002,
0002,
0001,
0001,
ffff,
0000,
fffd,
fffe,
ffff,
fffd,
fffc,
0001,
ffff,
0007,
fff8,
000b,
ffe9,
0014,
ffdd,
0023,
ffc9,
0046,
0001,
0a48,
14fe,
f93a,
e00c,
e890,
fb79,
0e47,
192f,
1d69,
21c7,
202a,
163a,
0535,
f0b1,
e6a4,
e182,
deea,
e3fc,
e60b,
e709,
eee6,
fc10,
0874,
0eb2,
10ef,
13b9,
1653,
15af,
11e1,
0a42,
02d4,
fb87,
f54a,
f263,
f1d6,
f279,
f37c,
f54b,
f8da,
fd65,
00e1,
03b2,
059b,
0706,
0821,
084e,
073d,
052e,
02e5,
0130,
ffbc,
fe45,
fc51,
fa1b,
f8c8,
f8e1,
f9e7,
fb77,
fd98,
ffcd,
01c2,
034e,
0460,
048c,
0416,
035c,
025e,
0127,
0010,
ff18,
fe43,
fd7d,
fcf5,
fcf2,
fd50,
fdad,
fdf4,
fe8c,
0000,
0157,
00a2,
ff8b,
ffd6,
0108,
0259,
0278,
0180,
0004,
0004,
0004,
0003,
0003,
0004,
0003,
0001,
ffff,
fffd,
fffe,
fffe,
fffe,
fffe,
ffff,
0000,
0001,
0002,
0003,
0002,
0002,
0000,
0000,
fffe,
0001,
ffff,
fffe,
fffd,
0002,
ffff,
0009,
fff7,
000e,
ffe6,
0019,
ffd4,
002f,
ffba,
0054,
fff1,
0b73,
1545,
f63e,
e072,
eb31,
fabf,
0c3a,
199b,
1fdb,
22d7,
1dc9,
15d7,
0a56,
f485,
e734,
e02f,
daeb,
e039,
e4a8,
e629,
ecd5,
f9aa,
07ae,
0fa8,
12a8,
162a,
1834,
1618,
12ec,
0c64,
040a,
fb31,
f4f2,
f260,
f109,
f0ce,
f1a6,
f3e0,
f819,
fcfb,
006a,
035b,
05cb,
07b1,
08d8,
08bd,
07e0,
0641,
03f8,
01c7,
ff6f,
fd69,
fbc6,
fa38,
f8eb,
f891,
f96e,
fb45,
fdab,
fff0,
01dd,
0363,
0483,
04cb,
044d,
036b,
0268,
0118,
ffd6,
fed7,
fe0f,
fd56,
fccf,
fcc0,
fd39,
fdf1,
fe80,
feea,
fff1,
0182,
0138,
ffd9,
ffb6,
008b,
01bd,
0260,
01a0,
0118,
0004,
0004,
0004,
0003,
0003,
0004,
0003,
0001,
ffff,
fffd,
fffe,
fffe,
fffe,
fffe,
ffff,
0000,
0001,
0002,
0003,
0002,
0002,
0000,
0000,
fffe,
0001,
ffff,
fffe,
fffd,
0002,
ffff,
0009,
fff7,
000e,
ffe6,
0019,
ffd4,
002f,
ffba,
0054,
fff1,
0b73,
1545,
f63e,
e072,
eb31,
fabf,
0c3a,
199b,
1fdb,
22d7,
1dc9,
15d7,
0a56,
f485,
e734,
e02f,
daeb,
e039,
e4a8,
e629,
ecd5,
f9aa,
07ae,
0fa8,
12a8,
162a,
1834,
1618,
12ec,
0c64,
040a,
fb31,
f4f2,
f260,
f109,
f0ce,
f1a6,
f3e0,
f819,
fcfb,
006a,
035b,
05cb,
07b1,
08d8,
08bd,
07e0,
0641,
03f8,
01c7,
ff6f,
fd69,
fbc6,
fa38,
f8eb,
f891,
f96e,
fb45,
fdab,
fff0,
01dd,
0363,
0483,
04cb,
044d,
036b,
0268,
0118,
ffd6,
fed7,
fe0f,
fd56,
fccf,
fcc0,
fd39,
fdf1,
fe80,
feea,
fff1,
0182,
0138,
ffd9,
ffb6,
008b,
01bd,
0260,
01a0,
0118,
0004,
0003,
0003,
0003,
0003,
0003,
0001,
ffff,
fffe,
fffe,
fffe,
fffe,
fffe,
fffe,
ffff,
0001,
0002,
0003,
0002,
0002,
ffff,
0000,
fffe,
0000,
0000,
fffd,
fffc,
0003,
fffd,
000b,
fff4,
0012,
ffe0,
0021,
ffcb,
003b,
ffae,
0061,
ffcb,
0c0c,
1696,
f3a1,
df9e,
edaf,
fab1,
0adb,
19aa,
21ab,
2375,
1ab1,
1445,
0fbf,
f9e6,
e92a,
dfc6,
d78a,
dcb2,
e241,
e41d,
eaf7,
f823,
065e,
0f1f,
1378,
184d,
1af0,
17f1,
13b9,
0d20,
0595,
fca6,
f546,
f1a3,
ef6d,
ef42,
f0f2,
f31c,
f67e,
fafb,
ff0f,
0360,
0675,
0800,
08eb,
0963,
097b,
0857,
0574,
0256,
ff5a,
fcef,
fb04,
f946,
f832,
f83e,
f904,
fab1,
fd73,
0028,
023a,
03b4,
04d9,
0535,
04c8,
03d4,
0290,
0106,
ffab,
fea8,
fdcc,
fcfc,
fc6f,
fc67,
fce6,
fdb5,
fe8a,
ff42,
0028,
01c3,
020f,
0090,
ffd9,
0054,
015c,
0237,
01a9,
00ca,
010f,
0003,
0003,
0003,
0004,
0004,
0002,
ffff,
fffe,
fffe,
fffe,
fffd,
ffff,
ffff,
ffff,
0000,
0001,
0004,
0002,
0002,
ffff,
0000,
fffd,
0001,
ffff,
fffd,
fffb,
0004,
fffb,
000d,
fff0,
0019,
ffdc,
0025,
ffc6,
003f,
ffae,
0061,
ffb0,
0c0a,
1897,
f19c,
dd8d,
f080,
fac8,
09d6,
1a3e,
22ef,
23ce,
17ac,
0fdc,
13d5,
0252,
ebd0,
dfed,
d5bb,
d911,
df9a,
e2ef,
e9a8,
f587,
03c7,
0dec,
13e2,
1a0d,
1d3f,
1924,
14cd,
0f77,
07fa,
fd4a,
f466,
f177,
eff5,
eed5,
ef24,
f092,
f432,
f9e2,
febd,
02f5,
05fd,
080f,
09de,
0acf,
0ac4,
0977,
065d,
030f,
0002,
fd31,
fabf,
f88e,
f729,
f72f,
f85f,
fa68,
fd23,
ffdc,
022c,
03fc,
0555,
05c8,
0560,
044f,
02f7,
0153,
ffb8,
fe6b,
fd6a,
fcaa,
fc32,
fc36,
fc9c,
fd56,
fe37,
ff21,
001c,
01cb,
02bd,
0153,
0029,
0083,
0144,
0207,
01da,
00d3,
00c2,
00ca,
0003,
0004,
0004,
0004,
0004,
0000,
fffe,
fffd,
fffd,
fffe,
fffe,
ffff,
fffd,
0000,
0000,
0003,
0003,
0002,
fffe,
0002,
fffe,
0001,
0001,
fffe,
fffa,
0006,
fff8,
0011,
ffed,
001a,
ffd9,
0023,
ffcb,
0032,
ffc1,
0046,
ffa4,
0a8f,
1bf2,
f2bd,
d85e,
f288,
fbb9,
0782,
1adb,
24c4,
25c3,
15b3,
0886,
13ee,
0d19,
f236,
dfd2,
d3a8,
d648,
ddde,
e20c,
e7fe,
f248,
00c9,
0c8f,
1364,
19b6,
1ea6,
1bc5,
16c4,
10f4,
0978,
fee5,
f5a5,
f233,
ef9f,
ed2f,
ed7e,
ef88,
f2b4,
f795,
fc9e,
024d,
06f9,
095d,
0a76,
0b10,
0b46,
0a82,
07bf,
040e,
0043,
fcf5,
fa86,
f88b,
f72c,
f6c7,
f760,
f941,
fc90,
fff3,
025e,
03f3,
053c,
05ea,
05d2,
04ef,
0385,
01b4,
ffed,
fe7d,
fd64,
fc8a,
fbed,
fbec,
fc74,
fd27,
fde8,
feda,
ffd5,
0154,
0301,
0237,
007b,
0070,
0129,
01eb,
0202,
0131,
00b0,
00e4,
ff8c,
0004,
0006,
0004,
0004,
0002,
ffff,
fffc,
fffc,
fffe,
ffff,
ffff,
fffe,
ffff,
ffff,
0002,
0003,
0003,
ffff,
0001,
fffe,
0000,
0000,
0000,
fff8,
0007,
fff6,
0011,
ffef,
0017,
ffe1,
0017,
ffdf,
0014,
ffea,
0010,
ffc7,
07d9,
1ebe,
f888,
d1b4,
f180,
feed,
03e0,
1980,
26f4,
29a5,
16a1,
00cc,
0de8,
15be,
fcbf,
e2ea,
d2c7,
d320,
db81,
e11b,
e75e,
efd5,
fdcc,
09bf,
10af,
1888,
2048,
1e1f,
171f,
114e,
0c90,
02fb,
f6c6,
f18f,
ef98,
ed50,
ed0f,
ee4d,
f08c,
f556,
fb4c,
0207,
0720,
0950,
0a58,
0b36,
0bc1,
0b99,
090c,
04cc,
0095,
fd3c,
fab9,
f88e,
f6fe,
f677,
f70b,
f8cd,
fc00,
ff71,
0220,
03f4,
054b,
05d8,
05cb,
0531,
03f1,
021a,
0041,
febf,
fd89,
fc9c,
fbeb,
fbca,
fc65,
fd26,
fdc1,
fe7f,
ff8a,
00ec,
02bc,
02e2,
00f0,
003f,
00cf,
01a6,
01f5,
0167,
00a6,
00de,
004f,
fdd7,
0005,
0005,
0004,
0003,
0000,
fffd,
fffc,
fffe,
ffff,
0000,
fffe,
ffff,
0000,
0003,
0003,
0003,
ffff,
0000,
fffe,
ffff,
0001,
0001,
fff7,
0007,
fff7,
000c,
fff7,
000d,
fff6,
fffc,
0002,
ffe3,
002c,
ffbb,
0032,
03f3,
1f4c,
0500,
cc34,
e928,
0434,
015e,
14ec,
278e,
2e6a,
1def,
fd17,
00df,
1644,
0a5a,
ec5a,
d45f,
ce9f,
d778,
dfe9,
e7fe,
ef4e,
fa16,
056d,
0d7d,
16ee,
2061,
1f1a,
17c0,
1278,
0ee3,
066b,
f868,
f164,
f09a,
eeba,
ecc2,
ecee,
ef5e,
f4de,
fa45,
0008,
05c5,
091f,
0a70,
0b22,
0b81,
0b8f,
09b8,
05f0,
01e5,
fe26,
fb20,
f8a7,
f713,
f68b,
f70b,
f850,
fb02,
fe99,
01d0,
03fc,
0554,
05b7,
0589,
052e,
0463,
02bd,
00ad,
fee3,
fd93,
fcbd,
fc12,
fbd2,
fc49,
fd13,
fdae,
fe72,
ff7c,
00a7,
022f,
033c,
01a3,
001a,
0050,
012a,
01b6,
015f,
00ac,
0077,
00cd,
fefb,
fcd0,
0005,
0005,
0004,
0001,
ffff,
fffd,
fffd,
ffff,
0000,
ffff,
fffe,
ffff,
0001,
0005,
0003,
0001,
0000,
0000,
fffd,
0003,
0002,
fffa,
0002,
0001,
0001,
0008,
fff6,
0015,
ffd7,
0032,
ffa9,
006d,
ff6a,
00b7,
0056,
1a82,
1684,
cf63,
d7cf,
0662,
03c6,
0df1,
2404,
3072,
2beb,
0363,
f107,
0b9e,
144e,
fbab,
dbb0,
cc9c,
d159,
dbf0,
e84e,
f0e6,
f794,
00ce,
0930,
1237,
1e90,
21ff,
1a4a,
120d,
0dd2,
0977,
fd17,
f331,
f0a4,
eeec,
ed10,
ee5e,
f07e,
f3c8,
f7be,
fd6d,
04ca,
08dc,
09c5,
09f7,
0a92,
0b23,
0a6d,
0743,
0302,
fefc,
fbf6,
f9a3,
f802,
f723,
f70c,
f7b9,
fa0f,
fdc6,
0123,
032f,
0495,
0587,
05b7,
057b,
04ab,
0338,
0141,
ff6b,
fde7,
fce4,
fc28,
fbcd,
fc20,
fcec,
fd93,
fe5d,
ff5a,
0078,
01b4,
0344,
02d3,
006a,
ffae,
004b,
0145,
014e,
00ad,
002f,
009b,
0045,
fdc3,
fcce,
0005,
0005,
0004,
0001,
ffff,
fffd,
fffd,
ffff,
0000,
ffff,
fffe,
ffff,
0001,
0005,
0003,
0001,
0000,
0000,
fffd,
0003,
0002,
fffa,
0002,
0001,
0001,
0008,
fff6,
0015,
ffd7,
0032,
ffa9,
006d,
ff6a,
00b7,
0056,
1a82,
1684,
cf63,
d7cf,
0662,
03c6,
0df1,
2404,
3072,
2beb,
0363,
f107,
0b9e,
144e,
fbab,
dbb0,
cc9c,
d159,
dbf0,
e84e,
f0e6,
f794,
00ce,
0930,
1237,
1e90,
21ff,
1a4a,
120d,
0dd2,
0977,
fd17,
f331,
f0a4,
eeec,
ed10,
ee5e,
f07e,
f3c8,
f7be,
fd6d,
04ca,
08dc,
09c5,
09f7,
0a92,
0b23,
0a6d,
0743,
0302,
fefc,
fbf6,
f9a3,
f802,
f723,
f70c,
f7b9,
fa0f,
fdc6,
0123,
032f,
0495,
0587,
05b7,
057b,
04ab,
0338,
0141,
ff6b,
fde7,
fce4,
fc28,
fbcd,
fc20,
fcec,
fd93,
fe5d,
ff5a,
0078,
01b4,
0344,
02d3,
006a,
ffae,
004b,
0145,
014e,
00ad,
002f,
009b,
0045,
fdc3,
fcce,
0003,
0003,
0001,
fffe,
fffc,
fffb,
fffd,
0000,
0000,
fffd,
fffe,
fffe,
0002,
0001,
0002,
fffd,
0000,
fffa,
0000,
0000,
fffe,
fff8,
000a,
fff2,
0016,
ffe2,
0029,
ffc6,
003a,
ffa7,
0057,
ff8e,
008b,
ff26,
0f84,
25a0,
e305,
c2f2,
fcb4,
0b20,
0935,
1bb1,
2cef,
3931,
17af,
e952,
f6a8,
1220,
0b32,
ec28,
d0e4,
cab4,
d454,
e609,
f335,
f7ab,
fcf2,
03a0,
0bd9,
1a8e,
2447,
1d68,
1234,
0c01,
0b0d,
02c0,
f625,
f06a,
ef22,
eee8,
f061,
f198,
f2fa,
f663,
fb2d,
026c,
0766,
0921,
0961,
090d,
097f,
0a48,
08a4,
04a0,
0050,
fcf5,
fa90,
f8d9,
f7e4,
f7b2,
f812,
f978,
fc74,
ffe2,
0277,
03f8,
04de,
04f7,
0511,
0509,
0430,
023f,
fff9,
fe32,
fd31,
fc9f,
fc11,
fbfc,
fc9e,
fd5b,
fe28,
ff20,
0020,
012c,
029b,
03ac,
01b6,
ffa4,
ff7c,
004e,
00fe,
008e,
0032,
004f,
00d9,
ff70,
fd0b,
fd4f,
0003,
0002,
0001,
fffe,
fffc,
fffc,
ffff,
0002,
0000,
ffff,
fffc,
0001,
0003,
0003,
ffff,
ffff,
fffd,
fffd,
0002,
0002,
fff5,
000a,
fff7,
000e,
fff2,
000b,
fff8,
fff4,
000e,
ffc5,
004c,
ff8b,
0072,
036f,
263b,
07ad,
bb21,
e0e3,
0f09,
0b5d,
12c5,
2315,
3c24,
3438,
f76b,
e098,
0016,
1158,
00fa,
e017,
c93f,
ca2d,
de52,
f352,
f94f,
fb4f,
ff9c,
05d4,
129f,
2234,
21af,
1541,
0b9b,
09fe,
075f,
fa84,
f163,
effe,
f099,
f153,
f2b8,
f3ad,
f5eb,
f94b,
ff0e,
051c,
0828,
0937,
085e,
07af,
08e0,
0920,
0652,
0233,
fe72,
fb93,
f9a8,
f8a1,
f82e,
f863,
f951,
fb8e,
febe,
01af,
0343,
0436,
04a3,
04ac,
048e,
0412,
02ec,
0103,
ff2a,
fdb3,
fce8,
fc64,
fc38,
fca7,
fd5a,
fded,
feb6,
ffa5,
00bb,
01c7,
0343,
031f,
007c,
ff2d,
ff58,
0054,
0091,
0016,
002b,
00aa,
00d3,
fecc,
fd0a,
fde4,
0004,
0002,
0000,
fffe,
fffa,
fffb,
0000,
0002,
ffff,
fffd,
fffd,
0003,
0002,
0002,
fffc,
ffff,
fffa,
0002,
0001,
fffc,
fff9,
000d,
fff3,
0017,
ffdb,
0033,
ffb9,
004d,
ff88,
0077,
ff63,
00c8,
fee2,
13ef,
2921,
d773,
bbde,
ffae,
1284,
0f90,
1764,
304f,
46b2,
1e61,
df30,
e2bb,
0587,
0e05,
f8a0,
d4ca,
c3ba,
d082,
ec07,
fa90,
fc59,
fea1,
0175,
092e,
1936,
2439,
1c0d,
0eb8,
07a5,
081f,
00dc,
f50a,
f115,
f0f6,
f18f,
f392,
f566,
f60e,
f7d0,
fb66,
0193,
06c6,
092a,
08a6,
06cd,
0728,
0897,
077e,
0439,
0046,
fcce,
fa6b,
f940,
f89c,
f895,
f94c,
facb,
fd6d,
006d,
02b1,
040e,
04c4,
048e,
041c,
03b5,
0318,
01a0,
ffc2,
fe0d,
fd39,
fd10,
fcc9,
fcb2,
fd3c,
fe02,
fea9,
ff69,
0035,
0116,
0213,
0354,
0226,
ff8c,
feaf,
ff13,
0046,
0059,
0013,
005a,
00ee,
00ca,
fe96,
fd4f,
fe4d,
0003,
0001,
0000,
fffd,
fffb,
fffd,
0002,
0002,
0000,
fffc,
0000,
0002,
0003,
0000,
fffe,
fffd,
fffb,
0002,
0002,
fff6,
0008,
fffc,
0008,
fffa,
fffd,
000e,
ffd9,
0032,
ff92,
0086,
ff3c,
00e8,
0167,
26dd,
125f,
b65f,
d2f8,
0fdb,
141a,
11f9,
1e3f,
3f4d,
4452,
063d,
d25d,
e730,
069e,
0b78,
f01b,
caef,
c3cc,
dade,
f570,
fdf1,
00b5,
00b5,
0248,
0ca9,
1e80,
2315,
165f,
0959,
051e,
04de,
fbaf,
f397,
f0f8,
f147,
f394,
f671,
f705,
f723,
f8c6,
fcf9,
03cc,
0884,
0982,
07b5,
063b,
074c,
07f4,
0612,
026a,
fe4c,
fb26,
f991,
f8e9,
f89e,
f94d,
fa5f,
fc2a,
fee8,
01ae,
03a9,
04dc,
0509,
0478,
03c0,
0316,
01f9,
003a,
fe82,
fd40,
fcf7,
fce8,
fcf3,
fd67,
fe29,
febe,
ff59,
0010,
00c6,
016f,
024d,
0304,
00f9,
fea8,
fe45,
feff,
0049,
0017,
000e,
009b,
015a,
00f1,
fe83,
fd75,
fe85,
0003,
0001,
0000,
fffd,
fffb,
fffd,
0002,
0002,
0000,
fffc,
0000,
0002,
0003,
0000,
fffe,
fffd,
fffb,
0002,
0002,
fff6,
0008,
fffc,
0008,
fffa,
fffd,
000e,
ffd9,
0032,
ff92,
0086,
ff3c,
00e8,
0167,
26dd,
125f,
b65f,
d2f8,
0fdb,
141a,
11f9,
1e3f,
3f4d,
4452,
063d,
d25d,
e730,
069e,
0b78,
f01b,
caef,
c3cc,
dade,
f570,
fdf1,
00b5,
00b5,
0248,
0ca9,
1e80,
2315,
165f,
0959,
051e,
04de,
fbaf,
f397,
f0f8,
f147,
f394,
f671,
f705,
f723,
f8c6,
fcf9,
03cc,
0884,
0982,
07b5,
063b,
074c,
07f4,
0612,
026a,
fe4c,
fb26,
f991,
f8e9,
f89e,
f94d,
fa5f,
fc2a,
fee8,
01ae,
03a9,
04dc,
0509,
0478,
03c0,
0316,
01f9,
003a,
fe82,
fd40,
fcf7,
fce8,
fcf3,
fd67,
fe29,
febe,
ff59,
0010,
00c6,
016f,
024d,
0304,
00f9,
fea8,
fe45,
feff,
0049,
0017,
000e,
009b,
015a,
00f1,
fe83,
fd75,
fe85,
0003,
0002,
0000,
fffc,
fffc,
ffff,
0004,
0002,
0002,
fffd,
0001,
0002,
0004,
ffff,
0001,
fffb,
fffe,
0001,
0003,
fff5,
0011,
fff1,
001d,
ffdf,
0027,
ffd1,
0026,
ffd2,
000a,
fff7,
fff8,
ffc7,
0967,
304c,
f320,
acc0,
e948,
161f,
1597,
13a1,
2778,
47d6,
3d28,
f4f9,
cc3d,
e85d,
05ce,
09c5,
e80d,
c59d,
c767,
e363,
f9ff,
01e4,
0489,
00cd,
0353,
10da,
2173,
1fe4,
11ac,
0574,
0341,
01d3,
f914,
f2b6,
f0ed,
f2af,
f596,
f7e3,
f78a,
f751,
f943,
ff01,
05cf,
0965,
09b6,
0773,
0632,
0778,
07a1,
04c3,
005d,
fc8a,
f9e3,
f8b6,
f862,
f8ed,
fa14,
fb5d,
fd72,
0008,
0292,
048f,
05a4,
053d,
042c,
0349,
028a,
011c,
ff36,
fda2,
fcae,
fc7c,
fc9e,
fd13,
fde6,
fec8,
ff80,
0030,
00c3,
0151,
01ac,
026e,
028d,
ffe6,
fe03,
fdf9,
ff01,
0038,
ffda,
0021,
00c8,
01a2,
010c,
fe86,
fd7b,
feaa,
0002,
0001,
fffe,
fffa,
fffb,
ffff,
0003,
0002,
ffff,
fffd,
0003,
0001,
0002,
fffc,
ffff,
fff9,
0001,
0000,
fffd,
fff8,
0011,
fff0,
001d,
ffd5,
0037,
ffb6,
0051,
ff8d,
0067,
ff7b,
00a2,
fef1,
123d,
3055,
dbca,
aeda,
f627,
18c6,
171f,
161b,
2ddd,
4b5a,
38f9,
eb72,
c81d,
e558,
0431,
080c,
e311,
c460,
cab5,
e7f9,
fc87,
061f,
06c0,
013c,
055b,
13f9,
21c7,
1cfb,
0e67,
02c7,
0200,
ff85,
f797,
f28d,
f18a,
f385,
f682,
f81d,
f703,
f793,
fad0,
00a0,
06b3,
0a52,
0a39,
0783,
06bc,
07b6,
06d8,
034f,
fef4,
fb3b,
f8a9,
f7e7,
f7f5,
f91e,
fab9,
fc60,
fe7b,
00e3,
034e,
054d,
0634,
055a,
03ef,
02cf,
01df,
0078,
fed5,
fd40,
fc11,
fbef,
fc61,
fd1b,
fe1b,
ff20,
000d,
00d0,
0180,
01eb,
01f2,
026e,
0209,
ff3c,
fdb1,
fdc3,
fef0,
0026,
ffda,
003a,
00c6,
019a,
0101,
fe8b,
fd7c,
febb,
0002,
0001,
ffff,
fffb,
fffb,
ffff,
0003,
0002,
0000,
fffe,
0003,
0002,
0003,
fffd,
0000,
fff9,
0001,
0001,
fffc,
fffc,
000d,
fff5,
0019,
ffd9,
0035,
ffb2,
005c,
ff79,
0088,
ff47,
00e6,
fee1,
183a,
2d3d,
cfa1,
b2ac,
fb24,
19b7,
1997,
1865,
2f54,
4d56,
398d,
e863,
c481,
df8c,
00d7,
0613,
e2a6,
c58d,
cb91,
e9bd,
fe89,
0914,
08a8,
0352,
0719,
14c1,
20f0,
1b0a,
0c7b,
015d,
00f3,
fde3,
f731,
f2dc,
f1bb,
f3c0,
f622,
f735,
f745,
f8ed,
fbf0,
017d,
076a,
0ace,
0acc,
086b,
0753,
0723,
05b2,
0243,
fe10,
fa6f,
f808,
f741,
f775,
f93e,
fb5d,
fd30,
ff37,
0189,
03d9,
05d2,
0676,
0552,
03a8,
0275,
018a,
0039,
fe91,
fcca,
fbb7,
fbbb,
fc34,
fcfd,
fe1d,
ff56,
006f,
014b,
01e2,
0235,
0240,
02a5,
01d6,
febe,
fd5c,
fd97,
ff13,
0058,
ffe3,
0029,
00a4,
017d,
00ed,
fe79,
fd45,
fe99,
0002,
0002,
fffe,
fffb,
fffc,
ffff,
0003,
0002,
0002,
ffff,
0002,
0001,
0002,
fffe,
0001,
fff9,
0000,
0002,
fffc,
fffd,
000a,
fff8,
0018,
ffdd,
0030,
ffb7,
0055,
ff83,
0080,
ff50,
00d8,
ff16,
194b,
2c54,
cf0d,
b365,
f8ef,
1895,
1dd5,
19e8,
2b97,
4dd7,
3fe7,
edaa,
c218,
d6ae,
f94f,
045d,
e75d,
c8c5,
c962,
e85a,
ffc7,
0b26,
0b68,
05ec,
07cd,
1344,
1f39,
1b16,
0c90,
00aa,
0066,
fd11,
f6e9,
f347,
f1ba,
f27a,
f4bb,
f786,
f86f,
f9b7,
fca4,
01ef,
0732,
0b2d,
0c03,
0953,
0733,
063f,
04c8,
01a0,
fde0,
fa66,
f7ad,
f6a5,
f741,
f985,
fbc2,
fd9a,
ff8d,
01df,
0413,
05f8,
067d,
0522,
0379,
0261,
0190,
003b,
fe75,
fc89,
fb64,
fb89,
fc31,
fd09,
fe1f,
ff50,
0083,
0177,
0222,
0260,
0243,
02b1,
01e2,
febc,
fd42,
fd81,
ff0d,
007e,
001d,
0038,
0087,
0139,
00d7,
fe6e,
fcf4,
fe35,
ffff,
ffff,
fffe,
fffa,
fff9,
fffb,
0000,
0001,
0001,
fffd,
0000,
0000,
0001,
fffd,
fffe,
fff8,
fffe,
0001,
fffb,
fffa,
000a,
fff7,
0016,
ffdd,
0027,
ffbf,
0046,
ff9a,
005c,
ff7c,
009b,
ff3b,
15dd,
2e10,
d898,
b166,
f09f,
14b9,
229e,
1c50,
2424,
4aa0,
4a45,
fb5d,
c3d6,
cc29,
ec39,
01c8,
ef44,
ced2,
c66d,
e38d,
ff63,
0cbf,
0ed5,
08a7,
0722,
0fe1,
1dc9,
1bdc,
0e6d,
01ee,
ffad,
fc54,
f6fe,
f3ca,
f088,
f108,
f45f,
f807,
f96e,
fab6,
fcc3,
0145,
06ce,
0b61,
0cc8,
09ee,
06e8,
0543,
040d,
01f3,
fe78,
fa96,
f78d,
f679,
f73e,
f9c8,
fc25,
fdbc,
ff6f,
01b5,
03f0,
05d1,
064f,
04eb,
0369,
027c,
01cf,
0069,
fe7b,
fc7f,
fb6a,
fb85,
fc14,
fcfb,
fe25,
ff51,
0068,
016c,
022e,
0264,
0230,
028e,
01f2,
fef6,
fd6a,
fd92,
fee8,
0098,
006c,
006b,
0090,
0104,
00c3,
fe81,
fcbd,
fd9e,
0002,
0001,
0000,
fffd,
fffa,
fffd,
0001,
0002,
0004,
ffff,
0001,
0002,
0003,
ffff,
0000,
fffb,
fffe,
0002,
fffe,
fffa,
000c,
fff8,
0018,
ffe4,
001f,
ffd0,
002e,
ffc3,
002a,
ffc4,
0040,
ff78,
0f5b,
2f69,
eafd,
b081,
e370,
0d64,
2557,
21b5,
1c4d,
401a,
5484,
113b,
cb96,
c41a,
daac,
fae8,
f7ac,
d870,
c5b4,
dbce,
fc5b,
0ddb,
1241,
0aa5,
06c8,
0bf6,
1ab0,
1d75,
11e7,
041f,
fef3,
fc78,
f6f9,
f39d,
f05e,
f0a1,
f3c7,
f8a2,
fa58,
fab3,
fc81,
00a6,
05c8,
0a34,
0cc6,
0a7f,
06cd,
04a9,
0420,
02d0,
ff55,
fb50,
f7f0,
f6b5,
f76b,
f9e8,
fc1f,
fd81,
ff27,
0135,
036d,
052c,
05f2,
04d9,
0362,
0283,
0200,
00cb,
feb8,
fcdf,
fbcb,
fbba,
fc22,
fce7,
fdf3,
ff1b,
0055,
014c,
01d8,
0215,
0202,
0260,
022a,
ff5f,
fd6a,
fd84,
feb3,
00c5,
0101,
00a0,
0095,
00d5,
00e4,
ff10,
fcd4,
fcd2,
0002,
0001,
0000,
fffd,
fffa,
fffd,
0001,
0002,
0004,
ffff,
0001,
0002,
0003,
ffff,
0000,
fffb,
fffe,
0002,
fffe,
fffa,
000c,
fff8,
0018,
ffe4,
001f,
ffd0,
002e,
ffc3,
002a,
ffc4,
0040,
ff78,
0f5b,
2f69,
eafd,
b081,
e370,
0d64,
2557,
21b5,
1c4d,
401a,
5484,
113b,
cb96,
c41a,
daac,
fae8,
f7ac,
d870,
c5b4,
dbce,
fc5b,
0ddb,
1241,
0aa5,
06c8,
0bf6,
1ab0,
1d75,
11e7,
041f,
fef3,
fc78,
f6f9,
f39d,
f05e,
f0a1,
f3c7,
f8a2,
fa58,
fab3,
fc81,
00a6,
05c8,
0a34,
0cc6,
0a7f,
06cd,
04a9,
0420,
02d0,
ff55,
fb50,
f7f0,
f6b5,
f76b,
f9e8,
fc1f,
fd81,
ff27,
0135,
036d,
052c,
05f2,
04d9,
0362,
0283,
0200,
00cb,
feb8,
fcdf,
fbcb,
fbba,
fc22,
fce7,
fdf3,
ff1b,
0055,
014c,
01d8,
0215,
0202,
0260,
022a,
ff5f,
fd6a,
fd84,
feb3,
00c5,
0101,
00a0,
0095,
00d5,
00e4,
ff10,
fcd4,
fcd2,
0001,
0001,
0002,
ffff,
fffc,
fffc,
ffff,
0002,
0005,
0002,
ffff,
0001,
0002,
0000,
0001,
fffd,
fffb,
0001,
0002,
fff9,
000b,
fffa,
0014,
fff1,
000e,
ffe8,
0006,
fffc,
ffe5,
001c,
ffca,
0004,
0733,
2b94,
0587,
b765,
d1a8,
0075,
212b,
297f,
1b15,
2dff,
5623,
30ca,
dd4e,
c256,
c7da,
ea31,
fce7,
e695,
cba1,
d2d5,
f395,
0ba8,
1521,
0e52,
0812,
0733,
14ae,
1f09,
15ff,
07a3,
ff2a,
fc4b,
f704,
f4d3,
f1bd,
f033,
f36c,
f8ad,
fac4,
fa89,
fc5e,
ff49,
03ef,
0834,
0b87,
0acb,
0759,
050c,
0472,
03a5,
006f,
fc91,
f91e,
f781,
f7a8,
f975,
fb97,
fcf9,
fec2,
00ac,
02a5,
0464,
0591,
0508,
0372,
026b,
01dc,
00fb,
ff56,
fdae,
fc64,
fbf7,
fc45,
fce6,
fdd2,
fed8,
fff2,
00e6,
017e,
01c4,
01ce,
0213,
023a,
ffd8,
fd79,
fd76,
fe83,
00d1,
01ae,
0111,
00c6,
00da,
00f3,
ff8b,
fd1e,
fc22,
0003,
0001,
0004,
0004,
0000,
fffd,
0000,
0003,
0006,
0005,
0002,
0002,
0002,
0003,
0002,
0000,
fffd,
0001,
0005,
fffc,
0007,
0004,
000b,
0006,
fff9,
000b,
ffde,
002d,
ffb4,
0055,
ff84,
0086,
013c,
1f66,
1eb7,
cd90,
c163,
ee6c,
146c,
2ce9,
22f2,
2042,
44e8,
4d99,
fe18,
c999,
be88,
cfa4,
f68c,
f542,
d9e4,
cf78,
e6c0,
0256,
1528,
1499,
0aaf,
0567,
0c02,
1c30,
1ae8,
0ca5,
0062,
fbce,
f86c,
f5f0,
f479,
f1f6,
f350,
f6c4,
faa4,
fb45,
fc01,
fd7a,
00f6,
0583,
091d,
0ad0,
086f,
05ff,
0506,
0480,
01c4,
fe47,
fb25,
f8df,
f816,
f8a0,
fab1,
fc37,
fde7,
ffeb,
01d0,
03af,
0508,
052e,
03c7,
026b,
0188,
00f1,
0013,
fe9e,
fd40,
fc6a,
fc90,
fcfa,
fdb9,
fe9b,
ff7c,
005f,
00f2,
014e,
0177,
01b2,
0217,
007c,
fdc8,
fd68,
fe5a,
0085,
023b,
01c3,
0119,
0103,
0111,
0012,
fdc1,
fbc8,
0000,
0001,
0002,
0002,
fffe,
fffc,
fffc,
0000,
0003,
0003,
0002,
0002,
0001,
0001,
fffd,
fffe,
fffb,
ffff,
0001,
fffd,
fffc,
000a,
fffd,
0013,
ffea,
0016,
ffd7,
0028,
ffc8,
0028,
ffc2,
0047,
ff8b,
0e75,
297f,
f32a,
bd77,
da2d,
fff6,
2570,
2ca3,
1fc1,
2cad,
5138,
2b95,
dd18,
c30e,
bbe7,
dc96,
fb05,
ecac,
d639,
dc30,
f649,
0d3e,
16fc,
10b4,
08db,
057e,
11f7,
1cbf,
1242,
0483,
fd45,
f996,
f67e,
f734,
f5df,
f3c8,
f59e,
f93b,
fb2a,
fb57,
fcd1,
fe0f,
0189,
05d1,
09bb,
09df,
0766,
05f6,
04f3,
031d,
006c,
fd9c,
fa95,
f8c1,
f82c,
f97e,
fb39,
fccc,
ff1a,
010f,
02ac,
044a,
0511,
044c,
02bb,
017f,
00bc,
004c,
ff75,
fe49,
fd2e,
fcec,
fd35,
fdb2,
fe84,
ff32,
ffd4,
002e,
008b,
00f4,
0147,
01be,
011b,
fe7b,
fd66,
fe4b,
0000,
0237,
027c,
0193,
014f,
0161,
009b,
fe85,
fc10,
0001,
0001,
0000,
0002,
0001,
fffe,
fffc,
fffe,
0000,
0003,
0003,
0001,
0000,
0000,
fffe,
fffe,
fffd,
fffc,
ffff,
0003,
fff9,
0007,
ffff,
000d,
fffe,
0000,
fffb,
ffec,
0017,
ffcb,
0036,
ffab,
004a,
028c,
1fee,
1805,
d004,
c8fc,
eb8f,
0f80,
2fea,
2974,
1ed6,
3bdd,
4c2a,
0480,
cdc5,
bdaa,
bedc,
e9e3,
fbe5,
e584,
d8bd,
ea59,
0352,
1315,
1400,
0e7c,
0750,
072a,
1519,
16ea,
0a54,
0078,
fb48,
f8a6,
f7c1,
f8f0,
f6a8,
f60e,
f7dd,
fa89,
fb5c,
fb69,
fbff,
fe3f,
0281,
0655,
0985,
0925,
0737,
058c,
0462,
025b,
ffc7,
fd09,
fa73,
f861,
f824,
fa17,
fc07,
fdff,
001e,
0186,
030b,
0485,
04b6,
036a,
01c9,
00c9,
0052,
000b,
ff34,
fe2b,
fd5c,
fd57,
fdc0,
fe93,
ff19,
ff40,
ff6c,
ffd0,
0082,
00d4,
0120,
015d,
ffa8,
fdae,
fe11,
ff67,
0187,
02d6,
023f,
01b8,
01b7,
0121,
ff6d,
fd0b,
0001,
0001,
0000,
0002,
0001,
fffe,
fffc,
fffe,
0000,
0003,
0003,
0001,
0000,
0000,
fffe,
fffe,
fffd,
fffc,
ffff,
0003,
fff9,
0007,
ffff,
000d,
fffe,
0000,
fffb,
ffec,
0017,
ffcb,
0036,
ffab,
004a,
028c,
1fee,
1805,
d004,
c8fc,
eb8f,
0f80,
2fea,
2974,
1ed6,
3bdd,
4c2a,
0480,
cdc5,
bdaa,
bedc,
e9e3,
fbe5,
e584,
d8bd,
ea59,
0352,
1315,
1400,
0e7c,
0750,
072a,
1519,
16ea,
0a54,
0078,
fb48,
f8a6,
f7c1,
f8f0,
f6a8,
f60e,
f7dd,
fa89,
fb5c,
fb69,
fbff,
fe3f,
0281,
0655,
0985,
0925,
0737,
058c,
0462,
025b,
ffc7,
fd09,
fa73,
f861,
f824,
fa17,
fc07,
fdff,
001e,
0186,
030b,
0485,
04b6,
036a,
01c9,
00c9,
0052,
000b,
ff34,
fe2b,
fd5c,
fd57,
fdc0,
fe93,
ff19,
ff40,
ff6c,
ffd0,
0082,
00d4,
0120,
015d,
ffa8,
fdae,
fe11,
ff67,
0187,
02d6,
023f,
01b8,
01b7,
0121,
ff6d,
fd0b,
0000,
0000,
0000,
0000,
0001,
0000,
fffd,
fffd,
fffe,
0001,
0004,
0002,
0002,
0000,
ffff,
fffc,
fffe,
fffc,
fffd,
0001,
0000,
fffc,
000b,
fffc,
0013,
ffed,
0012,
ffd7,
001d,
ffd6,
0019,
ffd5,
002d,
ffaa,
0bf1,
2665,
f9c1,
c530,
da32,
f5b6,
1da8,
34e9,
24bd,
1f6d,
465b,
3a27,
e883,
c902,
b903,
c531,
f436,
fbf0,
e237,
dcf9,
f59c,
0d8c,
1664,
1184,
0b8c,
0411,
087e,
15df,
10c8,
044d,
fe0c,
fb33,
f907,
f9c5,
fa7d,
f78f,
f6c6,
f94a,
fc70,
fb35,
fa4b,
fb82,
ff45,
0333,
06d3,
098e,
08b4,
0681,
0507,
03e8,
018e,
ff3f,
fc79,
f983,
f7c7,
f90d,
fb88,
fd13,
fedb,
00ae,
01da,
0359,
046d,
0402,
0261,
00f6,
005f,
0030,
ffea,
ff24,
fe1f,
fd9c,
fdf7,
fe7d,
fee5,
feed,
ff12,
ff50,
ffec,
005a,
007a,
0118,
00ab,
fe86,
fdcc,
fed4,
006e,
0268,
02d7,
023c,
0206,
01ab,
0079,
fe64,
0002,
0000,
0000,
ffff,
0001,
0001,
0000,
fffd,
fffd,
0000,
0002,
0004,
0003,
0001,
0000,
ffff,
fffd,
fffd,
fffc,
ffff,
0002,
fffb,
0003,
0005,
0003,
000b,
fff3,
000c,
ffd7,
0028,
ffc0,
003d,
ffa3,
0064,
0086,
16bd,
1f92,
e08e,
cadd,
e63c,
fdd0,
2973,
3521,
1f34,
2064,
485d,
271b,
dad5,
c673,
b707,
ccd0,
fad7,
fb7c,
e111,
e169,
fd3b,
15db,
1983,
0f3f,
07a9,
00cf,
082d,
1547,
0df9,
007d,
fa8f,
fa27,
fb56,
fcc4,
fa9e,
f748,
f7f5,
fb8a,
fd01,
fabe,
fa3b,
fc26,
ffed,
036d,
077b,
09d5,
0812,
0517,
041b,
0379,
0135,
fe2d,
fb10,
f8f6,
f87e,
fa5e,
fcb5,
fe27,
ffb9,
00fc,
021a,
03b0,
044b,
0332,
012f,
0027,
0035,
0052,
ffb9,
fed2,
fe41,
fe2c,
fe5c,
fe9b,
fef9,
ff14,
ff1e,
ff72,
000b,
0034,
0088,
010e,
ffa3,
fdb8,
fe04,
ff76,
0177,
02d5,
02a5,
024f,
022c,
0179,
ffc6,
0001,
0001,
0000,
0000,
0000,
0001,
0001,
ffff,
fffd,
fffe,
0000,
0003,
0003,
0002,
0000,
0000,
ffff,
ffff,
fffd,
fffc,
0000,
0002,
fffa,
0009,
ffff,
000c,
fffc,
0001,
fff6,
ffef,
0011,
ffd5,
002a,
ffbc,
0033,
03c2,
1ef2,
0fda,
d198,
d73b,
ed66,
06e6,
3154,
31bd,
18d2,
22c3,
44f0,
142c,
d654,
c631,
b876,
d445,
fe26,
f8ba,
e09d,
e894,
04d4,
19a9,
18cd,
1072,
05d4,
fabd,
07cb,
1700,
0b0e,
fb2c,
f7c6,
fa94,
fd13,
fd9f,
facc,
f876,
f9b1,
fcb9,
fd55,
fb6a,
faff,
fcee,
005e,
041e,
07f2,
08f6,
068c,
03ee,
039d,
028c,
fff1,
fce6,
fa80,
f901,
f93a,
fbdb,
fe02,
ff0a,
0067,
01af,
02e1,
03f8,
03ac,
01ef,
0037,
ffdb,
fff3,
ffdf,
ff45,
fea7,
fe45,
fe60,
feb2,
ff11,
ff4c,
ff30,
ff66,
ffe4,
0022,
0024,
00cd,
0084,
fe52,
fd45,
fe52,
0033,
023b,
02d8,
0282,
0261,
01fd,
00e8,
0001,
0002,
0001,
0000,
0000,
0000,
0001,
0001,
ffff,
fffe,
ffff,
0001,
0003,
0003,
0003,
0001,
0001,
ffff,
fffe,
fffd,
ffff,
0001,
0000,
fffc,
000b,
fffc,
0012,
fff3,
000d,
ffe4,
000b,
fff1,
fffc,
fffa,
fffd,
ffec,
089c,
21a1,
fe0b,
cdf8,
e3cf,
f1e2,
0f0a,
33f3,
2c4b,
137d,
2554,
3eef,
03f7,
d5a3,
ccb2,
bc3e,
d671,
fe7d,
f5f0,
e1a8,
f02b,
0c3f,
189b,
1616,
1390,
0592,
f739,
0815,
1682,
062c,
f73d,
f720,
faef,
fca1,
fd51,
fc6c,
fa8a,
fa74,
fdb8,
fee2,
fc68,
fbd4,
fe35,
012e,
03ff,
073d,
07ec,
04e9,
02f3,
030b,
0134,
fe50,
fc48,
fa9e,
f91e,
fa05,
fd02,
ff1f,
003f,
01a6,
028a,
0335,
03c0,
030d,
013b,
ffb1,
ff38,
ff1f,
ff2b,
fee6,
fe71,
fe3c,
fea5,
ff24,
ffa8,
ffc2,
ff9b,
ffcf,
001e,
0017,
0042,
00be,
ff7f,
fd88,
fd70,
fec8,
00d8,
027d,
02a8,
027b,
0216,
0141,
ffff,
ffff,
0000,
ffff,
fffe,
fffe,
ffff,
0000,
ffff,
fffe,
fffe,
fffe,
0000,
0003,
0002,
0001,
0000,
0000,
fffe,
fffe,
fffc,
ffff,
0001,
fffd,
fffd,
0008,
fffd,
000f,
fff0,
0010,
ffda,
001b,
ffda,
001a,
ffd4,
002f,
fff6,
0d81,
1f34,
ef5f,
d228,
eddb,
f4e1,
146c,
3347,
265e,
0ec3,
27fc,
3874,
f765,
d625,
d649,
c1f0,
d577,
fdda,
f3c5,
e2df,
f75d,
117a,
154f,
126b,
155d,
07ca,
f95f,
0768,
10d8,
01bb,
f6f3,
f793,
f986,
fad9,
fdbb,
fe30,
fbd2,
fb77,
ff26,
0014,
fda0,
fd69,
ff9d,
0151,
031a,
066c,
070e,
037b,
0176,
01d2,
001a,
fd83,
fbda,
faad,
f997,
fb26,
fe46,
0038,
0167,
0284,
02d6,
032f,
0383,
0296,
00b0,
ff25,
fe82,
fe7a,
feb2,
fe99,
fe5c,
fe55,
feec,
ff7b,
000d,
0027,
000b,
fff0,
ffeb,
0017,
00a2,
008b,
febe,
fd65,
fdad,
ff2c,
0165,
028f,
0259,
01fa,
014c,
0001,
0001,
0000,
0000,
ffff,
fffe,
fffe,
fffe,
0000,
ffff,
fffe,
ffff,
ffff,
0001,
0003,
0003,
0002,
0000,
0000,
fffe,
fffe,
fffd,
0000,
0000,
fffb,
0000,
0005,
ffff,
000b,
fff3,
000e,
ffdb,
0020,
ffd1,
0029,
ffc2,
0043,
0076,
116f,
1967,
e586,
daac,
f446,
f665,
185c,
3075,
1f8c,
0cbc,
2b34,
2faf,
eee0,
da3b,
dbb0,
c72d,
d971,
fbdb,
f053,
e5ed,
fd05,
1299,
1248,
1073,
146c,
093f,
fee3,
07d8,
093f,
fd34,
f8b4,
f90b,
f791,
f903,
fded,
ff46,
fcdc,
fcf7,
0062,
00fc,
fef3,
feaa,
007c,
0188,
02db,
0565,
0560,
0209,
006b,
006c,
fefa,
fd15,
fc09,
fb4a,
fac1,
fc99,
ff7a,
00ed,
01a1,
027f,
02df,
033d,
02fc,
01cf,
0041,
ff06,
fe77,
fe6c,
fea1,
fe85,
fe35,
fe57,
ff0c,
ff9e,
0001,
001a,
0003,
ffee,
001e,
008a,
00fe,
0012,
fe4a,
fd8f,
fe08,
ffba,
01cf,
0262,
01e7,
0178,
0001,
0001,
0000,
0000,
ffff,
fffe,
fffe,
fffe,
0000,
ffff,
fffe,
ffff,
ffff,
0001,
0003,
0003,
0002,
0000,
0000,
fffe,
fffe,
fffd,
0000,
0000,
fffb,
0000,
0005,
ffff,
000b,
fff3,
000e,
ffdb,
0020,
ffd1,
0029,
ffc2,
0043,
0076,
116f,
1967,
e586,
daac,
f446,
f665,
185c,
3075,
1f8c,
0cbc,
2b34,
2faf,
eee0,
da3b,
dbb0,
c72d,
d971,
fbdb,
f053,
e5ed,
fd05,
1299,
1248,
1073,
146c,
093f,
fee3,
07d8,
093f,
fd34,
f8b4,
f90b,
f791,
f903,
fded,
ff46,
fcdc,
fcf7,
0062,
00fc,
fef3,
feaa,
007c,
0188,
02db,
0565,
0560,
0209,
006b,
006c,
fefa,
fd15,
fc09,
fb4a,
fac1,
fc99,
ff7a,
00ed,
01a1,
027f,
02df,
033d,
02fc,
01cf,
0041,
ff06,
fe77,
fe6c,
fea1,
fe85,
fe35,
fe57,
ff0c,
ff9e,
0001,
001a,
0003,
ffee,
001e,
008a,
00fe,
0012,
fe4a,
fd8f,
fe08,
ffba,
01cf,
0262,
01e7,
0178,
0003,
0001,
0000,
0000,
ffff,
fffe,
fffd,
fffe,
fffe,
ffff,
ffff,
ffff,
ffff,
0000,
0001,
0003,
0002,
0002,
0001,
0000,
fffd,
fffd,
fffd,
ffff,
0000,
fffb,
0002,
0001,
0002,
0006,
fff8,
0008,
ffe2,
001d,
ffd2,
002a,
ffc0,
003f,
0147,
139e,
1270,
e174,
e3b4,
f6ed,
f888,
1a3a,
2b4a,
1a3e,
0d20,
2c31,
2686,
eb0b,
df49,
de51,
cb9e,
dfd4,
fac6,
ed57,
e882,
ffb0,
11c6,
1027,
0f8e,
1251,
0927,
03ad,
09c9,
04d3,
f994,
f916,
f9df,
f779,
f8ca,
fcfc,
fe6b,
fdd0,
fef6,
018d,
0112,
ff31,
ff9e,
0181,
0219,
02dd,
0422,
035e,
00c4,
ffeb,
ffb5,
fe33,
fd05,
fcbf,
fc6a,
fc4e,
fddf,
ff9c,
007b,
0163,
024f,
02a7,
02e4,
024a,
0149,
0051,
ff8a,
ff0d,
feea,
feb6,
fe43,
fe0d,
fe71,
fef4,
ff2c,
ff97,
ffe0,
fff4,
fffd,
004e,
00da,
0113,
ffd3,
fe55,
fdc5,
fe4d,
0070,
0251,
0237,
0189,
0002,
0001,
0000,
0000,
0000,
0000,
0000,
0001,
0001,
0000,
0000,
0000,
0000,
0002,
0004,
0003,
0004,
0001,
fffe,
fffa,
fffd,
fffa,
0000,
0000,
fffc,
0000,
0004,
fffd,
000d,
fff2,
0018,
ffdd,
002b,
ffc2,
0045,
ffb0,
005e,
0039,
101f,
179a,
f0e3,
f4a8,
fcba,
f1cc,
0fdd,
1886,
0c18,
1e27,
2784,
f4cd,
e260,
ffd2,
e7c0,
c78b,
e111,
f643,
e8c3,
f514,
114f,
113d,
0d51,
1a8d,
1c69,
0f59,
0cda,
08ff,
fc5a,
f846,
fa9c,
f539,
f11e,
f334,
f5b9,
f756,
f6e6,
f70a,
fa1f,
fd62,
0058,
0441,
068c,
06ca,
0965,
0c23,
0a2a,
06cd,
04b1,
017e,
fd9c,
fbb3,
f9e5,
f79f,
f71a,
f7e8,
f917,
fb3d,
fe1f,
006f,
023d,
03f4,
0510,
0587,
054e,
0492,
0336,
0163,
ff8f,
fe44,
fd82,
fcb9,
fc2e,
fc19,
fca5,
fd8d,
fe95,
ffa3,
009e,
017a,
01c6,
018d,
018b,
01aa,
0197,
0138,
00a0,
fff4,
ff59,
ff0f,
0003,
0003,
0001,
0002,
0000,
0000,
0001,
ffff,
0000,
0000,
0001,
ffff,
ffff,
ffff,
0002,
0004,
0001,
0003,
0002,
ffff,
fffa,
ffff,
fffc,
ffff,
0001,
fffd,
ffff,
0003,
0001,
0007,
fff5,
0013,
ffe2,
0022,
ffce,
003b,
ffb9,
0055,
007f,
0f55,
140b,
f2bf,
f74f,
fc98,
f38f,
0d8e,
158a,
0c03,
1b73,
233c,
f7fd,
e749,
fdd7,
e966,
ce8c,
e356,
f576,
eb21,
f5c8,
0df7,
0f56,
0c50,
16e5,
18d3,
0e40,
0bcf,
091e,
fe84,
f9c7,
fb8b,
f7b8,
f30c,
f39c,
f5e6,
f69c,
f657,
f821,
fb92,
fd99,
0004,
0470,
06cc,
05f1,
0743,
09f2,
08a3,
058d,
03b2,
013e,
fe18,
fc3f,
faa5,
f8d5,
f852,
f910,
fa0d,
fbcb,
fe68,
00b1,
0245,
03a5,
04b1,
050f,
04a9,
03b9,
027b,
00ed,
ff39,
fe0b,
fd60,
fce1,
fcb0,
fcd1,
fd55,
fe19,
ff02,
ffce,
009d,
014d,
017a,
0157,
015b,
016b,
0136,
00d3,
0057,
ffc6,
ff5c,
0000,
0000,
0001,
0002,
0000,
0001,
0001,
0000,
0000,
0000,
0001,
0001,
0000,
fffe,
0000,
0003,
0003,
0003,
0004,
0001,
fffd,
fffb,
fffd,
fffc,
0000,
ffff,
fffc,
0002,
0001,
0000,
0007,
fff8,
000e,
ffec,
001b,
ffd8,
0030,
ffc5,
004a,
00d5,
0eda,
1087,
f40c,
f968,
fc36,
f5a9,
0c4c,
1331,
0bed,
19a4,
1f2b,
f943,
eacd,
fc76,
ead3,
d42f,
e5f9,
f55a,
ecfa,
f6f5,
0bfd,
0d8d,
0ad8,
1438,
15f5,
0cd9,
0b63,
0949,
ff99,
fac5,
fbd4,
f8b0,
f4e2,
f4cd,
f5c7,
f624,
f704,
f978,
fc2c,
fdd3,
001c,
0449,
06be,
05d1,
05cf,
0749,
06a8,
04ae,
0311,
009b,
fe17,
fccf,
fb5b,
f9c4,
f986,
fa28,
fafe,
fcac,
ff2e,
013a,
027c,
0380,
0424,
044a,
03b4,
02c7,
01a0,
0053,
fef7,
fde5,
fd5d,
fd16,
fd34,
fd80,
fdef,
fe7b,
ff42,
0021,
00c3,
0132,
0140,
0120,
0128,
0134,
010a,
0095,
0019,
ffac,
0001,
0000,
0000,
0002,
0001,
0000,
0000,
0000,
0000,
0000,
0000,
0000,
0000,
ffff,
ffff,
0000,
0001,
0002,
0002,
0002,
0001,
fffe,
fffc,
fffd,
fffd,
ffff,
0000,
fffd,
0001,
0001,
0001,
0003,
fffc,
000a,
ffee,
0016,
ffe0,
0023,
ffd2,
003f,
00fc,
0db4,
0e35,
f59c,
fa9f,
fc82,
f716,
0aec,
113d,
0b4d,
176c,
1c28,
fae0,
ed58,
fc4a,
ed35,
d930,
e832,
f57b,
ee7e,
f738,
09d6,
0b34,
0924,
11e8,
136e,
0c48,
0b9e,
0976,
0051,
fbc1,
fc3d,
f934,
f667,
f62b,
f60f,
f688,
f7be,
f996,
fc37,
fe47,
0060,
03a4,
05ac,
04ff,
04e8,
05d9,
0535,
03aa,
0251,
0084,
fe80,
fd5a,
fc46,
fad1,
fa79,
fb2b,
fc1d,
fdaf,
ffaa,
0139,
022e,
02ed,
035e,
0354,
02d5,
0211,
0123,
0004,
fee1,
fe1c,
fda6,
fd7e,
fd95,
fdd9,
fe48,
fee3,
ff95,
0028,
00b4,
010a,
0113,
00f2,
0106,
0118,
00e7,
0090,
000a,
0001,
0001,
0001,
0000,
0000,
0001,
0000,
0000,
0000,
0000,
0000,
0001,
0000,
ffff,
ffff,
0001,
0001,
0001,
0003,
0003,
0002,
0000,
ffff,
fffd,
fffc,
fffd,
0000,
fffe,
fffd,
0003,
0000,
0000,
0003,
fffe,
0009,
fff2,
0014,
ffe6,
001c,
ffdd,
0035,
00f7,
0c47,
0c99,
f737,
fb89,
fce1,
f84e,
098d,
0f3d,
0a84,
150b,
19c7,
fcad,
efc4,
fca7,
efec,
ddd3,
ea0f,
f5ad,
ef7f,
f707,
074d,
08dd,
07ce,
0fab,
11cd,
0c52,
0b6d,
094b,
0122,
fcbc,
fcb8,
fa02,
f796,
f74d,
f6d9,
f6ed,
f7da,
f9ad,
fc92,
fe87,
ffd3,
0215,
0423,
0497,
04cb,
04e2,
03d9,
02c8,
023f,
010c,
ff37,
fdf0,
fcfe,
fc07,
fbb1,
fbf6,
fcb8,
fdfc,
ff75,
00bb,
0197,
0244,
02ad,
02c0,
025d,
01a9,
00d7,
fff8,
ff10,
fe6f,
fe19,
fddd,
fdd7,
fe14,
fe83,
ff04,
ff99,
001c,
0090,
00f3,
0113,
00f3,
00ec,
00f9,
00d0,
0064,
ffff,
0000,
0000,
0000,
0001,
0001,
0002,
0002,
0002,
0001,
0001,
0001,
0001,
0001,
0001,
0000,
ffff,
0000,
0002,
0002,
0001,
0002,
0001,
ffff,
fffd,
ffff,
fffe,
0000,
0000,
fffe,
0001,
0001,
0002,
0004,
ffff,
0008,
fff4,
0012,
ffe9,
0017,
ffe8,
0031,
00d0,
0a9f,
0b84,
f906,
fc02,
fd81,
f97c,
07c3,
0d69,
099a,
1283,
17d6,
fedd,
f22e,
fd1e,
f2ea,
e23a,
eb7e,
f590,
f06b,
f671,
0474,
0719,
06c5,
0dee,
1078,
0bea,
0b26,
093b,
01f8,
fdbf,
fda0,
fb15,
f84b,
f782,
f767,
f7b7,
f86e,
fa0f,
fc21,
fd77,
fe9e,
0128,
0385,
03f8,
0416,
0438,
0383,
02e0,
02e4,
01cb,
ffcb,
fead,
fde7,
fce3,
fc4c,
fc23,
fc64,
fd80,
ff1b,
0050,
011a,
01df,
0256,
025b,
0212,
019c,
00eb,
001b,
ff5e,
feca,
fe60,
fe25,
fe16,
fe2b,
fe76,
fefa,
ff86,
0003,
0081,
00f3,
011a,
00f4,
00d8,
00c2,
008c,
fffe,
ffff,
ffff,
0000,
0000,
0000,
0001,
0001,
0002,
0001,
0000,
0002,
0001,
0000,
0001,
0000,
0000,
0000,
0000,
0000,
0001,
0000,
0002,
0001,
ffff,
fffe,
ffff,
fffe,
0000,
0000,
ffff,
0000,
0001,
0001,
0003,
fffe,
0007,
fff6,
000f,
ffeb,
0012,
fff3,
0029,
0093,
08da,
0ac6,
fae4,
fc3e,
fe58,
fa66,
05d5,
0bb0,
08a0,
0ffb,
161a,
017a,
f488,
fd9c,
f5f4,
e645,
ec5f,
f57a,
f172,
f549,
01f8,
0621,
05d8,
0bcc,
0f20,
0bd9,
0ac9,
0928,
0315,
ff35,
fe52,
fb3c,
f860,
f7fd,
f877,
f8cc,
f8ae,
f90a,
fae0,
fccb,
fe41,
0070,
027d,
0323,
03b4,
04a0,
0475,
03b8,
035c,
0250,
0095,
ff4e,
fe27,
fcc2,
fbf0,
fbd2,
fc0d,
fd09,
feaf,
0018,
00f2,
0197,
0214,
0245,
0231,
01df,
0131,
0055,
ff82,
feef,
fe94,
fe54,
fe32,
fe2e,
fe64,
fecd,
ff5c,
ffee,
0079,
00e9,
0107,
00e4,
00c4,
00a7,
fffe,
fffe,
ffff,
ffff,
ffff,
ffff,
0000,
0001,
0001,
0001,
0002,
0002,
0001,
0000,
0001,
0000,
0000,
0000,
ffff,
ffff,
0000,
0000,
0000,
0001,
0000,
0000,
fffe,
ffff,
ffff,
0000,
0000,
ffff,
0000,
0002,
0001,
0003,
fffd,
0008,
fff6,
000d,
ffef,
000f,
fffb,
001a,
0064,
0702,
0a28,
fcdf,
fc58,
ff31,
fb4a,
03d8,
09ed,
07ca,
0d6e,
1465,
0470,
f70e,
fdd3,
f8b1,
ea27,
ed16,
f588,
f254,
f468,
000c,
04c8,
04a2,
0a0c,
0e24,
0bbf,
0a6e,
097d,
044f,
ffb6,
fe16,
fba0,
f967,
f90a,
f8cf,
f841,
f7f1,
f895,
fa96,
fc3d,
fd7d,
ffb2,
0207,
033f,
0468,
05be,
057c,
0458,
03ac,
02ae,
00cd,
ff06,
fd9a,
fc29,
fb71,
fb77,
fbee,
fce7,
fe67,
ffeb,
00db,
01a3,
024a,
0297,
0267,
01fd,
0167,
007d,
ff9b,
ff02,
feac,
fe69,
fe34,
fe22,
fe3f,
fea5,
ff3e,
ffcb,
0053,
00d1,
0107,
00e1,
00c1,
fffc,
fffd,
fffd,
fffe,
ffff,
fffe,
ffff,
0000,
0002,
0002,
0002,
0002,
0002,
0002,
0001,
0001,
0000,
0000,
ffff,
ffff,
fffe,
ffff,
0000,
0000,
0000,
0000,
0000,
ffff,
0000,
0000,
0000,
0001,
ffff,
ffff,
0002,
0000,
0002,
fffe,
0006,
fff6,
000b,
fff3,
000d,
fffc,
0017,
0038,
0534,
098e,
fed6,
fc67,
fffe,
fc40,
01d1,
082f,
0717,
0af0,
12ad,
0792,
f991,
fd8d,
fb37,
ee0f,
ede6,
f5c3,
f366,
f362,
fda4,
03c1,
040b,
0875,
0d43,
0bd5,
0a18,
0918,
04b7,
0036,
fe84,
fcbd,
fa15,
f853,
f7b6,
f80a,
f84d,
f86f,
f9cb,
fbb2,
fd8f,
0015,
02aa,
042b,
0544,
064b,
0619,
04aa,
0377,
023f,
0037,
fe39,
fcc9,
fbc1,
fb37,
fb58,
fbf9,
fcfa,
fe64,
ffef,
012a,
0205,
0292,
02bb,
0281,
020f,
016d,
0096,
ffaf,
ff0b,
fea5,
fe49,
fe0e,
fe06,
fe33,
fe99,
ff23,
ffb3,
003b,
00b7,
00f5,
00f4,
fffe,
fffe,
fffe,
fffe,
fffe,
ffff,
ffff,
0000,
0000,
0001,
0003,
0002,
0002,
0003,
0002,
0001,
0001,
0001,
0000,
0000,
ffff,
ffff,
0000,
0000,
0001,
0002,
0002,
0001,
0000,
0000,
ffff,
0000,
0001,
ffff,
0000,
0002,
fffe,
0004,
0000,
0005,
fffb,
000a,
fffb,
0008,
0004,
0012,
0017,
039b,
08b3,
00bb,
fca0,
00a1,
fd3e,
fff2,
0673,
067a,
08cc,
10d9,
0a5c,
fc08,
fd3c,
fd80,
f22b,
ef5a,
f577,
f388,
f2c9,
fc24,
02e8,
038f,
074d,
0c48,
0b1a,
0920,
08f2,
05c2,
0129,
fe70,
fc10,
f94f,
f7de,
f7ce,
f830,
f824,
f82f,
f9f0,
fc9a,
fee2,
012b,
035c,
04ca,
05ab,
065b,
05d7,
0429,
02ab,
012a,
ff36,
fd7d,
fc7d,
fbac,
fb45,
fb8b,
fc42,
fd64,
fed4,
0054,
0168,
022e,
02a1,
02c0,
028c,
01fe,
0152,
0092,
ffc1,
fef6,
fe63,
fe16,
fe01,
fe16,
fe46,
fe9c,
ff18,
ff9c,
0022,
00a3,
00f4,
ffff,
fffe,
fffc,
fffc,
fffc,
fffc,
fffe,
ffff,
0000,
0000,
0002,
0002,
0002,
0002,
0001,
0001,
0000,
0000,
ffff,
ffff,
ffff,
fffe,
fffe,
ffff,
ffff,
0000,
0001,
0001,
0001,
0001,
0000,
0000,
ffff,
ffff,
ffff,
fffe,
0001,
ffff,
0002,
fffe,
0002,
fffc,
0004,
0001,
0001,
0009,
000b,
0009,
0241,
0790,
0278,
fd1e,
00ff,
fe3e,
fe62,
04b7,
05f1,
0716,
0ece,
0c63,
fea8,
fd4e,
ffdb,
f61e,
eff2,
f497,
f480,
f332,
fab2,
0221,
0359,
05af,
0a52,
0a9f,
0965,
0941,
05be,
ffb5,
fccb,
fbe5,
f9a9,
f7c8,
f78b,
f850,
f8db,
f977,
fb81,
fe3e,
0043,
01de,
03b5,
04ec,
0540,
056b,
04b7,
02fc,
015e,
0015,
fe93,
fd38,
fc8c,
fc00,
fbbf,
fc28,
fd03,
fe11,
ff52,
009a,
016f,
020c,
0291,
02b3,
0255,
01c6,
012d,
0064,
ff87,
fed0,
fe57,
fe16,
fe0e,
fe2e,
fe59,
fea6,
ff1d,
ff9f,
001f,
00a2,
0000,
ffff,
fffe,
fffd,
fffd,
fffe,
fffe,
ffff,
0001,
0001,
0001,
0002,
0002,
0002,
0002,
0001,
0001,
0000,
ffff,
0000,
ffff,
fffe,
fffe,
ffff,
ffff,
ffff,
0001,
0001,
0002,
0001,
0001,
0001,
0000,
ffff,
ffff,
ffff,
ffff,
0000,
ffff,
0001,
ffff,
0001,
0000,
0004,
0004,
fffd,
000e,
0004,
0008,
0134,
0628,
03eb,
fe02,
010f,
ff2a,
fd49,
02ff,
0567,
05e7,
0c90,
0d93,
021d,
fe2a,
0086,
f8eb,
f1a0,
f476,
f568,
f3ea,
f9ac,
00d7,
0249,
046d,
099f,
0b00,
08cf,
0695,
033e,
feef,
fcf7,
fbdb,
f954,
f7ef,
f896,
fa06,
faef,
fb9a,
fd25,
ff86,
013b,
020b,
0324,
03f9,
03f9,
03b4,
0310,
01c0,
0051,
ff64,
fe7e,
fd90,
fd09,
fcbf,
fcc0,
fd1d,
fdd4,
feab,
ff9c,
0092,
0143,
01dd,
0241,
0252,
0201,
0171,
00d1,
0018,
ff74,
fee0,
fe70,
fe27,
fe1c,
fe4c,
fe84,
fed7,
ff45,
ffbf,
0038,
0001,
0000,
ffff,
fffe,
fffd,
fffd,
fffd,
fffd,
fffe,
0000,
0000,
0000,
0001,
0002,
0001,
0001,
0001,
0000,
ffff,
ffff,
ffff,
fffe,
ffff,
ffff,
fffe,
fffe,
ffff,
0000,
0000,
0001,
0001,
0001,
0000,
ffff,
fffe,
fffe,
ffff,
ffff,
ffff,
ffff,
ffff,
ffff,
fffe,
0004,
0003,
0003,
fff9,
0013,
0004,
0003,
0084,
0499,
04e9,
ff52,
00d6,
ffd6,
fcc2,
0177,
04ce,
0537,
0ac0,
0e5e,
04ce,
fe4c,
011c,
fc66,
f3bf,
f425,
f64c,
f4c3,
f84a,
ff64,
02bd,
0491,
07cd,
083f,
0574,
0419,
0283,
fec4,
fc5f,
fbce,
fa92,
f9f8,
fb32,
fca2,
fd1a,
fd40,
fe6f,
0037,
010e,
011b,
01aa,
0246,
022c,
01f4,
0199,
00bb,
ffd9,
ff73,
fef5,
fe51,
fe07,
fde9,
fdd0,
fe05,
fe86,
ff03,
ff96,
0052,
00fd,
016c,
01ad,
01c7,
0180,
0102,
0080,
0001,
ff88,
fefb,
fe8b,
fe50,
fe5c,
fe9e,
fede,
ff2b,
ff85,
ffde,
0004,
0003,
0002,
0002,
0002,
0001,
0001,
0001,
0002,
0002,
0003,
0004,
0004,
0004,
0004,
0004,
0004,
0003,
0003,
0003,
0003,
0002,
0003,
0002,
0002,
0002,
0002,
0003,
0003,
0004,
0004,
0004,
0004,
0003,
0002,
0001,
0002,
0003,
0003,
0002,
0004,
0001,
0004,
0002,
0009,
0005,
0002,
0006,
0018,
fffe,
0002,
0030,
0315,
054d,
00f7,
0079,
0033,
fcff,
0036,
0462,
05b9,
0897,
0c68,
0771,
00c1,
01bf,
fe90,
f620,
f42b,
f64a,
f5fa,
f8fe,
ff4d,
01c1,
016c,
0330,
053e,
0416,
0243,
00bd,
feb3,
fdc4,
fdcc,
fd4f,
fd3f,
fe24,
feba,
fe94,
fe58,
fead,
ff84,
ffbf,
ff6d,
ffc5,
0068,
008d,
0083,
00a6,
0083,
001a,
0001,
ffef,
ff8b,
ff28,
fef2,
fecc,
fec5,
fee6,
ff07,
ff5d,
fff5,
0073,
00be,
00fc,
0117,
00fd,
00b8,
005f,
0007,
ffa2,
ff32,
feda,
fec2,
fee7,
ff1a,
ff45,
ff6c,
ff99,
0001,
0001,
0001,
0002,
0001,
0000,
ffff,
ffff,
ffff,
ffff,
ffff,
0000,
0000,
0000,
0000,
0001,
0001,
0001,
0001,
0000,
0001,
0001,
0000,
0001,
0000,
0000,
0000,
0000,
0000,
0000,
0001,
0002,
0002,
0001,
0001,
0000,
ffff,
0000,
0000,
ffff,
0001,
0001,
ffff,
0004,
fffd,
0009,
0002,
0003,
0009,
000c,
fffe,
fffd,
0012,
01c6,
0503,
029d,
0047,
003c,
fdee,
0060,
03e5,
0402,
0617,
0bac,
0a9c,
0356,
017d,
ffb7,
f84f,
f4d3,
f7f0,
f90d,
f8ca,
fb01,
fd31,
fe5e,
00c9,
02df,
0198,
0037,
00ef,
0169,
00e3,
00a9,
0081,
003b,
004e,
fff9,
fef2,
fe04,
fda9,
fdd8,
fdd0,
fdab,
fe0a,
febd,
ff66,
ffec,
008d,
00d9,
00dc,
0105,
010d,
00a7,
0026,
ffd8,
ff78,
ff11,
fedd,
fedc,
ff08,
ff44,
ff9f,
fff9,
004a,
008d,
009d,
008c,
005b,
002e,
fff3,
ffa5,
ff78,
ff6b,
ff78,
ff79,
ff69,
ff69,
0000,
0000,
0001,
0001,
0001,
0001,
0001,
0000,
ffff,
ffff,
ffff,
ffff,
ffff,
0000,
0000,
0000,
ffff,
0000,
0000,
0000,
0000,
0001,
0000,
0000,
0001,
0000,
0000,
0000,
ffff,
ffff,
0000,
0000,
0001,
0001,
0002,
0001,
0000,
0000,
0000,
0000,
0000,
0000,
ffff,
ffff,
0002,
fffc,
000a,
0006,
fffc,
000b,
000e,
ffff,
fff9,
0006,
00da,
0449,
040e,
008a,
00e4,
001a,
fef2,
014f,
0403,
05ea,
0a6e,
0c2a,
059e,
0101,
0083,
fc89,
f840,
f84c,
f76a,
f4c9,
f66c,
fab5,
fcb2,
fdb8,
ffab,
00b6,
019a,
03ca,
04ee,
0433,
0363,
0304,
0269,
0154,
ff9f,
fdc9,
fcac,
fc0b,
fbe2,
fc08,
fc39,
fcc2,
fdeb,
ff42,
002b,
00f5,
019f,
01f0,
020f,
0207,
0193,
00db,
0044,
ffae,
ff14,
fead,
fe6b,
fe52,
fe7f,
fee9,
ff5e,
ffc8,
0028,
006e,
008f,
0099,
0094,
0088,
0067,
0027,
ffeb,
ffb5,
ff86,
ff5e,
0000,
0001,
0002,
0002,
0003,
0002,
0002,
0001,
0000,
ffff,
fffe,
fffd,
fffe,
ffff,
ffff,
ffff,
ffff,
0000,
0000,
0001,
0001,
0001,
0001,
0001,
0001,
0001,
0000,
ffff,
ffff,
ffff,
ffff,
ffff,
0000,
0000,
0001,
0001,
0001,
0000,
0000,
0002,
0001,
0000,
ffff,
ffff,
0000,
0001,
0001,
0008,
0003,
fffe,
0015,
000e,
fff6,
ffef,
fff9,
007a,
0384,
0583,
0290,
002b,
ff1e,
ff1a,
01a3,
03ca,
0506,
08ce,
0c22,
080f,
0398,
037b,
ff1f,
f737,
f436,
f446,
f31b,
f3f7,
f780,
fa2f,
fc39,
ffa0,
02f5,
04e4,
06c2,
07d5,
06e6,
0578,
0476,
02e5,
0072,
fdf2,
fc17,
fafa,
fa5a,
fa37,
fabe,
fb8f,
fca2,
fe19,
ff9e,
00df,
01cf,
029e,
02f5,
02df,
0297,
01f1,
012b,
0060,
ff95,
feaf,
fe15,
fdde,
fdc7,
fdf7,
fe57,
fee8,
ff7d,
000b,
0084,
00d8,
0122,
014a,
013c,
00e6,
0076,
0011,
ffb4,
ff61,
ffff,
0000,
0001,
0002,
0002,
0003,
0003,
0002,
0002,
0000,
0000,
ffff,
fffe,
fffe,
fffe,
ffff,
ffff,
0000,
0000,
0001,
0001,
0001,
0002,
0001,
0001,
0001,
0001,
0000,
ffff,
ffff,
ffff,
0000,
0000,
0000,
0001,
0002,
0002,
0001,
0001,
0001,
0000,
0000,
fffe,
fffe,
ffff,
0002,
0003,
fffd,
0009,
0009,
0007,
0012,
0006,
ffe6,
ffec,
0025,
00f1,
0482,
05c6,
00d6,
ff7f,
0170,
00c9,
00d0,
0270,
03c7,
0746,
0de0,
0dd7,
0629,
0075,
fba1,
f4ef,
f266,
f310,
f13c,
f0f5,
f57a,
fab9,
fe41,
01f7,
05a5,
07bd,
0910,
09c8,
0894,
061a,
03e7,
0184,
feb8,
fc0d,
fa3a,
f971,
f925,
f977,
fa94,
fbf4,
fd32,
feb5,
0086,
01e2,
02c5,
0365,
0380,
0317,
02a3,
0212,
0113,
fffd,
ff04,
fe36,
fdb0,
fd77,
fd6e,
fd95,
fe0b,
febc,
ff81,
004b,
0104,
017e,
01b9,
01c3,
0181,
0107,
007f,
ffee,
ff6a,
fffe,
ffff,
0000,
0001,
0002,
0002,
0003,
0002,
0001,
0001,
0000,
fffe,
fffd,
fffe,
fffd,
fffc,
fffd,
ffff,
ffff,
0000,
0000,
0002,
0001,
0001,
0001,
0000,
0000,
ffff,
ffff,
ffff,
ffff,
ffff,
ffff,
0000,
0000,
0001,
0001,
0000,
0001,
0001,
0000,
0000,
fffe,
fffe,
fffe,
0002,
0002,
fffe,
0003,
000f,
000b,
0002,
0009,
fff4,
ffec,
0066,
021c,
0250,
0174,
0323,
02f9,
01b2,
023c,
01a7,
0050,
0031,
02f1,
0a55,
1182,
0d92,
019d,
fad0,
f940,
f5aa,
f1d5,
f075,
ef9c,
f171,
f75e,
fd8e,
013c,
0442,
079b,
098c,
0a63,
0a4d,
0847,
04de,
0207,
ffb7,
fcc6,
fa3f,
f8eb,
f8b8,
f910,
f9d0,
fb48,
fcd6,
fe50,
ffd1,
0173,
02bf,
035b,
0397,
035f,
02eb,
0252,
019b,
00a4,
ff80,
fe96,
fdd0,
fd61,
fd46,
fd5b,
fd81,
fdf8,
fefb,
0017,
00f5,
017d,
01d6,
01fd,
01d6,
0162,
00cb,
003b,
ffa8,
fffe,
ffff,
0000,
0000,
0002,
0002,
0002,
0003,
0002,
0001,
0000,
ffff,
fffe,
fffd,
fffd,
fffd,
fffd,
fffe,
ffff,
0000,
0000,
0001,
0002,
0001,
0001,
0001,
ffff,
ffff,
ffff,
ffff,
ffff,
ffff,
ffff,
0000,
0000,
0000,
0000,
0001,
0001,
0001,
0001,
0000,
fffe,
fffe,
fffe,
0001,
fffe,
0000,
0005,
000b,
000a,
000b,
fffa,
fffa,
0023,
01b8,
02da,
006f,
ff13,
01a5,
046e,
0412,
029b,
03c3,
03f5,
fe20,
fd8c,
067d,
0d36,
0d38,
0690,
fd57,
f8c5,
f912,
f65e,
f11d,
ef92,
f1b9,
f57a,
fa8f,
0045,
03b9,
0586,
0810,
0a21,
0a3b,
08cd,
0645,
02e6,
002f,
fdc9,
fb39,
f954,
f8c0,
f925,
f9c6,
fafa,
fc93,
fe30,
ff74,
00b7,
021f,
0318,
035b,
0310,
02b2,
0253,
01dd,
012e,
0022,
fefe,
fe1c,
fdb0,
fd81,
fd5f,
fd64,
fdcf,
feb3,
ffb2,
0097,
013f,
01ad,
01da,
01c1,
016d,
00f5,
0089,
0005,
fffe,
ffff,
0000,
0001,
0001,
0001,
0002,
0002,
0002,
0002,
0001,
0000,
ffff,
ffff,
fffd,
fffe,
fffe,
fffe,
ffff,
0000,
0001,
0001,
0001,
0002,
0001,
0001,
0001,
0000,
ffff,
ffff,
0000,
0000,
0000,
0000,
0000,
0000,
0000,
0001,
0002,
0001,
0002,
0001,
0001,
ffff,
0000,
0000,
ffff,
0002,
0008,
0006,
000b,
000a,
0005,
fffc,
0152,
0358,
0157,
fe9c,
ffda,
01b5,
0207,
0351,
05d2,
0733,
0658,
fff3,
fa89,
0047,
07f5,
0824,
04f3,
018b,
fc7a,
f96a,
f9c9,
f705,
f281,
f27b,
f60d,
f99e,
fdc0,
01d6,
03d6,
0565,
07dc,
090d,
0813,
0651,
0406,
0128,
fe9a,
fc82,
faac,
f9bb,
f999,
fa2f,
fb55,
fcad,
fdf4,
ff25,
0051,
0157,
0241,
029e,
0264,
023a,
022d,
01f0,
0156,
0074,
ff77,
feb5,
fe4b,
fdef,
fdb1,
fdd1,
fe39,
feab,
ff49,
0013,
00c7,
0133,
015c,
0160,
0145,
0108,
00a9,
002e,
ffff,
ffff,
0000,
0000,
0001,
0000,
0001,
0001,
0001,
0001,
0001,
0001,
0000,
ffff,
fffe,
fffe,
fffe,
fffe,
ffff,
ffff,
0000,
0000,
0001,
0001,
0001,
0001,
0001,
0000,
0001,
0001,
0000,
0001,
0000,
0000,
0000,
0000,
0000,
0000,
0000,
0001,
0001,
0001,
0001,
0001,
0000,
0000,
fffe,
0009,
0002,
0006,
000b,
000c,
0001,
00e1,
038a,
0279,
fea9,
ff0f,
0145,
015a,
00d1,
0291,
07e6,
0b15,
0634,
ffc7,
fcc6,
fcbf,
ffb9,
01fb,
0170,
0092,
004a,
fe77,
fbd4,
faab,
f92e,
f6a9,
f6d6,
fa26,
fcb9,
fe72,
00bc,
033b,
04d9,
05e4,
066a,
05af,
0425,
021e,
fff2,
fdeb,
fc5d,
fb5a,
fae7,
fb26,
fbf0,
fcfc,
fdf5,
fedc,
ffe9,
00b0,
0106,
0156,
01bc,
01cf,
01b1,
0194,
0126,
0085,
ffee,
ff76,
fefb,
feac,
fe97,
fe91,
fea3,
fed7,
ff34,
ff9b,
0000,
0067,
00af,
00e5,
00fc,
00cf,
007f,
0033,
0000,
ffff,
0000,
0000,
ffff,
0000,
0000,
0000,
0001,
0001,
0001,
0001,
0001,
0000,
0000,
ffff,
fffe,
fffe,
ffff,
ffff,
ffff,
0000,
0001,
0000,
0001,
0001,
0000,
0000,
0001,
0001,
0001,
0001,
0000,
0000,
0000,
0000,
ffff,
0000,
0000,
0000,
0002,
0001,
0001,
0001,
0002,
fffd,
0001,
0009,
0001,
0006,
000b,
000a,
0083,
037f,
03c2,
fefd,
fe24,
0107,
0177,
002e,
016c,
066d,
09e3,
07bc,
042a,
00da,
fdff,
fc2f,
fa0f,
fa90,
fd6b,
ff51,
010c,
0244,
00fc,
fe43,
fd2d,
fcab,
fb5e,
fa99,
fb40,
fc64,
fdaf,
ffd2,
01ac,
02b8,
038e,
042d,
03bb,
026e,
012b,
ffc9,
fe42,
fd2f,
fcce,
fcbd,
fcc6,
fd4f,
fe2b,
fee8,
ff41,
ff97,
0018,
0071,
00d6,
010a,
00fd,
00d9,
00bc,
008b,
0034,
001b,
0015,
ffd2,
ff78,
ff45,
ff39,
ff2c,
ff35,
ff33,
ff46,
ff8e,
ffff,
0054,
005d,
0058,
0035,
0010,
0000,
0000,
0000,
ffff,
fffe,
ffff,
ffff,
ffff,
0000,
0001,
0002,
0001,
0001,
0001,
0001,
0000,
0000,
ffff,
fffe,
ffff,
fffe,
ffff,
0000,
0000,
0000,
0001,
0001,
0001,
0001,
0002,
0001,
0001,
0001,
0000,
0000,
ffff,
0000,
0001,
ffff,
0000,
0002,
0001,
0001,
0002,
0004,
fffd,
0005,
0003,
0008,
0004,
0014,
003c,
032c,
0510,
ffd7,
fd1b,
006b,
01bb,
0016,
00af,
0655,
0ad2,
07a5,
02ac,
0123,
00ba,
fe5b,
fa45,
f794,
f731,
f98e,
fe2d,
01ab,
0354,
0481,
03bc,
013d,
008e,
0009,
fce8,
fa26,
fa7c,
fbeb,
fc81,
fdcb,
ffb7,
00fd,
01c9,
027f,
0286,
01f3,
0158,
0073,
ff6e,
fec5,
fe65,
fe0c,
fe01,
fe49,
fe90,
febe,
fee5,
ff4f,
ffb9,
ffce,
ffe4,
0017,
0037,
0028,
0048,
00bc,
011b,
0110,
00b0,
0042,
0005,
ffd9,
ff83,
ff28,
feec,
fed6,
fef2,
ff3b,
ff84,
ffa3,
ffad,
ffd0,
0015,
0001,
0000,
ffff,
ffff,
fffe,
fffe,
fffe,
ffff,
0000,
0001,
0001,
0001,
0001,
0002,
0001,
0000,
0000,
ffff,
ffff,
ffff,
ffff,
ffff,
0000,
0000,
0000,
0001,
0001,
0001,
0001,
0002,
0002,
0001,
0000,
ffff,
ffff,
ffff,
0000,
0000,
ffff,
0001,
0001,
0002,
0001,
0006,
ffff,
0005,
fffd,
000a,
ffff,
001c,
0019,
02a2,
0621,
0143,
fc34,
ff58,
0202,
001e,
0002,
06aa,
0c3f,
085a,
029b,
00bb,
ff0e,
fd7b,
fba3,
f858,
f693,
f7ab,
f9d8,
fd1b,
0148,
0499,
0628,
06b4,
0672,
0448,
0137,
fe8b,
fbaf,
f9bd,
f9a7,
fa4b,
fb06,
fc86,
fe53,
ffc2,
00df,
01ed,
028a,
028b,
0248,
01a5,
00ce,
000d,
ff65,
feab,
fe59,
fe6c,
fe85,
fe8e,
fe89,
fe9e,
fece,
ff0a,
ff20,
ff3f,
ffd9,
00be,
0161,
0195,
018b,
0162,
010f,
00a4,
003d,
ffce,
ff46,
fecb,
fe8c,
fe7d,
fe8e,
fea8,
fece,
ff21,
ffa8,
0037,
0000,
ffff,
fffe,
fffd,
fffd,
fffd,
fffe,
fffe,
0000,
ffff,
0000,
0000,
0001,
0001,
0001,
0000,
0000,
ffff,
ffff,
fffe,
ffff,
ffff,
fffe,
fffe,
ffff,
0000,
0001,
0001,
0002,
0001,
0001,
0000,
ffff,
ffff,
ffff,
ffff,
fffe,
fffe,
0000,
ffff,
0001,
fffe,
0006,
fffe,
0004,
fffe,
0007,
0000,
0013,
0012,
020b,
06db,
0315,
fb9a,
fde9,
020b,
006d,
ff67,
06c2,
0e20,
0993,
024e,
00c2,
ff11,
fc5c,
f99b,
f693,
f64e,
f824,
fa09,
fc41,
fe75,
0193,
0508,
072a,
0887,
08d2,
0646,
01f2,
fec7,
fd05,
faa3,
f886,
f884,
f97a,
fa48,
fbbf,
fdd6,
ffa3,
0133,
0294,
0359,
0384,
0367,
02b1,
0166,
0051,
ff9f,
ff00,
fe80,
fe25,
fdf0,
fdca,
fdc8,
fdef,
fe02,
fe4d,
ff27,
003b,
010e,
016e,
01b8,
01ec,
01c4,
017a,
0129,
00a8,
ffee,
ff4a,
fec1,
fe6a,
fe38,
fe04,
fdf7,
fe3f,
fef6,
ffaa,
0034,
ffff,
ffff,
ffff,
fffd,
fffd,
fffe,
ffff,
0000,
ffff,
0000,
0001,
0001,
0001,
0001,
0001,
0000,
0000,
0000,
ffff,
ffff,
ffff,
ffff,
fffe,
ffff,
0000,
0001,
0001,
0002,
0002,
0001,
0000,
ffff,
ffff,
ffff,
0000,
ffff,
fffe,
0000,
ffff,
0003,
ffff,
0003,
0002,
0002,
0000,
0004,
0006,
000b,
0015,
017f,
0743,
052f,
fb6f,
fc1b,
01c0,
00e3,
fefa,
06e3,
101c,
0aef,
021e,
00e9,
ff28,
fb97,
f8c0,
f4db,
f357,
f65e,
fa64,
fcdf,
fefd,
0215,
03f3,
0521,
07d3,
0982,
07bd,
0515,
0292,
ff86,
fcd2,
fb06,
f98d,
f839,
f820,
f91c,
fa6a,
fc47,
feb5,
00c7,
0231,
0382,
047c,
0432,
036d,
02b9,
01c7,
0098,
ff6d,
fe81,
fdb9,
fd52,
fd39,
fd16,
fd08,
fda1,
fe9e,
ff79,
003b,
00ea,
0187,
01d0,
01da,
01e7,
01cd,
016a,
00b5,
ffdf,
ff33,
fec5,
fe7a,
fe18,
fdc0,
fdc3,
fe36,
fef6,
ffa5,
0025,
ffff,
fffe,
fffe,
fffe,
fffe,
ffff,
0000,
0000,
ffff,
ffff,
0001,
0001,
0000,
0000,
0001,
0000,
0000,
0000,
0000,
0000,
ffff,
ffff,
ffff,
0000,
0000,
0001,
0002,
0001,
0000,
ffff,
ffff,
ffff,
ffff,
ffff,
ffff,
fffd,
0000,
0000,
0001,
ffff,
0002,
0003,
ffff,
0001,
fffd,
000c,
ffff,
0020,
010e,
0751,
0755,
fbd2,
fa2b,
0111,
0149,
feb3,
0723,
1241,
0c6b,
01b8,
00f9,
ffb5,
fae5,
f7b6,
f3a6,
f115,
f467,
f934,
fbfb,
fedc,
0338,
05d2,
0653,
077b,
0843,
0710,
0503,
032d,
0176,
ff6c,
fcee,
fb38,
fa77,
f937,
f81a,
f8b9,
fa4e,
fbff,
fdf4,
0038,
01fd,
031b,
0411,
0486,
045c,
03c4,
028f,
0103,
ffa1,
fe82,
fd8e,
fcd6,
fc9d,
fcd3,
fd3b,
fdd9,
fec0,
ffa5,
005c,
00d7,
0146,
01a8,
01eb,
01f9,
01ae,
011a,
005d,
ffad,
ff34,
feec,
fe8e,
fe1e,
fde3,
fe16,
fe9c,
ff1a,
ff88,
fffc,
ffff,
fffe,
fffe,
fffe,
0000,
0000,
ffff,
0000,
0001,
0000,
0000,
0001,
0001,
0000,
0000,
0000,
0000,
0001,
0000,
0000,
ffff,
ffff,
0000,
0001,
0001,
0001,
0001,
0000,
ffff,
fffe,
ffff,
ffff,
ffff,
0000,
ffff,
ffff,
0000,
0001,
0001,
0000,
0004,
fffe,
0005,
fff8,
000e,
fff8,
0029,
00bb,
0735,
095d,
fca7,
f83a,
0017,
01b3,
fe6e,
0762,
1496,
0e19,
014d,
00dd,
002e,
fa67,
f6d6,
f27e,
eee1,
f272,
f86b,
fb81,
fde4,
02b6,
06df,
0807,
0971,
09f9,
06e7,
0361,
0223,
00f8,
ff16,
fdd7,
fd53,
fc2d,
fa94,
f9f4,
f9e7,
f9f4,
fade,
fc85,
fe1d,
ff50,
011d,
02e5,
03cd,
047a,
0490,
03c4,
0272,
0122,
ffb5,
fe57,
fd89,
fd3a,
fce7,
fcc5,
fd59,
fe4f,
ff33,
ffd0,
004c,
00c8,
012c,
0182,
01bd,
01a3,
012c,
0080,
ffd6,
ff7b,
ff56,
ff0f,
fe9b,
fe55,
fe7c,
fecf,
ff15,
ff48,
ff90,
ffdb,
fffe,
fffd,
fffe,
ffff,
0001,
0000,
ffff,
0001,
0000,
0000,
0000,
0001,
0001,
ffff,
0000,
0000,
0000,
0000,
0000,
0000,
fffe,
0000,
0001,
0002,
0001,
0001,
0000,
fffe,
fffd,
fffe,
fffe,
ffff,
ffff,
ffff,
fffe,
0000,
0001,
0002,
ffff,
0005,
fffa,
0009,
fff4,
0011,
ffef,
002a,
0081,
0703,
0b40,
fdbf,
f650,
fed4,
021e,
fe43,
07b8,
171a,
0fac,
00c6,
00f9,
00b0,
f988,
f5d9,
f1bd,
ecd0,
f043,
f7bb,
fb24,
fd3a,
02ac,
074d,
085f,
0aa1,
0bed,
08a2,
0433,
0181,
ff68,
fdab,
fc9a,
fc7a,
fcf9,
fc82,
fb45,
fb21,
fbe9,
fc53,
fc9d,
fd1f,
fe04,
ff74,
0110,
025d,
0336,
03be,
03ac,
02e8,
01c8,
0097,
ffc3,
ff1a,
fe2f,
fd4b,
fd00,
fd5e,
fe16,
fee1,
ff78,
ffe6,
0069,
00da,
010e,
012c,
0137,
00f6,
005d,
ffd0,
ff89,
ff6d,
ff40,
ff00,
fed9,
fef7,
ff39,
ff65,
ff80,
ffa9,
ffd0,
ffdc,
fffd,
fffe,
ffff,
0001,
0001,
0001,
0000,
0000,
0000,
0000,
0001,
0000,
ffff,
ffff,
0000,
0000,
0000,
0000,
0000,
ffff,
ffff,
0001,
0002,
0002,
0002,
0001,
ffff,
fffd,
fffe,
fffe,
fffe,
ffff,
fffe,
fffe,
0000,
0000,
0004,
fffe,
0007,
fff8,
0009,
fff2,
0015,
ffed,
0028,
0054,
06c4,
0cf9,
ff1f,
f48d,
fd3e,
0282,
fe35,
07ff,
19d7,
1158,
fffc,
0108,
01a3,
f89d,
f45f,
f116,
eb0b,
ee15,
f6fd,
fae8,
fcaa,
027f,
0807,
0926,
0b36,
0cfe,
09d4,
04e4,
0258,
fffb,
fca5,
fab1,
fad2,
fbb5,
fbd7,
fc23,
fcdb,
fd37,
fd86,
fe22,
febb,
fead,
ff1a,
0021,
00cd,
018c,
0264,
028c,
01b1,
0114,
011c,
00f5,
001c,
ff17,
fe42,
fda9,
fdc1,
fe60,
ff15,
ff71,
ffc0,
002a,
0074,
00c0,
00fa,
00cb,
0051,
ffee,
ff97,
ff5a,
ff50,
ff46,
ff24,
ff15,
ff45,
ff8c,
ffc0,
fffc,
0027,
0030,
0022,
fff7,
fffe,
ffff,
0001,
0001,
0000,
0001,
0001,
0001,
0001,
0001,
0001,
0000,
0000,
ffff,
0000,
0001,
0000,
ffff,
ffff,
0001,
0002,
0003,
0003,
0002,
0001,
ffff,
fffe,
fffe,
fffe,
ffff,
0000,
fffe,
fffe,
0002,
0001,
0004,
fffd,
0008,
fff6,
000a,
fff1,
0014,
fff0,
0027,
0036,
067e,
0e79,
00a8,
f30b,
fb7b,
02bc,
fe49,
083a,
1c9c,
132c,
ff1a,
00fa,
02ba,
f7ee,
f284,
f05b,
e999,
ebb5,
f63e,
fae4,
fc1b,
0264,
08d4,
09c7,
0be9,
0e48,
0acf,
0525,
0262,
0053,
fd09,
fa71,
f973,
f9f4,
fa9a,
fb39,
fc91,
fdc2,
fe7c,
ffab,
00af,
00a4,
0068,
008c,
0091,
00d5,
013a,
00ca,
fffc,
001e,
009a,
0067,
0010,
ffaf,
ff08,
fe61,
fe6b,
ff21,
ffb5,
ffe0,
fff8,
0038,
007a,
00aa,
00b7,
0081,
0016,
ff77,
fee0,
feb4,
ff09,
ff4c,
ff1d,
fefa,
ff31,
ffaf,
002b,
007d,
00b0,
00bc,
009e,
0051,
fff2,
0000,
0000,
0000,
0001,
0002,
0001,
0001,
0002,
0002,
0001,
ffff,
0000,
0000,
0000,
0000,
0000,
0000,
ffff,
0000,
0002,
0004,
0003,
0003,
0001,
ffff,
fffd,
fffe,
fffe,
ffff,
ffff,
fffe,
fffd,
0001,
0001,
0006,
fffd,
0009,
fff6,
000a,
fff0,
0014,
ffef,
0029,
0025,
064c,
0fc1,
0225,
f1d9,
f99e,
02ca,
fe76,
0873,
1f75,
151d,
fe2d,
00dc,
03d3,
f76f,
f088,
ef34,
e86f,
e981,
f52f,
fae7,
fba6,
0270,
09c5,
0a92,
0c75,
0f41,
0c18,
05c9,
0242,
0015,
fc98,
fa19,
f974,
f96b,
f96b,
fa38,
fb4f,
fc8e,
fe92,
00ed,
0242,
01f7,
01ee,
0252,
01db,
0128,
00c3,
0040,
ff7b,
fece,
feb3,
ff1f,
ff76,
ff38,
fe8f,
fe5d,
ff0a,
fff0,
0089,
00b6,
00b4,
00bf,
00d1,
00d1,
00d8,
0099,
ffe6,
ff0b,
fe51,
fe1b,
fe6c,
fec6,
fec9,
feba,
ff12,
ffb9,
0053,
00d3,
012c,
0156,
011e,
009c,
001e,
ffe6,
0000,
0001,
0001,
0001,
0002,
0003,
0003,
0002,
0001,
0000,
ffff,
ffff,
0000,
0001,
ffff,
ffff,
ffff,
0000,
0001,
0003,
0004,
0003,
0001,
0000,
fffe,
fffe,
fffe,
0000,
ffff,
fffe,
fffd,
0001,
ffff,
0005,
fffc,
0009,
fff3,
0008,
fff0,
0012,
ffef,
0027,
001d,
0628,
10d5,
0396,
f100,
f7d2,
0294,
feb9,
088a,
220b,
175f,
fd64,
009c,
04e4,
f718,
eeae,
ede4,
e72e,
e773,
f416,
faf8,
fb1e,
0230,
0af5,
0b9b,
0d01,
1033,
0d0b,
0673,
0293,
fff6,
fc09,
f952,
f8ca,
f946,
f93a,
f904,
fa6d,
fc95,
fe02,
ffe6,
0252,
035d,
0357,
0373,
032e,
027e,
0242,
0180,
ff48,
fd94,
fd8b,
fe0d,
fe0f,
fda9,
fd7d,
fdb8,
fe8f,
ffde,
0129,
01a9,
01bc,
01cb,
019e,
0180,
015f,
00dd,
ffdb,
fecf,
fe03,
fdaa,
fdd8,
fe18,
fe0f,
fe2f,
fed6,
ffa9,
006a,
0111,
0173,
018f,
0167,
00f5,
0081,
004a,
002f,
0001,
0000,
0000,
0001,
0003,
0003,
0001,
0001,
0001,
ffff,
fffe,
0000,
0002,
0000,
fffd,
fffe,
ffff,
0000,
0002,
0004,
0003,
0001,
ffff,
fffe,
fffd,
fffe,
0000,
0000,
fffe,
fffc,
0001,
fffe,
0004,
fffc,
000a,
fff3,
0008,
ffef,
0012,
ffed,
0024,
0019,
062e,
11b8,
04b3,
f073,
f64b,
0223,
ff01,
08bd,
2440,
19b8,
fd04,
0047,
05bf,
f6d4,
ecd5,
ec8e,
e610,
e54e,
f2b6,
fb1f,
faff,
01d9,
0bc7,
0cd9,
0dba,
1126,
0e30,
06e0,
0284,
fff5,
fbee,
f8bb,
f829,
f848,
f7c7,
f908,
fb28,
fc67,
fd37,
ff3d,
0202,
0329,
03a3,
040b,
0419,
047b,
0495,
02c8,
ffe4,
fe13,
fd6a,
fceb,
fc80,
fc4f,
fc0f,
fc23,
fd68,
ff67,
0129,
0205,
0242,
028c,
02d0,
02c8,
0263,
0183,
0032,
fec4,
fdb3,
fd41,
fd67,
fdb0,
fd9c,
fd98,
fe39,
ff4e,
004e,
011b,
0186,
018b,
0170,
0145,
0118,
00df,
0096,
003e,
0001,
0000,
0001,
0001,
0002,
0002,
0002,
0002,
0000,
ffff,
0000,
0002,
0000,
fffe,
fffe,
ffff,
0000,
0002,
0004,
0005,
0001,
ffff,
fffd,
fffd,
fffd,
0000,
0000,
fffe,
fffc,
0002,
ffff,
0004,
fffc,
000b,
fff2,
0009,
fff0,
0012,
ffea,
0022,
0014,
0656,
1261,
0584,
f052,
f51f,
017f,
ff3a,
0903,
25b3,
1bf7,
fd80,
0006,
0636,
f6b5,
eb38,
eaf3,
e53d,
e38b,
f0cc,
fad7,
fb35,
01cc,
0c62,
0e0f,
0e66,
11cd,
0f87,
07ae,
0254,
ffb5,
fbe5,
f87d,
f6e2,
f739,
f7f0,
f8ab,
fa64,
fc54,
fd85,
ff12,
01a7,
02d4,
02ce,
03b6,
0582,
064c,
0554,
03c5,
01af,
ff87,
fdc0,
fc98,
fbf6,
fb27,
fa72,
fa90,
fc0e,
fe60,
00a2,
01e3,
026a,
0300,
0389,
03bc,
0375,
027b,
00e5,
ff27,
fdb1,
fd11,
fd2c,
fd69,
fd4d,
fd4b,
fdd6,
febf,
ffc2,
00ba,
015e,
0186,
0186,
0180,
0168,
014c,
011b,
00c0,
0037,
ffff,
0001,
0002,
0002,
0001,
0001,
0001,
0000,
fffe,
0000,
0002,
0000,
fffe,
fffd,
fffe,
ffff,
0002,
0004,
0003,
0001,
ffff,
fffc,
fffc,
fffd,
0000,
0000,
fffe,
fffc,
0001,
fffe,
0004,
fffb,
000b,
fff1,
0009,
ffed,
0015,
ffe5,
0025,
0008,
06a5,
12e3,
05d4,
f09f,
f46b,
0096,
ff6b,
0980,
2657,
1dbf,
feff,
0010,
0636,
f6a5,
e9f8,
e929,
e456,
e25c,
eeab,
f9f4,
fb61,
01f7,
0cf5,
0f53,
0f9a,
1213,
1007,
08dd,
02e8,
ff88,
fb42,
f702,
f64a,
f7c5,
f7c6,
f806,
f9b7,
fba7,
fd5b,
ff92,
01ac,
01fb,
02a2,
04cc,
05d4,
05d3,
0603,
0550,
02d3,
0017,
fe74,
fd46,
fbfa,
fab7,
f9cb,
f996,
fad2,
fd17,
ff71,
0137,
026c,
0348,
03ea,
044f,
0430,
0329,
0159,
ff8f,
fe2d,
fd6c,
fd3d,
fd51,
fd42,
fd1d,
fd79,
fe3d,
ff26,
0029,
0123,
01b1,
01ab,
0173,
0159,
017e,
018c,
0142,
008c,
ff9e,
0002,
0001,
0001,
0003,
0002,
0000,
0000,
0001,
0000,
0000,
0000,
0000,
fffe,
fffe,
0000,
0003,
0003,
0003,
0002,
fffe,
fffb,
fffd,
fffe,
0000,
ffff,
ffff,
fffc,
0000,
ffff,
0007,
fffb,
000c,
ffef,
000d,
ffe7,
001a,
ffde,
002c,
fff3,
0701,
1369,
057f,
f14a,
f4a5,
ff4e,
ff43,
0a53,
2634,
1e97,
019f,
00d8,
0580,
f6c2,
e95e,
e741,
e347,
e1ae,
ec7f,
f864,
fb7e,
020a,
0d40,
10a7,
1138,
127f,
101c,
09dd,
0409,
ff23,
f9b9,
f67c,
f67e,
f7a4,
f785,
f78d,
f925,
fb69,
fd33,
fed3,
00e3,
029d,
0411,
050b,
0577,
061c,
0662,
0575,
032c,
00d3,
fee8,
fd40,
fc3b,
fb44,
fa14,
f95b,
fa2c,
fc33,
fe9d,
008b,
01d1,
02dd,
03d0,
048d,
0481,
036f,
01e1,
003a,
feab,
fda7,
fd6a,
fd71,
fd4b,
fd20,
fd45,
fdd3,
fec7,
0010,
0106,
0179,
018a,
017f,
017c,
0188,
018a,
0145,
00b6,
ffe3,
ff08,
0001,
0001,
0001,
0001,
0001,
ffff,
fffe,
0000,
0001,
ffff,
fffe,
fffe,
fffe,
ffff,
0001,
0003,
0003,
0000,
ffff,
fffc,
fffd,
fffd,
ffff,
0000,
fffe,
fffc,
0002,
fffd,
0007,
fff9,
0010,
ffeb,
0011,
ffe2,
001f,
ffd8,
0031,
ffdc,
072f,
1444,
04ad,
f1a4,
f622,
fe21,
fe2c,
0b37,
25f3,
1e42,
04dc,
0310,
042c,
f674,
e9e3,
e59c,
e1b4,
e165,
ea7d,
f5f6,
fb72,
022d,
0d05,
11bc,
131d,
1350,
108d,
0adc,
0463,
fe2a,
f991,
f6a4,
f5bb,
f74c,
f750,
f73d,
f8ee,
fb43,
fc64,
fe0a,
0143,
0370,
041f,
0520,
0664,
06d3,
0657,
04fb,
02f9,
00b4,
fece,
fd94,
fc90,
fb73,
fa5b,
f9b9,
fa6f,
fc50,
fe72,
fff8,
0137,
027f,
0377,
03f5,
03fc,
037a,
025e,
00dc,
ff42,
fe06,
fd8a,
fd6d,
fd45,
fd03,
fd19,
fdc6,
fed2,
0020,
010b,
017d,
0182,
0174,
017c,
017f,
0167,
0112,
0096,
ffdd,
ff21,
fea8,
0004,
0003,
0002,
0000,
0000,
ffff,
0000,
0001,
0000,
fffe,
fffe,
0000,
0000,
0002,
0003,
0003,
0001,
0001,
fffe,
fffe,
fffd,
0000,
ffff,
ffff,
fffc,
0003,
fffd,
0009,
fff5,
0012,
ffe9,
0012,
ffdf,
001f,
ffda,
002c,
ffd2,
06ff,
15a0,
03cd,
f0ad,
f8f6,
fe38,
fbdc,
0b65,
264a,
1cce,
0767,
0763,
032f,
f4ab,
eb44,
e525,
df9e,
e107,
e93b,
f2cb,
fa8c,
02b9,
0c95,
11c1,
150c,
1530,
1122,
0b18,
045f,
fede,
f999,
f5ee,
f519,
f6a7,
f6f7,
f74d,
f8e1,
fa55,
fb9f,
fe8c,
021e,
036c,
03fe,
056e,
06df,
0784,
069c,
049a,
0270,
005b,
fe8e,
fd54,
fc6d,
fb7b,
faae,
fa47,
fb11,
fcbe,
fec0,
0022,
0137,
0233,
02d8,
0358,
03b0,
0355,
0234,
00d1,
ff3e,
fe2e,
fddf,
fdac,
fd34,
fcfc,
fd53,
fdf3,
feb5,
ffe0,
00fe,
01c2,
0209,
01ce,
016e,
013b,
012b,
00e2,
004e,
ff94,
fef6,
fea6,
fea0,
0003,
0002,
0000,
0000,
0000,
ffff,
fffe,
0000,
ffff,
fffd,
ffff,
ffff,
0002,
0003,
0003,
0002,
0001,
fffd,
fffd,
fffd,
fffe,
fffe,
ffff,
fffb,
0003,
fffc,
000b,
fff5,
0012,
ffeb,
0010,
ffe6,
0012,
ffe8,
0016,
ffdd,
0633,
1750,
042f,
ed92,
fbb4,
0103,
f8fc,
0967,
2758,
1b83,
07f6,
0d46,
049c,
f11d,
ec1b,
e6c8,
dd79,
dffb,
e89d,
ef8c,
f83a,
0346,
0c63,
10cc,
16ab,
17c7,
114b,
0b43,
0606,
ff84,
f94a,
f5a9,
f40e,
f596,
f6af,
f744,
f822,
f9d0,
fc48,
ff29,
01ea,
0373,
04b9,
05d6,
06af,
075e,
06d7,
046c,
0210,
0061,
fe77,
fcbf,
fbe9,
fb34,
fab9,
fad0,
fbb6,
fd38,
ff29,
009f,
016d,
0240,
02ff,
035f,
0360,
02cb,
01b8,
008d,
ff2f,
fdf2,
fd56,
fd54,
fd5c,
fd99,
fde1,
fe1e,
fe9e,
ffd7,
0120,
01d2,
021d,
0202,
01c1,
0184,
0128,
0094,
ffea,
ff46,
febd,
fe70,
fe7a,
fe99,
0003,
0001,
0001,
0001,
ffff,
ffff,
0000,
0000,
fffe,
ffff,
0001,
0003,
0004,
0005,
0003,
0001,
fffd,
fffe,
fffe,
fffe,
ffff,
ffff,
fffa,
0004,
fffc,
000a,
fff7,
0010,
fff2,
0008,
fff6,
0000,
0002,
fff3,
fffb,
04ce,
18ab,
0722,
e8c4,
fbcb,
0730,
f7bb,
0442,
2804,
1bd0,
05cc,
12ce,
0a78,
ed58,
e9e5,
eaa5,
dccd,
dd93,
e882,
ece4,
f467,
02da,
0ce2,
0f98,
16d1,
1a24,
1268,
0bf4,
0809,
00c0,
f914,
f520,
f313,
f4da,
f600,
f5e0,
f77c,
fa86,
fd33,
ff53,
01e9,
0388,
0529,
0661,
06a7,
06dc,
0687,
0456,
01d5,
0058,
fe7f,
fc8b,
fb9e,
faf0,
fa96,
fabf,
fbdf,
fd8b,
ff75,
00ed,
01f2,
0304,
0399,
03b4,
0354,
027b,
0139,
0022,
fec2,
fd63,
fcee,
fd2a,
fd33,
fd4a,
fdc3,
fe71,
ff4b,
008f,
0186,
01c3,
01e1,
01f3,
01eb,
01b6,
0143,
0085,
ffc6,
ff24,
fe9b,
fe44,
fe2d,
fe3e,
fe83,
fffe,
ffff,
0001,
fffe,
fffd,
fffe,
ffff,
fffd,
fffd,
0000,
0003,
0002,
0003,
0004,
0000,
fffc,
fffe,
fffe,
fffb,
fffe,
ffff,
fff8,
0002,
fffd,
0007,
fff9,
0009,
fffb,
fffa,
0008,
ffe8,
001d,
ffcb,
0026,
02ee,
18ba,
0d58,
e491,
f656,
0ef0,
fb41,
fca7,
261c,
1ef3,
0196,
14d7,
152a,
ed5a,
e31e,
edce,
e008,
da2e,
e7a4,
eba0,
efa1,
0010,
0e4a,
0f43,
146d,
1bd1,
1572,
0d0a,
096c,
0320,
f938,
f44b,
f29f,
f3e7,
f4ac,
f458,
f72f,
fafa,
fdb7,
ffb6,
0271,
03be,
0509,
06b4,
06bf,
064d,
0636,
0477,
017f,
ffd2,
feb7,
fcd7,
fb89,
fad5,
fa85,
fa87,
fb92,
fd5b,
ff5b,
013d,
0282,
03af,
0447,
0454,
03c7,
029f,
00f9,
ff8e,
fe5a,
fd38,
fcb6,
fca6,
fc6c,
fc9c,
fda0,
feca,
ffa2,
00b8,
01d4,
025f,
0294,
024a,
01a1,
0134,
011e,
00b4,
fff6,
ff19,
fe6e,
fe1e,
fe2b,
fe3f,
fe38,
fe60,
0000,
fffd,
fffe,
0001,
fffe,
fffb,
fffd,
0001,
ffff,
0000,
0005,
0004,
0001,
0002,
0002,
fffc,
fffd,
fffe,
fffe,
fffd,
fff8,
0001,
ffff,
0002,
fffe,
fffe,
0007,
ffe8,
001c,
ffd2,
003d,
ffa2,
0068,
00f0,
1684,
161e,
e4b2,
eaa8,
1352,
058b,
f60c,
1f77,
249f,
fdf0,
101e,
21f3,
f5c9,
da63,
eb73,
e6e0,
d8c3,
e4dd,
ebb1,
eaef,
fa8d,
0e9b,
10ac,
118f,
1b6e,
190f,
0f9c,
0aa3,
0548,
fa95,
f3e7,
f228,
f276,
f382,
f359,
f659,
fae9,
fe06,
ffd3,
02f7,
048f,
04ed,
0651,
06d3,
0650,
05e2,
0443,
0166,
ffb4,
fed6,
fd13,
fb9c,
fad7,
fa65,
fa67,
fb44,
fd0a,
ff27,
0137,
02a5,
0406,
04c6,
04ce,
045b,
0346,
0148,
ff7f,
fe57,
fd3a,
fc5a,
fbf2,
fbc2,
fbf8,
fd26,
fea3,
ffba,
00d2,
020c,
02b2,
02e5,
02b0,
022a,
0195,
0111,
0048,
ff85,
ff04,
fea0,
fe52,
fe31,
fe29,
fe25,
fe4a,
feac,
0000,
0000,
fffd,
fffd,
ffff,
fffe,
fffd,
0001,
0003,
0005,
0003,
0004,
0002,
0000,
fffd,
0001,
fffd,
fffc,
fffd,
fffc,
fffb,
0004,
fffe,
0009,
fff0,
0019,
ffd7,
0030,
ffbe,
0054,
ff89,
008f,
ff84,
115b,
1f2f,
ec4f,
dc05,
0e79,
144f,
f5d4,
13f5,
2a72,
fea3,
03e4,
2a0a,
08a1,
d6a5,
e144,
ec70,
dc24,
e0fd,
ebfe,
e81e,
f276,
0b7f,
137b,
1083,
18e2,
1bea,
12ff,
0c44,
0779,
fd0f,
f423,
f159,
f12d,
f2aa,
f2ca,
f511,
fa11,
fddc,
ffe3,
033c,
055f,
04f6,
05ac,
06d4,
069a,
05c9,
0433,
016d,
ff7e,
ff03,
fdc7,
fbd6,
fa9e,
fa14,
fa33,
fb0e,
fd0d,
ff24,
00e5,
0222,
03a9,
04fd,
0550,
04e4,
03c4,
01f0,
002f,
fee3,
fd5c,
fc08,
fb86,
fb65,
fb75,
fc74,
fe0d,
ff66,
00aa,
021b,
02dc,
030c,
02ed,
027a,
01ec,
017b,
00c6,
ffac,
fea9,
fe13,
fe19,
fe6d,
fe99,
fe61,
fe24,
fe42,
ff10,
fffd,
ffff,
0000,
fffc,
fffb,
ffff,
0001,
0000,
0004,
0005,
0004,
0000,
0003,
fffe,
ffff,
fffd,
0001,
fffc,
fffc,
fff6,
0009,
fff9,
0010,
ffe7,
0020,
ffd4,
0029,
ffd1,
0035,
ffbf,
003f,
ff7c,
099c,
24a0,
fcd1,
d10a,
fde3,
1fc0,
ffdb,
06fa,
2cd1,
068f,
f447,
25b9,
20e5,
e060,
d395,
ea59,
e2d8,
df40,
eb20,
e84a,
e9c5,
0328,
1573,
1253,
15c9,
1cd3,
1695,
0e3e,
0a3f,
00a5,
f4e4,
f096,
f080,
f203,
f24a,
f3cf,
f878,
fcfd,
ffc1,
0335,
05d4,
051c,
0508,
068f,
06e1,
062d,
04b6,
01b9,
ff2f,
fee4,
fe82,
fc99,
fac7,
f9a9,
f9bc,
fad8,
fce6,
fefd,
00a9,
019e,
02e3,
048f,
0564,
0549,
048b,
0308,
00fc,
ff45,
fd9b,
fc45,
fbb0,
fb74,
fb28,
fbaa,
fd31,
fed0,
004d,
01e3,
02c2,
02e3,
02e5,
02c2,
0260,
01e7,
0121,
ffe8,
fee8,
fe57,
fe23,
fe2b,
fe60,
fe72,
fe5d,
fe61,
fed4,
ffc3,
ffff,
0006,
fffe,
fff7,
fffd,
0001,
0001,
0004,
0005,
0003,
0001,
ffff,
fffe,
0000,
fffd,
fffd,
0000,
fffb,
fff0,
0007,
0001,
0006,
fff6,
0009,
fffc,
fff1,
0020,
ffcc,
004e,
ff7c,
008e,
01f7,
2171,
147b,
d186,
e449,
1ec5,
121f,
fece,
2860,
1697,
e90f,
11f2,
32ba,
faa9,
ccd4,
df20,
e6a2,
e0c9,
ea28,
eaad,
e3b0,
f60c,
12fc,
1643,
1466,
1b7f,
197c,
112f,
0cd3,
0548,
f727,
efdf,
efe0,
f21c,
f204,
f20c,
f641,
fbf4,
ff66,
0251,
05cc,
05ad,
0493,
05be,
06e4,
06b3,
05c1,
02c7,
ff3b,
fe59,
feec,
fda2,
fb72,
f9c3,
f976,
fa3a,
fc30,
fe93,
0047,
0127,
0217,
03e1,
0516,
0571,
053a,
042a,
01e5,
ffca,
fe29,
fcd1,
fc03,
fbb0,
fb40,
fb37,
fc6e,
fe2b,
ff9f,
0127,
025f,
02bc,
02c2,
02b2,
0281,
023a,
01b5,
0094,
ff55,
fe58,
fe10,
fe6b,
fed7,
fea4,
fe13,
fdee,
fe6f,
ff9e,
00c2,
fffc,
fffb,
fffe,
fffc,
ffff,
0000,
0000,
0005,
0004,
0002,
ffff,
0003,
fffa,
0001,
ffff,
ffff,
fff9,
fffd,
fff7,
0008,
fffb,
0014,
ffde,
002a,
ffb8,
0050,
ff99,
0087,
ff4e,
00d3,
fedd,
13a3,
296a,
e65d,
caa0,
0b60,
22f7,
028f,
1b18,
2a94,
ed1b,
f35b,
30cd,
1da3,
d821,
d108,
e337,
e1bf,
e9bc,
eeea,
e32d,
e79b,
0887,
197e,
15a2,
196a,
1b1a,
146f,
0f1f,
0a5c,
fbf7,
f018,
eef7,
f1fd,
f2a1,
f084,
f333,
f9fb,
ff0f,
0106,
04d1,
0650,
049e,
04da,
0687,
06e9,
068d,
0486,
0081,
fe11,
fe9a,
fe95,
fc9c,
fa7e,
f95a,
f992,
fafd,
fd9e,
ffa7,
00ba,
014f,
02e1,
04a8,
0595,
05c9,
0503,
02d5,
0077,
fee6,
fd9b,
fc93,
fc02,
fb7c,
fb06,
fbd0,
fd88,
ff13,
005b,
01ac,
0255,
0281,
028c,
0274,
0243,
020e,
0149,
0012,
feeb,
fe2f,
fe30,
feb8,
ff14,
feba,
fe25,
fdd9,
fe91,
0019,
0142,
fffb,
ffff,
0002,
fffb,
fffd,
0004,
0009,
0003,
0003,
0003,
fffd,
fff9,
0002,
0003,
fffd,
fffb,
ffff,
fff3,
0008,
fffb,
0014,
ffef,
0011,
ffef,
fffd,
0012,
ffd9,
004a,
ff80,
0075,
03bc,
2a85,
0f32,
c307,
e64a,
243a,
13c9,
0ae0,
3400,
0a37,
da41,
1329,
370d,
f992,
cb7c,
d9d1,
df2f,
e5e3,
f381,
e9c0,
de66,
f634,
15fe,
1943,
17f5,
1bda,
178a,
110d,
0e74,
03c8,
f2f7,
ee08,
f102,
f33a,
f081,
f042,
f684,
fd6a,
0036,
0319,
065b,
052a,
042a,
05d2,
06e7,
06ce,
061d,
02be,
fef9,
fe40,
ff18,
fdf0,
fbca,
f9d3,
f8eb,
f977,
fbfd,
fece,
0036,
00b1,
019d,
03ca,
057a,
064b,
05e1,
0408,
0166,
ff9a,
fe67,
fd45,
fc7a,
fbed,
fb31,
fb4b,
fcb7,
fe67,
ffb0,
00fe,
01ef,
021d,
0227,
0237,
023c,
0227,
01ce,
00e2,
ffb4,
fea6,
fe48,
fe97,
ff21,
ff13,
fe76,
fddf,
fe22,
ff5e,
00a2,
010e,
fffa,
0001,
fffe,
fffb,
0000,
0003,
0006,
0002,
0003,
fffe,
ffff,
fff9,
0004,
0000,
fffd,
fff9,
fffe,
fff4,
000b,
fff8,
001c,
ffd7,
0035,
ffab,
005b,
ff8d,
0093,
ff49,
00d9,
fea6,
143d,
310d,
e3fe,
bf6f,
0931,
2650,
08dc,
23f9,
3289,
e569,
e33f,
2e3f,
25cf,
dc8a,
ceb3,
dbbd,
dca8,
f089,
f60c,
e0fe,
e360,
0699,
1b0c,
1870,
1b44,
1b36,
1379,
0feb,
0bc0,
fb18,
eeb7,
ef47,
f22a,
f1de,
ef2b,
f245,
f98d,
fef3,
016e,
0513,
061e,
0444,
04b8,
0686,
0706,
06f1,
052c,
0127,
fe95,
ff12,
ff32,
fd62,
faf0,
f8c7,
f82d,
f9b9,
fd02,
ff65,
006a,
00bb,
0264,
04c9,
0653,
06a3,
0589,
030e,
0082,
ff05,
fde0,
fcec,
fc67,
fbc9,
fb19,
fbb6,
fd67,
ff0f,
0051,
0182,
01ee,
01d9,
01dc,
01fd,
0218,
020b,
0190,
0089,
ff53,
fe8a,
fe84,
ff12,
ff63,
feed,
fe18,
fd97,
fe5f,
0011,
014b,
00f2,
fffd,
fffe,
fffc,
0001,
0001,
0005,
0007,
0004,
ffff,
0000,
fffe,
fffb,
0003,
0000,
fffe,
fffc,
fff5,
0001,
0001,
000b,
0000,
fff6,
0012,
ffc6,
004e,
ff91,
00ac,
ff09,
0124,
0064,
28b6,
20bb,
c136,
d341,
205e,
1c77,
0c48,
39fe,
1d6b,
cf5b,
f963,
3941,
0ad4,
ceb1,
d549,
d821,
dff0,
fa89,
f1ec,
dcb8,
ee60,
1212,
1b64,
1917,
1d62,
18d5,
10e2,
0f0c,
0694,
f4ad,
ee95,
eff1,
f151,
f0bf,
efb0,
f419,
fb5a,
fffb,
02a3,
05fe,
059f,
0423,
0567,
0723,
0764,
06d9,
0459,
006f,
fe9c,
ffa0,
ff2f,
fcc0,
f992,
f78b,
f7a9,
fa32,
fd9f,
ffc1,
0087,
0130,
0366,
05b0,
06fd,
06c9,
0523,
0254,
0000,
fe79,
fd52,
fc98,
fc44,
fb8e,
fb27,
fc15,
fde5,
ff89,
00e0,
01d9,
01e5,
01b9,
01ae,
01cf,
0205,
021c,
0168,
0020,
feee,
fe7d,
fed0,
ff74,
ff77,
fea3,
fdaf,
fd89,
febf,
0085,
0163,
00e2,
fffc,
fff9,
fffd,
0005,
fffd,
0003,
0006,
0003,
fffa,
0005,
fffc,
fffa,
0000,
0003,
fffa,
fffd,
fff1,
000b,
fff3,
001d,
ffdc,
0022,
ffcf,
0015,
ffed,
000b,
0019,
ffbd,
ffff,
07f2,
3683,
0422,
b1b8,
ece4,
2933,
12cb,
186f,
448e,
044b,
c935,
0e99,
3573,
f2ee,
cc63,
d891,
d3f7,
e6d3,
001e,
ecf2,
ddde,
f99a,
1859,
1a0d,
1a65,
1e4f,
1698,
0f20,
0d60,
016f,
f1cd,
eede,
ef29,
f0e7,
f03f,
f01e,
f574,
fc81,
0030,
03a0,
0694,
0533,
048f,
0695,
07a3,
07a3,
0751,
0409,
ffa5,
fec2,
000d,
fe9d,
fb85,
f841,
f693,
f730,
fa97,
fe1d,
0009,
00cd,
01f8,
0450,
0686,
0790,
06e6,
04bb,
01db,
ffa3,
fdee,
fcca,
fc48,
fc0a,
fb3a,
fb2a,
fc69,
fe4a,
ffd6,
0144,
0217,
01ff,
01c9,
01a5,
01ba,
021c,
022b,
0130,
ffb8,
fe9c,
fe71,
fefa,
ffac,
ff62,
fe4c,
fd5d,
fd9d,
ff36,
00e4,
0152,
0099,
fff9,
fff5,
0002,
0004,
fffe,
0007,
0009,
0002,
fffa,
0006,
fffa,
fffc,
fffe,
0007,
fffb,
fff9,
fff3,
0012,
fff2,
0020,
ffd2,
003b,
ffa4,
0056,
ff9c,
0080,
ff75,
0099,
fece,
1263,
3a88,
e938,
b0cb,
0089,
2a16,
0d5d,
2541,
46f6,
f0fb,
cc12,
1b7d,
2a84,
e3c5,
ce8c,
d810,
d1b5,
ed49,
027d,
ea8b,
e1a0,
02a3,
1ad4,
1841,
1c03,
1eea,
14e9,
0d6c,
0b68,
fe33,
f078,
ee1d,
ef1a,
f0b2,
ef2c,
f089,
f63d,
fc8a,
002f,
04b2,
06bf,
0556,
05db,
0783,
0809,
08cd,
0807,
0345,
ff12,
ff17,
ffb7,
fd6d,
fa43,
f730,
f5a1,
f6df,
fb01,
fe83,
007b,
013b,
02ab,
0538,
0756,
0803,
06f0,
0481,
019a,
ff41,
fd6c,
fc52,
fc0b,
fbad,
fad7,
fb13,
fc94,
fe8e,
0014,
019b,
0249,
0231,
01f4,
01c6,
01ff,
0254,
0214,
00dd,
ff59,
fe69,
fe57,
fefd,
ff9f,
ff34,
fe11,
fd2d,
fdc9,
ff8e,
012a,
0151,
008d,
fff5,
fff4,
0004,
0003,
fffe,
0007,
0009,
ffff,
fffb,
0006,
fff9,
fffc,
fffe,
0007,
fffa,
fff6,
fff7,
000f,
fff4,
0019,
ffd5,
003c,
ff98,
006e,
ff75,
00bd,
ff17,
0118,
fe6c,
1b66,
38a3,
d76b,
b52e,
0ba3,
28aa,
0aa0,
2eab,
46e9,
e6b2,
d0e9,
1f16,
1f88,
dcbe,
d0bb,
d5b9,
d105,
f13f,
03c5,
eb40,
e5b2,
08aa,
1ae1,
16dd,
1da8,
1f86,
13a3,
0bb5,
0a2b,
fc71,
efe4,
edb4,
eee8,
efba,
ee4f,
f04f,
f5bf,
fc31,
0055,
0570,
0764,
064c,
06d7,
0896,
097b,
0a00,
0815,
02cb,
fec3,
feb6,
fed5,
fc3c,
f8e0,
f617,
f51d,
f6cf,
fb30,
ff00,
010b,
01a9,
0366,
061b,
07eb,
0843,
0707,
0478,
016b,
feda,
fcf6,
fc03,
fbcf,
fb40,
fa73,
fad2,
fc8d,
fea5,
0054,
01e9,
0285,
0271,
022d,
021e,
025d,
028b,
01f7,
0087,
ff01,
fe28,
fe2c,
fed9,
ff6b,
fefd,
fde7,
fd28,
fde5,
ffc3,
0158,
017b,
00bf,
0001,
fffd,
fffa,
0000,
0006,
0008,
0001,
0003,
fffe,
fffb,
fff7,
0006,
0000,
ffff,
fffd,
fffb,
fff6,
0007,
fffe,
0019,
ffd8,
0036,
ff9f,
0070,
ff69,
00cc,
fefd,
0144,
fe93,
20af,
3610,
cf5d,
b876,
0fad,
2752,
091a,
33a8,
4827,
e52a,
d3ca,
1bb7,
17b1,
db43,
d17d,
d2d7,
d101,
f245,
04a2,
eee9,
e93c,
0b5b,
1a56,
166d,
1ec3,
1fe0,
130c,
0a77,
08cb,
fcc8,
f0d6,
ec3c,
edda,
eefb,
ece9,
eeff,
f50d,
fb9e,
0083,
06c9,
0880,
06f8,
083e,
0a6e,
0a9f,
0a9d,
086a,
0276,
fe02,
fe0d,
fdd6,
fade,
f78d,
f560,
f4c8,
f6d3,
fb84,
ff64,
0181,
025e,
042a,
06ab,
083e,
087b,
073e,
047b,
0135,
fe8a,
fcab,
fbc0,
fb85,
fae2,
fa03,
fa7d,
fc6b,
fe96,
0082,
0241,
02dc,
02c4,
02a0,
0285,
029b,
02ac,
01ed,
005c,
feb3,
fdcf,
fdd6,
fe97,
ff35,
fedd,
fdd4,
fd12,
fdeb,
fff9,
019e,
01ad,
00f6,
fff8,
fff7,
0001,
0002,
0002,
0008,
0008,
0002,
fffd,
0001,
fff9,
0000,
0000,
0005,
fffc,
fff6,
fffa,
000b,
fffb,
0012,
ffde,
0034,
ffa0,
006b,
ff71,
00c8,
ff02,
013a,
feca,
217d,
35d5,
d015,
b881,
0dd0,
267a,
0862,
332e,
4c16,
ec19,
d401,
1394,
132d,
dd78,
d0f7,
d07e,
d0ce,
f031,
04a2,
f531,
ec7e,
0a80,
1a69,
16dd,
1e6f,
204e,
137e,
08f3,
08a1,
ff59,
f1e7,
ea4a,
ebfc,
ede4,
eb0c,
ed2f,
f3e7,
fb5a,
015a,
0783,
0980,
08d5,
09ee,
0b70,
0b93,
0b56,
087c,
0224,
fda8,
fd2d,
fc5e,
f9ad,
f6c6,
f4bf,
f493,
f711,
fb8e,
ff8f,
020f,
0321,
04cc,
070c,
086f,
089c,
0765,
0489,
0131,
fe63,
fc60,
fb78,
fb44,
fa95,
f9b9,
fa2f,
fc23,
fe76,
009b,
0275,
0335,
034c,
0312,
02bb,
02c0,
02cd,
01f2,
0041,
fe8b,
fd8a,
fd73,
fe32,
fefc,
fecd,
fdc6,
fd13,
fdf6,
0010,
01c0,
01ee,
0143,
fffc,
fffb,
fff6,
ffff,
0009,
000b,
0005,
0006,
fffc,
fff3,
fff7,
0004,
fffd,
0003,
ffff,
fff5,
fff5,
000c,
fff8,
0018,
ffde,
0036,
ffa7,
0064,
ff7d,
00aa,
ff28,
0109,
fecf,
1dba,
385d,
d93d,
b589,
05f2,
260c,
0933,
2c68,
5188,
fb91,
d31b,
0820,
10c3,
e22a,
d052,
cf10,
cfad,
eb53,
02be,
fcb9,
f10e,
06fb,
1a53,
17fd,
1d2d,
2054,
14a0,
096a,
08ba,
01dc,
f446,
e8c2,
e873,
ec39,
e9cc,
eac5,
f2f4,
fb92,
0154,
07ea,
0b75,
0ab7,
0ac5,
0c6b,
0c6b,
0b5a,
0883,
02c1,
fd90,
fbe1,
fb3f,
f8f3,
f61b,
f46e,
f4b3,
f6e5,
fb29,
ffb3,
029c,
03b5,
053c,
073c,
0872,
08ab,
078b,
04c0,
0161,
fe6e,
fc23,
fb26,
fb00,
fa71,
f9a0,
f9f1,
fbd1,
fe30,
0083,
028f,
038f,
03bc,
0371,
02fe,
02d0,
02dc,
020d,
004c,
fe69,
fd53,
fd3f,
fdda,
fe9b,
fe9c,
fddb,
fd33,
fdf0,
fff7,
01b9,
0225,
01a9,
fffd,
fffc,
fff7,
fffc,
0006,
000b,
0005,
0005,
0000,
fff8,
fff4,
0001,
fffe,
0001,
ffff,
fffb,
fff2,
000a,
fff6,
001d,
ffdb,
0033,
ffb1,
004c,
ff9e,
0075,
ff78,
00a3,
feff,
1608,
3ae2,
eb4b,
b2ee,
f7a2,
2425,
0cdf,
1fd9,
53f5,
13d9,
d50c,
fa51,
0e3b,
e86e,
d14e,
cea6,
cda6,
e40f,
fe03,
035d,
f81c,
034f,
1803,
19de,
1b5e,
1f41,
186f,
0b55,
079d,
0375,
f83f,
e8f4,
e3ec,
e94e,
e989,
e983,
f155,
fad4,
0100,
088c,
0cfe,
0c0e,
0b9c,
0d13,
0cbd,
0b2b,
08ea,
03b4,
fe02,
fb38,
fa60,
f854,
f5ec,
f48f,
f48c,
f66f,
fa7b,
ff4d,
02da,
045f,
0593,
0726,
0854,
08ba,
07c4,
0525,
01a7,
fea3,
fc26,
fada,
faae,
fa55,
f9b9,
f9e7,
fb8e,
fdd2,
0034,
0286,
03c5,
0403,
03b9,
0339,
02e1,
02ce,
0232,
0085,
fe92,
fd47,
fcf7,
fd6c,
fe31,
fe8b,
fe16,
fd6c,
fdce,
ff99,
0196,
0259,
0216,
fffc,
fffb,
fff9,
fffd,
0002,
0008,
0006,
0005,
0001,
fffd,
fff6,
fffd,
ffff,
0001,
ffff,
fffe,
fff1,
0008,
fff7,
001b,
ffe2,
0023,
ffcf,
001e,
ffd9,
0020,
fff0,
000a,
ff9f,
0c89,
38b2,
0489,
b666,
e3df,
1d3e,
1428,
120d,
4c8c,
31cd,
e015,
eb86,
0947,
ef6b,
d44b,
cf9d,
cbb0,
db72,
f5f8,
063c,
00ea,
020d,
1488,
1a1f,
1a1a,
1eb8,
1cc1,
0e57,
0621,
0329,
fbd4,
ec25,
e120,
e534,
e9a6,
e9eb,
ee8f,
f945,
0101,
07bb,
0d0d,
0d8e,
0c7b,
0ce1,
0cf0,
0b76,
0939,
04d4,
ff73,
fb68,
f9b8,
f847,
f62a,
f4a3,
f45b,
f5d0,
f940,
fe27,
0299,
050f,
05cd,
06d0,
081b,
08d2,
0829,
058b,
0223,
ff08,
fc70,
fac3,
fa5a,
fa3c,
f9e7,
fa0a,
fb4d,
fd6d,
ffc9,
021e,
03b0,
0429,
03fa,
035c,
02d7,
02c0,
025b,
0100,
ff00,
fd6f,
fcbf,
fce3,
fdbd,
fe81,
fe70,
fdb3,
fd95,
ff10,
0134,
0276,
027b,
0002,
fff8,
fff9,
fffc,
0002,
0007,
0009,
000a,
0004,
fffb,
fff5,
fffb,
fffe,
0000,
0004,
fffe,
fff0,
0006,
fffe,
000d,
fff5,
000c,
fffe,
ffe7,
001c,
ffca,
005a,
ff86,
0063,
0453,
2e8f,
1efb,
c634,
cf4d,
0db9,
1bd6,
0add,
378f,
4b59,
fa60,
dff2,
002c,
f68f,
d872,
d1ce,
cba2,
d2ea,
ebbf,
0232,
08b3,
051e,
10e8,
1930,
1a1a,
1dd8,
1fb2,
12e0,
0547,
017e,
fcb8,
f155,
e381,
e27b,
e79d,
ea58,
edb4,
f6ad,
ff4f,
05b9,
0bb9,
0dd7,
0d46,
0d09,
0d0c,
0bb6,
09f2,
06ac,
015f,
fc6b,
f9f3,
f895,
f697,
f4ef,
f43b,
f4da,
f7ab,
fc71,
0195,
04fe,
0609,
06ad,
07e8,
08c7,
0864,
062b,
02fb,
ffb6,
fce6,
fae9,
fa49,
fa47,
fa1b,
fa2f,
fb16,
fcfe,
ff2b,
016d,
0344,
0428,
041c,
0377,
02cb,
02af,
0294,
019f,
ffb3,
fdcb,
fcc7,
fc9a,
fd57,
fe49,
fe92,
fdf9,
fd92,
fe8c,
008e,
023f,
02b4,
fff5,
0000,
fffe,
fff9,
fffd,
0006,
000a,
0002,
0002,
0002,
fffd,
fff7,
fffe,
0000,
fffe,
ffff,
fffd,
fffb,
fffb,
0005,
0011,
ffea,
001c,
ffc5,
003d,
ffa5,
0076,
ff6b,
00b6,
ffe2,
1d91,
30f7,
e4a7,
c2c1,
f52e,
1bcf,
101c,
1c26,
507b,
232a,
e18b,
f133,
fc6f,
df26,
d2a2,
cee3,
cc6d,
e0ac,
f80a,
09c6,
0bf2,
0fb3,
186d,
1ac8,
1c8f,
1fb9,
17fc,
0749,
fed1,
faa2,
f604,
eb67,
e310,
e465,
e9f6,
ee2e,
f3bd,
fc24,
028e,
0859,
0c9f,
0dce,
0d4e,
0d23,
0c79,
0b06,
0891,
0418,
feb8,
fab6,
f8d0,
f765,
f5d6,
f40f,
f3ac,
f623,
fa7d,
ff66,
03b2,
060c,
06b5,
07d5,
08bd,
0861,
06cb,
041a,
00e7,
fd9c,
fb55,
fa7c,
fa7b,
fa57,
fa47,
fae4,
fc50,
fe56,
0087,
029d,
03dd,
041c,
03ab,
02e9,
029a,
02a8,
021f,
0083,
fe7f,
fd1c,
fca7,
fd0d,
fde3,
fe67,
fe22,
fda9,
fe19,
ffd6,
01bd,
029c,
0000,
fffe,
fff8,
fff9,
0000,
0001,
0004,
0005,
0006,
ffff,
0002,
fffe,
fffc,
fffb,
0002,
ffff,
fffb,
fff5,
0007,
fff8,
0017,
ffe3,
0020,
ffd3,
001f,
ffcb,
0031,
ffda,
0031,
ff81,
0bf2,
31cb,
0a3d,
c89b,
db73,
0c3c,
1b16,
0d3c,
38f1,
46c3,
fd6c,
e2ab,
fa14,
eba6,
d295,
d1e7,
cc00,
d4ff,
ebff,
0296,
0f0b,
1276,
196d,
1c42,
1aaf,
1d05,
1c4b,
0b24,
fe23,
f994,
f693,
f228,
ea87,
e54b,
e6fe,
ed73,
f222,
f819,
fe08,
0385,
0999,
0cd6,
0d4c,
0d70,
0d95,
0c9c,
0ac2,
074e,
01ea,
fcad,
f96e,
f80b,
f677,
f494,
f35c,
f45e,
f803,
fcd9,
0197,
04fb,
0668,
078a,
0898,
08a1,
078b,
053a,
021e,
ff05,
fc7f,
fada,
fa99,
fab3,
faa3,
faab,
fb88,
fd61,
ff77,
0178,
0318,
03e0,
03c9,
032b,
02ae,
02aa,
026c,
016b,
ff9c,
fdee,
fd0a,
fce5,
fd6e,
fe1a,
fe39,
fdc5,
fdb8,
feed,
00d4,
0240,
ffff,
0001,
fffe,
fffc,
fff9,
fffe,
0005,
0009,
0009,
0006,
ffff,
fff6,
fff6,
fffc,
ffff,
0000,
0001,
fff8,
0001,
fffd,
000c,
0003,
fffd,
0012,
ffdd,
0028,
ffb6,
0069,
ff71,
00a8,
00ff,
2184,
27fd,
e356,
cd25,
f110,
18e9,
14e2,
1890,
4834,
2cc2,
ea09,
ea3d,
f793,
db1a,
cf28,
cfac,
cdc8,
df2a,
f77d,
0b48,
1234,
1bd3,
2055,
1b2c,
18c7,
1b57,
11bd,
0109,
fa9c,
f5dc,
f38c,
f1f5,
ed64,
e83a,
e992,
ef33,
f482,
f9fa,
fe3d,
0415,
09c7,
0c53,
0d73,
0eae,
0e9c,
0d2e,
0aad,
05c6,
ffd4,
fb2f,
f8f8,
f6ea,
f4c4,
f3dd,
f3b8,
f558,
f996,
ff0c,
032b,
0575,
06b1,
07d9,
0887,
084d,
06be,
03c3,
00a9,
fe09,
fbf7,
fb0c,
faf6,
faed,
fabf,
fb01,
fc4a,
fe24,
001e,
01d4,
0323,
03a1,
0372,
02f5,
02b0,
02af,
023e,
00ef,
ff19,
fdba,
fd1e,
fd2c,
fdb5,
fe22,
fdf2,
fd7d,
fdec,
ff9c,
016a,
0000,
0003,
0001,
fffc,
fffa,
fffe,
0001,
0005,
0005,
0006,
0001,
0000,
fffc,
ffff,
fffb,
0001,
0001,
fffe,
fff6,
0009,
fff7,
0018,
ffe3,
0022,
ffd0,
0028,
ffc2,
0037,
ffcc,
0041,
ff7e,
0b63,
2e3c,
0a5b,
d2c0,
db63,
0111,
1e3b,
110f,
27b5,
46e2,
14c8,
e26a,
efe9,
eed3,
d074,
cd0a,
cdfe,
d6b9,
e96f,
014c,
1189,
15e0,
220c,
23f4,
17e8,
13fb,
167d,
09a9,
fba0,
f71f,
f508,
f32e,
f275,
f149,
ec27,
e97f,
ee44,
f6a2,
fb2d,
fd85,
03ef,
09a5,
0ca6,
0ed4,
1089,
0fed,
0d5d,
09ce,
041e,
fe20,
fa46,
f83e,
f572,
f39a,
f389,
f42e,
f6bf,
fb75,
0074,
03ee,
059c,
06d7,
07cf,
083c,
079d,
05d4,
02ff,
ffe3,
fd64,
fbe5,
fb9d,
fb50,
fae6,
fac3,
fb6d,
fce7,
fe8f,
0049,
01ef,
0300,
035b,
0317,
02d8,
02e9,
02e8,
021f,
0079,
fed0,
fdb1,
fd4b,
fd72,
fde6,
fdfa,
fd77,
fd4f,
fe4f,
0022,
ffff,
0001,
0001,
ffff,
fffa,
fffb,
fffd,
0001,
0005,
0004,
0005,
0000,
fffe,
fffc,
fffd,
fffb,
0001,
0000,
fff8,
ffff,
0003,
0003,
000b,
ffed,
001a,
ffcb,
003a,
ff9d,
007d,
ff61,
00cd,
ffe2,
1af0,
2938,
ed6b,
d459,
e8b3,
0d20,
1e24,
1227,
31da,
3dc1,
03f7,
df66,
f1b0,
e518,
c93e,
cb3e,
d40e,
e10d,
f0f8,
09a8,
15ad,
188b,
2354,
246e,
145a,
10ad,
1209,
02c9,
f7ea,
f6fc,
f5d7,
f28c,
f363,
f3bf,
eecd,
e983,
ed57,
f726,
fb6b,
fd8d,
0369,
0a1c,
0e9c,
1062,
1199,
10ca,
0d55,
0863,
0279,
fcd5,
f9ae,
f747,
f455,
f30c,
f355,
f4f2,
f827,
fcfe,
016e,
044d,
0587,
06b8,
07a7,
07ca,
06de,
04ec,
0270,
ffce,
fd7b,
fc24,
fbdb,
fb8c,
fb12,
fae1,
fb8f,
fd09,
febe,
005f,
01d7,
02b0,
0305,
02f4,
0325,
0351,
0302,
01e8,
002f,
feb8,
fddd,
fd92,
fd98,
fdcb,
fd9f,
fd10,
fd44,
feb4,
0000,
0002,
0001,
fffe,
fffe,
fffc,
fffb,
fffd,
0004,
0007,
0005,
0003,
0000,
fffa,
fffa,
fffa,
ffff,
0001,
0000,
fff8,
0008,
fff6,
0014,
fff6,
000c,
fff2,
fffb,
0008,
ffd7,
003c,
ffaa,
0051,
04be,
27ad,
1617,
dbf0,
df74,
f2a9,
14c8,
1cb0,
1518,
35c1,
34fe,
f6e1,
dbfe,
f190,
ddfa,
c42d,
cd10,
dfe9,
e811,
f4ec,
1172,
1940,
1619,
20ac,
2642,
13f1,
0d09,
0d80,
fe33,
f574,
f878,
f724,
f19d,
f1db,
f4c1,
f24d,
eb20,
ebd3,
f5f7,
fbc0,
fe0e,
0480,
0bec,
0f69,
10d9,
12c0,
1148,
0c41,
06b2,
0168,
fbf2,
f8cf,
f6a7,
f3e0,
f296,
f397,
f5f5,
f93e,
fde6,
0246,
048b,
0549,
0672,
0777,
073c,
05fc,
043d,
022b,
ffe6,
fdcc,
fcb7,
fc2a,
fbb2,
fb27,
faea,
fb8b,
fceb,
febc,
0064,
01b9,
0275,
02cd,
0318,
036f,
038b,
0303,
01a8,
000a,
fed2,
fe25,
fdaf,
fd96,
fd9d,
fd36,
fcc6,
fd66,
0001,
0001,
0001,
0001,
0000,
fffd,
fffb,
fffc,
0000,
0004,
0004,
0006,
0001,
fffe,
fff8,
fffc,
fffa,
0001,
0001,
fffd,
fff9,
000a,
fff6,
001a,
ffe3,
0024,
ffce,
0031,
ffbe,
0035,
ffc9,
0044,
ff9f,
0dff,
2bc1,
fce9,
d988,
ec10,
f761,
1b1f,
1b2b,
16d4,
3860,
2c9a,
e71e,
da27,
f5a6,
d6d8,
bfdc,
d6a9,
ea6a,
e853,
fb2a,
1850,
1649,
13c0,
21ef,
2463,
1418,
0dd9,
0750,
f97a,
f610,
f9a2,
f5de,
f09e,
f135,
f47d,
f4cd,
ee98,
ebb0,
f368,
fbc0,
00d4,
06fb,
0c45,
0e9b,
118b,
13e1,
1068,
0a78,
058b,
0071,
fb3e,
f86d,
f60e,
f36a,
f2e6,
f45f,
f69c,
fa45,
feb8,
026c,
0469,
0591,
0668,
06c7,
0682,
0588,
040c,
01e9,
ffb2,
fdfd,
fd5d,
fcb0,
fbc6,
fafc,
facd,
fb84,
fcfa,
feb7,
0065,
01be,
027b,
02b0,
0313,
039d,
0398,
02e8,
0181,
fffd,
fedb,
fe41,
fdd1,
fd91,
fd64,
fcdd,
fcb6,
0002,
0001,
0000,
0000,
0004,
0002,
fffb,
fffa,
0000,
0004,
ffff,
0003,
000a,
0001,
fffb,
fff7,
ffff,
fffa,
0001,
0001,
fffa,
fffd,
0006,
ffff,
0010,
ffe3,
0026,
ffc7,
0048,
ff8e,
007f,
ff70,
00b3,
0001,
18db,
2491,
e7d8,
e40d,
f256,
fa81,
20fc,
17cb,
18fa,
3980,
2070,
d959,
dffa,
f8b9,
cefd,
c0b6,
e204,
efb8,
e75f,
011d,
1abd,
13ba,
131b,
2297,
221d,
14b2,
0ea5,
0264,
f689,
f5d7,
f90f,
f4d1,
f074,
f0d2,
f3ea,
f630,
f223,
ee32,
f1b9,
fb03,
0406,
0908,
0b4f,
0daa,
1247,
13a5,
0e91,
092f,
04f0,
ff7b,
fabc,
f84c,
f58e,
f39d,
f3d7,
f4e5,
f73d,
fb2e,
ff41,
022c,
0423,
05b8,
0648,
0657,
0619,
0558,
03d0,
01a1,
ff7e,
fe28,
fdb6,
fcdf,
fbd8,
faf0,
fac5,
fb9f,
fd2a,
feeb,
0088,
01bb,
0256,
0297,
0317,
0398,
0387,
02b1,
013c,
ffe5,
fef7,
fe58,
fdd3,
fd8d,
fd4d,
fcd5,
0002,
0001,
ffff,
0001,
0000,
0001,
0000,
fffd,
fffa,
0002,
0004,
0000,
0007,
0007,
fffe,
fff9,
fff8,
fffb,
fffc,
0003,
fffc,
fffa,
0006,
fffc,
0009,
0004,
fff6,
0014,
ffdf,
0034,
ff9a,
0084,
ff5f,
00b3,
0234,
2122,
15b8,
deaf,
f195,
f179,
ff7b,
2443,
146d,
19c1,
3884,
14af,
d098,
e9a1,
fa40,
c76c,
c48d,
ed97,
ef3f,
e51c,
0872,
1c12,
0f4f,
13b2,
25f9,
1e86,
1140,
1103,
017a,
f13c,
f5a7,
fa0e,
f28e,
efc0,
f242,
f41d,
f5a8,
f549,
f270,
f280,
fa08,
04c8,
0a18,
0afe,
0d0a,
11ad,
120d,
0cfc,
08a1,
0467,
fe80,
fa6a,
f885,
f5c0,
f425,
f48c,
f584,
f7d4,
fbcc,
ff97,
01f1,
03cb,
057d,
063a,
0666,
060d,
0518,
0353,
0157,
ff74,
fe56,
fd98,
fc96,
fbba,
fb21,
fb53,
fc1e,
fd76,
ff00,
0095,
01c2,
0233,
0274,
0307,
0375,
0341,
024f,
00fe,
ffcf,
ff01,
fe69,
fde5,
fda7,
fd6b,
0003,
0002,
0000,
0000,
0002,
0003,
fffe,
fffe,
0001,
0000,
fffd,
0005,
0008,
0002,
0000,
ffff,
fffd,
fffa,
fff9,
ffff,
0003,
fffd,
fffa,
000b,
fff5,
0011,
fff9,
0010,
fff1,
0000,
000c,
ffd2,
0046,
ffa3,
0055,
05e2,
242b,
0643,
e057,
fa7f,
eeb5,
05e3,
2440,
101e,
1a76,
3757,
0863,
cf23,
f4a1,
f721,
c255,
cc8e,
f3d2,
ead2,
e83f,
0e4a,
1916,
0cd1,
1746,
2682,
1915,
1019,
10d7,
ff8e,
f092,
f662,
f8bf,
f0b8,
f078,
f32f,
f4e4,
f67e,
f63c,
f52b,
f637,
fa8a,
02cd,
0a0f,
0b6c,
0c3b,
1040,
102d,
0b9f,
07ce,
03b6,
fe35,
fab1,
f8d6,
f619,
f49d,
f522,
f65e,
f899,
fc3d,
ff89,
01c2,
03bc,
0568,
063c,
064c,
05c1,
04cd,
0322,
0106,
ff36,
fe40,
fd57,
fc58,
fbb8,
fb89,
fbf5,
fcc3,
fddb,
ff1e,
00a4,
01c1,
021c,
024a,
02d2,
0315,
02d1,
01ec,
00b9,
ffb2,
ff0b,
fe8a,
fe09,
fde5,
fffe,
fffe,
0002,
ffff,
0000,
0001,
0000,
ffff,
0000,
fffe,
fffe,
0002,
0003,
0002,
0005,
0001,
fffd,
fff9,
fffb,
fff9,
ffff,
ffff,
fffc,
fffd,
0009,
fff4,
0017,
ffed,
001a,
ffe2,
0020,
ffd9,
0012,
fffc,
0000,
ffed,
0a18,
2250,
fa6d,
e739,
fdc3,
ee01,
0b9c,
2071,
0d7a,
1c57,
330d,
fea8,
d428,
fbc5,
f1c3,
c1f4,
d38c,
f5ad,
e965,
ec77,
1056,
1689,
0c8f,
199e,
244c,
156a,
0f19,
0d8f,
fe3d,
f397,
f70c,
f65e,
f075,
f106,
f420,
f6b0,
f719,
f5d3,
f713,
f9e8,
fc72,
0203,
085a,
0aa5,
0bf1,
0eed,
0de6,
09da,
06e1,
033c,
fe59,
fb2b,
f8e6,
f635,
f556,
f622,
f73c,
f946,
fc94,
ffa9,
01df,
03e7,
0557,
060a,
060c,
0560,
045a,
02d5,
00cf,
fed7,
fdd7,
fd25,
fc69,
fbda,
fbcf,
fc51,
fd35,
fe70,
ffb1,
00ea,
01a8,
01e1,
0225,
028a,
0298,
0238,
0177,
0083,
ff9c,
ff0f,
fea9,
fe50,
ffff,
0000,
0001,
0000,
0000,
0000,
0001,
0001,
ffff,
ffff,
0001,
0000,
ffff,
0005,
0004,
0002,
0000,
ffff,
fffb,
fffc,
fffa,
0000,
0001,
fffd,
fffe,
0008,
fff9,
0013,
ffee,
001e,
ffd6,
002b,
ffc7,
0037,
ffc5,
0045,
ffdc,
0d73,
1d96,
f419,
ee60,
fdff,
ef7f,
0e07,
1c74,
0c80,
1d03,
2dd4,
f90c,
dadb,
ff18,
ed36,
c35a,
d9e6,
f702,
e8ac,
f02b,
117e,
1414,
0c7f,
1ac7,
20fc,
1203,
0dc8,
0b39,
fcd0,
f64a,
f95c,
f4d4,
f036,
f268,
f532,
f73a,
f73e,
f63a,
f844,
fbff,
ff0b,
02d8,
06b0,
08d3,
0b05,
0d91,
0be4,
084b,
05f1,
02a7,
fe1a,
fb47,
f94a,
f6e6,
f636,
f6fa,
f80c,
fa29,
fd3c,
0009,
0219,
03ed,
0526,
05b7,
05bb,
050d,
03e0,
022d,
0045,
fea5,
fdbb,
fce7,
fc4c,
fc06,
fc0d,
fcab,
fddd,
ff21,
0044,
0145,
01c0,
01a7,
01c9,
022a,
0215,
01a2,
00f6,
0040,
ff8d,
ff2b,
fec8,
0004,
0002,
0001,
ffff,
ffff,
0000,
0001,
0001,
fffe,
fffc,
fffc,
fffe,
0001,
0003,
0005,
0003,
ffff,
fffe,
fffc,
ffff,
fffd,
0001,
fffe,
fffd,
fffc,
fffd,
0004,
0006,
fffc,
000d,
ffe6,
0020,
ffca,
004e,
ff9f,
007a,
0075,
0f99,
1637,
03ea,
f14e,
e078,
fb42,
124a,
19e2,
27f5,
1546,
f601,
fa52,
0523,
ee3d,
daa2,
d93f,
e28c,
ed6f,
f79c,
027f,
055f,
0bed,
159c,
159c,
12f2,
1102,
0b3b,
04c1,
0040,
f978,
f71f,
f5ed,
f51f,
f7c1,
f9e6,
f987,
f963,
fb67,
fd0e,
ff9f,
01da,
02cf,
0437,
06e3,
08c0,
089c,
0767,
03c3,
fdab,
f932,
f823,
f8cd,
f87e,
f77b,
f7dd,
fb13,
ff72,
0279,
044b,
050c,
052d,
04dc,
04c2,
0464,
0305,
00e0,
feb9,
fd0c,
fc30,
fbef,
fc0a,
fc87,
fd19,
fda5,
fe69,
ff88,
00e8,
0228,
029c,
025b,
01e4,
018b,
0145,
012c,
00f8,
0035,
feff,
fe2b,
fe1e,
fe7c,
feec,
0006,
0005,
0004,
0003,
0002,
0002,
0002,
0002,
0001,
0001,
ffff,
ffff,
0001,
0004,
0005,
0007,
0005,
0003,
0000,
0000,
0001,
0002,
0004,
0002,
ffff,
0001,
fffe,
000b,
0000,
000b,
fffc,
0000,
0004,
fff6,
0022,
ffdd,
0036,
0268,
11cf,
1047,
0024,
ee0a,
e79d,
0287,
0fa7,
1c2f,
2315,
0bde,
f796,
0038,
015f,
ebd6,
dd4c,
dbfc,
e700,
f0f0,
f8e3,
0165,
05a5,
0cf4,
1356,
13d1,
1201,
0ecd,
0966,
0462,
fe5f,
f96f,
f912,
f6eb,
f6a8,
f903,
f9f6,
f91c,
f9d0,
fbdd,
fdd5,
0033,
01c6,
03c1,
05c9,
05f6,
063d,
06ed,
0564,
0154,
fca2,
fa0c,
f9b5,
fa2d,
f9e2,
f91c,
f94b,
fc27,
ffbf,
01cc,
033c,
0431,
046c,
0412,
03f0,
03a6,
029d,
00d1,
fee9,
fd55,
fc75,
fc69,
fcc1,
fd10,
fd6b,
fe04,
feef,
fff2,
010c,
01ec,
021d,
01da,
0188,
0155,
0110,
00d8,
009a,
0000,
ff1a,
fe82,
fe69,
febb,
0003,
0003,
0004,
0003,
0001,
0000,
0000,
0001,
0000,
ffff,
ffff,
fffe,
fffe,
ffff,
0002,
0004,
0004,
0003,
0001,
fffe,
fffe,
fffe,
0000,
0001,
ffff,
fffe,
0000,
fffd,
0009,
ffff,
000a,
fff9,
0001,
fffc,
fffd,
000f,
fff2,
0016,
0285,
0fa3,
0e47,
006d,
f075,
eb92,
0080,
0dcf,
1a52,
1eba,
0bcb,
fad7,
00c9,
011a,
eec8,
dfe1,
dec2,
e972,
f115,
f7cf,
0081,
04fc,
0af1,
1165,
128f,
107e,
0db0,
098b,
0431,
fe34,
fb53,
faac,
f7a2,
f729,
f94b,
fa06,
f970,
fa65,
fc68,
fea1,
001c,
00ce,
0349,
059c,
04e4,
0401,
04f1,
047e,
00f9,
fd38,
fb8e,
fb15,
fb23,
fb54,
fb1a,
fa7e,
fbcb,
fead,
0112,
025c,
030c,
0363,
0335,
0337,
032e,
0287,
0104,
ff54,
fdeb,
fd13,
fcf9,
fd5f,
fdb9,
fde2,
fe4f,
ff21,
ffee,
00be,
017b,
01aa,
0166,
0124,
00f6,
00bd,
009b,
0076,
000b,
ff5a,
fedb,
feb6,
0003,
0003,
0004,
0003,
0001,
0000,
0000,
0001,
0000,
ffff,
ffff,
fffe,
fffe,
ffff,
0002,
0004,
0004,
0003,
0001,
fffe,
fffe,
fffe,
0000,
0001,
ffff,
fffe,
0000,
fffd,
0009,
ffff,
000a,
fff9,
0001,
fffc,
fffd,
000f,
fff2,
0016,
0285,
0fa3,
0e47,
006d,
f075,
eb92,
0080,
0dcf,
1a52,
1eba,
0bcb,
fad7,
00c9,
011a,
eec8,
dfe1,
dec2,
e972,
f115,
f7cf,
0081,
04fc,
0af1,
1165,
128f,
107e,
0db0,
098b,
0431,
fe34,
fb53,
faac,
f7a2,
f729,
f94b,
fa06,
f970,
fa65,
fc68,
fea1,
001c,
00ce,
0349,
059c,
04e4,
0401,
04f1,
047e,
00f9,
fd38,
fb8e,
fb15,
fb23,
fb54,
fb1a,
fa7e,
fbcb,
fead,
0112,
025c,
030c,
0363,
0335,
0337,
032e,
0287,
0104,
ff54,
fdeb,
fd13,
fcf9,
fd5f,
fdb9,
fde2,
fe4f,
ff21,
ffee,
00be,
017b,
01aa,
0166,
0124,
00f6,
00bd,
009b,
0076,
000b,
ff5a,
fedb,
feb6,
0002,
0002,
0003,
0003,
0002,
0001,
ffff,
ffff,
0000,
0000,
ffff,
fffe,
fffe,
fffe,
ffff,
0001,
0003,
0004,
0003,
0001,
fffe,
fffd,
fffe,
ffff,
0000,
ffff,
fffe,
ffff,
fffd,
0007,
0000,
0007,
fffa,
0000,
fffd,
fffc,
000d,
fff9,
0008,
023e,
0d52,
0cf8,
014e,
f31e,
ed8a,
ff01,
0c87,
1753,
1b8b,
0c2c,
fd1f,
016a,
01bb,
f10f,
e336,
e287,
eac0,
f0bc,
f75f,
ff92,
0371,
08fe,
0f63,
10b9,
0f1c,
0d24,
09b5,
0446,
ff44,
fceb,
fb1e,
f837,
f842,
f9cc,
fa46,
fa66,
fb6c,
fcea,
fe20,
fea6,
ffe3,
02d8,
041d,
0311,
0312,
042c,
0417,
0184,
fe4e,
fccf,
fc80,
fc9d,
fc6b,
fbf3,
fb45,
fbc1,
fda3,
fff4,
0192,
0201,
021a,
0265,
02d7,
02c2,
0229,
0142,
0008,
fead,
fdf1,
fddf,
fe0d,
fe46,
fe72,
fe9d,
fef6,
ff8c,
0054,
00ee,
011c,
0100,
00c0,
0082,
0076,
0098,
008b,
0018,
ff87,
ff2e,
0001,
0002,
0002,
0002,
0003,
0002,
0001,
0000,
0000,
0000,
0000,
0000,
ffff,
fffe,
fffe,
ffff,
0001,
0003,
0004,
0003,
0001,
ffff,
fffe,
fffe,
ffff,
0000,
0000,
fffe,
fffe,
fffe,
0006,
0000,
0005,
fffd,
ffff,
0001,
fffa,
0011,
fff4,
0009,
01bd,
0b12,
0c0a,
029d,
f53f,
eed2,
fe3b,
0ab1,
1460,
193b,
0c68,
ff04,
0236,
0236,
f348,
e776,
e5dd,
eb38,
f0bc,
f741,
fe44,
01b5,
0737,
0d44,
0ef1,
0e1d,
0d02,
0a10,
0448,
ffb9,
fdc4,
fc03,
f987,
f934,
fa8d,
fb63,
fb4f,
fb57,
fc18,
fd08,
fd7a,
ff05,
01b5,
0279,
0229,
0329,
0432,
0429,
025e,
ff72,
fdec,
fdb3,
fd8b,
fcee,
fc2d,
fb98,
fbd5,
fcf0,
fede,
00a9,
013a,
0134,
019e,
025e,
0283,
0225,
018d,
00b2,
ff95,
fee1,
feb6,
feaf,
fea4,
fe9f,
fead,
febe,
ff09,
ffbc,
0068,
00ae,
009f,
006d,
004e,
006b,
009a,
008e,
003c,
ffcc,
0001,
0001,
0001,
0001,
0001,
0002,
0001,
0001,
0000,
0000,
ffff,
ffff,
ffff,
ffff,
fffe,
fffe,
fffe,
0000,
0002,
0002,
0002,
0001,
fffe,
fffd,
fffe,
fffe,
0000,
ffff,
fffe,
fffe,
ffff,
0004,
0000,
0003,
fffe,
fffe,
0003,
fff7,
0013,
ffef,
000c,
0129,
08ed,
0b50,
03e6,
f729,
f020,
fd45,
08a4,
11d4,
171c,
0cad,
00d6,
02b0,
0294,
f60a,
ebb8,
e889,
ebb4,
f105,
f6fd,
fcc7,
003b,
0578,
0b42,
0da0,
0d81,
0cba,
0942,
03e7,
00fa,
ff0b,
fcfd,
fb13,
fab5,
fb3f,
fb62,
faed,
faa4,
fb5d,
fbd1,
fc12,
fe4c,
0154,
01f8,
01dc,
0354,
04c8,
04ba,
02de,
0041,
feb9,
fe51,
fdf1,
fd0a,
fc28,
fbbf,
fbe5,
fc97,
fe0d,
ffae,
0086,
00d0,
014b,
01fc,
0272,
0264,
01ef,
014a,
0056,
ff84,
ff3c,
ff26,
fed6,
fe88,
fe75,
fe81,
feb0,
ff36,
ffe0,
0040,
006b,
006a,
0059,
005d,
008e,
00b4,
0086,
0000,
0000,
0001,
0000,
0000,
0001,
0002,
0001,
0000,
0000,
0000,
ffff,
ffff,
0000,
ffff,
fffe,
fffe,
ffff,
0000,
0002,
0002,
0002,
0001,
ffff,
fffe,
fffe,
fffe,
ffff,
0000,
fffe,
ffff,
ffff,
0002,
0001,
0001,
0003,
fffe,
0004,
fff5,
0014,
ffed,
000f,
00af,
06fa,
0a7d,
0500,
f92c,
f169,
fc2c,
06bd,
0f6a,
151b,
0d1b,
0254,
02c5,
0343,
f8f1,
ef84,
eb07,
ec6b,
f13e,
f691,
fba6,
fef6,
0418,
09da,
0be3,
0be9,
0be9,
091a,
0490,
0229,
007a,
fec6,
fc3f,
fab3,
fad3,
fae4,
fa58,
f9fc,
fa6b,
faa4,
fbaa,
fee4,
0195,
01a5,
0200,
03ca,
0544,
04eb,
02de,
0094,
ff18,
fe7f,
fdf2,
fd09,
fc47,
fbe7,
fbd1,
fc4b,
fd92,
ff1a,
003e,
00d7,
014d,
01e9,
0260,
0293,
023e,
0182,
00bd,
fff5,
ff74,
ff3a,
feee,
fe81,
fe2a,
fe36,
fe7a,
fee4,
ff76,
0008,
006e,
0076,
006b,
007b,
00b6,
00e7,
fffe,
ffff,
0000,
0000,
0000,
0001,
0001,
0001,
0001,
0001,
0000,
ffff,
ffff,
0000,
0000,
ffff,
fffe,
fffe,
fffe,
0000,
0001,
0002,
0002,
0001,
ffff,
fffe,
fffe,
fffe,
0000,
0000,
fffe,
ffff,
0000,
0001,
0000,
0002,
0006,
fffc,
0004,
fff4,
0015,
ffeb,
0012,
0057,
052e,
098c,
05e5,
fb53,
f2d4,
fada,
04d9,
0d27,
1368,
0d7e,
037d,
02e1,
03fe,
fbb3,
f2e9,
ed73,
ed31,
f168,
f675,
fb0a,
fe6b,
0280,
06e2,
09be,
0bae,
0be6,
08ba,
0586,
0429,
017f,
fe94,
fc1c,
fa6b,
fa14,
fa40,
f9df,
f992,
fa33,
facf,
fc82,
ffa7,
01ae,
01d9,
024e,
03c1,
0501,
0492,
0282,
0066,
ff3b,
fe8b,
fdf4,
fd2b,
fc5e,
fbe0,
fbcb,
fc75,
fda8,
ff25,
0046,
00e4,
0166,
01f5,
0246,
0254,
0231,
01a0,
00d9,
0014,
ff78,
ff23,
fed7,
fe7d,
fe2b,
fe0e,
fe46,
fec2,
ff65,
0004,
006f,
0098,
00a3,
00bb,
00e7,
fffe,
fffe,
0000,
0001,
0000,
0000,
0001,
0001,
0002,
0002,
0001,
0001,
0000,
0000,
0000,
ffff,
ffff,
ffff,
fffe,
ffff,
0000,
0001,
0003,
0002,
0001,
0000,
ffff,
fffe,
ffff,
0000,
0000,
ffff,
ffff,
0000,
0000,
0001,
0003,
0008,
fffc,
0006,
fff5,
0012,
ffee,
0015,
001c,
03ad,
086f,
067f,
fd91,
f446,
f964,
0319,
0b50,
11e1,
0dad,
048f,
02ed,
049d,
fe2d,
f5e6,
efc4,
ee30,
f22b,
f710,
fa44,
fc34,
0034,
05aa,
0948,
0b45,
0b8a,
095b,
0638,
03c3,
0100,
fe2c,
fb90,
f9b5,
f99c,
fa33,
fa4a,
fa77,
fb01,
fb76,
fd95,
0098,
01be,
018d,
020e,
0342,
0422,
03a3,
01ec,
0040,
ff48,
feb9,
fdfd,
fd1d,
fc8a,
fc41,
fc5d,
fd0f,
fe24,
ff49,
0040,
010a,
0175,
01b7,
01d8,
0204,
01fe,
017c,
00b0,
ffe1,
ff61,
ff12,
fee9,
fe9f,
fe34,
fe08,
fe4e,
feed,
ff87,
0013,
0085,
00ca,
00e4,
00d4,
fffe,
fffe,
0000,
0001,
0000,
0000,
0001,
0001,
0002,
0002,
0001,
0001,
0000,
0000,
0000,
ffff,
ffff,
ffff,
fffe,
ffff,
0000,
0001,
0003,
0002,
0001,
0000,
ffff,
fffe,
ffff,
0000,
0000,
ffff,
ffff,
0000,
0000,
0001,
0003,
0008,
fffc,
0006,
fff5,
0012,
ffee,
0015,
001c,
03ad,
086f,
067f,
fd91,
f446,
f964,
0319,
0b50,
11e1,
0dad,
048f,
02ed,
049d,
fe2d,
f5e6,
efc4,
ee30,
f22b,
f710,
fa44,
fc34,
0034,
05aa,
0948,
0b45,
0b8a,
095b,
0638,
03c3,
0100,
fe2c,
fb90,
f9b5,
f99c,
fa33,
fa4a,
fa77,
fb01,
fb76,
fd95,
0098,
01be,
018d,
020e,
0342,
0422,
03a3,
01ec,
0040,
ff48,
feb9,
fdfd,
fd1d,
fc8a,
fc41,
fc5d,
fd0f,
fe24,
ff49,
0040,
010a,
0175,
01b7,
01d8,
0204,
01fe,
017c,
00b0,
ffe1,
ff61,
ff12,
fee9,
fe9f,
fe34,
fe08,
fe4e,
feed,
ff87,
0013,
0085,
00ca,
00e4,
00d4,
fffd,
fffd,
ffff,
ffff,
0000,
0000,
0000,
0000,
0000,
0000,
0001,
0001,
0000,
ffff,
0000,
0000,
0000,
ffff,
ffff,
ffff,
ffff,
ffff,
0000,
0002,
0003,
0001,
0000,
ffff,
fffe,
fffe,
0000,
ffff,
0000,
ffff,
ffff,
fffe,
0001,
0004,
0008,
fffc,
0005,
fff8,
000b,
fff6,
000d,
0004,
027e,
072d,
06df,
ffa0,
f5cb,
f807,
0174,
09cc,
108b,
0db1,
056b,
0317,
0508,
0044,
f892,
f277,
f033,
f281,
f581,
f8b6,
fc1d,
ffec,
0492,
08e7,
0b62,
0a79,
07c0,
0567,
0311,
fff9,
fd49,
fb26,
f9d9,
fa7c,
fb7c,
fbc6,
fb96,
fbc4,
fcb9,
fed1,
0095,
00d1,
00d4,
0177,
0256,
02e4,
0299,
0170,
0042,
ff80,
fec4,
fe05,
fd76,
fd3c,
fd35,
fd43,
fdb5,
fe66,
ff60,
005f,
00f4,
011a,
0139,
0180,
019b,
0175,
010f,
006a,
ffd1,
ff72,
ff38,
fef9,
feab,
fe74,
fe67,
fea1,
ff16,
ffad,
0036,
009e,
00de,
00d9,
ffff,
fffd,
fffe,
ffff,
ffff,
0000,
0000,
0001,
0001,
0001,
0001,
0001,
0001,
0001,
0000,
ffff,
0000,
0000,
0000,
0000,
ffff,
ffff,
0000,
0001,
0001,
0002,
0002,
0000,
ffff,
ffff,
ffff,
0000,
0000,
0001,
ffff,
ffff,
ffff,
0003,
0005,
0006,
fffd,
0005,
fffa,
0007,
fffd,
0005,
0002,
01a7,
05f4,
06f2,
015b,
f744,
f6e3,
fff6,
08c8,
0f8d,
0d65,
0604,
0369,
0565,
025a,
fbd3,
f491,
ef78,
f1da,
f696,
f971,
fbf1,
ffdf,
0488,
0791,
08a2,
0813,
0656,
03c6,
017b,
ff72,
fd70,
fc20,
fba4,
fc6d,
fd16,
fd16,
fcd4,
fcd0,
fd8b,
feca,
ff61,
ff8d,
0019,
00aa,
012e,
01b3,
01d0,
013c,
006a,
ffa6,
fefe,
fe90,
fe64,
fe5f,
fe35,
fdea,
fe08,
feaa,
ff88,
0021,
0072,
009d,
00bf,
00e7,
00f8,
00ef,
00b8,
0055,
ffea,
ff9a,
ff54,
ff28,
ff0f,
fef2,
fed7,
fee8,
ff42,
ffce,
0046,
008d,
00a6,
ffff,
fffe,
fffd,
fffd,
fffe,
ffff,
0000,
0000,
0000,
ffff,
0000,
0000,
0000,
0000,
ffff,
0000,
ffff,
ffff,
ffff,
ffff,
ffff,
ffff,
ffff,
fffe,
0000,
0001,
0001,
0001,
0000,
ffff,
fffe,
fffe,
ffff,
ffff,
0000,
ffff,
fffe,
ffff,
0003,
0003,
0003,
fffe,
0004,
fff9,
0003,
0002,
0001,
0006,
0121,
04df,
06c9,
02b3,
f87f,
f607,
fec8,
083b,
0eda,
0ce8,
0676,
0474,
06dc,
034f,
fb39,
f53f,
f20e,
f3b9,
f72c,
fa36,
fca8,
fec9,
01d3,
04be,
05e7,
0563,
0402,
023d,
01a8,
0101,
fefb,
fddc,
fe06,
fe6f,
fe6e,
fe4b,
fd73,
fcc4,
fd1c,
fdb6,
fe23,
fe9e,
ff3a,
ffa7,
004c,
0117,
0172,
0127,
0093,
002d,
ffe3,
ff8f,
ff6d,
ff44,
fec5,
fe47,
fe6f,
fece,
ff17,
ff85,
ffe6,
0005,
0014,
005d,
008c,
008c,
0091,
0074,
0020,
ffd4,
ffb6,
ff9e,
ff74,
ff53,
ff32,
ff2d,
ff60,
ffbe,
000e,
0033,
0000,
0000,
ffff,
ffff,
ffff,
ffff,
0000,
0000,
0000,
0000,
0000,
0000,
0000,
0001,
0001,
0001,
0000,
0000,
0000,
0000,
0000,
ffff,
ffff,
ffff,
0000,
0000,
0001,
0002,
0001,
0001,
0000,
ffff,
ffff,
0000,
0000,
0002,
0000,
ffff,
ffff,
0003,
0002,
0004,
0001,
0004,
fff8,
0003,
0008,
0000,
0009,
00ea,
0418,
0689,
03a3,
f910,
f53c,
fe32,
0894,
0ed5,
0ccc,
07d2,
04b5,
0443,
02ac,
fe2d,
f857,
f3c6,
f538,
f85c,
f98f,
faa4,
fca2,
ff0f,
0184,
02bf,
02e1,
0370,
03e4,
03da,
0276,
00c9,
0038,
0001,
ffed,
ff32,
fde8,
fc78,
fc02,
fc65,
fcc6,
fd33,
fdb4,
fe53,
ff30,
003d,
00d4,
0120,
014e,
016b,
0144,
00c6,
0062,
0024,
ffb4,
ff1f,
fea5,
fe58,
fe42,
fe7d,
fef0,
ff42,
ff75,
ffb9,
fffc,
003c,
008e,
00c5,
00b1,
0076,
0048,
001a,
fff2,
ffc6,
ff9d,
ff6b,
ff3c,
ff35,
ff64,
ffab,
0000,
0000,
ffff,
ffff,
ffff,
ffff,
0000,
0000,
0000,
0000,
0000,
0000,
0000,
0001,
0001,
0001,
0000,
0000,
0000,
0000,
0000,
ffff,
ffff,
ffff,
0000,
0000,
0001,
0002,
0001,
0001,
0000,
ffff,
ffff,
0000,
0000,
0002,
0000,
ffff,
ffff,
0003,
0002,
0004,
0001,
0004,
fff8,
0003,
0008,
0000,
0009,
00ea,
0418,
0689,
03a3,
f910,
f53c,
fe32,
0894,
0ed5,
0ccc,
07d2,
04b5,
0443,
02ac,
fe2d,
f857,
f3c6,
f538,
f85c,
f98f,
faa4,
fca2,
ff0f,
0184,
02bf,
02e1,
0370,
03e4,
03da,
0276,
00c9,
0038,
0001,
ffed,
ff32,
fde8,
fc78,
fc02,
fc65,
fcc6,
fd33,
fdb4,
fe53,
ff30,
003d,
00d4,
0120,
014e,
016b,
0144,
00c6,
0062,
0024,
ffb4,
ff1f,
fea5,
fe58,
fe42,
fe7d,
fef0,
ff42,
ff75,
ffb9,
fffc,
003c,
008e,
00c5,
00b1,
0076,
0048,
001a,
fff2,
ffc6,
ff9d,
ff6b,
ff3c,
ff35,
ff64,
ffab,
0001,
0000,
0000,
0000,
ffff,
fffe,
ffff,
ffff,
ffff,
0000,
0000,
ffff,
0000,
0001,
0000,
0001,
0001,
0000,
ffff,
0000,
0000,
0000,
0000,
ffff,
ffff,
ffff,
0000,
0001,
0000,
0001,
0001,
ffff,
ffff,
0000,
0000,
0001,
0001,
fffe,
fffe,
ffff,
0001,
0001,
0004,
0001,
0003,
fff5,
000a,
0007,
0006,
ffff,
00ee,
03ca,
0674,
03e2,
f852,
f4a0,
ff2b,
0b06,
106f,
0ad8,
03e2,
041a,
0726,
04e1,
ff4a,
fa11,
f54b,
f49f,
f6c1,
f826,
f83a,
f9b5,
fc80,
fe9f,
017d,
04ba,
05bf,
056c,
05b9,
0498,
0237,
0193,
0178,
ffa3,
fd86,
fc90,
fbab,
fb4d,
fbc7,
fc1b,
fc61,
fd1e,
fe56,
ff75,
0037,
00c8,
0189,
0233,
0257,
0205,
0167,
00e5,
0070,
ffe2,
ff14,
fe32,
fdc9,
fdb3,
fdf2,
fe64,
fedf,
ff34,
ff76,
fff6,
0084,
00e4,
00ff,
0100,
00df,
009f,
0064,
001b,
ffe4,
ffa4,
ff48,
feec,
fed7,
ff1d,
0002,
0001,
0001,
0000,
0000,
ffff,
fffe,
fffe,
ffff,
ffff,
0000,
0000,
0000,
0001,
0001,
0000,
0001,
0001,
0001,
0000,
0000,
0000,
0000,
0000,
ffff,
0000,
0000,
0001,
0001,
0001,
0002,
0001,
0000,
0000,
0000,
0001,
0001,
0000,
ffff,
fffd,
0000,
0003,
0001,
0005,
0004,
0000,
fff8,
0016,
0008,
fffa,
fff1,
017a,
041b,
0684,
026e,
f607,
f676,
0489,
0cc0,
0afc,
078a,
06e0,
073e,
0864,
05cd,
fedd,
f7a9,
f421,
f405,
f447,
f584,
f691,
f77a,
fb4c,
0127,
04bc,
0613,
076b,
083a,
06eb,
04b7,
0348,
0193,
ff83,
fdc0,
fc97,
fb72,
facc,
fb21,
fb72,
fb95,
fc5b,
fd99,
feaa,
ffc2,
00c5,
0193,
0241,
02d7,
0304,
0278,
019e,
00ee,
003b,
ff53,
fe55,
fda6,
fd48,
fd3b,
fd9c,
fe3a,
fecc,
ff49,
ffe3,
006e,
00ce,
011d,
0157,
015a,
0118,
00b8,
0052,
0002,
ffbb,
ff4b,
fedb,
feab,
fecd,
0002,
0002,
0001,
0000,
ffff,
fffe,
fffe,
fffe,
fffe,
fffe,
ffff,
0000,
0001,
0001,
0001,
0001,
0001,
0001,
0001,
0001,
0000,
0000,
ffff,
0000,
0000,
0000,
ffff,
ffff,
0000,
0001,
0002,
0002,
0001,
0000,
ffff,
ffff,
0000,
0000,
0000,
fffe,
fffd,
0002,
0002,
0003,
0003,
0002,
fffd,
0010,
0010,
fff5,
ffdd,
0062,
02ab,
0521,
0613,
fe54,
f58a,
fa4c,
059f,
0d51,
0c2d,
080e,
07cb,
09cf,
0847,
0187,
fa51,
f4c2,
f21b,
f206,
f311,
f3fc,
f5eb,
faac,
001c,
040d,
06cf,
08e8,
0923,
083b,
06b7,
03d6,
00bd,
ff17,
fe2c,
fcac,
fb5f,
fabd,
fac0,
fb0e,
fb92,
fc36,
fd02,
fe31,
ff9a,
00cb,
019a,
0243,
02ed,
0364,
032c,
0238,
0113,
0030,
ff5f,
fe71,
fda3,
fd19,
fcdb,
fd1d,
fdd3,
fea7,
ff67,
fff6,
004e,
00b2,
012e,
018f,
019a,
014e,
00d2,
005e,
0001,
ff9c,
ff3b,
fef2,
feca,
feb4,
0002,
0001,
0001,
0001,
0000,
fffe,
fffe,
fffe,
fffe,
ffff,
0000,
0001,
0001,
0000,
0001,
0001,
0001,
0001,
0001,
0001,
0000,
0000,
0000,
0000,
0000,
0000,
0000,
ffff,
0000,
0002,
0002,
0002,
0001,
0000,
ffff,
ffff,
0000,
0001,
0000,
ffff,
fffd,
ffff,
0002,
0006,
0001,
0000,
0007,
000e,
000f,
ffed,
fff7,
0006,
0200,
04ea,
07cd,
0229,
f360,
f478,
05aa,
0fa1,
0cd3,
0921,
086a,
0855,
082a,
0388,
fab6,
f351,
f1c8,
f235,
f187,
f2f7,
f768,
fb9f,
ff4c,
0436,
07ef,
0912,
08ff,
08df,
06c8,
02ba,
ffdb,
fecd,
fe01,
fca4,
fbc5,
fb1e,
fa8e,
fb0d,
fc00,
fc7f,
fd12,
fe3e,
ff92,
00ab,
01a8,
0275,
0308,
035a,
0317,
0230,
00f5,
0008,
ff4b,
fe60,
fd82,
fcf0,
fcd3,
fd24,
fdec,
feef,
ff98,
fff8,
0053,
00c3,
013d,
019a,
0198,
0123,
00a3,
0031,
ffc8,
ff74,
ff4e,
ff2f,
fee4,
feba,
0002,
0001,
0001,
0000,
ffff,
fffe,
fffe,
fffd,
fffe,
ffff,
0000,
0000,
0000,
0000,
0001,
0001,
0001,
0001,
0001,
0000,
0000,
0000,
ffff,
0000,
0000,
ffff,
ffff,
0000,
0000,
0002,
0002,
0002,
0000,
ffff,
ffff,
ffff,
0000,
0001,
0000,
ffff,
fffd,
0002,
0000,
0003,
0000,
ffff,
0007,
000f,
000a,
fff5,
fff3,
0028,
0264,
0731,
093c,
fbf9,
ee71,
f9fe,
0be5,
0f5b,
0b8f,
08fc,
06c3,
06e4,
07f4,
0160,
f793,
f305,
f295,
f1b5,
f25b,
f631,
f935,
fc4a,
0156,
05f9,
07a8,
0876,
0925,
07d0,
0473,
010f,
ff20,
fdff,
fd5c,
fcbd,
fc11,
fb7d,
fb36,
fb92,
fc47,
fd26,
fe17,
fec7,
ff7b,
009d,
01ec,
02ca,
0328,
0305,
024f,
0168,
0097,
ffdb,
ff04,
fe05,
fd26,
fcd7,
fd26,
fdbe,
fe8e,
ff52,
ffc7,
0030,
0099,
00fa,
0147,
0174,
013b,
00ae,
002a,
ffb5,
ff75,
ff81,
ff8b,
ff41,
feeb,
feec,
0001,
0002,
0000,
0000,
fffe,
fffe,
fffe,
fffe,
ffff,
0000,
0000,
0001,
0001,
0001,
0001,
0001,
0001,
0001,
0000,
0000,
0000,
0000,
ffff,
0000,
ffff,
ffff,
ffff,
0000,
0002,
0002,
0001,
0001,
0000,
ffff,
ffff,
0000,
0001,
0001,
ffff,
fffe,
ffff,
0004,
0002,
ffff,
fffd,
0005,
0007,
000a,
0003,
0000,
fff3,
00f9,
05f1,
09d4,
0140,
f265,
f413,
0474,
0eca,
0efd,
0a06,
0550,
05c2,
07f6,
0355,
fa89,
f58a,
f3c5,
f289,
f2e7,
f5f6,
f8ee,
fbc7,
ffe5,
0416,
06cd,
07d3,
0821,
07ac,
054b,
01c1,
ff2d,
fdd7,
fd22,
fc9d,
fc68,
fc28,
fc07,
fc46,
fc77,
fce7,
fe2b,
ff4c,
ff7b,
ffca,
00e3,
0248,
0326,
0305,
022c,
0135,
007f,
0007,
ff60,
fe60,
fd62,
fcdd,
fd10,
fdda,
feb1,
ff42,
ffab,
003b,
00b8,
0102,
0139,
013b,
0101,
0094,
0002,
ff66,
ff34,
ff72,
ff9f,
ff7e,
ff37,
ff22,
ff58,
0001,
0002,
0000,
0000,
fffe,
fffe,
fffe,
fffe,
ffff,
0000,
0000,
0001,
0001,
0001,
0001,
0001,
0001,
0001,
0000,
0000,
0000,
0000,
ffff,
0000,
ffff,
ffff,
ffff,
0000,
0002,
0002,
0001,
0001,
0000,
ffff,
ffff,
0000,
0001,
0001,
ffff,
fffe,
ffff,
0004,
0002,
ffff,
fffd,
0005,
0007,
000a,
0003,
0000,
fff3,
00f9,
05f1,
09d4,
0140,
f265,
f413,
0474,
0eca,
0efd,
0a06,
0550,
05c2,
07f6,
0355,
fa89,
f58a,
f3c5,
f289,
f2e7,
f5f6,
f8ee,
fbc7,
ffe5,
0416,
06cd,
07d3,
0821,
07ac,
054b,
01c1,
ff2d,
fdd7,
fd22,
fc9d,
fc68,
fc28,
fc07,
fc46,
fc77,
fce7,
fe2b,
ff4c,
ff7b,
ffca,
00e3,
0248,
0326,
0305,
022c,
0135,
007f,
0007,
ff60,
fe60,
fd62,
fcdd,
fd10,
fdda,
feb1,
ff42,
ffab,
003b,
00b8,
0102,
0139,
013b,
0101,
0094,
0002,
ff66,
ff34,
ff72,
ff9f,
ff7e,
ff37,
ff22,
ff58,
0002,
0001,
0000,
ffff,
fffe,
fffe,
ffff,
ffff,
0000,
0001,
0001,
0001,
0001,
0001,
0002,
0002,
0001,
0001,
0001,
0000,
0000,
0000,
0000,
0000,
0000,
0000,
0001,
0002,
0002,
0002,
0001,
0000,
0000,
ffff,
0000,
0001,
0002,
ffff,
0000,
0000,
0001,
0003,
0003,
ffff,
fffe,
0006,
0008,
0009,
fffc,
0008,
0098,
0555,
09a0,
0248,
f573,
f454,
0095,
0bf4,
0f42,
0b53,
05c8,
0584,
0744,
0339,
fb36,
f633,
f402,
f350,
f455,
f67f,
f8c8,
fb95,
002d,
0484,
0691,
0736,
07cd,
07a2,
053a,
01d3,
ff5f,
fdb6,
fc6b,
fbee,
fbd2,
fbaa,
fc0a,
fcc4,
fd3b,
fd8d,
fe61,
ff6c,
0007,
005a,
00ce,
01a0,
02b7,
030a,
0241,
0126,
0038,
ffae,
ff3d,
fe73,
fd55,
fcbc,
fd09,
fdcf,
fea0,
ff64,
0002,
0066,
00e1,
0153,
0182,
015e,
00f3,
0058,
ffa6,
ff17,
feee,
ff2c,
ff67,
ff62,
ff41,
ff4e,
ff96,
ffde,
0002,
0000,
ffff,
fffe,
fffe,
ffff,
ffff,
0000,
0001,
0001,
0001,
0001,
0002,
0003,
0002,
0002,
0001,
0001,
0000,
0000,
0001,
0000,
0000,
ffff,
0000,
0001,
0002,
0002,
0002,
0001,
0000,
0000,
0000,
0000,
0001,
0001,
0000,
ffff,
0000,
0003,
0002,
0001,
ffff,
0000,
0005,
0001,
0008,
0000,
000a,
009b,
0573,
0974,
01f0,
f691,
f592,
ff65,
0a8f,
0f8a,
0b5e,
04cd,
0554,
0813,
034d,
faa1,
f5da,
f3cb,
f2d3,
f45c,
f74e,
f960,
fbc7,
0060,
04f2,
0738,
0834,
0830,
0730,
057e,
0286,
ff2f,
fd18,
fc60,
fbc5,
fabf,
fa6a,
fb2a,
fc24,
fd11,
fe0b,
ff34,
0002,
0059,
00d4,
017a,
022d,
02b6,
02c3,
0222,
0132,
0046,
ff71,
fecf,
fe14,
fd23,
fc75,
fcb2,
fda1,
fe75,
ff4b,
002b,
00e1,
0149,
018c,
01d8,
01c8,
013e,
0059,
ff63,
fec1,
feb3,
fef1,
ff0c,
ff04,
ff09,
ff37,
ff8b,
ffff,
0056,
0000,
ffff,
fffd,
fffd,
fffe,
fffe,
ffff,
ffff,
ffff,
0000,
0000,
0001,
0001,
0001,
0001,
0000,
0000,
ffff,
0000,
ffff,
ffff,
ffff,
fffe,
ffff,
0000,
0001,
0002,
0001,
0000,
ffff,
fffe,
ffff,
ffff,
0001,
0000,
fffe,
ffff,
ffff,
0002,
0002,
0001,
fffe,
fffc,
0005,
0003,
0007,
fff9,
0008,
00c6,
05fb,
0978,
0116,
f693,
f681,
ff9b,
0a68,
0fca,
0b35,
0455,
052b,
0794,
027f,
fa74,
f614,
f32f,
f1f6,
f4a7,
f734,
f886,
fc2e,
0178,
056f,
0794,
08ea,
08e3,
07c1,
0605,
02f9,
ff73,
fd28,
fc21,
fb7c,
face,
f9fb,
f9dd,
faa6,
fc05,
fd97,
ff16,
0066,
0120,
0162,
01e3,
02dd,
038c,
0341,
022c,
010c,
0039,
ff85,
feae,
fda5,
fca1,
fc23,
fc6f,
fd1b,
fe14,
ff33,
0032,
010a,
018d,
0201,
023c,
021c,
0183,
007e,
ff83,
fedd,
fe9f,
fea4,
feae,
fea2,
fec0,
fef9,
ff52,
ffd4,
004e,
008f,
ffff,
fffe,
fffe,
fffe,
ffff,
0000,
0000,
0000,
0000,
0001,
0002,
0002,
0002,
0001,
0001,
0002,
0001,
0001,
0001,
0001,
0000,
ffff,
0000,
0001,
0002,
0002,
0002,
0001,
0000,
ffff,
0000,
0000,
0001,
0001,
ffff,
0000,
0001,
0003,
0003,
0002,
ffff,
fffd,
0000,
0006,
000a,
fffd,
0006,
0101,
06d3,
099b,
fff8,
f615,
f721,
0035,
0b39,
1083,
0abf,
03a7,
0554,
07a9,
0177,
f8f2,
f519,
f2ee,
f209,
f503,
f769,
f805,
fb9f,
0165,
0657,
08a3,
0941,
093a,
081e,
0659,
0395,
0033,
fd5c,
fc09,
fbaf,
faf6,
f9f7,
f9d2,
fa24,
fa97,
fc1c,
fe63,
fffd,
00cd,
01bc,
02b3,
036e,
0410,
040e,
02fa,
0177,
0030,
ff50,
feb4,
fdad,
fc3f,
fb9d,
fbee,
fcca,
fde5,
fefb,
0024,
00f7,
0194,
022e,
0295,
0272,
019e,
009d,
ffd7,
ff4c,
fed4,
fe8b,
fe5f,
fe5a,
fe75,
fea2,
ff0f,
ffa1,
0032,
0084,
009c,
ffff,
fffe,
fffe,
fffe,
ffff,
0000,
0000,
0000,
0000,
0001,
0002,
0002,
0002,
0001,
0001,
0002,
0001,
0001,
0001,
0001,
0000,
ffff,
0000,
0001,
0002,
0002,
0002,
0001,
0000,
ffff,
0000,
0000,
0001,
0001,
ffff,
0000,
0001,
0003,
0003,
0002,
ffff,
fffd,
0000,
0006,
000a,
fffd,
0006,
0101,
06d3,
099b,
fff8,
f615,
f721,
0035,
0b39,
1083,
0abf,
03a7,
0554,
07a9,
0177,
f8f2,
f519,
f2ee,
f209,
f503,
f769,
f805,
fb9f,
0165,
0657,
08a3,
0941,
093a,
081e,
0659,
0395,
0033,
fd5c,
fc09,
fbaf,
faf6,
f9f7,
f9d2,
fa24,
fa97,
fc1c,
fe63,
fffd,
00cd,
01bc,
02b3,
036e,
0410,
040e,
02fa,
0177,
0030,
ff50,
feb4,
fdad,
fc3f,
fb9d,
fbee,
fcca,
fde5,
fefb,
0024,
00f7,
0194,
022e,
0295,
0272,
019e,
009d,
ffd7,
ff4c,
fed4,
fe8b,
fe5f,
fe5a,
fe75,
fea2,
ff0f,
ffa1,
0032,
0084,
009c,
fffd,
fffe,
fffe,
fffe,
ffff,
fffe,
fffe,
ffff,
ffff,
0001,
0001,
0001,
0000,
0000,
0000,
0000,
0001,
0000,
ffff,
fffe,
fffe,
ffff,
0000,
0001,
0001,
0001,
ffff,
fffe,
fffe,
ffff,
ffff,
0000,
0000,
fffe,
ffff,
ffff,
0003,
0001,
0002,
fffd,
fffd,
fffe,
0002,
0008,
0003,
0004,
015e,
07e6,
09b0,
fe8c,
f557,
f7af,
010d,
0c83,
117f,
0a22,
0300,
05bb,
0791,
0043,
f7a9,
f3ef,
f19a,
f135,
f58e,
f8af,
f845,
fb32,
0179,
068b,
08fe,
09ee,
09d0,
081c,
062d,
03fe,
0074,
fd4c,
fc62,
fc1a,
fb00,
fa29,
fa4f,
fa66,
fa66,
fb8c,
fd62,
fecf,
fffa,
0135,
027e,
03de,
04d1,
048d,
036e,
0228,
00d8,
ff89,
fe78,
fd7b,
fc5f,
fb41,
fb2c,
fc98,
fe0b,
ff10,
ffdf,
00be,
0196,
023d,
029d,
0251,
019b,
00eb,
004e,
ff9b,
ff0d,
fe9b,
fe50,
fe36,
fe32,
fe5c,
febf,
ff71,
001c,
0080,
009c,
0098,
fffe,
fffe,
ffff,
0000,
0000,
0000,
ffff,
0000,
0001,
0002,
0002,
0001,
0001,
0001,
0001,
0001,
0002,
0000,
0000,
0000,
0000,
0001,
0002,
0002,
0001,
0000,
ffff,
ffff,
ffff,
0001,
0001,
0000,
fffe,
ffff,
0000,
0004,
0001,
0003,
fffd,
0000,
fffd,
0003,
0005,
0008,
0008,
01d8,
0937,
09be,
fcce,
f46e,
f84c,
0225,
0e1a,
128c,
0977,
0260,
0655,
0782,
fec4,
f639,
f2b1,
f054,
f06e,
f560,
f92e,
f8fe,
fbe9,
021f,
06ce,
095a,
0a45,
09e2,
083c,
061e,
03bc,
007f,
fd43,
fbe4,
fc07,
fb7d,
fa90,
fa89,
faf1,
fb14,
fbda,
fd85,
fe88,
ff03,
0000,
01b6,
0383,
04ce,
04fa,
03e2,
025f,
0124,
0034,
ff09,
fd82,
fbbe,
fab3,
fb6e,
fcd0,
fe17,
ff11,
ffcf,
00b3,
0187,
0239,
0258,
0200,
01a5,
012b,
007f,
ffcd,
ff32,
fec0,
fe62,
fe1e,
fe0a,
fe2d,
fea5,
ff61,
000d,
006c,
009f,
00a2,
009d,
fffd,
ffff,
ffff,
ffff,
ffff,
ffff,
0000,
0001,
0001,
0001,
0000,
0000,
0000,
0000,
0001,
0000,
0000,
ffff,
ffff,
0000,
0000,
0002,
0002,
0000,
ffff,
fffe,
fffe,
fffe,
ffff,
0000,
ffff,
fffd,
ffff,
0000,
0004,
0000,
0003,
fffc,
0001,
fffc,
0003,
0001,
000b,
0009,
0270,
0ab8,
09be,
fac3,
f359,
f901,
0380,
0ff7,
138c,
089f,
01df,
0707,
074b,
fd09,
f4ba,
f189,
eed4,
ef99,
f561,
f987,
f9a2,
fc50,
02e3,
07f5,
0a17,
0a8a,
09e4,
0840,
05ab,
034d,
006e,
fcee,
fb5f,
fba7,
fb41,
fa5b,
faf3,
fbc7,
fbaa,
fc6f,
fe4b,
ff3a,
ff2b,
ff8d,
00c6,
029f,
0455,
0498,
039d,
0259,
015b,
0079,
ff75,
fd9d,
fb66,
faa6,
fb79,
fd32,
fe94,
ff29,
ffc4,
00c6,
01a7,
01e6,
01f4,
0218,
01b9,
0102,
0062,
ffc0,
ff3c,
fed5,
fe62,
fe05,
fdf6,
fe32,
feb2,
ff6a,
0016,
0077,
0092,
009b,
00b1,
00cf,
ffff,
0000,
0000,
0000,
0000,
0001,
0002,
0002,
0001,
0001,
0000,
0001,
0001,
0001,
0000,
0000,
0000,
ffff,
0000,
0002,
0003,
0002,
0001,
0000,
fffe,
fffe,
ffff,
0000,
0000,
0000,
fffd,
0000,
0000,
0005,
0000,
0003,
fffb,
0004,
fffb,
0005,
fffd,
000f,
000b,
0329,
0c72,
09a3,
f867,
f227,
f9d5,
0525,
1221,
146e,
0785,
0183,
07ff,
06eb,
fadc,
f306,
f07f,
ed7c,
eeb6,
f554,
f9ab,
fa78,
fd57,
035f,
08bd,
0b11,
0b4e,
0a38,
081b,
0564,
02ca,
ffd2,
fc84,
fad7,
fb0a,
fae3,
fa16,
fa81,
fbb9,
fcb7,
fda1,
fed5,
ffc2,
0018,
002d,
00ee,
029d,
03b8,
0392,
02b8,
01d0,
011e,
0082,
ff30,
fd1e,
fb95,
fb31,
fc10,
fd5c,
fe7f,
ff94,
0068,
00f9,
0153,
01cc,
0250,
022c,
0174,
00c4,
001d,
ff88,
ff0f,
fea8,
fe42,
fdf9,
fdf7,
fe42,
fee3,
ff9c,
0035,
0088,
00aa,
00aa,
00b0,
00e2,
0106,
ffff,
ffff,
ffff,
0000,
0001,
0001,
0002,
0001,
0000,
0000,
0000,
0001,
0000,
0000,
ffff,
ffff,
ffff,
0000,
0002,
0003,
0003,
0000,
ffff,
fffe,
fffe,
fffe,
ffff,
0000,
ffff,
fffc,
ffff,
0000,
0005,
ffff,
0003,
fff9,
0004,
fffa,
0007,
fff8,
0013,
000d,
03fa,
0e4b,
097a,
f5d9,
f0e5,
fabe,
06e4,
1471,
153d,
0647,
014c,
0914,
0675,
f876,
f11c,
ef5a,
ec3f,
ee04,
f54b,
f9a4,
fb17,
febd,
042b,
095e,
0bf9,
0bcd,
0a87,
0858,
0558,
0254,
ff4d,
fc14,
fa04,
fa22,
fa66,
f9e9,
fa12,
fb2f,
fcba,
fe80,
ffec,
0068,
0073,
00d5,
0233,
03a6,
03ed,
02f6,
01cd,
0101,
006b,
ff8b,
fe46,
fcc1,
fba0,
fbc0,
fc96,
fd92,
feca,
ffff,
00b3,
0101,
018b,
026b,
02ad,
021d,
0144,
0069,
ffb8,
ff29,
febe,
fe58,
fdf9,
fde0,
fdfd,
fe5e,
ff0f,
ffde,
0069,
00a8,
00c7,
00c6,
00ce,
00ec,
0109,
00e5,
fffe,
fffe,
fffe,
ffff,
0001,
0001,
0000,
ffff,
ffff,
0000,
0000,
0000,
ffff,
fffe,
fffe,
fffe,
ffff,
0001,
0002,
0002,
0000,
fffe,
fffc,
fffd,
fffd,
ffff,
0000,
fffe,
fffb,
ffff,
0000,
0005,
fffe,
0004,
fff7,
0005,
fff7,
000a,
fff3,
0015,
0010,
04e1,
1038,
094e,
f338,
ef85,
fb96,
08c5,
16f0,
15fd,
04f0,
0132,
0a42,
05e6,
f5f4,
ef18,
ee19,
eaf5,
ed5e,
f54c,
f9af,
fbb2,
0032,
053f,
09d6,
0cf2,
0c7f,
0a90,
0874,
053b,
0220,
ff05,
fbc6,
f979,
f90e,
f94a,
f97a,
fa19,
fad3,
fc60,
febb,
0082,
00bc,
00d8,
01d5,
035c,
049d,
04ac,
036b,
01d2,
0086,
ff34,
fe47,
fd79,
fc28,
fb49,
fb88,
fca5,
fe0c,
ff69,
004f,
00af,
0155,
0253,
02fd,
02db,
0239,
0144,
0030,
ff40,
fea5,
fe53,
fe09,
fdcf,
fdb6,
fdd2,
fe5a,
ff44,
0024,
00aa,
00d4,
00d8,
00e2,
00fd,
0119,
0112,
00d3,
0056,
fffe,
fffe,
fffe,
ffff,
0001,
0001,
0000,
ffff,
ffff,
0000,
0000,
0000,
ffff,
fffe,
fffe,
fffe,
ffff,
0001,
0002,
0002,
0000,
fffe,
fffc,
fffd,
fffd,
ffff,
0000,
fffe,
fffb,
ffff,
0000,
0005,
fffe,
0004,
fff7,
0005,
fff7,
000a,
fff3,
0015,
0010,
04e1,
1038,
094e,
f338,
ef85,
fb96,
08c5,
16f0,
15fd,
04f0,
0132,
0a42,
05e6,
f5f4,
ef18,
ee19,
eaf5,
ed5e,
f54c,
f9af,
fbb2,
0032,
053f,
09d6,
0cf2,
0c7f,
0a90,
0874,
053b,
0220,
ff05,
fbc6,
f979,
f90e,
f94a,
f97a,
fa19,
fad3,
fc60,
febb,
0082,
00bc,
00d8,
01d5,
035c,
049d,
04ac,
036b,
01d2,
0086,
ff34,
fe47,
fd79,
fc28,
fb49,
fb88,
fca5,
fe0c,
ff69,
004f,
00af,
0155,
0253,
02fd,
02db,
0239,
0144,
0030,
ff40,
fea5,
fe53,
fe09,
fdcf,
fdb6,
fdd2,
fe5a,
ff44,
0024,
00aa,
00d4,
00d8,
00e2,
00fd,
0119,
0112,
00d3,
0056,
ffff,
0000,
0001,
0002,
0002,
0001,
0000,
0001,
0001,
0001,
0001,
0000,
ffff,
ffff,
ffff,
0000,
0003,
0003,
0002,
0000,
fffe,
fffd,
ffff,
ffff,
0000,
0001,
ffff,
fffc,
0000,
0000,
0006,
ffff,
0004,
fff6,
0006,
fff5,
000e,
fff0,
0019,
0015,
05da,
1226,
0921,
f0ad,
ee1a,
fc4e,
0aa6,
198a,
16b6,
039e,
013f,
0b6d,
0534,
f374,
ed07,
ecb9,
e9b4,
eccf,
f53f,
f98f,
fc79,
01cd,
0691,
0a57,
0d7a,
0d7c,
0ab7,
0867,
053c,
0198,
fea6,
fbd0,
f961,
f83d,
f809,
f891,
f9ce,
faaf,
fc55,
feea,
0080,
0099,
0124,
02bf,
046d,
056e,
055c,
0431,
023b,
0036,
fee5,
fe08,
fcd9,
fb3e,
fa68,
faf4,
fc6f,
fe21,
ff77,
0060,
0154,
025b,
02cd,
0311,
032e,
028a,
013c,
ffed,
fef1,
fe51,
fe01,
fdd5,
fd9d,
fd81,
fdb7,
fe4e,
ff47,
004f,
00e6,
0103,
00f5,
00f0,
0110,
0139,
013c,
00e2,
0025,
ff76,
ffff,
0001,
0002,
0002,
0000,
0000,
0000,
0001,
0001,
0000,
ffff,
fffe,
fffe,
ffff,
0000,
0002,
0002,
0001,
ffff,
fffe,
fffd,
fffd,
fffe,
ffff,
0000,
ffff,
fffc,
0000,
0001,
0006,
fffe,
0004,
fff5,
0006,
fff4,
000f,
ffec,
001b,
001d,
06d2,
13f6,
090e,
ee77,
eca2,
fca6,
0c5e,
1c1f,
178b,
027c,
015e,
0c8d,
046b,
f10c,
eb10,
eb2f,
e85a,
ec51,
f52d,
f94f,
fd30,
0373,
0808,
0b37,
0db5,
0e10,
0b4b,
083b,
0525,
0164,
fdf1,
fba0,
f97f,
f7e5,
f728,
f775,
f93e,
fa6b,
fc0a,
feef,
00bd,
0098,
013a,
0343,
0514,
0623,
062a,
048f,
0204,
006e,
ffa4,
fe5f,
fc84,
fab4,
f9cd,
fa44,
fbde,
fda3,
ff09,
0085,
020a,
02cd,
0309,
0384,
03a7,
02a8,
0107,
ffbf,
fed8,
fe33,
fde7,
fdba,
fd74,
fd5c,
fd9a,
fe3f,
ff45,
0057,
00f6,
0114,
010a,
0100,
0117,
013b,
0147,
00e0,
0018,
ff6c,
ff37,
0002,
0002,
0001,
0000,
0000,
0000,
0001,
0001,
0001,
0001,
ffff,
fffe,
ffff,
0000,
0002,
0003,
0001,
ffff,
fffe,
fffc,
fffd,
fffe,
0000,
ffff,
fffe,
fffb,
0000,
0001,
0007,
ffff,
0005,
fff4,
0007,
fff3,
0011,
ffea,
001b,
0027,
07b8,
1588,
0936,
ece1,
eb34,
fc69,
0dad,
1e93,
1896,
01ca,
017a,
0d92,
03cc,
eeca,
e928,
e9a1,
e6dd,
ebc0,
f51b,
f8da,
fdd3,
0547,
0954,
0c4b,
0e4a,
0e26,
0be0,
088d,
04af,
011b,
fdbe,
fb3e,
f970,
f792,
f692,
f6d2,
f8aa,
f9f4,
fb73,
fe7b,
00d3,
011b,
01ab,
0356,
0565,
0713,
0687,
0426,
0224,
0107,
ffff,
fecb,
fce0,
fab3,
f99c,
f9f1,
fb40,
fcfd,
ff06,
00a7,
0199,
0280,
0367,
03fe,
03d1,
02ad,
0114,
ffd3,
fedc,
fe39,
fdee,
fdb9,
fd77,
fd5e,
fd95,
fe2b,
ff3a,
0055,
00f7,
0108,
00fb,
00f8,
010c,
0144,
0144,
00c6,
fffb,
ff6b,
ff3e,
ff4b,
0002,
0002,
0000,
ffff,
0000,
0001,
0002,
0002,
0000,
ffff,
ffff,
ffff,
0001,
0003,
0004,
0001,
ffff,
fffe,
fffc,
fffe,
fffe,
ffff,
0000,
fffd,
fffb,
0000,
0002,
0007,
ffff,
0003,
fff3,
0008,
fff3,
0010,
ffe8,
001c,
002e,
0870,
16c5,
09a8,
ec3b,
e9fc,
fb5d,
0e2a,
20b6,
1a03,
01bc,
0187,
0e48,
038c,
ed1b,
e748,
e7f7,
e547,
eaf5,
f4f6,
f85f,
fdec,
071a,
0aec,
0d0f,
0f35,
0e3c,
0c01,
094f,
04a6,
004d,
fd77,
fb51,
f97e,
f730,
f5ca,
f669,
f849,
f983,
fad4,
fdae,
007c,
0187,
022f,
03b4,
05cf,
0774,
06b6,
044f,
0245,
011b,
002a,
fee7,
fd3a,
fb44,
f9f0,
f9b3,
fae4,
fd36,
ff3c,
0028,
00c3,
020b,
0356,
03f1,
03af,
02ae,
0155,
fffc,
ff0a,
fe79,
fe2c,
fde2,
fd81,
fd62,
fd9f,
fe3b,
ff32,
0031,
00d1,
00f8,
00e2,
00d8,
0101,
0135,
012a,
00ae,
ffeb,
ff4e,
ff1d,
ff4a,
ff8e,
0002,
0002,
0000,
ffff,
0000,
0001,
0002,
0002,
0000,
ffff,
ffff,
ffff,
0001,
0003,
0004,
0001,
ffff,
fffe,
fffc,
fffe,
fffe,
ffff,
0000,
fffd,
fffb,
0000,
0002,
0007,
ffff,
0003,
fff3,
0008,
fff3,
0010,
ffe8,
001c,
002e,
0870,
16c5,
09a8,
ec3b,
e9fc,
fb5d,
0e2a,
20b6,
1a03,
01bc,
0187,
0e48,
038c,
ed1b,
e748,
e7f7,
e547,
eaf5,
f4f6,
f85f,
fdec,
071a,
0aec,
0d0f,
0f35,
0e3c,
0c01,
094f,
04a6,
004d,
fd77,
fb51,
f97e,
f730,
f5ca,
f669,
f849,
f983,
fad4,
fdae,
007c,
0187,
022f,
03b4,
05cf,
0774,
06b6,
044f,
0245,
011b,
002a,
fee7,
fd3a,
fb44,
f9f0,
f9b3,
fae4,
fd36,
ff3c,
0028,
00c3,
020b,
0356,
03f1,
03af,
02ae,
0155,
fffc,
ff0a,
fe79,
fe2c,
fde2,
fd81,
fd62,
fd9f,
fe3b,
ff32,
0031,
00d1,
00f8,
00e2,
00d8,
0101,
0135,
012a,
00ae,
ffeb,
ff4e,
ff1d,
ff4a,
ff8e,
0002,
0000,
ffff,
0000,
0001,
0002,
0002,
0000,
ffff,
fffe,
ffff,
0001,
0004,
0004,
0003,
ffff,
fffd,
fffc,
fffe,
fffe,
ffff,
0000,
fffd,
fffb,
0000,
0002,
0007,
0000,
0005,
fff3,
0008,
fff1,
0011,
ffe6,
001d,
0025,
08d8,
17bf,
0a73,
ec84,
e951,
f983,
0d44,
2268,
1c24,
026a,
0170,
0eca,
03c0,
ec1d,
e5b9,
e64c,
e36b,
e9ab,
f4aa,
f7f9,
fd90,
084e,
0cfe,
0dc7,
1016,
0eee,
0bae,
09e8,
0587,
ffad,
fc8d,
fb70,
f9c8,
f743,
f523,
f58b,
f7bb,
f912,
faa1,
fd27,
ff9e,
013d,
02c7,
046c,
05dd,
076b,
0786,
050e,
0246,
0101,
0001,
fee5,
fd9c,
fba0,
f9fa,
f9d0,
fb89,
fdc0,
fefd,
ff99,
005c,
018b,
02ce,
0381,
0367,
029e,
0176,
003d,
ff49,
fec6,
fe81,
fe35,
fdd5,
fd8f,
fd9a,
fe2f,
ff2a,
0020,
00b2,
00cf,
00b1,
00b4,
00f5,
013d,
011b,
007e,
ffbe,
ff39,
ff18,
ff43,
ff94,
ffa5,
0000,
ffff,
0000,
0001,
0001,
0001,
0000,
ffff,
fffe,
ffff,
0001,
0004,
0004,
0002,
ffff,
fffd,
fffc,
fffd,
fffd,
ffff,
ffff,
fffd,
fffb,
0000,
0001,
0008,
ffff,
0006,
fff2,
0008,
ffef,
0015,
ffe2,
0022,
0004,
08b6,
18a3,
0bb6,
ed63,
e995,
f771,
0a40,
2310,
1f53,
0401,
0107,
0f2c,
04c2,
ebb8,
e47f,
e4e5,
e184,
e799,
f3f2,
f78a,
fcee,
0886,
0f22,
0f28,
1057,
103b,
0bcc,
09b2,
06b0,
0056,
fb45,
facb,
fa58,
f7a7,
f515,
f478,
f697,
f877,
fa86,
fce7,
feec,
009e,
02b7,
04ed,
0610,
0784,
0801,
05f1,
030b,
010f,
ffc8,
feda,
fdc5,
fbc3,
f9fd,
fa03,
fbf0,
fde9,
ff00,
ff8e,
0016,
00f1,
0210,
0319,
035a,
0284,
013e,
004f,
ffaa,
ff2e,
fece,
fe78,
fe29,
fdde,
fdc3,
fe2e,
ff08,
fff7,
0086,
00aa,
0092,
008d,
00cf,
011d,
010e,
007c,
ffb0,
ff1e,
ff0c,
ff4a,
ff98,
ffa9,
ff72,
0000,
0000,
0001,
0001,
0001,
0001,
ffff,
ffff,
0000,
0001,
0005,
0005,
0003,
0000,
fffe,
fffc,
fffd,
fffe,
ffff,
ffff,
fffe,
fffa,
0000,
0000,
0009,
fffe,
0008,
fff1,
000a,
ffef,
0017,
ffe2,
0025,
ffdc,
07d7,
1975,
0dd4,
ee15,
ea97,
f6b9,
0519,
214c,
239a,
0702,
0048,
0f25,
06e7,
ec18,
e39d,
e3e7,
dfc3,
e4dd,
f293,
f6f8,
fbcf,
0810,
103e,
1176,
10d4,
1117,
0ce3,
096c,
072a,
01e8,
fb5c,
f91e,
fa40,
f88d,
f5a1,
f3a8,
f504,
f7c2,
fa16,
fc95,
fe82,
0020,
0230,
04bb,
067f,
07c0,
0803,
06b6,
043a,
0193,
0013,
ff15,
fdca,
fbbc,
fa33,
fa23,
fb88,
fd80,
ff02,
ffaf,
fff0,
0092,
019c,
02c7,
0332,
027d,
0151,
006c,
ffc8,
ff66,
ff2e,
fed1,
fe65,
fe10,
fde4,
fe34,
fef8,
ffdc,
005f,
0076,
0071,
0077,
00a0,
00df,
00fb,
0091,
ffcb,
ff23,
ff07,
ff58,
ffb5,
ffbf,
ff69,
ff2f,
0000,
0000,
0000,
0000,
ffff,
fffe,
fffd,
ffff,
0001,
0004,
0004,
0004,
0001,
fffd,
fffa,
fffd,
fffc,
fffd,
fffe,
fffe,
fff8,
0001,
ffff,
0009,
fffd,
000a,
fff1,
0009,
ffef,
0012,
ffe7,
001c,
ffc8,
05eb,
19aa,
121b,
eeb8,
ea44,
f8a8,
ffa3,
1b03,
2811,
0c6f,
ff67,
0e32,
0a7b,
edc6,
e2c3,
e3bb,
de51,
e171,
f047,
f66b,
f9ce,
06e0,
104f,
1334,
128b,
11dd,
0e46,
09e1,
0750,
0317,
fcff,
f864,
f8bd,
f8fc,
f696,
f396,
f3b3,
f675,
f957,
fc21,
fe1b,
ff9c,
017b,
0431,
069c,
07e2,
081e,
0748,
0553,
02a0,
00ca,
ffa2,
fe26,
fbf7,
fa58,
fa00,
fac2,
fcb0,
fe86,
ff55,
ffbe,
0089,
0178,
0271,
031b,
02de,
01b2,
0092,
ffe5,
ff92,
ff6a,
ff1e,
fe99,
fe24,
fdef,
fe23,
fede,
ffb4,
0035,
005a,
0052,
004b,
006e,
00b8,
00e6,
009d,
0000,
ff5a,
ff21,
ff5e,
ffc5,
ffde,
ff80,
ff2a,
ff47,
ffff,
fffe,
ffff,
ffff,
fffe,
fffd,
fffe,
0000,
0003,
0004,
0003,
0000,
fffd,
fffb,
fffb,
fffb,
fffc,
fffc,
ffff,
fff9,
0000,
fffe,
0008,
fffd,
0008,
fff6,
0001,
fff9,
0004,
fffd,
fffd,
ffeb,
033f,
17f0,
18f3,
f197,
e5e7,
fbd2,
fe71,
0fd4,
2967,
1529,
ff95,
0b8b,
0f1c,
f1dc,
e140,
e436,
de47,
dd54,
ec82,
f61d,
f75f,
0423,
1019,
13a8,
1462,
13b2,
0fe8,
0ade,
07e2,
03e8,
fe96,
f95a,
f7a8,
f80c,
f6f8,
f41b,
f380,
f51a,
f7e0,
fb96,
fdc6,
fed1,
00a7,
03a0,
060b,
078e,
08b0,
081d,
05ee,
03d2,
023d,
007d,
fe8b,
fc72,
fac7,
f9d6,
fa0c,
fba4,
fd64,
fe91,
ff6e,
0061,
0134,
0249,
033c,
0354,
025a,
0124,
0048,
ffbb,
ff8f,
ff46,
feb8,
fe3b,
fdf4,
fdf8,
fe9d,
ff8f,
001e,
002b,
0014,
0013,
0049,
00a7,
00f1,
00bd,
002d,
ffa0,
ff74,
ff9a,
ffce,
ffd3,
ff84,
ff43,
ff53,
ffb3,
0000,
0000,
0000,
ffff,
fffe,
ffff,
0000,
0003,
0004,
0004,
0001,
fffe,
fffc,
fffb,
fffc,
fffd,
fffd,
fffe,
fffa,
fffd,
0002,
0005,
0002,
0001,
0002,
fff4,
000a,
ffec,
001f,
ffcf,
0036,
00b6,
12da,
2052,
fb27,
de3e,
f971,
0509,
04ac,
22b1,
1f9b,
036c,
06c9,
12e9,
fa73,
dfe1,
e33a,
e0a7,
da14,
e648,
f534,
f5ed,
ff11,
0ed9,
13e3,
14b7,
15f6,
12e9,
0c38,
08f1,
051c,
000e,
faa4,
f7d6,
f737,
f61c,
f418,
f3e6,
f4fd,
f600,
fa25,
fda4,
fe1c,
ff4f,
02b1,
0578,
06a9,
0897,
0971,
0730,
04b3,
0384,
01f3,
ff69,
fcf6,
faf8,
f9de,
f9a5,
faad,
fc14,
fd6d,
feb1,
ffcd,
00ce,
021d,
0358,
03a9,
030c,
0200,
0111,
0032,
ffba,
ff6e,
fedf,
fe2b,
fdce,
fdd2,
fe58,
ff3c,
ffe3,
fff0,
ffc4,
ffca,
0017,
0085,
00f0,
00f3,
0085,
000c,
ffcb,
ffd7,
ffe8,
ffe4,
ff8c,
ff34,
ff37,
ff88,
ffee,
0000,
0000,
0000,
ffff,
fffe,
ffff,
0000,
0003,
0004,
0004,
0001,
fffe,
fffc,
fffb,
fffc,
fffd,
fffd,
fffe,
fffa,
fffd,
0002,
0005,
0002,
0001,
0002,
fff4,
000a,
ffec,
001f,
ffcf,
0036,
00b6,
12da,
2052,
fb27,
de3e,
f971,
0509,
04ac,
22b1,
1f9b,
036c,
06c9,
12e9,
fa73,
dfe1,
e33a,
e0a7,
da14,
e648,
f534,
f5ed,
ff11,
0ed9,
13e3,
14b7,
15f6,
12e9,
0c38,
08f1,
051c,
000e,
faa4,
f7d6,
f737,
f61c,
f418,
f3e6,
f4fd,
f600,
fa25,
fda4,
fe1c,
ff4f,
02b1,
0578,
06a9,
0897,
0971,
0730,
04b3,
0384,
01f3,
ff69,
fcf6,
faf8,
f9de,
f9a5,
faad,
fc14,
fd6d,
feb1,
ffcd,
00ce,
021d,
0358,
03a9,
030c,
0200,
0111,
0032,
ffba,
ff6e,
fedf,
fe2b,
fdce,
fdd2,
fe58,
ff3c,
ffe3,
fff0,
ffc4,
ffca,
0017,
0085,
00f0,
00f3,
0085,
000c,
ffcb,
ffd7,
ffe8,
ffe4,
ff8c,
ff34,
ff37,
ff88,
ffee,
0000,
0000,
ffff,
fffe,
fffe,
0000,
0002,
0005,
0005,
0002,
ffff,
fffd,
fffa,
fffc,
fffb,
fffd,
fffd,
fffc,
fff7,
0004,
0000,
0009,
fff8,
000f,
ffea,
0016,
ffdf,
002b,
ffc3,
004b,
ff8c,
0a97,
231a,
0d6e,
dc03,
ea1b,
0d3c,
0440,
1352,
2571,
0d59,
025d,
11c8,
07a5,
e339,
de82,
e3b8,
da7d,
de82,
f12f,
f68b,
f92f,
0a33,
1464,
14a6,
15e0,
1725,
0fa2,
09c6,
06ed,
01f2,
fc5c,
f832,
f76a,
f55e,
f315,
f381,
f59f,
f59b,
f7d2,
fc88,
fe0e,
fe21,
00d5,
0487,
05fc,
07a5,
0a13,
092a,
0631,
0479,
035d,
00f0,
fde4,
fb50,
f9b2,
f924,
f9e9,
fb4c,
fc5f,
fd81,
fecb,
0035,
01c2,
0352,
03e6,
0380,
02c3,
020f,
0113,
0038,
ffb7,
ff27,
fe52,
fdaf,
fd8a,
fdf2,
fed0,
ff8a,
ffaf,
ff6f,
ff75,
ffcc,
0065,
00e6,
0113,
00d5,
0080,
0052,
003b,
001e,
fffd,
ffb2,
ff38,
ff07,
ff43,
ff98,
ffe4,
0001,
0000,
0000,
fffe,
ffff,
0002,
0006,
0005,
0004,
0000,
fffe,
fffb,
fffc,
fffd,
fffc,
fffd,
ffff,
fff8,
0000,
0002,
000b,
fffd,
0009,
fff8,
0002,
fffd,
fffe,
000a,
ffe7,
0006,
029b,
1c13,
21aa,
eb93,
d40e,
04d4,
125c,
072a,
1eb8,
19ef,
043e,
0a7d,
126f,
f1a8,
d900,
e22d,
df1a,
d98d,
e814,
f6e2,
f654,
0185,
122d,
1637,
14af,
17c1,
163b,
0c69,
0838,
0475,
fee3,
f92c,
f75c,
f5f3,
f262,
f1c2,
f4dd,
f6be,
f69a,
fa04,
fd8e,
fde2,
ff06,
0280,
0524,
06c2,
09b3,
0aa2,
0838,
05cb,
0497,
02af,
ff78,
fc35,
f990,
f879,
f917,
fa99,
fba7,
fc7c,
fda8,
ff40,
0126,
0307,
0406,
03dc,
033b,
02c1,
0205,
0112,
0054,
ff8d,
feb4,
fdd7,
fd60,
fd7f,
fe43,
ff04,
ff45,
ff28,
ff32,
ff82,
0014,
00cc,
0136,
0127,
00db,
00ad,
009f,
0087,
005d,
fffc,
ff50,
fedb,
feea,
ff3c,
ff94,
ffce,
0001,
0000,
fffe,
ffff,
0002,
0004,
0006,
0004,
0003,
ffff,
fffd,
fffa,
fffd,
fffb,
fffe,
fffd,
fffb,
fff7,
0006,
0004,
0009,
fff6,
0010,
ffe8,
001c,
ffd8,
0036,
ffb3,
0061,
ff6b,
0cf4,
290b,
0d7b,
d037,
e2d2,
1986,
0f72,
0f9e,
1eda,
0e1b,
04c9,
1111,
0796,
df20,
d962,
e20e,
db6b,
de15,
f0c4,
f7eb,
f920,
0a2b,
1643,
1691,
1525,
191b,
1409,
0a64,
0698,
022e,
fba6,
f75f,
f668,
f34e,
f0a2,
f1f1,
f623,
f79c,
f7eb,
fb80,
fde9,
fe6a,
0014,
0331,
05f1,
08d6,
0b11,
09f7,
0775,
05bf,
0484,
018f,
fdc4,
fa36,
f7ed,
f7f5,
f99d,
fb1e,
fbce,
fc9b,
fe27,
0039,
026c,
03fb,
042b,
038e,
0313,
02b7,
01e4,
0121,
0040,
ff3d,
fe43,
fd86,
fd33,
fda2,
fe7a,
fed8,
fece,
fed4,
ff29,
ffbc,
008c,
013e,
0173,
0132,
00e6,
00d8,
00e6,
00c1,
006e,
ffba,
feef,
fe96,
fed5,
ff3b,
ff93,
ff8f,
0000,
fffe,
fffd,
0000,
0003,
0006,
0006,
0004,
0000,
fffd,
fffa,
fffc,
fffc,
fffc,
fffd,
fffe,
fff6,
fffe,
0006,
000a,
fffe,
0003,
fffe,
fffb,
0009,
ffef,
001f,
ffc7,
0039,
0123,
1a98,
2aa3,
f2ed,
c488,
f9c4,
21fa,
0e4b,
16da,
1827,
085e,
081e,
121e,
f86d,
d5ce,
db73,
dfa2,
db66,
e460,
f643,
f775,
fe41,
104c,
1857,
1693,
15f3,
1952,
1222,
0900,
04e9,
0025,
f902,
f646,
f4bb,
f13c,
efd6,
f262,
f70f,
f809,
f92f,
fcc9,
fe9a,
ff12,
00a8,
0410,
079c,
0ac7,
0b22,
08e1,
06d4,
05d2,
0415,
0029,
fbe0,
f856,
f6f4,
f817,
fa2a,
fb69,
fc0f,
fcfc,
feea,
015b,
039b,
0480,
0410,
033f,
02e9,
0287,
01cd,
0115,
fffe,
fedd,
fde0,
fd4b,
fd25,
fdcb,
fe7f,
fea2,
fe8e,
feb7,
ff33,
0010,
010e,
01b4,
0198,
0121,
00dd,
00fc,
0125,
00e4,
0040,
ff4d,
fe9d,
fe82,
fee3,
ff4e,
ff79,
ff24,
0000,
fffe,
fffd,
0000,
0003,
0006,
0006,
0004,
0000,
fffd,
fffa,
fffc,
fffc,
fffc,
fffd,
fffe,
fff6,
fffe,
0006,
000a,
fffe,
0003,
fffe,
fffb,
0009,
ffef,
001f,
ffc7,
0039,
0123,
1a98,
2aa3,
f2ed,
c488,
f9c4,
21fa,
0e4b,
16da,
1827,
085e,
081e,
121e,
f86d,
d5ce,
db73,
dfa2,
db66,
e460,
f643,
f775,
fe41,
104c,
1857,
1693,
15f3,
1952,
1222,
0900,
04e9,
0025,
f902,
f646,
f4bb,
f13c,
efd6,
f262,
f70f,
f809,
f92f,
fcc9,
fe9a,
ff12,
00a8,
0410,
079c,
0ac7,
0b22,
08e1,
06d4,
05d2,
0415,
0029,
fbe0,
f856,
f6f4,
f817,
fa2a,
fb69,
fc0f,
fcfc,
feea,
015b,
039b,
0480,
0410,
033f,
02e9,
0287,
01cd,
0115,
fffe,
fedd,
fde0,
fd4b,
fd25,
fdcb,
fe7f,
fea2,
fe8e,
feb7,
ff33,
0010,
010e,
01b4,
0198,
0121,
00dd,
00fc,
0125,
00e4,
0040,
ff4d,
fe9d,
fe82,
fee3,
ff4e,
ff79,
ff24,
ffff,
fffd,
fffd,
0000,
0003,
0006,
0004,
0001,
fffc,
fffc,
fffa,
fffd,
fffb,
fffd,
fffb,
fffe,
fff6,
0001,
0001,
000f,
fff5,
000b,
ffea,
0012,
ffe4,
0020,
ffda,
0024,
ff98,
05b9,
25da,
2417,
dc06,
c4e1,
0d3a,
22fe,
1122,
19ba,
1195,
0654,
0a78,
0f06,
eb68,
d286,
dba8,
de14,
dd3b,
ea4b,
f899,
f7ab,
03c6,
140f,
19d1,
16bb,
16c3,
18c9,
10e1,
0774,
036e,
feb7,
f704,
f53d,
f2fa,
ef9b,
ef3a,
f2e8,
f71f,
f83e,
fb0c,
fe53,
ff59,
ffaf,
01ac,
051d,
0936,
0bf3,
0a47,
078f,
063d,
05ae,
0343,
febd,
fa3b,
f6f6,
f688,
f891,
faa0,
fbac,
fc78,
fda6,
ffcb,
0254,
0477,
04d6,
03f3,
0305,
02ad,
0237,
0198,
00e3,
ffab,
fe5e,
fd77,
fd12,
fd29,
fdeb,
fea0,
feaf,
fe80,
febd,
ff66,
006b,
0179,
020a,
019d,
00f0,
00c9,
011c,
0133,
00cc,
fffc,
fef5,
fe64,
fe87,
ff0b,
ff6f,
ff4f,
fecb,
ffff,
fffd,
fffd,
0000,
0004,
0006,
0004,
0000,
fffc,
fffb,
fff8,
fffd,
fffd,
fffd,
fffb,
fffe,
fff6,
0002,
0004,
000e,
fff6,
000e,
ffe4,
001c,
ffd5,
003e,
ffaa,
006b,
ff31,
0b12,
2c90,
1bf2,
cca6,
c97e,
18e8,
226f,
15c1,
1a2b,
0d71,
04cb,
0b64,
0aa4,
e2f8,
d151,
daba,
dd88,
df7c,
ee6f,
f919,
f947,
0822,
1660,
1b10,
174e,
175f,
17b7,
0fd5,
0635,
0251,
fe00,
f60e,
f3f5,
f107,
ee4c,
eec3,
f294,
f6be,
f93c,
fd00,
ffbe,
00b7,
00de,
026e,
05e6,
0a73,
0c39,
090a,
0626,
055d,
0515,
027d,
fdc1,
f8f8,
f639,
f6a8,
f900,
fb08,
fc20,
fd11,
fe55,
0078,
0310,
050e,
0516,
03f0,
02e9,
025a,
01bf,
0143,
0098,
ff3d,
fdd8,
fd17,
fcdf,
fd34,
fe2e,
fefb,
feed,
fe9a,
feeb,
ffab,
00b9,
01c6,
0230,
0185,
00b2,
00ae,
0111,
010e,
00a2,
ffcf,
fecb,
fe40,
fe94,
ff33,
ff93,
ff4b,
feac,
ffff,
fffd,
fffe,
0002,
0007,
0008,
0005,
0001,
fffd,
fffb,
fffa,
fffd,
fffc,
ffff,
fffe,
fffc,
fff5,
0004,
0008,
000b,
fff8,
0009,
ffe9,
001c,
ffd4,
0044,
ff9e,
0084,
ff2c,
0eb2,
2f99,
177f,
c522,
cb4a,
1cfa,
2311,
1a80,
1b26,
0b07,
02f0,
0af5,
0740,
df42,
d07a,
d8f3,
dd1b,
e11d,
f03b,
f9a4,
fb98,
0ae8,
17c3,
1c71,
1895,
1749,
161d,
0f92,
05a4,
0109,
fe2c,
f5fe,
f209,
ef44,
ed4a,
ed71,
f1ed,
f739,
fa5b,
fe69,
01a6,
0310,
0220,
02b3,
0651,
0ab0,
0bda,
0802,
047b,
03e6,
0467,
020a,
fd15,
f870,
f64a,
f703,
f93a,
fb69,
fcce,
fdcc,
fed1,
00c5,
03a5,
0585,
054d,
040f,
02dd,
01e3,
011f,
00d5,
001e,
fec0,
fd66,
fcb4,
fcaf,
fd69,
feae,
ff6b,
ff49,
fefc,
ff3c,
ffe4,
00e0,
01e9,
022f,
0154,
006c,
0066,
00d1,
00e0,
008f,
ffc5,
feb5,
fe33,
fea6,
ff5b,
ffc8,
ff75,
fec5,
ffff,
fffc,
fffd,
0002,
0006,
0008,
0006,
0001,
fffc,
fffb,
fffa,
fffc,
fffc,
ffff,
fffe,
fffb,
fff5,
0003,
000a,
000b,
fff9,
0008,
ffe9,
001c,
ffd3,
0047,
ff9a,
008a,
ff33,
0f64,
3023,
18fb,
c51c,
c70d,
1a96,
24dd,
1ed4,
1dfc,
0a00,
0124,
08f2,
0601,
dff1,
cfb1,
d602,
dbe7,
e1c5,
f047,
face,
fdd3,
0c36,
1869,
1e26,
19d3,
1685,
1529,
0fbf,
05df,
ffdd,
fe08,
f645,
f100,
edc4,
eb75,
ec4c,
f1be,
f777,
fb5a,
005c,
035b,
04e0,
0430,
033c,
0566,
09b5,
0b64,
0734,
02c3,
0240,
0389,
019a,
fd10,
f8dd,
f6c2,
f75e,
f974,
fbc8,
fd8a,
fe72,
ff1f,
00dc,
03d7,
05df,
05a7,
0438,
02ad,
0171,
006f,
0016,
ff8b,
fe62,
fd0a,
fc5c,
fcab,
fdbb,
ff33,
fffa,
ffd7,
ff80,
ff8e,
000f,
00e2,
01d9,
020b,
011a,
000d,
ffe3,
0074,
00c3,
0097,
ffc6,
feb3,
fe36,
feb1,
ff81,
0010,
ffc9,
ff00,
fffe,
fffb,
fffc,
0001,
0006,
0009,
0007,
0003,
fffd,
fffa,
fff8,
fffc,
fffc,
ffff,
fffd,
fffb,
fff3,
0002,
0008,
000d,
fff7,
000c,
ffe2,
0020,
ffcc,
004c,
ff97,
0089,
ff24,
0d03,
2e2c,
2019,
cdd8,
bd85,
1086,
26b1,
224e,
2322,
0b5a,
ffbf,
0591,
06ad,
e4b2,
cf86,
d1bb,
d922,
e192,
eeff,
fc27,
ff9b,
0c65,
1886,
1eea,
1b5b,
16c5,
1494,
0fde,
075f,
feb1,
fc60,
f6f4,
f14d,
ec76,
ea39,
ebe0,
f07c,
f76b,
fd56,
0223,
03d6,
05de,
06d9,
0481,
03df,
077c,
0a4c,
06cf,
0210,
0090,
01ef,
0155,
fdba,
f9e4,
f778,
f7a7,
f9a7,
fc31,
fe2a,
ff0a,
ff6b,
00cb,
03ac,
0610,
062b,
0462,
026a,
00fe,
ffb0,
ff33,
fee1,
fe04,
fcdc,
fc51,
fcba,
fdea,
ffa1,
00b6,
00a6,
000d,
ffd0,
0023,
00d1,
01a1,
01d0,
00d8,
ffa6,
ff54,
0009,
009c,
0093,
ffe2,
fed3,
fe44,
feb0,
ff9f,
005b,
003a,
ff68,
fffe,
fffd,
fffc,
0000,
0006,
000a,
0009,
0005,
ffff,
fffb,
fff7,
fffc,
fffc,
ffff,
fffc,
fffe,
fff3,
0000,
0005,
0013,
fff7,
0013,
ffdd,
0023,
ffcc,
0046,
ffab,
0068,
ff48,
0881,
2906,
2940,
e045,
b479,
fd1b,
269f,
244c,
29e7,
1062,
ff41,
01d9,
077d,
ec7c,
d126,
cd33,
d422,
e08c,
ed11,
fcac,
0132,
0bb5,
175b,
1eb3,
1e7d,
179e,
1468,
1004,
08ae,
fe41,
fa8a,
f629,
f137,
eeb8,
eabd,
ea2a,
ef42,
f7b9,
fe47,
030a,
0504,
058b,
076d,
0719,
0460,
0432,
07ab,
06fd,
0247,
ff5e,
001a,
00cd,
fe7a,
fb42,
f892,
f7dc,
f993,
fc8e,
fed6,
ffb2,
ffd9,
00b1,
033d,
0601,
06a0,
04ce,
0212,
0049,
ff19,
fe68,
fe14,
fd8f,
fce3,
fc87,
fce1,
fdff,
ffe2,
0167,
01a1,
00da,
0018,
0011,
009d,
0158,
018c,
0098,
ff59,
fedb,
ff83,
0046,
007f,
000b,
ff1a,
fe6b,
fe9e,
ffa3,
0093,
00bf,
fffd,
fffe,
fffd,
fffc,
0000,
0006,
000a,
0009,
0005,
ffff,
fffb,
fff7,
fffc,
fffc,
ffff,
fffc,
fffe,
fff3,
0000,
0005,
0013,
fff7,
0013,
ffdd,
0023,
ffcc,
0046,
ffab,
0068,
ff48,
0881,
2906,
2940,
e045,
b479,
fd1b,
269f,
244c,
29e7,
1062,
ff41,
01d9,
077d,
ec7c,
d126,
cd33,
d422,
e08c,
ed11,
fcac,
0132,
0bb5,
175b,
1eb3,
1e7d,
179e,
1468,
1004,
08ae,
fe41,
fa8a,
f629,
f137,
eeb8,
eabd,
ea2a,
ef42,
f7b9,
fe47,
030a,
0504,
058b,
076d,
0719,
0460,
0432,
07ab,
06fd,
0247,
ff5e,
001a,
00cd,
fe7a,
fb42,
f892,
f7dc,
f993,
fc8e,
fed6,
ffb2,
ffd9,
00b1,
033d,
0601,
06a0,
04ce,
0212,
0049,
ff19,
fe68,
fe14,
fd8f,
fce3,
fc87,
fce1,
fdff,
ffe2,
0167,
01a1,
00da,
0018,
0011,
009d,
0158,
018c,
0098,
ff59,
fedb,
ff83,
0046,
007f,
000b,
ff1a,
fe6b,
fe9e,
ffa3,
0093,
00bf,
fffd,
0000,
fffd,
fffb,
ffff,
0004,
0008,
0008,
0007,
ffff,
fffd,
fff9,
fffc,
fffb,
ffff,
fffe,
0000,
fff6,
fffb,
0000,
0015,
fff9,
0011,
ffe4,
0014,
ffe2,
0020,
ffea,
000f,
ffd4,
038b,
202e,
2f46,
faa4,
b5c5,
e125,
200d,
240f,
2f57,
1ac6,
0134,
feeb,
06a9,
f558,
d62c,
cacd,
cd21,
dd87,
eb19,
fb14,
026e,
0955,
160f,
1e59,
2115,
1a04,
14f0,
0f66,
096f,
ffd1,
f885,
f440,
f129,
f1a5,
edc4,
ea33,
ee3a,
f661,
fd26,
03a3,
0686,
04ed,
05b0,
0825,
072d,
03c2,
042c,
05ab,
02d5,
ff79,
fec4,
ffb1,
feed,
fc6c,
f9bc,
f83a,
f963,
fc98,
ff6b,
005a,
0077,
0100,
02cb,
058f,
06c9,
0527,
0205,
ffa9,
fe6e,
fdaa,
fd5d,
fd23,
fce2,
fcc8,
fd2a,
fe22,
ffe7,
01bd,
0280,
01e4,
00b5,
fffd,
0037,
00eb,
0143,
0095,
ff3b,
fe6f,
fed5,
ffcb,
0054,
002c,
ff64,
fe9f,
fea3,
ff8c,
00a8,
0130,
00aa,
fffe,
fffd,
fffb,
fffd,
0000,
0007,
000a,
0009,
0002,
fffc,
fff9,
fff9,
fffc,
fffe,
fffe,
fffe,
fffc,
fff9,
fffe,
000d,
0006,
0006,
fffe,
fff1,
000d,
ffde,
003f,
ffa1,
007d,
fffd,
14a1,
2e63,
15cd,
c909,
c47d,
0d97,
21b7,
2f3a,
29e0,
08af,
fd1d,
039b,
fd10,
dee2,
cc5b,
c6cd,
d6b0,
e96d,
f6f9,
016c,
079e,
150b,
1cca,
2268,
1df8,
153c,
0f3a,
09ff,
014e,
f799,
f4af,
f081,
f07c,
f2c5,
f02b,
ecae,
f2d5,
fbc9,
01b9,
06ab,
0632,
03fd,
052e,
08aa,
07f7,
03e0,
027e,
022c,
003b,
fe62,
feb1,
fec6,
fd18,
fa79,
f87e,
f98e,
fc7b,
ff7d,
00ed,
0124,
01ac,
0302,
050b,
062a,
0517,
0275,
ffa6,
fdb9,
fcdc,
fcb8,
fcb8,
fcd3,
fd0b,
fd6b,
fe4c,
ffc5,
01b6,
02f3,
02df,
01a0,
0057,
fff2,
0058,
00dc,
00a8,
ff7c,
fe34,
fe15,
ff0a,
0002,
0046,
ffa7,
fed6,
fea1,
ff64,
009b,
017a,
0153,
ffff,
fffe,
fffb,
fffa,
fffe,
0003,
0008,
0008,
0006,
ffff,
fffb,
fff6,
fffb,
fffa,
0000,
fffc,
ffff,
fff5,
fffe,
0001,
0013,
fff6,
0017,
ffd8,
0028,
ffc0,
0051,
ff9c,
007e,
ff3b,
08da,
258a,
2791,
ed18,
b8d6,
ec6f,
1ab5,
275c,
35bb,
1a52,
ff17,
fe41,
01d3,
ea87,
d200,
c5fd,
cd11,
e43b,
f0d9,
fe6d,
07a9,
11a6,
1be2,
2156,
20b7,
1773,
1064,
092a,
02d0,
fa78,
f57f,
f03f,
ef52,
f425,
f558,
f225,
eff9,
f6fb,
fe7f,
049b,
073e,
0423,
0277,
05f4,
0a56,
08ea,
03b9,
ff79,
ff16,
ff31,
fe3e,
fe25,
fcdd,
faf2,
f8f4,
f94c,
fc48,
ff47,
0115,
01d4,
0298,
039a,
04d9,
0557,
04b1,
02e0,
003b,
fda4,
fc1b,
fbe7,
fc4d,
fca8,
fd36,
fdb1,
fe43,
ff86,
0167,
0302,
0354,
0288,
012b,
002e,
0011,
0065,
0081,
ffc2,
fe83,
fdbe,
fe15,
ff33,
000c,
000b,
ff3e,
fea1,
ff0e,
004a,
0189,
01d8,
0000,
ffff,
fffd,
fffa,
fffc,
0000,
0006,
0009,
0009,
0002,
fffd,
fff8,
fff8,
fffb,
fffe,
ffff,
ffff,
fff9,
fff9,
fffc,
000f,
0000,
000b,
fff7,
fffa,
0003,
ffe8,
0030,
ffb2,
0067,
00aa,
16c1,
2af2,
11f9,
cd9f,
c7f7,
06b4,
1d0e,
3283,
321b,
0cd9,
f897,
004b,
f83b,
db40,
cbda,
c72b,
d6c4,
eaf0,
f9db,
062a,
0e28,
196b,
1eae,
20f6,
1bad,
11cf,
097f,
0535,
fe9b,
f5fb,
f378,
efce,
f1e0,
f581,
f7ca,
f56a,
f26f,
f850,
00cc,
059b,
051a,
02c4,
02c1,
0751,
0bc4,
0a3f,
02e9,
fc8d,
fd2d,
feae,
fdb6,
fc35,
fa9e,
f972,
f952,
fb71,
fe3e,
00f9,
029a,
03b2,
042f,
048a,
04fe,
0472,
033b,
011a,
fe3d,
fbda,
fb18,
fba6,
fc89,
fd3d,
fdaf,
fe31,
ff29,
00b4,
028d,
0379,
0334,
020e,
00e7,
0051,
003f,
005c,
ffed,
feea,
fddf,
fd8c,
fe27,
ff3e,
0002,
ffd1,
ff13,
fecb,
ff95,
010b,
0210,
0000,
ffff,
fffd,
fffa,
fffc,
0000,
0006,
0009,
0009,
0002,
fffd,
fff8,
fff8,
fffb,
fffe,
ffff,
ffff,
fff9,
fff9,
fffc,
000f,
0000,
000b,
fff7,
fffa,
0003,
ffe8,
0030,
ffb2,
0067,
00aa,
16c1,
2af2,
11f9,
cd9f,
c7f7,
06b4,
1d0e,
3283,
321b,
0cd9,
f897,
004b,
f83b,
db40,
cbda,
c72b,
d6c4,
eaf0,
f9db,
062a,
0e28,
196b,
1eae,
20f6,
1bad,
11cf,
097f,
0535,
fe9b,
f5fb,
f378,
efce,
f1e0,
f581,
f7ca,
f56a,
f26f,
f850,
00cc,
059b,
051a,
02c4,
02c1,
0751,
0bc4,
0a3f,
02e9,
fc8d,
fd2d,
feae,
fdb6,
fc35,
fa9e,
f972,
f952,
fb71,
fe3e,
00f9,
029a,
03b2,
042f,
048a,
04fe,
0472,
033b,
011a,
fe3d,
fbda,
fb18,
fba6,
fc89,
fd3d,
fdaf,
fe31,
ff29,
00b4,
028d,
0379,
0334,
020e,
00e7,
0051,
003f,
005c,
ffed,
feea,
fddf,
fd8c,
fe27,
ff3e,
0002,
ffd1,
ff13,
fecb,
ff95,
010b,
0210,
0001,
0000,
fffe,
fffc,
fffa,
fffd,
0001,
0008,
0009,
0008,
ffff,
fffb,
fff6,
fffa,
fffc,
0002,
fffd,
0000,
fff6,
fffe,
fffc,
0016,
fff3,
001c,
ffd6,
0025,
ffc2,
0045,
ffb6,
0059,
ff77,
06f2,
21d2,
24ef,
f8b5,
c118,
dfb2,
11cd,
224f,
3b2e,
2940,
fefa,
f68e,
00a0,
eb3f,
d44c,
c98a,
c942,
e078,
f38b,
023c,
0bfe,
12cc,
1c47,
1f70,
1d23,
14da,
0de3,
06c6,
0121,
fa54,
f6d6,
f25c,
ef10,
f508,
f75d,
f7c9,
f80c,
f606,
f816,
014f,
0551,
0357,
0264,
0448,
08e2,
0c42,
0b0d,
02ed,
fac5,
fae8,
fd90,
fc61,
f9f3,
f90f,
f96d,
fa9a,
fcb7,
ff99,
0306,
04bc,
051d,
049a,
0448,
047c,
03ec,
0215,
ff52,
fc8c,
fad7,
faa7,
fbea,
fd52,
fdbc,
fdd5,
fe91,
ffdc,
0170,
0311,
0398,
0310,
01c7,
00cd,
0060,
006c,
0061,
ff86,
fe27,
fd3d,
fd77,
fe56,
ff58,
ffd4,
ff95,
ff21,
ff2c,
0017,
0177,
0000,
0000,
0001,
ffff,
fffa,
fffb,
ffff,
0004,
0007,
0009,
0004,
fffe,
fffb,
fff8,
fffc,
fffc,
0002,
ffff,
fffe,
fff6,
fffe,
0005,
000e,
fff8,
0013,
ffd6,
002c,
ffb5,
006c,
ff75,
00b8,
ff65,
0fd4,
2621,
187a,
e464,
c2e6,
f3f5,
1642,
2ae1,
3ded,
1b97,
f4b3,
f857,
fd8a,
e207,
d005,
c827,
d057,
e9e8,
fc13,
07c9,
0d21,
1654,
1d41,
1b24,
1927,
138d,
09af,
02e5,
00f3,
f9cb,
f52b,
f12f,
f178,
f668,
f74a,
f7fa,
fa27,
f8f4,
f8ab,
006d,
03f6,
031a,
0326,
05a0,
0a31,
0c88,
0ad4,
0354,
fa9e,
f85d,
fad8,
fabd,
f8f6,
f908,
f959,
fabc,
fde4,
01f5,
0531,
05dd,
055b,
046a,
0419,
0424,
0375,
00fb,
fde7,
fb78,
fa6d,
fb00,
fc6f,
fdad,
fdef,
fdf9,
fea5,
001a,
01e6,
0367,
03b2,
02e3,
019d,
00b5,
007d,
00b2,
0066,
ff31,
fda4,
fcec,
fd5a,
fe73,
ff73,
ffc3,
ff6c,
ff1a,
ff8d,
00a5,
ffff,
0001,
0001,
0000,
fffd,
fffa,
fffc,
ffff,
0004,
0007,
0008,
0002,
fffe,
fffa,
fffa,
fffd,
0000,
0001,
ffff,
fffb,
fffb,
fffb,
000e,
0000,
0008,
fffa,
fff1,
000c,
ffdb,
0046,
ff9b,
0088,
012d,
1854,
23ee,
0a32,
d71d,
cd26,
0214,
1a38,
32ca,
38a3,
0e6e,
ef35,
fb0c,
f7d9,
dcb5,
cebe,
c845,
daef,
f306,
ff8b,
09da,
0efb,
1604,
1a6d,
1b1b,
1732,
0ebf,
07f4,
041c,
feca,
f7f8,
f58c,
f06d,
f278,
f7b6,
f79e,
f721,
fb15,
fcdb,
f9a0,
fe36,
0400,
0359,
0306,
078e,
0bf3,
0ba6,
0933,
041a,
fc00,
f60c,
f69f,
f99f,
f9ef,
f8e7,
f81b,
faeb,
ffd9,
0458,
0675,
060e,
050a,
045c,
0449,
03d2,
02cd,
0031,
fd12,
fadf,
fa97,
fbb5,
fcca,
fd6c,
fdc2,
fe03,
febd,
003e,
0240,
0395,
03a1,
02ae,
017e,
00d8,
00bc,
00c7,
0041,
ff0f,
fd8a,
fccf,
fd40,
fe74,
ff87,
ffc0,
ff45,
ff11,
ffe9,
ffff,
ffff,
0000,
0001,
0000,
fffc,
fffa,
fffd,
0000,
0004,
0005,
0007,
0001,
fffd,
fff9,
fffc,
fffc,
0002,
0000,
0000,
fff8,
fffe,
fff8,
0013,
fff5,
0016,
ffe2,
0010,
ffe3,
0013,
0001,
fff9,
0002,
04c4,
1e24,
1d05,
fcf9,
d233,
d9e4,
0b9a,
1e96,
34c8,
3094,
0473,
ebaf,
fc0b,
f69c,
d9bf,
cba4,
cf57,
e4cc,
f5f8,
0253,
0a8a,
0c6e,
1670,
1bb3,
1809,
1392,
0f40,
076b,
01fd,
fdf9,
f7eb,
f3b6,
f064,
f4a4,
f7ea,
f74b,
f7a6,
fbe4,
fe03,
fbcb,
fe6f,
02ec,
02b5,
039b,
0976,
0cb2,
0ab5,
07a9,
03d0,
fd13,
f570,
f379,
f82a,
fa9d,
f878,
f789,
fba7,
017a,
05ca,
06e0,
060d,
04e7,
0455,
047a,
03c1,
0214,
ffa9,
fcc3,
fac5,
fafc,
fc13,
fcc0,
fd10,
fd83,
fdf3,
fee4,
0079,
0276,
0382,
036e,
0282,
0174,
00f8,
00ee,
00ee,
0038,
fee7,
fd90,
fd0d,
fd5e,
fe61,
ff60,
ff9a,
ff42,
ff4e,
ffff,
ffff,
0001,
0002,
0002,
ffff,
fffc,
fffa,
fffe,
0001,
0005,
0007,
0007,
0000,
fffd,
fff8,
fffd,
fffd,
0003,
0000,
0000,
fff7,
ffff,
fffb,
0015,
fff0,
001d,
ffd7,
0025,
ffc9,
0040,
ffc7,
0044,
ffb0,
08f3,
2035,
13c8,
f4a4,
d356,
e50b,
123a,
1fb2,
3392,
2992,
fa2e,
eb66,
01d4,
f3dd,
d682,
cdb9,
d64e,
eabb,
f7b6,
01e8,
08c0,
0da2,
1734,
18d7,
16a1,
142a,
0d9a,
058a,
028e,
fcd5,
f62b,
f34b,
f1c4,
f560,
f80c,
f7f4,
f867,
fbdb,
fdb8,
fec4,
ffed,
00f1,
01fb,
04a2,
0aa2,
0cdb,
0a15,
0686,
0295,
fce3,
f5d7,
f333,
f6aa,
f96b,
f846,
f84f,
fcbf,
0233,
0610,
06c8,
062d,
0523,
047a,
0463,
03a0,
01e7,
ff61,
fc98,
fae6,
fb32,
fc0a,
fcaa,
fcf8,
fd48,
fddc,
fef9,
00b0,
0299,
0368,
031a,
023a,
0180,
0135,
012f,
0106,
0030,
fedf,
fdaf,
fd4d,
fdab,
fe8a,
ff2c,
ff4b,
ff3b,
0002,
ffff,
ffff,
0001,
0001,
0001,
fffe,
fffc,
fffa,
fffd,
0000,
0005,
0006,
0006,
ffff,
fffc,
fff9,
fffe,
fffd,
0003,
ffff,
fffe,
fff8,
ffff,
fffd,
0012,
fff0,
001e,
ffd2,
002f,
ffba,
0059,
ff9b,
0079,
ffab,
0caf,
1e93,
0b68,
f164,
d6ad,
eec4,
1519,
1f01,
313f,
1fa3,
f53f,
f091,
0430,
f1b9,
d608,
d064,
dd2e,
edea,
f558,
0230,
09fa,
0c7a,
1571,
1913,
1689,
11d9,
0c75,
05f3,
01c8,
fadd,
f5de,
f3ca,
f2a2,
f635,
f8a1,
f899,
f8f4,
fc00,
fda8,
ff7a,
016b,
0099,
012d,
05f2,
0b15,
0c18,
099c,
05f0,
00bd,
fb24,
f6b9,
f541,
f5e9,
f74b,
f84d,
f9b6,
fdc8,
024f,
05b7,
0685,
0621,
0558,
04c6,
0458,
0380,
01d2,
ff0b,
fc71,
fb30,
fb58,
fc04,
fc9b,
fce7,
fd25,
fddf,
ff34,
00cd,
026b,
0339,
02f3,
020a,
0186,
0166,
0156,
0109,
003d,
feec,
fdd2,
fd92,
fe01,
feb6,
ff19,
ff12,
0002,
ffff,
ffff,
0001,
0001,
0001,
fffe,
fffc,
fffa,
fffd,
0000,
0005,
0006,
0006,
ffff,
fffc,
fff9,
fffe,
fffd,
0003,
ffff,
fffe,
fff8,
ffff,
fffd,
0012,
fff0,
001e,
ffd2,
002f,
ffba,
0059,
ff9b,
0079,
ffab,
0caf,
1e93,
0b68,
f164,
d6ad,
eec4,
1519,
1f01,
313f,
1fa3,
f53f,
f091,
0430,
f1b9,
d608,
d064,
dd2e,
edea,
f558,
0230,
09fa,
0c7a,
1571,
1913,
1689,
11d9,
0c75,
05f3,
01c8,
fadd,
f5de,
f3ca,
f2a2,
f635,
f8a1,
f899,
f8f4,
fc00,
fda8,
ff7a,
016b,
0099,
012d,
05f2,
0b15,
0c18,
099c,
05f0,
00bd,
fb24,
f6b9,
f541,
f5e9,
f74b,
f84d,
f9b6,
fdc8,
024f,
05b7,
0685,
0621,
0558,
04c6,
0458,
0380,
01d2,
ff0b,
fc71,
fb30,
fb58,
fc04,
fc9b,
fce7,
fd25,
fddf,
ff34,
00cd,
026b,
0339,
02f3,
020a,
0186,
0166,
0156,
0109,
003d,
feec,
fdd2,
fd92,
fe01,
feb6,
ff19,
ff12,
0004,
0001,
fffe,
ffff,
0001,
0001,
ffff,
fffe,
fffc,
fffb,
fffd,
0001,
0005,
0004,
0004,
ffff,
fffe,
fffa,
ffff,
fffe,
0003,
fffd,
fffd,
fffa,
fffd,
ffff,
000d,
fff4,
0016,
ffd7,
002e,
ffb9,
005d,
ff8d,
008e,
ffef,
0eef,
1aa4,
0663,
f0e4,
db21,
f5e0,
14fd,
1d28,
2bb7,
19e3,
f4fb,
f4d1,
0602,
efe4,
d6d9,
d52e,
e192,
ec8a,
f599,
041d,
07a1,
0ae0,
1667,
187d,
13e1,
1122,
0c8f,
0535,
00a5,
fa0e,
f623,
f489,
f3f9,
f6fe,
f938,
f93a,
f999,
fbef,
fcf9,
ff48,
0243,
01aa,
019e,
06ca,
0ad7,
0a62,
08b4,
0519,
feff,
f9b5,
f778,
f744,
f6bf,
f6bc,
f809,
fa81,
fe74,
02a7,
053e,
05bd,
05bf,
0533,
04f2,
049d,
0367,
0136,
feb4,
fcbe,
fbba,
fb9c,
fbeb,
fc7e,
fcef,
fd4f,
fe13,
ff50,
00d6,
0243,
02f5,
02c6,
01fc,
017f,
015f,
0162,
011d,
0041,
fef2,
fdf8,
fde4,
fe4e,
fed2,
ff0a,
fffe,
ffff,
ffff,
0000,
0000,
fffe,
fffd,
fffe,
0001,
0003,
0006,
0002,
0000,
fffc,
fffb,
fffb,
ffff,
0000,
0001,
fffd,
fffb,
fff9,
000d,
fffd,
0010,
ffe9,
000c,
ffee,
000b,
fffd,
fff2,
0011,
01b1,
0c43,
1107,
0db5,
e19e,
cfd9,
0a1e,
2df3,
29bb,
0d90,
fdd3,
00e6,
07f1,
017b,
eba7,
de12,
db99,
e9dc,
f4a6,
f876,
fd76,
0161,
082b,
0edc,
1304,
11a8,
0e37,
08de,
060e,
025a,
fc74,
fa7c,
f8c7,
f7cc,
f792,
f802,
f752,
f822,
fa51,
fda2,
01c1,
0451,
0475,
0376,
0478,
0656,
06a7,
04f2,
01a0,
fe73,
fd6d,
fda9,
fdc8,
fd96,
fc5c,
faf1,
fb02,
fc22,
fdf5,
fec4,
fdfa,
fd75,
ff37,
026e,
045d,
0457,
030a,
01a9,
00eb,
00a5,
0048,
ff60,
fe6a,
fdb1,
fd29,
fcfb,
fd5f,
fe89,
ffbf,
0065,
0067,
002e,
0036,
005d,
00c6,
015b,
0153,
00b8,
ffff,
ffb1,
0012,
00ac,
00a3,
fff8,
ff31,
fec4,
fffe,
ffff,
ffff,
0000,
0000,
fffe,
fffd,
fffe,
0001,
0003,
0006,
0002,
0000,
fffc,
fffb,
fffb,
ffff,
0000,
0001,
fffd,
fffb,
fff9,
000d,
fffd,
0010,
ffe9,
000c,
ffee,
000b,
fffd,
fff2,
0011,
01b1,
0c43,
1107,
0db5,
e19e,
cfd9,
0a1e,
2df3,
29bb,
0d90,
fdd3,
00e6,
07f1,
017b,
eba7,
de12,
db99,
e9dc,
f4a6,
f876,
fd76,
0161,
082b,
0edc,
1304,
11a8,
0e37,
08de,
060e,
025a,
fc74,
fa7c,
f8c7,
f7cc,
f792,
f802,
f752,
f822,
fa51,
fda2,
01c1,
0451,
0475,
0376,
0478,
0656,
06a7,
04f2,
01a0,
fe73,
fd6d,
fda9,
fdc8,
fd96,
fc5c,
faf1,
fb02,
fc22,
fdf5,
fec4,
fdfa,
fd75,
ff37,
026e,
045d,
0457,
030a,
01a9,
00eb,
00a5,
0048,
ff60,
fe6a,
fdb1,
fd29,
fcfb,
fd5f,
fe89,
ffbf,
0065,
0067,
002e,
0036,
005d,
00c6,
015b,
0153,
00b8,
ffff,
ffb1,
0012,
00ac,
00a3,
fff8,
ff31,
fec4,
ffff,
0000,
ffff,
ffff,
ffff,
ffff,
fffe,
fffe,
fffe,
0001,
0004,
0004,
0002,
0000,
fffc,
fffc,
fffb,
0000,
0001,
0002,
fffd,
fffc,
fffb,
000c,
fffd,
000f,
ffe8,
0013,
ffe2,
001e,
ffdf,
001f,
ffe0,
02bd,
0bdc,
0f93,
08b8,
ded2,
d952,
0df5,
2af0,
2599,
0b1c,
fde0,
0123,
0854,
0053,
ed7d,
e139,
df7b,
ec5f,
f4e1,
f863,
fc3d,
007e,
06e5,
0d34,
1172,
10b6,
0da5,
08c6,
0654,
0233,
fcd9,
faf5,
f992,
f890,
f830,
f87d,
f7d7,
f8a8,
fab4,
fd9d,
0106,
038d,
03c2,
02eb,
03d1,
05b2,
0665,
04bd,
019d,
feeb,
fe14,
fe54,
fe2e,
fdd5,
fc8c,
fa89,
faa1,
fc9b,
fe3d,
fe3a,
fdd4,
fe6b,
ffff,
022b,
03e7,
0423,
02a6,
00f0,
005a,
0065,
0011,
ff39,
fe69,
fde3,
fd94,
fd8e,
fde0,
fe9a,
ffa6,
006d,
0071,
0033,
0029,
0053,
00ac,
013c,
0156,
00bd,
0012,
ffbe,
fff4,
0068,
0071,
ffe7,
ff40,
0001,
0000,
0000,
ffff,
0000,
ffff,
ffff,
ffff,
fffe,
fffe,
0001,
0003,
0004,
0001,
0000,
fffd,
fffd,
fffc,
0001,
0001,
0001,
fffe,
fffc,
fffd,
000a,
fffe,
000b,
ffec,
0012,
ffe2,
0022,
ffd5,
0033,
ffd3,
0368,
0af3,
0e0e,
04a6,
df08,
e0ea,
0f3f,
27e0,
21bb,
0984,
fe5e,
0200,
0836,
ffee,
ef90,
e3c8,
e2d7,
ee30,
f4fe,
f804,
fb73,
ffd7,
05b2,
0bf3,
103b,
0fc2,
0ce6,
08af,
0637,
020b,
fd8d,
fbab,
fa2f,
f908,
f8c3,
f8c5,
f815,
f91b,
fadd,
fd3b,
007d,
0321,
0300,
0246,
0429,
0629,
05ff,
0412,
016b,
ff4f,
fe86,
fed0,
fe77,
fd1c,
fbb4,
fae8,
fb9c,
fd07,
fdd9,
fdfb,
fe68,
ff78,
00b4,
01da,
02ed,
035d,
0288,
0105,
fff5,
ffac,
ff88,
ff1f,
fea7,
fe28,
fdbf,
fdc2,
fe3d,
fef6,
ffc8,
006d,
008f,
0069,
004f,
0067,
00b0,
0113,
011a,
008b,
fff6,
ffb9,
ffd5,
0015,
0022,
ffce,
0001,
0000,
0000,
ffff,
0000,
ffff,
ffff,
ffff,
fffe,
fffe,
0001,
0003,
0004,
0001,
0000,
fffd,
fffd,
fffc,
0001,
0001,
0001,
fffe,
fffc,
fffd,
000a,
fffe,
000b,
ffec,
0012,
ffe2,
0022,
ffd5,
0033,
ffd3,
0368,
0af3,
0e0e,
04a6,
df08,
e0ea,
0f3f,
27e0,
21bb,
0984,
fe5e,
0200,
0836,
ffee,
ef90,
e3c8,
e2d7,
ee30,
f4fe,
f804,
fb73,
ffd7,
05b2,
0bf3,
103b,
0fc2,
0ce6,
08af,
0637,
020b,
fd8d,
fbab,
fa2f,
f908,
f8c3,
f8c5,
f815,
f91b,
fadd,
fd3b,
007d,
0321,
0300,
0246,
0429,
0629,
05ff,
0412,
016b,
ff4f,
fe86,
fed0,
fe77,
fd1c,
fbb4,
fae8,
fb9c,
fd07,
fdd9,
fdfb,
fe68,
ff78,
00b4,
01da,
02ed,
035d,
0288,
0105,
fff5,
ffac,
ff88,
ff1f,
fea7,
fe28,
fdbf,
fdc2,
fe3d,
fef6,
ffc8,
006d,
008f,
0069,
004f,
0067,
00b0,
0113,
011a,
008b,
fff6,
ffb9,
ffd5,
0015,
0022,
ffce,
0001,
0000,
0000,
ffff,
0000,
ffff,
ffff,
ffff,
fffe,
fffe,
0001,
0003,
0004,
0001,
0000,
fffd,
fffd,
fffc,
0001,
0001,
0001,
fffe,
fffc,
fffd,
000a,
fffe,
000b,
ffec,
0012,
ffe2,
0022,
ffd5,
0033,
ffd3,
0368,
0af3,
0e0e,
04a6,
df08,
e0ea,
0f3f,
27e0,
21bb,
0984,
fe5e,
0200,
0836,
ffee,
ef90,
e3c8,
e2d7,
ee30,
f4fe,
f804,
fb73,
ffd7,
05b2,
0bf3,
103b,
0fc2,
0ce6,
08af,
0637,
020b,
fd8d,
fbab,
fa2f,
f908,
f8c3,
f8c5,
f815,
f91b,
fadd,
fd3b,
007d,
0321,
0300,
0246,
0429,
0629,
05ff,
0412,
016b,
ff4f,
fe86,
fed0,
fe77,
fd1c,
fbb4,
fae8,
fb9c,
fd07,
fdd9,
fdfb,
fe68,
ff78,
00b4,
01da,
02ed,
035d,
0288,
0105,
fff5,
ffac,
ff88,
ff1f,
fea7,
fe28,
fdbf,
fdc2,
fe3d,
fef6,
ffc8,
006d,
008f,
0069,
004f,
0067,
00b0,
0113,
011a,
008b,
fff6,
ffb9,
ffd5,
0015,
0022,
ffce,
0002,
0001,
0000,
ffff,
ffff,
0000,
0000,
ffff,
ffff,
ffff,
ffff,
0001,
0003,
0003,
0002,
0000,
fffe,
fffd,
fffd,
0000,
0000,
0001,
fffe,
fffb,
ffff,
0009,
0000,
0007,
fff0,
000f,
ffe6,
001f,
ffd6,
0039,
ffe0,
03ed,
0a1c,
0cbb,
00e1,
df8d,
e739,
10a8,
258a,
1dcf,
07cf,
ff0c,
02f7,
07fa,
ffc8,
f101,
e5e6,
e62a,
efe6,
f4fb,
f7db,
fb2b,
ff5e,
04bb,
0b10,
0f12,
0e69,
0bdd,
0888,
062a,
020d,
fe36,
fc36,
fa93,
f961,
f90f,
f8ed,
f88f,
f96f,
faad,
fd2a,
0025,
021e,
02e7,
0372,
04a9,
0582,
051b,
037b,
017c,
ffdc,
feb7,
fe1b,
fda4,
fd30,
fc66,
fb82,
fbde,
fd1b,
fdf0,
fe75,
ff36,
fffe,
0078,
0137,
0273,
0315,
0254,
00d2,
ff96,
ff15,
ff3e,
ff27,
feaf,
fe2f,
fdec,
fe0a,
fe98,
ff70,
000e,
0076,
00b2,
00bd,
008f,
005f,
0082,
00be,
00b2,
0042,
ffc8,
ff98,
ffa8,
ffe0,
0005,
0002,
0002,
0001,
0001,
ffff,
ffff,
ffff,
0000,
0000,
ffff,
fffe,
ffff,
0001,
0002,
0002,
0001,
0000,
fffe,
fffe,
fffd,
0000,
0000,
0001,
fffe,
fffb,
0001,
0006,
0002,
0002,
fff5,
000a,
ffec,
0019,
ffdf,
0033,
0003,
0461,
097e,
0b8d,
fd0e,
dffd,
ecd6,
12ad,
23b9,
19b0,
062e,
ffec,
03e9,
07a1,
ff72,
f1cf,
e7c8,
e938,
f141,
f528,
f81e,
fb2d,
ff10,
0422,
0a52,
0db2,
0d0a,
0b14,
0879,
05e3,
01ed,
feae,
fc66,
fa91,
f979,
f985,
f96e,
f8e8,
f98c,
faaf,
fc90,
000b,
0364,
03a6,
034f,
041e,
04bd,
0498,
0381,
0197,
feea,
fd4d,
fe07,
fedd,
fdb4,
fc0e,
fbc2,
fca4,
fdac,
fe56,
fef6,
ff56,
ffa3,
0052,
014b,
022d,
0279,
01c7,
008f,
ff92,
fef5,
fed7,
fede,
fecb,
fe75,
fe30,
fe63,
ff03,
ffcd,
0063,
00b5,
00cf,
00d0,
0094,
0038,
002e,
005c,
0050,
fff7,
ff92,
ff66,
ff9c,
0006,
0002,
0002,
0001,
0001,
ffff,
ffff,
ffff,
0000,
0000,
ffff,
fffe,
ffff,
0001,
0002,
0002,
0001,
0000,
fffe,
fffe,
fffd,
0000,
0000,
0001,
fffe,
fffb,
0001,
0006,
0002,
0002,
fff5,
000a,
ffec,
0019,
ffdf,
0033,
0003,
0461,
097e,
0b8d,
fd0e,
dffd,
ecd6,
12ad,
23b9,
19b0,
062e,
ffec,
03e9,
07a1,
ff72,
f1cf,
e7c8,
e938,
f141,
f528,
f81e,
fb2d,
ff10,
0422,
0a52,
0db2,
0d0a,
0b14,
0879,
05e3,
01ed,
feae,
fc66,
fa91,
f979,
f985,
f96e,
f8e8,
f98c,
faaf,
fc90,
000b,
0364,
03a6,
034f,
041e,
04bd,
0498,
0381,
0197,
feea,
fd4d,
fe07,
fedd,
fdb4,
fc0e,
fbc2,
fca4,
fdac,
fe56,
fef6,
ff56,
ffa3,
0052,
014b,
022d,
0279,
01c7,
008f,
ff92,
fef5,
fed7,
fede,
fecb,
fe75,
fe30,
fe63,
ff03,
ffcd,
0063,
00b5,
00cf,
00d0,
0094,
0038,
002e,
005c,
0050,
fff7,
ff92,
ff66,
ff9c,
0006,
0002,
0002,
0001,
0001,
ffff,
ffff,
ffff,
0000,
0000,
ffff,
fffe,
ffff,
0001,
0002,
0002,
0001,
0000,
fffe,
fffe,
fffd,
0000,
0000,
0001,
fffe,
fffb,
0001,
0006,
0002,
0002,
fff5,
000a,
ffec,
0019,
ffdf,
0033,
0003,
0461,
097e,
0b8d,
fd0e,
dffd,
ecd6,
12ad,
23b9,
19b0,
062e,
ffec,
03e9,
07a1,
ff72,
f1cf,
e7c8,
e938,
f141,
f528,
f81e,
fb2d,
ff10,
0422,
0a52,
0db2,
0d0a,
0b14,
0879,
05e3,
01ed,
feae,
fc66,
fa91,
f979,
f985,
f96e,
f8e8,
f98c,
faaf,
fc90,
000b,
0364,
03a6,
034f,
041e,
04bd,
0498,
0381,
0197,
feea,
fd4d,
fe07,
fedd,
fdb4,
fc0e,
fbc2,
fca4,
fdac,
fe56,
fef6,
ff56,
ffa3,
0052,
014b,
022d,
0279,
01c7,
008f,
ff92,
fef5,
fed7,
fede,
fecb,
fe75,
fe30,
fe63,
ff03,
ffcd,
0063,
00b5,
00cf,
00d0,
0094,
0038,
002e,
005c,
0050,
fff7,
ff92,
ff66,
ff9c,
0006,
0001,
0001,
0001,
0001,
0001,
0000,
ffff,
ffff,
0000,
0000,
ffff,
fffe,
ffff,
0000,
0003,
0003,
0001,
ffff,
fffe,
fffe,
fffe,
ffff,
0000,
0000,
ffff,
fffb,
0003,
0003,
0005,
fffe,
fffd,
0002,
fff5,
000e,
fff0,
0022,
005b,
0510,
093e,
0a1d,
f792,
e057,
f426,
164f,
219d,
1493,
0489,
00e5,
04fa,
071d,
fe5c,
f191,
e936,
ec3f,
f2b2,
f5bd,
f8ae,
fb74,
ff03,
03f6,
0a0a,
0c8b,
0bb8,
0a3a,
0823,
052c,
016e,
fe7f,
fc1b,
fa87,
f9fc,
fa35,
f9e2,
f95c,
f8ed,
fa6a,
fe7a,
01f0,
033d,
02f0,
02dc,
0385,
04ac,
04b9,
025c,
ff56,
fdf9,
fe7f,
ff4f,
feb1,
fd0e,
fc63,
fcf5,
fd8f,
fde2,
fe63,
fef9,
ff5c,
ffc2,
005a,
010c,
019d,
01dd,
0169,
0071,
ff6a,
fead,
fea4,
fef5,
ff0d,
fec4,
fe96,
fecc,
ff63,
0028,
00af,
00d1,
00b4,
008e,
004c,
fffd,
ffec,
0007,
fffc,
ffaf,
ff6f,
ff78,
ffdd,
0001,
0001,
0001,
0001,
0001,
0000,
ffff,
ffff,
ffff,
0000,
ffff,
ffff,
ffff,
ffff,
0000,
0002,
0002,
0001,
ffff,
ffff,
fffe,
ffff,
ffff,
0000,
ffff,
fffe,
fffc,
0006,
0001,
0006,
fff6,
0005,
fff7,
0007,
fffa,
000d,
fffd,
0129,
0607,
097a,
0730,
ef8d,
e299,
fe74,
1afb,
1e16,
0e96,
0326,
01f2,
065a,
0602,
fbdf,
f01e,
eabf,
ef74,
f423,
f6ad,
f953,
fbec,
ff8b,
04a4,
0a05,
0b5b,
0a69,
094e,
0755,
03bb,
0077,
fe13,
fc07,
fac7,
fab9,
fb0f,
f99e,
f8b5,
fa3b,
fd18,
ffc9,
01b5,
0270,
0252,
02ab,
03d6,
042f,
0265,
0073,
ffa5,
ff3e,
fef3,
fedf,
fe6a,
fd8f,
fd6a,
fda4,
fd83,
fdc9,
fec9,
ff6e,
ff69,
ff87,
0010,
00b4,
0147,
018f,
00fc,
fff1,
ff2d,
fedc,
fef1,
ff41,
ff5b,
ff16,
feed,
ff30,
ffc6,
0060,
00ab,
0093,
0051,
002e,
0007,
ffc7,
ffb1,
ffcb,
ffd6,
ffb0,
ff96,
ffb9,
0001,
0001,
0001,
0001,
0001,
0000,
ffff,
ffff,
ffff,
0000,
ffff,
ffff,
ffff,
ffff,
0000,
0002,
0002,
0001,
ffff,
ffff,
fffe,
ffff,
ffff,
0000,
ffff,
fffe,
fffc,
0006,
0001,
0006,
fff6,
0005,
fff7,
0007,
fffa,
000d,
fffd,
0129,
0607,
097a,
0730,
ef8d,
e299,
fe74,
1afb,
1e16,
0e96,
0326,
01f2,
065a,
0602,
fbdf,
f01e,
eabf,
ef74,
f423,
f6ad,
f953,
fbec,
ff8b,
04a4,
0a05,
0b5b,
0a69,
094e,
0755,
03bb,
0077,
fe13,
fc07,
fac7,
fab9,
fb0f,
f99e,
f8b5,
fa3b,
fd18,
ffc9,
01b5,
0270,
0252,
02ab,
03d6,
042f,
0265,
0073,
ffa5,
ff3e,
fef3,
fedf,
fe6a,
fd8f,
fd6a,
fda4,
fd83,
fdc9,
fec9,
ff6e,
ff69,
ff87,
0010,
00b4,
0147,
018f,
00fc,
fff1,
ff2d,
fedc,
fef1,
ff41,
ff5b,
ff16,
feed,
ff30,
ffc6,
0060,
00ab,
0093,
0051,
002e,
0007,
ffc7,
ffb1,
ffcb,
ffd6,
ffb0,
ff96,
ffb9,
0001,
0001,
0001,
0001,
0001,
0000,
ffff,
ffff,
ffff,
0000,
ffff,
ffff,
ffff,
ffff,
0000,
0002,
0002,
0001,
ffff,
ffff,
fffe,
ffff,
ffff,
0000,
ffff,
fffe,
fffc,
0006,
0001,
0006,
fff6,
0005,
fff7,
0007,
fffa,
000d,
fffd,
0129,
0607,
097a,
0730,
ef8d,
e299,
fe74,
1afb,
1e16,
0e96,
0326,
01f2,
065a,
0602,
fbdf,
f01e,
eabf,
ef74,
f423,
f6ad,
f953,
fbec,
ff8b,
04a4,
0a05,
0b5b,
0a69,
094e,
0755,
03bb,
0077,
fe13,
fc07,
fac7,
fab9,
fb0f,
f99e,
f8b5,
fa3b,
fd18,
ffc9,
01b5,
0270,
0252,
02ab,
03d6,
042f,
0265,
0073,
ffa5,
ff3e,
fef3,
fedf,
fe6a,
fd8f,
fd6a,
fda4,
fd83,
fdc9,
fec9,
ff6e,
ff69,
ff87,
0010,
00b4,
0147,
018f,
00fc,
fff1,
ff2d,
fedc,
fef1,
ff41,
ff5b,
ff16,
feed,
ff30,
ffc6,
0060,
00ab,
0093,
0051,
002e,
0007,
ffc7,
ffb1,
ffcb,
ffd6,
ffb0,
ff96,
ffb9,
0001,
0001,
0001,
0002,
0002,
0001,
0000,
0000,
ffff,
0000,
0000,
0000,
0000,
ffff,
0000,
0001,
0003,
0002,
0001,
ffff,
ffff,
fffe,
0000,
0000,
0001,
0000,
fffe,
ffff,
0006,
0002,
0004,
fff7,
0008,
fff2,
0013,
ffed,
0027,
fff3,
02de,
0747,
09d2,
ff95,
e612,
eb47,
0c6a,
1e60,
173c,
086d,
027a,
03c6,
07c2,
02f0,
f77a,
ee34,
ed4b,
f26e,
f56e,
f7d6,
fa25,
fcfd,
00bf,
05fa,
09f5,
0a41,
0921,
0816,
05ce,
021d,
ffab,
fdc2,
fc13,
fb50,
fb03,
fa4d,
fa4b,
fafa,
fbfe,
fdcf,
ffcc,
0169,
0213,
025e,
026f,
0247,
0258,
0227,
0146,
0005,
fee2,
feaf,
ff49,
fef9,
fdcc,
fd5f,
fd77,
fdc2,
fe9f,
ff63,
ff44,
ff01,
ff5e,
fff0,
0085,
0116,
0109,
0051,
ffc3,
ff76,
ff41,
ff60,
ffa9,
ff99,
ff4e,
ff41,
ff8c,
fff1,
0038,
0041,
0019,
fffa,
ffea,
ffba,
ff8d,
ffaf,
fffa,
0009,
ffd4,
ffbe,
0001,
0001,
0001,
0002,
0002,
0001,
0001,
0000,
0000,
0000,
0001,
0001,
0000,
0000,
0000,
0001,
0002,
0002,
0002,
0000,
ffff,
fffe,
ffff,
0000,
0001,
0000,
ffff,
fffd,
0005,
0002,
0007,
fff7,
0005,
fff6,
000a,
fffb,
0013,
fff6,
0108,
0578,
0906,
066f,
efc3,
e41e,
fef8,
19c7,
1b1f,
0d2a,
0472,
0358,
06df,
06a1,
fc70,
f1bb,
eddd,
f0fe,
f45a,
f718,
f924,
fb23,
fea3,
0346,
07a5,
097e,
092e,
07ce,
06c1,
040c,
00d1,
fedd,
fd8e,
fb87,
fa8b,
fba3,
fbd9,
fba3,
fbca,
fc75,
fe04,
005f,
01d0,
019e,
00d2,
0102,
028c,
033c,
0264,
00d7,
ff80,
fef2,
ff5a,
ff8a,
fe37,
fd1b,
fd73,
fe29,
fe98,
ff02,
ff2d,
fefe,
ff09,
ff5b,
ffbf,
0040,
00c6,
00c5,
0049,
ffd6,
ff9a,
ffb8,
0003,
fffd,
ffa8,
ff70,
ff75,
ff94,
ffb7,
ffc7,
ffbd,
ffbb,
ffc0,
ffa5,
ff8b,
ffc6,
002a,
004f,
001f,
ffe5,
0001,
0001,
0001,
0002,
0002,
0001,
0001,
0000,
0000,
0000,
0001,
0001,
0000,
0000,
0000,
0001,
0002,
0002,
0002,
0000,
ffff,
fffe,
ffff,
0000,
0001,
0000,
ffff,
fffd,
0005,
0002,
0007,
fff7,
0005,
fff6,
000a,
fffb,
0013,
fff6,
0108,
0578,
0906,
066f,
efc3,
e41e,
fef8,
19c7,
1b1f,
0d2a,
0472,
0358,
06df,
06a1,
fc70,
f1bb,
eddd,
f0fe,
f45a,
f718,
f924,
fb23,
fea3,
0346,
07a5,
097e,
092e,
07ce,
06c1,
040c,
00d1,
fedd,
fd8e,
fb87,
fa8b,
fba3,
fbd9,
fba3,
fbca,
fc75,
fe04,
005f,
01d0,
019e,
00d2,
0102,
028c,
033c,
0264,
00d7,
ff80,
fef2,
ff5a,
ff8a,
fe37,
fd1b,
fd73,
fe29,
fe98,
ff02,
ff2d,
fefe,
ff09,
ff5b,
ffbf,
0040,
00c6,
00c5,
0049,
ffd6,
ff9a,
ffb8,
0003,
fffd,
ffa8,
ff70,
ff75,
ff94,
ffb7,
ffc7,
ffbd,
ffbb,
ffc0,
ffa5,
ff8b,
ffc6,
002a,
004f,
001f,
ffe5,
0001,
0001,
0001,
0002,
0002,
0001,
0001,
0000,
0000,
0000,
0001,
0001,
0000,
0000,
0000,
0001,
0002,
0002,
0002,
0000,
ffff,
fffe,
ffff,
0000,
0001,
0000,
ffff,
fffd,
0005,
0002,
0007,
fff7,
0005,
fff6,
000a,
fffb,
0013,
fff6,
0108,
0578,
0906,
066f,
efc3,
e41e,
fef8,
19c7,
1b1f,
0d2a,
0472,
0358,
06df,
06a1,
fc70,
f1bb,
eddd,
f0fe,
f45a,
f718,
f924,
fb23,
fea3,
0346,
07a5,
097e,
092e,
07ce,
06c1,
040c,
00d1,
fedd,
fd8e,
fb87,
fa8b,
fba3,
fbd9,
fba3,
fbca,
fc75,
fe04,
005f,
01d0,
019e,
00d2,
0102,
028c,
033c,
0264,
00d7,
ff80,
fef2,
ff5a,
ff8a,
fe37,
fd1b,
fd73,
fe29,
fe98,
ff02,
ff2d,
fefe,
ff09,
ff5b,
ffbf,
0040,
00c6,
00c5,
0049,
ffd6,
ff9a,
ffb8,
0003,
fffd,
ffa8,
ff70,
ff75,
ff94,
ffb7,
ffc7,
ffbd,
ffbb,
ffc0,
ffa5,
ff8b,
ffc6,
002a,
004f,
001f,
ffe5,
0001,
0000,
ffff,
0001,
0001,
0001,
0000,
0000,
ffff,
0000,
0001,
0000,
ffff,
0000,
0001,
0001,
0001,
0002,
0002,
0001,
0000,
fffe,
fffe,
ffff,
0001,
0001,
ffff,
fffc,
0003,
0002,
0007,
fffb,
ffff,
fffb,
0001,
0008,
0005,
000a,
0066,
046e,
0872,
0839,
f51c,
e381,
f867,
160f,
1ba8,
0f3c,
05c5,
0412,
06cd,
07ca,
ff01,
f378,
ee28,
f0d9,
f3b8,
f61e,
f8ed,
fa48,
fd2d,
022d,
06c7,
083f,
08be,
0869,
0714,
04c4,
020c,
ffe6,
fd48,
fb52,
fb8f,
fc4a,
fc38,
fc3a,
fbe2,
fbe5,
fd64,
ffae,
00c1,
0043,
0007,
0127,
02ba,
0367,
02d9,
01b2,
0096,
ffa1,
ff24,
feec,
fe13,
fd53,
fdbe,
fe56,
fe66,
feaf,
ff3a,
ff4f,
ff18,
fefc,
fef9,
ff6e,
009a,
0143,
00ae,
ffd1,
ffb9,
0033,
007c,
004a,
ffe6,
ff8c,
ff55,
ff51,
ff5b,
ff52,
ff48,
ff6c,
ff98,
ffa2,
ffb3,
fffb,
0058,
0085,
0064,
001f,
0001,
0000,
0000,
0001,
0001,
0001,
0000,
0000,
0000,
0000,
0000,
0000,
ffff,
ffff,
0000,
0000,
0002,
0002,
0002,
0000,
ffff,
fffe,
fffe,
0000,
0001,
0000,
fffe,
fffc,
0004,
0001,
0006,
fffc,
0000,
fff8,
ffff,
0007,
0009,
0008,
0064,
0472,
08af,
0821,
f468,
e391,
f967,
168e,
1add,
0e60,
05ee,
04c8,
0792,
0837,
fec3,
f325,
ede1,
f05f,
f393,
f5c8,
f877,
fa6a,
fd1b,
020b,
0710,
0854,
084d,
08af,
07fa,
04d4,
0247,
ffe1,
fc59,
fb8c,
fc49,
fc4b,
fc18,
fc14,
fbfb,
fc47,
fdbc,
ff47,
ff4d,
ff16,
007b,
01ff,
02b5,
0323,
0312,
0273,
0155,
001a,
fef3,
fe0a,
fd7a,
fd94,
fe1d,
fe3a,
fe22,
fe9b,
ff7e,
ffbb,
ff4b,
feaf,
fe66,
ff29,
00bd,
0177,
00a5,
ffb3,
ffd9,
0096,
00d1,
0087,
000a,
ff7e,
ff27,
ff22,
ff1d,
feef,
fef0,
ff36,
ff86,
ffb6,
ffea,
003c,
008c,
00af,
008d,
0046,
0001,
0000,
0000,
0001,
0001,
0001,
0000,
0000,
0000,
0000,
0000,
0000,
ffff,
ffff,
0000,
0000,
0002,
0002,
0002,
0000,
ffff,
fffe,
fffe,
0000,
0001,
0000,
fffe,
fffc,
0004,
0001,
0006,
fffc,
0000,
fff8,
ffff,
0007,
0009,
0008,
0064,
0472,
08af,
0821,
f468,
e391,
f967,
168e,
1add,
0e60,
05ee,
04c8,
0792,
0837,
fec3,
f325,
ede1,
f05f,
f393,
f5c8,
f877,
fa6a,
fd1b,
020b,
0710,
0854,
084d,
08af,
07fa,
04d4,
0247,
ffe1,
fc59,
fb8c,
fc49,
fc4b,
fc18,
fc14,
fbfb,
fc47,
fdbc,
ff47,
ff4d,
ff16,
007b,
01ff,
02b5,
0323,
0312,
0273,
0155,
001a,
fef3,
fe0a,
fd7a,
fd94,
fe1d,
fe3a,
fe22,
fe9b,
ff7e,
ffbb,
ff4b,
feaf,
fe66,
ff29,
00bd,
0177,
00a5,
ffb3,
ffd9,
0096,
00d1,
0087,
000a,
ff7e,
ff27,
ff22,
ff1d,
feef,
fef0,
ff36,
ff86,
ffb6,
ffea,
003c,
008c,
00af,
008d,
0046,
0001,
0000,
0000,
0001,
0001,
0001,
0000,
0000,
0000,
0000,
0000,
0000,
ffff,
ffff,
0000,
0000,
0002,
0002,
0002,
0000,
ffff,
fffe,
fffe,
0000,
0001,
0000,
fffe,
fffc,
0004,
0001,
0006,
fffc,
0000,
fff8,
ffff,
0007,
0009,
0008,
0064,
0472,
08af,
0821,
f468,
e391,
f967,
168e,
1add,
0e60,
05ee,
04c8,
0792,
0837,
fec3,
f325,
ede1,
f05f,
f393,
f5c8,
f877,
fa6a,
fd1b,
020b,
0710,
0854,
084d,
08af,
07fa,
04d4,
0247,
ffe1,
fc59,
fb8c,
fc49,
fc4b,
fc18,
fc14,
fbfb,
fc47,
fdbc,
ff47,
ff4d,
ff16,
007b,
01ff,
02b5,
0323,
0312,
0273,
0155,
001a,
fef3,
fe0a,
fd7a,
fd94,
fe1d,
fe3a,
fe22,
fe9b,
ff7e,
ffbb,
ff4b,
feaf,
fe66,
ff29,
00bd,
0177,
00a5,
ffb3,
ffd9,
0096,
00d1,
0087,
000a,
ff7e,
ff27,
ff22,
ff1d,
feef,
fef0,
ff36,
ff86,
ffb6,
ffea,
003c,
008c,
00af,
008d,
0046,
0001,
ffff,
ffff,
0000,
0001,
0000,
0000,
0000,
ffff,
0000,
0000,
0000,
ffff,
fffe,
0000,
0000,
0001,
0001,
0001,
0000,
fffe,
fffd,
fffe,
0000,
0002,
ffff,
fffd,
fffc,
0005,
0000,
0006,
fff8,
0005,
fff2,
0008,
fffc,
0019,
ffed,
0103,
05ac,
09cf,
057e,
ed8a,
e51d,
0261,
1acc,
182b,
0ad2,
052b,
05a3,
08e7,
0746,
fbca,
f09d,
ed87,
f092,
f2ee,
f5f6,
f8cc,
fa96,
fe77,
03e8,
07cd,
08c9,
0911,
0904,
07b7,
0508,
019b,
fdb6,
fc65,
fc41,
fb85,
fbe5,
fbdb,
fb86,
fc10,
fd3e,
fe43,
fec5,
feb5,
ff62,
0130,
0282,
02d9,
0314,
0365,
02a4,
0134,
0007,
feaa,
fd66,
fd3e,
fda8,
fdb1,
fdeb,
fe78,
feff,
ffab,
0008,
ff5d,
fe50,
fe84,
ffd6,
00f0,
00fa,
0044,
ffc5,
0029,
00ce,
00e4,
0088,
ffef,
ff5c,
ff0a,
fef6,
fed4,
febc,
fef1,
ff45,
ff8f,
ffcb,
001c,
0084,
00ca,
00ca,
0085,
0036,
0001,
0000,
0001,
0002,
0002,
0001,
0000,
ffff,
0000,
0001,
0001,
0000,
ffff,
0000,
0001,
0002,
0003,
0001,
0001,
0000,
ffff,
fffe,
0000,
0001,
0001,
ffff,
fffd,
0001,
0005,
0003,
0003,
fffa,
0005,
fff2,
000f,
fff5,
0025,
ffed,
02e5,
083a,
0a98,
fc03,
e39e,
ef6b,
11fe,
1d81,
119e,
0669,
04ae,
0740,
0a10,
02d5,
f586,
edbd,
ee21,
f101,
f311,
f688,
f93b,
fc10,
0133,
071b,
0944,
0957,
09fd,
094a,
06fd,
03af,
ff58,
fcb2,
fc79,
fb7e,
fb31,
fb1f,
fb00,
fb8e,
fc84,
fdc1,
fe8d,
fef0,
ff79,
00bb,
01dd,
0296,
0328,
03b8,
0361,
01bc,
0064,
ff7d,
fe35,
fd43,
fd47,
fd35,
fd07,
fdd9,
ff1e,
ffd1,
fff6,
ffc4,
fef4,
fea9,
ffa9,
00b9,
00b3,
0016,
ffe6,
0020,
0084,
00c6,
00ac,
002b,
ff95,
ff34,
fef6,
feb4,
feaa,
fef8,
ff48,
ff72,
ff9f,
fff9,
0068,
00be,
00e2,
00b0,
004f,
0011,
0001,
0000,
0001,
0002,
0002,
0001,
0000,
ffff,
0000,
0001,
0001,
0000,
ffff,
0000,
0001,
0002,
0003,
0001,
0001,
0000,
ffff,
fffe,
0000,
0001,
0001,
ffff,
fffd,
0001,
0005,
0003,
0003,
fffa,
0005,
fff2,
000f,
fff5,
0025,
ffed,
02e5,
083a,
0a98,
fc03,
e39e,
ef6b,
11fe,
1d81,
119e,
0669,
04ae,
0740,
0a10,
02d5,
f586,
edbd,
ee21,
f101,
f311,
f688,
f93b,
fc10,
0133,
071b,
0944,
0957,
09fd,
094a,
06fd,
03af,
ff58,
fcb2,
fc79,
fb7e,
fb31,
fb1f,
fb00,
fb8e,
fc84,
fdc1,
fe8d,
fef0,
ff79,
00bb,
01dd,
0296,
0328,
03b8,
0361,
01bc,
0064,
ff7d,
fe35,
fd43,
fd47,
fd35,
fd07,
fdd9,
ff1e,
ffd1,
fff6,
ffc4,
fef4,
fea9,
ffa9,
00b9,
00b3,
0016,
ffe6,
0020,
0084,
00c6,
00ac,
002b,
ff95,
ff34,
fef6,
feb4,
feaa,
fef8,
ff48,
ff72,
ff9f,
fff9,
0068,
00be,
00e2,
00b0,
004f,
0011,
0001,
0000,
0001,
0002,
0002,
0001,
0000,
ffff,
0000,
0001,
0001,
0000,
ffff,
0000,
0001,
0002,
0003,
0001,
0001,
0000,
ffff,
fffe,
0000,
0001,
0001,
ffff,
fffd,
0001,
0005,
0003,
0003,
fffa,
0005,
fff2,
000f,
fff5,
0025,
ffed,
02e5,
083a,
0a98,
fc03,
e39e,
ef6b,
11fe,
1d81,
119e,
0669,
04ae,
0740,
0a10,
02d5,
f586,
edbd,
ee21,
f101,
f311,
f688,
f93b,
fc10,
0133,
071b,
0944,
0957,
09fd,
094a,
06fd,
03af,
ff58,
fcb2,
fc79,
fb7e,
fb31,
fb1f,
fb00,
fb8e,
fc84,
fdc1,
fe8d,
fef0,
ff79,
00bb,
01dd,
0296,
0328,
03b8,
0361,
01bc,
0064,
ff7d,
fe35,
fd43,
fd47,
fd35,
fd07,
fdd9,
ff1e,
ffd1,
fff6,
ffc4,
fef4,
fea9,
ffa9,
00b9,
00b3,
0016,
ffe6,
0020,
0084,
00c6,
00ac,
002b,
ff95,
ff34,
fef6,
feb4,
feaa,
fef8,
ff48,
ff72,
ff9f,
fff9,
0068,
00be,
00e2,
00b0,
004f,
0011,
0000,
0001,
0001,
0001,
0001,
0001,
0000,
0000,
0001,
0001,
0000,
ffff,
0000,
0001,
0002,
0002,
0002,
0001,
0000,
ffff,
fffe,
ffff,
0000,
0002,
ffff,
fffd,
fffc,
0006,
0001,
0006,
fff7,
0006,
fff4,
000a,
fff4,
0018,
ffed,
012a,
0691,
0b89,
04b5,
e9b8,
e492,
06d1,
1e96,
17d9,
090e,
0422,
05ad,
09f2,
0728,
f993,
eea4,
ecde,
efb4,
f15b,
f48f,
f7c4,
fa03,
ff16,
05e9,
09e9,
0a72,
0acf,
0a25,
0866,
0584,
00a1,
fd05,
fce2,
fba5,
fa5d,
fa9a,
fa73,
faa8,
fba8,
fcfd,
fe16,
ff08,
ffe4,
0134,
021a,
0274,
02ff,
03fa,
03fa,
0227,
005d,
ff63,
fe8d,
fdeb,
fd65,
fc98,
fc7a,
fd4b,
fe58,
ff9a,
0077,
001d,
ff04,
fef4,
0032,
0116,
00bf,
ffeb,
ffb1,
fff6,
0060,
0090,
0074,
001a,
ff9b,
ff2e,
fedf,
feac,
fec8,
ff29,
ff61,
ff76,
ffa8,
fff8,
004c,
00a4,
00d1,
00ad,
005f,
0021,
0002,
0001,
0001,
0000,
0001,
0000,
0000,
ffff,
0000,
0000,
0000,
ffff,
fffe,
ffff,
0001,
0002,
0002,
0000,
ffff,
fffe,
fffe,
ffff,
0000,
0001,
ffff,
fffd,
fffb,
0004,
0001,
0005,
fffb,
0000,
fffa,
ffff,
0003,
fffe,
000a,
0061,
054b,
0bc7,
0943,
ef78,
df91,
fdf4,
1e21,
1c4e,
0bbd,
0409,
04ae,
0937,
090a,
fc30,
ef36,
ebb4,
ee76,
f08a,
f359,
f712,
f913,
fd33,
046e,
0a2f,
0b59,
0bc2,
0b8c,
095a,
0651,
01fa,
fd67,
fc93,
fc06,
fa64,
f9f0,
f9b1,
fa3e,
fad6,
fbf4,
fd75,
fedc,
ffe4,
015f,
02e1,
032c,
035b,
0438,
0478,
029a,
0048,
ff1e,
fe60,
fdff,
fd9f,
fc84,
fbe2,
fcab,
fe0f,
ff3e,
0020,
0035,
ff67,
ff48,
00a7,
01b9,
0137,
0020,
ffb7,
ffe0,
002c,
003d,
0021,
ffd6,
ff64,
fefd,
fe92,
fe7e,
fef2,
ff7f,
ff9a,
ff8d,
ffcb,
001f,
0056,
0090,
00bb,
00ab,
005b,
0016,
fff1,
ffe4,
0001,
0001,
0000,
0001,
0000,
0000,
ffff,
0000,
0000,
0000,
ffff,
fffe,
ffff,
0001,
0002,
0002,
0000,
ffff,
fffe,
fffe,
ffff,
0000,
0001,
ffff,
fffd,
fffb,
0004,
0001,
0005,
fffb,
0000,
fffa,
ffff,
0003,
fffe,
000a,
0061,
054b,
0bc7,
0943,
ef78,
df91,
fdf4,
1e21,
1c4e,
0bbd,
0409,
04ae,
0937,
090a,
fc30,
ef36,
ebb4,
ee76,
f08a,
f359,
f712,
f913,
fd33,
046e,
0a2f,
0b59,
0bc2,
0b8c,
095a,
0651,
01fa,
fd67,
fc93,
fc06,
fa64,
f9f0,
f9b1,
fa3e,
fad6,
fbf4,
fd75,
fedc,
ffe4,
015f,
02e1,
032c,
035b,
0438,
0478,
029a,
0048,
ff1e,
fe60,
fdff,
fd9f,
fc84,
fbe2,
fcab,
fe0f,
ff3e,
0020,
0035,
ff67,
ff48,
00a7,
01b9,
0137,
0020,
ffb7,
ffe0,
002c,
003d,
0021,
ffd6,
ff64,
fefd,
fe92,
fe7e,
fef2,
ff7f,
ff9a,
ff8d,
ffcb,
001f,
0056,
0090,
00bb,
00ab,
005b,
0016,
fff1,
ffe4,
0001,
0001,
0000,
0001,
0000,
0000,
ffff,
0000,
0000,
0000,
ffff,
fffe,
ffff,
0001,
0002,
0002,
0000,
ffff,
fffe,
fffe,
ffff,
0000,
0001,
ffff,
fffd,
fffb,
0004,
0001,
0005,
fffb,
0000,
fffa,
ffff,
0003,
fffe,
000a,
0061,
054b,
0bc7,
0943,
ef78,
df91,
fdf4,
1e21,
1c4e,
0bbd,
0409,
04ae,
0937,
090a,
fc30,
ef36,
ebb4,
ee76,
f08a,
f359,
f712,
f913,
fd33,
046e,
0a2f,
0b59,
0bc2,
0b8c,
095a,
0651,
01fa,
fd67,
fc93,
fc06,
fa64,
f9f0,
f9b1,
fa3e,
fad6,
fbf4,
fd75,
fedc,
ffe4,
015f,
02e1,
032c,
035b,
0438,
0478,
029a,
0048,
ff1e,
fe60,
fdff,
fd9f,
fc84,
fbe2,
fcab,
fe0f,
ff3e,
0020,
0035,
ff67,
ff48,
00a7,
01b9,
0137,
0020,
ffb7,
ffe0,
002c,
003d,
0021,
ffd6,
ff64,
fefd,
fe92,
fe7e,
fef2,
ff7f,
ff9a,
ff8d,
ffcb,
001f,
0056,
0090,
00bb,
00ab,
005b,
0016,
fff1,
ffe4,
0001,
0001,
0001,
0000,
0000,
ffff,
0000,
0000,
0000,
ffff,
fffe,
ffff,
0000,
0002,
0001,
0001,
ffff,
ffff,
fffe,
fffe,
0000,
0002,
0000,
fffc,
fffb,
0003,
0003,
0003,
fffd,
fffb,
ffff,
fff8,
000a,
fff0,
001c,
000f,
0482,
0c1f,
0c04,
f321,
dce9,
f825,
1dd5,
1f86,
0dab,
0411,
0447,
08d7,
09e3,
fd05,
eeb3,
ea9f,
ed76,
efa3,
f253,
f6f0,
f8fb,
fc92,
03e0,
0a2a,
0bac,
0c58,
0c78,
0a58,
075e,
02f7,
fd67,
fbc6,
fc47,
fa81,
f978,
f974,
f9cb,
fa09,
fb46,
fd28,
fe67,
ff7d,
0132,
0334,
0408,
0448,
04ec,
04fe,
033b,
007b,
fe95,
fe00,
fe1c,
fd70,
fc1b,
fb9c,
fc3e,
fd89,
fefe,
0010,
ffe1,
ff20,
ffa6,
0180,
0262,
01b6,
00b2,
0025,
0004,
0008,
ffff,
ffbf,
ff64,
fefa,
fe7b,
fe26,
fe71,
ff0d,
ff7e,
ffba,
fffa,
002a,
003a,
005e,
00a0,
00cb,
00b2,
0067,
000a,
ffb9,
ffb6,
ffec,
0000,
0000,
0000,
0000,
ffff,
fffe,
0000,
ffff,
fffe,
fffd,
fffe,
0000,
0000,
0001,
0000,
fffe,
fffd,
fffc,
fffc,
ffff,
0001,
ffff,
fffb,
fff9,
0001,
0004,
0000,
fffd,
fff7,
0003,
fff2,
000e,
ffe5,
0022,
ffeb,
0411,
0cbd,
0e33,
f52b,
da8f,
f46b,
1e81,
2224,
0edb,
03e5,
0412,
08d8,
0a71,
fcf9,
ed3d,
e936,
ec79,
eeeb,
f18e,
f69d,
f914,
fcb5,
0436,
0ae5,
0c1e,
0c54,
0cc7,
0ad9,
07db,
0428,
fe5e,
fa83,
fb56,
fafc,
f95a,
f8e9,
f98c,
f9c7,
fa95,
fce6,
fe91,
ff00,
003d,
030d,
04d6,
0518,
059a,
05aa,
03ff,
010b,
fe83,
fda4,
fdf5,
fd40,
fbbf,
fb19,
fbb0,
fd41,
fecb,
ff9f,
ff4f,
fef1,
ffec,
01df,
02fb,
028c,
0169,
00ab,
0078,
0042,
ffc0,
ff4e,
ff06,
fe74,
fdc7,
fdb7,
fe53,
fef1,
ff64,
ffd8,
003a,
0065,
0075,
007f,
00b8,
00f2,
00de,
0072,
ffed,
ff92,
ff97,
ffe6,
fff5,
0000,
0000,
0000,
0000,
ffff,
fffe,
0000,
ffff,
fffe,
fffd,
fffe,
0000,
0000,
0001,
0000,
fffe,
fffd,
fffc,
fffc,
ffff,
0001,
ffff,
fffb,
fff9,
0001,
0004,
0000,
fffd,
fff7,
0003,
fff2,
000e,
ffe5,
0022,
ffeb,
0411,
0cbd,
0e33,
f52b,
da8f,
f46b,
1e81,
2224,
0edb,
03e5,
0412,
08d8,
0a71,
fcf9,
ed3d,
e936,
ec79,
eeeb,
f18e,
f69d,
f914,
fcb5,
0436,
0ae5,
0c1e,
0c54,
0cc7,
0ad9,
07db,
0428,
fe5e,
fa83,
fb56,
fafc,
f95a,
f8e9,
f98c,
f9c7,
fa95,
fce6,
fe91,
ff00,
003d,
030d,
04d6,
0518,
059a,
05aa,
03ff,
010b,
fe83,
fda4,
fdf5,
fd40,
fbbf,
fb19,
fbb0,
fd41,
fecb,
ff9f,
ff4f,
fef1,
ffec,
01df,
02fb,
028c,
0169,
00ab,
0078,
0042,
ffc0,
ff4e,
ff06,
fe74,
fdc7,
fdb7,
fe53,
fef1,
ff64,
ffd8,
003a,
0065,
0075,
007f,
00b8,
00f2,
00de,
0072,
ffed,
ff92,
ff97,
ffe6,
fff5,
0000,
0000,
0000,
0000,
ffff,
fffe,
0000,
ffff,
fffe,
fffd,
fffe,
0000,
0000,
0001,
0000,
fffe,
fffd,
fffc,
fffc,
ffff,
0001,
ffff,
fffb,
fff9,
0001,
0004,
0000,
fffd,
fff7,
0003,
fff2,
000e,
ffe5,
0022,
ffeb,
0411,
0cbd,
0e33,
f52b,
da8f,
f46b,
1e81,
2224,
0edb,
03e5,
0412,
08d8,
0a71,
fcf9,
ed3d,
e936,
ec79,
eeeb,
f18e,
f69d,
f914,
fcb5,
0436,
0ae5,
0c1e,
0c54,
0cc7,
0ad9,
07db,
0428,
fe5e,
fa83,
fb56,
fafc,
f95a,
f8e9,
f98c,
f9c7,
fa95,
fce6,
fe91,
ff00,
003d,
030d,
04d6,
0518,
059a,
05aa,
03ff,
010b,
fe83,
fda4,
fdf5,
fd40,
fbbf,
fb19,
fbb0,
fd41,
fecb,
ff9f,
ff4f,
fef1,
ffec,
01df,
02fb,
028c,
0169,
00ab,
0078,
0042,
ffc0,
ff4e,
ff06,
fe74,
fdc7,
fdb7,
fe53,
fef1,
ff64,
ffd8,
003a,
0065,
0075,
007f,
00b8,
00f2,
00de,
0072,
ffed,
ff92,
ff97,
ffe6,
fff5,
0002,
0001,
0001,
0000,
0000,
0001,
0001,
0000,
fffe,
ffff,
0001,
0003,
0003,
0001,
ffff,
fffe,
fffd,
fffe,
0001,
0002,
0001,
fffd,
fffc,
0001,
0007,
0002,
0002,
fff5,
0006,
fff0,
0015,
ffe3,
0028,
ffd6,
03ca,
0d89,
105a,
f6ba,
d7fa,
f12d,
1fd7,
24e8,
0fb5,
0393,
041d,
0926,
0ada,
fc69,
eb32,
e778,
eb77,
ee10,
f0c2,
f69e,
f939,
fcd2,
0536,
0c50,
0d22,
0c9e,
0cb6,
0af3,
07e8,
048d,
ff90,
fa54,
f9ba,
fa91,
f988,
f88a,
f91f,
f972,
fa65,
fd03,
ff04,
ff0c,
ff6d,
0211,
0527,
063a,
0637,
05dd,
0472,
01b2,
fee9,
fdef,
fddd,
fccb,
fb50,
fad0,
fb53,
fcd8,
fe96,
ff34,
fe92,
fea0,
003b,
0245,
0348,
031e,
024b,
0182,
010f,
0085,
ffc1,
ff25,
fe96,
fdc3,
fd45,
fd76,
fe07,
fe99,
ff4f,
0005,
0067,
007c,
0087,
00aa,
0109,
0146,
010f,
007a,
ffd0,
ff72,
ffa2,
fffa,
ffee,
ff87,
0000,
0000,
0000,
0000,
0000,
ffff,
fffe,
fffe,
ffff,
0001,
0002,
0003,
0001,
ffff,
fffc,
fffc,
fffd,
0001,
0001,
0001,
fffc,
fffc,
0001,
0009,
ffff,
0003,
fff2,
0009,
ffec,
0016,
ffdf,
0029,
ffc8,
036d,
0e2e,
12a3,
f900,
d5b3,
ecfb,
207f,
2805,
10ee,
032c,
0419,
0988,
0b6b,
fc04,
e8f3,
e55b,
ea5d,
ed4e,
efc6,
f65c,
f99d,
fcf4,
05f0,
0e03,
0e7b,
0d4f,
0ccd,
0ac2,
07e5,
046f,
004f,
faeb,
f863,
f953,
f9c8,
f84e,
f87d,
f90d,
fa16,
fd1a,
ffc5,
ffc6,
ff04,
00f3,
04bd,
06f8,
070a,
062e,
0446,
01b0,
ff8a,
feb6,
fe24,
fc8c,
fac4,
fa6b,
fb40,
fcbb,
fe29,
fe7a,
fdfe,
fe71,
004a,
027f,
038e,
0379,
02d1,
025a,
01d9,
00d3,
ffc6,
ff0e,
fe63,
fd6b,
fce3,
fcf2,
fd84,
fe62,
ff69,
000d,
0047,
0072,
009a,
00e5,
0157,
018b,
0141,
0084,
ffb9,
ff79,
ffbc,
fff8,
ffdc,
ff6c,
fee9,
0000,
0000,
0000,
0000,
0000,
ffff,
fffe,
fffe,
ffff,
0001,
0002,
0003,
0001,
ffff,
fffc,
fffc,
fffd,
0001,
0001,
0001,
fffc,
fffc,
0001,
0009,
ffff,
0003,
fff2,
0009,
ffec,
0016,
ffdf,
0029,
ffc8,
036d,
0e2e,
12a3,
f900,
d5b3,
ecfb,
207f,
2805,
10ee,
032c,
0419,
0988,
0b6b,
fc04,
e8f3,
e55b,
ea5d,
ed4e,
efc6,
f65c,
f99d,
fcf4,
05f0,
0e03,
0e7b,
0d4f,
0ccd,
0ac2,
07e5,
046f,
004f,
faeb,
f863,
f953,
f9c8,
f84e,
f87d,
f90d,
fa16,
fd1a,
ffc5,
ffc6,
ff04,
00f3,
04bd,
06f8,
070a,
062e,
0446,
01b0,
ff8a,
feb6,
fe24,
fc8c,
fac4,
fa6b,
fb40,
fcbb,
fe29,
fe7a,
fdfe,
fe71,
004a,
027f,
038e,
0379,
02d1,
025a,
01d9,
00d3,
ffc6,
ff0e,
fe63,
fd6b,
fce3,
fcf2,
fd84,
fe62,
ff69,
000d,
0047,
0072,
009a,
00e5,
0157,
018b,
0141,
0084,
ffb9,
ff79,
ffbc,
fff8,
ffdc,
ff6c,
fee9,
0000,
0000,
0000,
0000,
0000,
ffff,
fffe,
fffe,
ffff,
0001,
0002,
0003,
0001,
ffff,
fffc,
fffc,
fffd,
0001,
0001,
0001,
fffc,
fffc,
0001,
0009,
ffff,
0003,
fff2,
0009,
ffec,
0016,
ffdf,
0029,
ffc8,
036d,
0e2e,
12a3,
f900,
d5b3,
ecfb,
207f,
2805,
10ee,
032c,
0419,
0988,
0b6b,
fc04,
e8f3,
e55b,
ea5d,
ed4e,
efc6,
f65c,
f99d,
fcf4,
05f0,
0e03,
0e7b,
0d4f,
0ccd,
0ac2,
07e5,
046f,
004f,
faeb,
f863,
f953,
f9c8,
f84e,
f87d,
f90d,
fa16,
fd1a,
ffc5,
ffc6,
ff04,
00f3,
04bd,
06f8,
070a,
062e,
0446,
01b0,
ff8a,
feb6,
fe24,
fc8c,
fac4,
fa6b,
fb40,
fcbb,
fe29,
fe7a,
fdfe,
fe71,
004a,
027f,
038e,
0379,
02d1,
025a,
01d9,
00d3,
ffc6,
ff0e,
fe63,
fd6b,
fce3,
fcf2,
fd84,
fe62,
ff69,
000d,
0047,
0072,
009a,
00e5,
0157,
018b,
0141,
0084,
ffb9,
ff79,
ffbc,
fff8,
ffdc,
ff6c,
fee9,
0001,
0001,
0000,
0000,
0000,
ffff,
fffe,
ffff,
0000,
0003,
0004,
0002,
ffff,
fffc,
fffd,
fffd,
0001,
0001,
0002,
fffc,
fffd,
0001,
000b,
ffff,
0005,
fff1,
000a,
ffea,
0018,
ffe1,
0025,
ffc5,
02dc,
0e80,
1514,
fcab,
d414,
e6e6,
1fd6,
2bd4,
131c,
02d1,
03de,
09b3,
0c2f,
fc7c,
e6ed,
e2bf,
e8cc,
ec90,
eed4,
f5da,
f9ef,
fd25,
064d,
0fa0,
1039,
0e2a,
0d5b,
0aad,
07dc,
043b,
008c,
fbc3,
f7f6,
f73e,
f949,
f8c9,
f7d2,
f87f,
f9a2,
fcfa,
0051,
00e5,
ff82,
003e,
03da,
0737,
07e9,
068c,
03fe,
012d,
ffe2,
ff7d,
fe70,
fc84,
faa7,
fa25,
fb15,
fcb4,
fdd4,
fdea,
fd70,
fe49,
008a,
02a2,
0391,
03b0,
0366,
02c4,
021a,
0136,
0023,
fefd,
fe28,
fd70,
fccf,
fc8d,
fcff,
fe11,
ff4e,
0018,
0059,
0056,
0084,
0115,
01a7,
01d4,
0160,
0070,
ffa6,
ff99,
ffef,
0009,
ffb8,
ff26,
febe,
fed1,
0000,
0000,
0000,
0000,
ffff,
fffe,
fffe,
0001,
0004,
0005,
0001,
ffff,
fffc,
fffd,
fffc,
0001,
0001,
0002,
fffc,
fffd,
fffe,
000c,
0000,
0008,
ffef,
000a,
ffec,
0013,
ffeb,
0015,
ffd7,
0204,
0e11,
1750,
0251,
d4b6,
de87,
1bfe,
2fcc,
1718,
0316,
0339,
0976,
0cd6,
fe5e,
e606,
dfe7,
e698,
eb7a,
edb9,
f50c,
fa30,
fd3b,
0633,
1093,
123e,
0f40,
0e4c,
0afd,
07e7,
0436,
008a,
fc7a,
f872,
f5ad,
f736,
f921,
f7cc,
f7de,
f925,
fc7f,
007c,
01d7,
00a7,
004b,
0323,
06a7,
08a8,
075f,
039a,
0060,
ffed,
0038,
fe92,
fc67,
fabb,
fa35,
faf4,
fc96,
fd8c,
fd75,
fd3a,
fe5c,
00ad,
02a9,
03c1,
03e9,
0396,
02f4,
0237,
0135,
002b,
ff30,
fe59,
fd79,
fcb1,
fc67,
fccf,
fdeb,
ff1a,
ffe0,
003d,
0061,
00b1,
0133,
01bf,
01fd,
0178,
0070,
ffb7,
ffa9,
fff1,
0016,
ffae,
fefd,
fe8c,
febd,
ff56,
0000,
0000,
0000,
0000,
ffff,
fffe,
fffe,
0001,
0004,
0005,
0001,
ffff,
fffc,
fffd,
fffc,
0001,
0001,
0002,
fffc,
fffd,
fffe,
000c,
0000,
0008,
ffef,
000a,
ffec,
0013,
ffeb,
0015,
ffd7,
0204,
0e11,
1750,
0251,
d4b6,
de87,
1bfe,
2fcc,
1718,
0316,
0339,
0976,
0cd6,
fe5e,
e606,
dfe7,
e698,
eb7a,
edb9,
f50c,
fa30,
fd3b,
0633,
1093,
123e,
0f40,
0e4c,
0afd,
07e7,
0436,
008a,
fc7a,
f872,
f5ad,
f736,
f921,
f7cc,
f7de,
f925,
fc7f,
007c,
01d7,
00a7,
004b,
0323,
06a7,
08a8,
075f,
039a,
0060,
ffed,
0038,
fe92,
fc67,
fabb,
fa35,
faf4,
fc96,
fd8c,
fd75,
fd3a,
fe5c,
00ad,
02a9,
03c1,
03e9,
0396,
02f4,
0237,
0135,
002b,
ff30,
fe59,
fd79,
fcb1,
fc67,
fccf,
fdeb,
ff1a,
ffe0,
003d,
0061,
00b1,
0133,
01bf,
01fd,
0178,
0070,
ffb7,
ffa9,
fff1,
0016,
ffae,
fefd,
fe8c,
febd,
ff56,
0000,
0000,
0000,
0000,
ffff,
fffe,
fffe,
0001,
0004,
0005,
0001,
ffff,
fffc,
fffd,
fffc,
0001,
0001,
0002,
fffc,
fffd,
fffe,
000c,
0000,
0008,
ffef,
000a,
ffec,
0013,
ffeb,
0015,
ffd7,
0204,
0e11,
1750,
0251,
d4b6,
de87,
1bfe,
2fcc,
1718,
0316,
0339,
0976,
0cd6,
fe5e,
e606,
dfe7,
e698,
eb7a,
edb9,
f50c,
fa30,
fd3b,
0633,
1093,
123e,
0f40,
0e4c,
0afd,
07e7,
0436,
008a,
fc7a,
f872,
f5ad,
f736,
f921,
f7cc,
f7de,
f925,
fc7f,
007c,
01d7,
00a7,
004b,
0323,
06a7,
08a8,
075f,
039a,
0060,
ffed,
0038,
fe92,
fc67,
fabb,
fa35,
faf4,
fc96,
fd8c,
fd75,
fd3a,
fe5c,
00ad,
02a9,
03c1,
03e9,
0396,
02f4,
0237,
0135,
002b,
ff30,
fe59,
fd79,
fcb1,
fc67,
fccf,
fdeb,
ff1a,
ffe0,
003d,
0061,
00b1,
0133,
01bf,
01fd,
0178,
0070,
ffb7,
ffa9,
fff1,
0016,
ffae,
fefd,
fe8c,
febd,
ff56,
0000,
0000,
0000,
fffe,
fffd,
fffe,
0001,
0004,
0005,
0001,
ffff,
fffc,
fffc,
fffc,
ffff,
0001,
0002,
fffc,
fffc,
fffc,
000c,
0003,
0006,
fff3,
0002,
fff7,
0002,
0003,
fff4,
0008,
00d5,
0c22,
18d5,
0b01,
da58,
d313,
1180,
3336,
1e42,
053e,
01f0,
087c,
0d17,
025c,
e791,
dce7,
e377,
e9d1,
ec40,
f34d,
fa3f,
fd28,
0566,
1092,
1455,
10a6,
0f6d,
0c3f,
0838,
0478,
008d,
fd06,
f95e,
f588,
f473,
f7ad,
f855,
f785,
f8a1,
fbb9,
0029,
0276,
01f1,
010a,
02d9,
05ee,
0869,
087c,
0430,
ffc5,
ff20,
0065,
ff2d,
fc81,
fa8e,
fa21,
fade,
fc66,
fd5d,
fd12,
fd34,
feab,
00c6,
02a7,
03f9,
043b,
03b5,
02ef,
0232,
0119,
fff3,
ff35,
fe9b,
fd9e,
fcad,
fc62,
fcd8,
fdcf,
fef2,
ffcb,
001f,
004d,
00bb,
014d,
01da,
021b,
0178,
007c,
ffde,
ffc2,
ffed,
fff9,
ff96,
fef4,
fe7d,
fea6,
ff41,
ffe5,
ffff,
0000,
ffff,
fffd,
fffd,
0000,
0003,
0006,
0003,
ffff,
fffc,
fffb,
fffc,
fffd,
0001,
0002,
fffe,
fffa,
fffb,
0008,
0008,
0001,
ffff,
fff4,
0008,
ffeb,
001f,
ffd1,
003a,
ffdc,
0863,
181d,
1503,
e831,
c930,
fd2d,
3216,
286e,
0b6e,
00da,
0663,
0c48,
07af,
ed74,
dae4,
df35,
e739,
ea86,
f058,
f95a,
fcf8,
03c5,
0f3b,
15e6,
12dd,
105c,
0e31,
098d,
0544,
00d1,
fd6d,
fa4c,
f691,
f343,
f47d,
f75a,
f7c0,
f855,
fae5,
ff12,
0290,
032b,
024f,
02df,
058d,
07b7,
089c,
05ad,
007d,
fe1f,
ff50,
ffc7,
fd63,
fa97,
f99b,
fa9d,
fc10,
fd0f,
fcec,
fd2f,
fed4,
00e0,
02b8,
0434,
048d,
03e2,
0303,
0244,
00f9,
ffa4,
ff16,
febe,
fdba,
fca6,
fc67,
fcda,
fdcb,
fee4,
ffc8,
001a,
0051,
00bc,
0138,
01c5,
021d,
0191,
00aa,
0006,
ffcd,
ffe3,
ffdf,
ff8e,
fefd,
fe79,
fe82,
ff16,
ffc9,
0037,
ffff,
0000,
ffff,
fffd,
fffd,
0000,
0003,
0006,
0003,
ffff,
fffc,
fffb,
fffc,
fffd,
0001,
0002,
fffe,
fffa,
fffb,
0008,
0008,
0001,
ffff,
fff4,
0008,
ffeb,
001f,
ffd1,
003a,
ffdc,
0863,
181d,
1503,
e831,
c930,
fd2d,
3216,
286e,
0b6e,
00da,
0663,
0c48,
07af,
ed74,
dae4,
df35,
e739,
ea86,
f058,
f95a,
fcf8,
03c5,
0f3b,
15e6,
12dd,
105c,
0e31,
098d,
0544,
00d1,
fd6d,
fa4c,
f691,
f343,
f47d,
f75a,
f7c0,
f855,
fae5,
ff12,
0290,
032b,
024f,
02df,
058d,
07b7,
089c,
05ad,
007d,
fe1f,
ff50,
ffc7,
fd63,
fa97,
f99b,
fa9d,
fc10,
fd0f,
fcec,
fd2f,
fed4,
00e0,
02b8,
0434,
048d,
03e2,
0303,
0244,
00f9,
ffa4,
ff16,
febe,
fdba,
fca6,
fc67,
fcda,
fdcb,
fee4,
ffc8,
001a,
0051,
00bc,
0138,
01c5,
021d,
0191,
00aa,
0006,
ffcd,
ffe3,
ffdf,
ff8e,
fefd,
fe79,
fe82,
ff16,
ffc9,
0037,
ffff,
0000,
ffff,
fffd,
fffd,
0000,
0003,
0006,
0003,
ffff,
fffc,
fffb,
fffc,
fffd,
0001,
0002,
fffe,
fffa,
fffb,
0008,
0008,
0001,
ffff,
fff4,
0008,
ffeb,
001f,
ffd1,
003a,
ffdc,
0863,
181d,
1503,
e831,
c930,
fd2d,
3216,
286e,
0b6e,
00da,
0663,
0c48,
07af,
ed74,
dae4,
df35,
e739,
ea86,
f058,
f95a,
fcf8,
03c5,
0f3b,
15e6,
12dd,
105c,
0e31,
098d,
0544,
00d1,
fd6d,
fa4c,
f691,
f343,
f47d,
f75a,
f7c0,
f855,
fae5,
ff12,
0290,
032b,
024f,
02df,
058d,
07b7,
089c,
05ad,
007d,
fe1f,
ff50,
ffc7,
fd63,
fa97,
f99b,
fa9d,
fc10,
fd0f,
fcec,
fd2f,
fed4,
00e0,
02b8,
0434,
048d,
03e2,
0303,
0244,
00f9,
ffa4,
ff16,
febe,
fdba,
fca6,
fc67,
fcda,
fdcb,
fee4,
ffc8,
001a,
0051,
00bc,
0138,
01c5,
021d,
0191,
00aa,
0006,
ffcd,
ffe3,
ffdf,
ff8e,
fefd,
fe79,
fe82,
ff16,
ffc9,
0037,
ffff,
ffff,
fffd,
fffd,
ffff,
0003,
0005,
0004,
0000,
fffe,
fffa,
fffb,
fffc,
0000,
0000,
0000,
fffa,
fffc,
0000,
000f,
fffe,
0009,
ffeb,
0010,
ffe3,
0020,
ffda,
002c,
ffb4,
03b1,
13b5,
1c5f,
fe2b,
ca0f,
e001,
25a0,
32b6,
171a,
02e5,
0348,
09be,
0bcf,
f87a,
dccb,
d9db,
e316,
e875,
eca4,
f690,
fcad,
0192,
0c50,
1609,
15ed,
11cc,
1000,
0bf9,
0710,
01b6,
fdc1,
faf3,
f7c1,
f3e9,
f284,
f423,
f6a2,
f85c,
fa67,
fdd8,
01bf,
03d0,
03b6,
03bb,
0555,
0749,
0804,
06a1,
027e,
fe4a,
fd85,
ff3d,
feac,
fb72,
f923,
f9d7,
fb9b,
fc9c,
fcc6,
fd31,
fe9f,
00bf,
02d8,
0463,
04de,
0439,
034f,
026d,
0120,
ff91,
fed2,
fe96,
fde5,
fcbc,
fc3c,
fca5,
fd9c,
fed5,
ffde,
0046,
006b,
00c1,
0128,
019d,
01fe,
01a9,
00e5,
0033,
ffc7,
ffd2,
ffd1,
ffa1,
ff21,
fe86,
fe5d,
fed4,
ff93,
0025,
0038,
ffff,
fffe,
fffd,
fffc,
0000,
0005,
0006,
0001,
fffe,
fffa,
fffa,
fffc,
fffe,
ffff,
0001,
fffc,
fffb,
fffa,
000a,
0005,
0006,
fff8,
fffa,
ffff,
fff2,
0018,
ffd7,
0031,
0034,
0bcd,
1c54,
14d7,
df2d,
c5e0,
069f,
35f2,
26b1,
0b81,
0183,
0590,
0b81,
0587,
e748,
d5f0,
dc99,
e566,
e947,
f16b,
fb5c,
ff91,
07fc,
137d,
188c,
1486,
118b,
0eb5,
0a0e,
03d4,
fe86,
fb60,
f888,
f53b,
f2cc,
f209,
f315,
f71f,
fa3b,
fcb7,
0084,
03c6,
0467,
0488,
05f7,
0756,
0792,
0689,
0442,
0029,
fcc2,
fd80,
fee5,
fd11,
f9c4,
f8eb,
fa98,
fc26,
fc9b,
fd09,
fe4c,
0021,
0295,
047d,
0525,
04a7,
03c2,
02e4,
0194,
ffd3,
febc,
fe6b,
fdee,
fcf3,
fc2a,
fc38,
fd11,
fe7e,
ffe5,
0081,
0096,
00df,
0137,
017e,
01d1,
01b6,
0122,
007c,
ffce,
ff95,
ffaa,
ffc0,
ff7a,
fec7,
fe4d,
fe80,
ff39,
fff9,
0053,
0023,
ffff,
fffe,
fffd,
fffc,
0000,
0005,
0006,
0001,
fffe,
fffa,
fffa,
fffc,
fffe,
ffff,
0001,
fffc,
fffb,
fffa,
000a,
0005,
0006,
fff8,
fffa,
ffff,
fff2,
0018,
ffd7,
0031,
0034,
0bcd,
1c54,
14d7,
df2d,
c5e0,
069f,
35f2,
26b1,
0b81,
0183,
0590,
0b81,
0587,
e748,
d5f0,
dc99,
e566,
e947,
f16b,
fb5c,
ff91,
07fc,
137d,
188c,
1486,
118b,
0eb5,
0a0e,
03d4,
fe86,
fb60,
f888,
f53b,
f2cc,
f209,
f315,
f71f,
fa3b,
fcb7,
0084,
03c6,
0467,
0488,
05f7,
0756,
0792,
0689,
0442,
0029,
fcc2,
fd80,
fee5,
fd11,
f9c4,
f8eb,
fa98,
fc26,
fc9b,
fd09,
fe4c,
0021,
0295,
047d,
0525,
04a7,
03c2,
02e4,
0194,
ffd3,
febc,
fe6b,
fdee,
fcf3,
fc2a,
fc38,
fd11,
fe7e,
ffe5,
0081,
0096,
00df,
0137,
017e,
01d1,
01b6,
0122,
007c,
ffce,
ff95,
ffaa,
ffc0,
ff7a,
fec7,
fe4d,
fe80,
ff39,
fff9,
0053,
0023,
ffff,
fffe,
fffd,
fffc,
0000,
0005,
0006,
0001,
fffe,
fffa,
fffa,
fffc,
fffe,
ffff,
0001,
fffc,
fffb,
fffa,
000a,
0005,
0006,
fff8,
fffa,
ffff,
fff2,
0018,
ffd7,
0031,
0034,
0bcd,
1c54,
14d7,
df2d,
c5e0,
069f,
35f2,
26b1,
0b81,
0183,
0590,
0b81,
0587,
e748,
d5f0,
dc99,
e566,
e947,
f16b,
fb5c,
ff91,
07fc,
137d,
188c,
1486,
118b,
0eb5,
0a0e,
03d4,
fe86,
fb60,
f888,
f53b,
f2cc,
f209,
f315,
f71f,
fa3b,
fcb7,
0084,
03c6,
0467,
0488,
05f7,
0756,
0792,
0689,
0442,
0029,
fcc2,
fd80,
fee5,
fd11,
f9c4,
f8eb,
fa98,
fc26,
fc9b,
fd09,
fe4c,
0021,
0295,
047d,
0525,
04a7,
03c2,
02e4,
0194,
ffd3,
febc,
fe6b,
fdee,
fcf3,
fc2a,
fc38,
fd11,
fe7e,
ffe5,
0081,
0096,
00df,
0137,
017e,
01d1,
01b6,
0122,
007c,
ffce,
ff95,
ffaa,
ffc0,
ff7a,
fec7,
fe4d,
fe80,
ff39,
fff9,
0053,
0023,
ffff,
fffd,
fffc,
ffff,
0003,
0006,
0006,
0001,
fffe,
fffa,
fffb,
fffb,
0000,
0000,
0000,
fff9,
fffc,
fffe,
0013,
fffd,
000e,
ffe6,
0014,
ffe0,
0023,
ffda,
0028,
ffba,
02ee,
136f,
1fa5,
06ea,
c906,
d46e,
21cf,
35cf,
1c9b,
0679,
0248,
0643,
0c2f,
fc60,
dbbe,
d44b,
de83,
e66c,
eac5,
f679,
fe38,
02f4,
0d99,
180e,
18dd,
13c0,
1184,
0d9b,
07e9,
00d1,
fc42,
f8e2,
f63e,
f40e,
f264,
f0ef,
f2c2,
f88a,
fbfc,
fece,
02cf,
04e6,
04c4,
05de,
0808,
085f,
06cd,
04a3,
024f,
fe6d,
fc34,
fd8a,
fdf8,
fb8e,
f90c,
f947,
fb11,
fc5b,
fcc1,
fdc0,
ff52,
018d,
0412,
054e,
051c,
044d,
0384,
0277,
00af,
fef3,
fe5d,
fe16,
fd4e,
fc4d,
fbd9,
fc4d,
fd94,
ff54,
00a0,
00dc,
00e4,
0139,
018d,
01c7,
01ca,
0156,
00cd,
0018,
ff7e,
ff67,
ff92,
ffba,
ff50,
fe9f,
fe52,
feb7,
ff81,
003d,
0062,
0009,
fffe,
fffc,
fffd,
0001,
0005,
0006,
0006,
0000,
fffd,
fff9,
fffc,
fffd,
0002,
0000,
ffff,
fff9,
fffc,
0003,
0011,
fffd,
000d,
ffe1,
001e,
ffce,
0040,
ffae,
0069,
ff65,
063e,
1833,
2004,
fa7d,
bd86,
e445,
2fbf,
3257,
16a6,
04c8,
02be,
0653,
0c06,
f4ad,
d52f,
d359,
df91,
e6f4,
ece4,
fa77,
fffe,
05d4,
11b0,
1ae5,
1887,
13f3,
1170,
0c26,
060c,
fe7a,
f9f0,
f6ae,
f519,
f348,
f204,
f0f8,
f2ff,
f950,
fdb4,
00e2,
0405,
056d,
056a,
06df,
094f,
0907,
05f2,
02b6,
00a1,
fdad,
fc22,
fd1c,
fcf7,
faa9,
f8dc,
f991,
fb70,
fc9a,
fd09,
fe65,
002e,
0296,
04e3,
0589,
04ce,
040a,
0369,
0211,
fff6,
fe8b,
fe43,
fddf,
fce3,
fbe1,
fba2,
fc63,
fe16,
ffeb,
00fd,
010f,
011c,
017c,
01cb,
01ef,
01b2,
0120,
007e,
ffb9,
ff50,
ff50,
ff96,
ffb1,
ff37,
fe93,
fe69,
fee9,
ffbd,
0067,
0050,
ffe5,
fffe,
fffc,
fffd,
0001,
0005,
0006,
0006,
0000,
fffd,
fff9,
fffc,
fffd,
0002,
0000,
ffff,
fff9,
fffc,
0003,
0011,
fffd,
000d,
ffe1,
001e,
ffce,
0040,
ffae,
0069,
ff65,
063e,
1833,
2004,
fa7d,
bd86,
e445,
2fbf,
3257,
16a6,
04c8,
02be,
0653,
0c06,
f4ad,
d52f,
d359,
df91,
e6f4,
ece4,
fa77,
fffe,
05d4,
11b0,
1ae5,
1887,
13f3,
1170,
0c26,
060c,
fe7a,
f9f0,
f6ae,
f519,
f348,
f204,
f0f8,
f2ff,
f950,
fdb4,
00e2,
0405,
056d,
056a,
06df,
094f,
0907,
05f2,
02b6,
00a1,
fdad,
fc22,
fd1c,
fcf7,
faa9,
f8dc,
f991,
fb70,
fc9a,
fd09,
fe65,
002e,
0296,
04e3,
0589,
04ce,
040a,
0369,
0211,
fff6,
fe8b,
fe43,
fddf,
fce3,
fbe1,
fba2,
fc63,
fe16,
ffeb,
00fd,
010f,
011c,
017c,
01cb,
01ef,
01b2,
0120,
007e,
ffb9,
ff50,
ff50,
ff96,
ffb1,
ff37,
fe93,
fe69,
fee9,
ffbd,
0067,
0050,
ffe5,
fffe,
fffc,
fffd,
0001,
0005,
0006,
0006,
0000,
fffd,
fff9,
fffc,
fffd,
0002,
0000,
ffff,
fff9,
fffc,
0003,
0011,
fffd,
000d,
ffe1,
001e,
ffce,
0040,
ffae,
0069,
ff65,
063e,
1833,
2004,
fa7d,
bd86,
e445,
2fbf,
3257,
16a6,
04c8,
02be,
0653,
0c06,
f4ad,
d52f,
d359,
df91,
e6f4,
ece4,
fa77,
fffe,
05d4,
11b0,
1ae5,
1887,
13f3,
1170,
0c26,
060c,
fe7a,
f9f0,
f6ae,
f519,
f348,
f204,
f0f8,
f2ff,
f950,
fdb4,
00e2,
0405,
056d,
056a,
06df,
094f,
0907,
05f2,
02b6,
00a1,
fdad,
fc22,
fd1c,
fcf7,
faa9,
f8dc,
f991,
fb70,
fc9a,
fd09,
fe65,
002e,
0296,
04e3,
0589,
04ce,
040a,
0369,
0211,
fff6,
fe8b,
fe43,
fddf,
fce3,
fbe1,
fba2,
fc63,
fe16,
ffeb,
00fd,
010f,
011c,
017c,
01cb,
01ef,
01b2,
0120,
007e,
ffb9,
ff50,
ff50,
ff96,
ffb1,
ff37,
fe93,
fe69,
fee9,
ffbd,
0067,
0050,
ffe5,
fffe,
fffc,
fffd,
0000,
0005,
0007,
0005,
fffe,
fffb,
fff8,
fffb,
fffd,
0001,
fffe,
ffff,
fffa,
fffb,
0005,
0010,
fffd,
000c,
ffe1,
0021,
ffc6,
004e,
ff98,
0086,
ff47,
0832,
19f7,
2026,
f53f,
b80e,
eb82,
35b3,
30d3,
1400,
0491,
0324,
05da,
0be9,
f0ed,
d1aa,
d1d1,
df8e,
e796,
ee96,
fcba,
00d9,
07b7,
1458,
1c58,
191a,
148d,
10a3,
0b16,
04be,
fc37,
f830,
f5bd,
f3f9,
f29b,
f30e,
f1db,
f2b0,
f994,
ff44,
0218,
0479,
05f7,
05ab,
0715,
0a34,
09ab,
055c,
0136,
ff84,
fd85,
fc22,
fc82,
fc1b,
fa57,
f8e9,
f9b9,
fbc2,
fce5,
fd41,
fecf,
00c4,
02e3,
050d,
0597,
0497,
03df,
0355,
01cb,
ff93,
fe8b,
fe66,
fdca,
fca9,
fbb3,
fb8a,
fc65,
fe4d,
002a,
0124,
0119,
0134,
01a7,
01ee,
0208,
01ac,
00fd,
0041,
ff8a,
ff42,
ff4a,
ff9e,
ffb7,
ff2e,
fe90,
fe84,
ff0c,
ffdf,
006f,
0033,
ffbf,
fffd,
fffc,
fffd,
0001,
0006,
0007,
0006,
ffff,
fffc,
fff8,
fffb,
fffb,
0002,
ffff,
ffff,
fff9,
fffb,
0004,
0013,
fffa,
0010,
ffda,
002b,
ffbc,
005b,
ff8b,
0094,
ff34,
07c5,
1940,
20ef,
fa65,
b5dc,
e55f,
3694,
332f,
14b6,
04fb,
03fd,
0484,
0bf1,
f277,
d0ec,
cf24,
de0a,
e88e,
eeb1,
fce1,
0178,
0871,
14f7,
1d9a,
1a83,
1497,
104f,
0a32,
03c3,
fb1b,
f795,
f4ea,
f320,
f32c,
f46f,
f2de,
f2aa,
f913,
ff58,
02d2,
04e1,
05dc,
0570,
0700,
0a76,
0a1e,
05eb,
00d5,
fe7f,
fd95,
fc75,
fbc5,
fb5c,
fa8a,
f91d,
f9b9,
fbf0,
fd47,
fd5a,
fedb,
00dc,
027d,
0490,
058a,
04c5,
03da,
0338,
01bb,
ffb6,
fed1,
fea4,
fde1,
fcb0,
fbc8,
fb91,
fc31,
fe09,
0010,
0127,
011a,
011d,
01a2,
01fb,
0220,
01c4,
00ef,
0036,
ff88,
ff46,
ff58,
ffab,
ffc8,
ff33,
fea3,
fea0,
ff16,
ffca,
0061,
0024,
ff9b,
fffd,
fffc,
fffd,
0001,
0006,
0007,
0006,
ffff,
fffc,
fff8,
fffb,
fffb,
0002,
ffff,
ffff,
fff9,
fffb,
0004,
0013,
fffa,
0010,
ffda,
002b,
ffbc,
005b,
ff8b,
0094,
ff34,
07c5,
1940,
20ef,
fa65,
b5dc,
e55f,
3694,
332f,
14b6,
04fb,
03fd,
0484,
0bf1,
f277,
d0ec,
cf24,
de0a,
e88e,
eeb1,
fce1,
0178,
0871,
14f7,
1d9a,
1a83,
1497,
104f,
0a32,
03c3,
fb1b,
f795,
f4ea,
f320,
f32c,
f46f,
f2de,
f2aa,
f913,
ff58,
02d2,
04e1,
05dc,
0570,
0700,
0a76,
0a1e,
05eb,
00d5,
fe7f,
fd95,
fc75,
fbc5,
fb5c,
fa8a,
f91d,
f9b9,
fbf0,
fd47,
fd5a,
fedb,
00dc,
027d,
0490,
058a,
04c5,
03da,
0338,
01bb,
ffb6,
fed1,
fea4,
fde1,
fcb0,
fbc8,
fb91,
fc31,
fe09,
0010,
0127,
011a,
011d,
01a2,
01fb,
0220,
01c4,
00ef,
0036,
ff88,
ff46,
ff58,
ffab,
ffc8,
ff33,
fea3,
fea0,
ff16,
ffca,
0061,
0024,
ff9b,
fffd,
fffc,
fffd,
0001,
0006,
0007,
0006,
ffff,
fffc,
fff8,
fffb,
fffb,
0002,
ffff,
ffff,
fff9,
fffb,
0004,
0013,
fffa,
0010,
ffda,
002b,
ffbc,
005b,
ff8b,
0094,
ff34,
07c5,
1940,
20ef,
fa65,
b5dc,
e55f,
3694,
332f,
14b6,
04fb,
03fd,
0484,
0bf1,
f277,
d0ec,
cf24,
de0a,
e88e,
eeb1,
fce1,
0178,
0871,
14f7,
1d9a,
1a83,
1497,
104f,
0a32,
03c3,
fb1b,
f795,
f4ea,
f320,
f32c,
f46f,
f2de,
f2aa,
f913,
ff58,
02d2,
04e1,
05dc,
0570,
0700,
0a76,
0a1e,
05eb,
00d5,
fe7f,
fd95,
fc75,
fbc5,
fb5c,
fa8a,
f91d,
f9b9,
fbf0,
fd47,
fd5a,
fedb,
00dc,
027d,
0490,
058a,
04c5,
03da,
0338,
01bb,
ffb6,
fed1,
fea4,
fde1,
fcb0,
fbc8,
fb91,
fc31,
fe09,
0010,
0127,
011a,
011d,
01a2,
01fb,
0220,
01c4,
00ef,
0036,
ff88,
ff46,
ff58,
ffab,
ffc8,
ff33,
fea3,
fea0,
ff16,
ffca,
0061,
0024,
ff9b,
fffe,
fffc,
fffc,
ffff,
0005,
0007,
0007,
ffff,
fffd,
fff7,
fffa,
fffa,
0001,
fffd,
ffff,
fff8,
fffd,
fffd,
0018,
fff4,
001a,
ffd3,
002f,
ffbb,
0050,
ffa5,
0066,
ff6d,
04e2,
165e,
2081,
0941,
bbfe,
d0c2,
2efd,
399d,
1a4e,
05de,
0504,
0309,
0ad2,
f9aa,
d452,
cc1d,
d9fd,
e90c,
ed35,
faaf,
024a,
0785,
1425,
1da5,
1c2c,
153e,
1052,
093b,
0417,
fbcf,
f6e6,
f4c1,
f3a0,
f3ce,
f528,
f4bf,
f310,
f75a,
fdf3,
02d4,
0510,
055f,
0547,
0663,
09af,
0a88,
07b0,
0215,
fdb3,
fd69,
fce1,
fb70,
facf,
fad1,
f995,
f98c,
fbda,
fd9c,
fdae,
fe62,
0049,
01c8,
0372,
0500,
0525,
0458,
0345,
01d6,
004e,
ff58,
fee1,
fe2b,
fd20,
fc04,
fb97,
fbef,
fd6c,
ff74,
00fb,
0134,
00e0,
0158,
01f6,
022f,
01f8,
0128,
004f,
ff91,
ff4f,
ff86,
ffbf,
ffd2,
ff5c,
fecb,
fea6,
ff07,
ff95,
003c,
002d,
ff8d,
0000,
fffe,
fffc,
fffd,
0003,
0006,
0008,
0002,
fffe,
fff9,
fffa,
fffa,
0000,
0001,
0001,
fffb,
fffc,
fff7,
0016,
fffc,
0014,
ffe5,
000b,
fff0,
ffff,
0018,
ffc9,
004b,
00f5,
1126,
1cf9,
1930,
d460,
b738,
157c,
3fe7,
262e,
09dd,
046e,
031c,
074a,
036f,
de7d,
cba6,
d379,
e638,
ec6a,
f603,
0212,
065b,
113e,
1b1a,
1de0,
16b9,
1095,
096b,
0531,
fded,
f6e6,
f5d8,
f4b1,
f451,
f57b,
f6b4,
f407,
f579,
fb6a,
011a,
04bd,
0555,
0513,
0559,
081f,
0a96,
0951,
04f9,
fec6,
fc87,
fce1,
fbd3,
fadc,
fad3,
fa38,
f993,
fb46,
fd94,
fe51,
fe25,
feee,
00aa,
0227,
03b3,
050f,
052a,
03d7,
0226,
0106,
0019,
ff57,
fe9a,
fdd0,
fc86,
fb99,
fbba,
fcb5,
fe8b,
005f,
0125,
00cc,
00df,
01ae,
0217,
0228,
01af,
0093,
ffb2,
ff57,
ffa6,
ffe6,
ffec,
ffa8,
ff0a,
fe9e,
fed5,
ff65,
0000,
0036,
ffa5,
0000,
fffe,
fffc,
fffd,
0003,
0006,
0008,
0002,
fffe,
fff9,
fffa,
fffa,
0000,
0001,
0001,
fffb,
fffc,
fff7,
0016,
fffc,
0014,
ffe5,
000b,
fff0,
ffff,
0018,
ffc9,
004b,
00f5,
1126,
1cf9,
1930,
d460,
b738,
157c,
3fe7,
262e,
09dd,
046e,
031c,
074a,
036f,
de7d,
cba6,
d379,
e638,
ec6a,
f603,
0212,
065b,
113e,
1b1a,
1de0,
16b9,
1095,
096b,
0531,
fded,
f6e6,
f5d8,
f4b1,
f451,
f57b,
f6b4,
f407,
f579,
fb6a,
011a,
04bd,
0555,
0513,
0559,
081f,
0a96,
0951,
04f9,
fec6,
fc87,
fce1,
fbd3,
fadc,
fad3,
fa38,
f993,
fb46,
fd94,
fe51,
fe25,
feee,
00aa,
0227,
03b3,
050f,
052a,
03d7,
0226,
0106,
0019,
ff57,
fe9a,
fdd0,
fc86,
fb99,
fbba,
fcb5,
fe8b,
005f,
0125,
00cc,
00df,
01ae,
0217,
0228,
01af,
0093,
ffb2,
ff57,
ffa6,
ffe6,
ffec,
ffa8,
ff0a,
fe9e,
fed5,
ff65,
0000,
0036,
ffa5,
0000,
fffe,
fffc,
fffd,
0003,
0006,
0008,
0002,
fffe,
fff9,
fffa,
fffa,
0000,
0001,
0001,
fffb,
fffc,
fff7,
0016,
fffc,
0014,
ffe5,
000b,
fff0,
ffff,
0018,
ffc9,
004b,
00f5,
1126,
1cf9,
1930,
d460,
b738,
157c,
3fe7,
262e,
09dd,
046e,
031c,
074a,
036f,
de7d,
cba6,
d379,
e638,
ec6a,
f603,
0212,
065b,
113e,
1b1a,
1de0,
16b9,
1095,
096b,
0531,
fded,
f6e6,
f5d8,
f4b1,
f451,
f57b,
f6b4,
f407,
f579,
fb6a,
011a,
04bd,
0555,
0513,
0559,
081f,
0a96,
0951,
04f9,
fec6,
fc87,
fce1,
fbd3,
fadc,
fad3,
fa38,
f993,
fb46,
fd94,
fe51,
fe25,
feee,
00aa,
0227,
03b3,
050f,
052a,
03d7,
0226,
0106,
0019,
ff57,
fe9a,
fdd0,
fc86,
fb99,
fbba,
fcb5,
fe8b,
005f,
0125,
00cc,
00df,
01ae,
0217,
0228,
01af,
0093,
ffb2,
ff57,
ffa6,
ffe6,
ffec,
ffa8,
ff0a,
fe9e,
fed5,
ff65,
0000,
0036,
ffa5,
0000,
ffff,
fffc,
fffc,
0000,
0006,
0007,
0006,
ffff,
fffc,
fff8,
fffb,
fffb,
0003,
ffff,
0001,
fff9,
fffb,
0004,
0014,
fff8,
0015,
ffd1,
0036,
ffac,
0072,
ff6e,
00ba,
ff1e,
0907,
17c6,
1e51,
fbca,
b2c5,
e56e,
3909,
35f2,
1697,
031e,
0386,
0379,
091f,
efc3,
d1c0,
cdfe,
dd10,
ec65,
f115,
fee3,
059c,
0c5f,
16a0,
1cef,
1950,
11cd,
0b83,
05b2,
014a,
f923,
f6db,
f637,
f523,
f589,
f76a,
f5e8,
f477,
f87c,
fde9,
02ea,
056b,
0541,
04a3,
063d,
0995,
0a04,
079e,
0296,
fcfe,
fb93,
fc17,
fbc1,
fb1e,
faba,
f9fb,
fa88,
fcae,
fe94,
fecf,
fe1e,
fea2,
0064,
026c,
0450,
0555,
04ab,
0305,
01c0,
00e9,
0032,
ff3c,
fe54,
fd4c,
fc01,
fb7f,
fc0e,
fd99,
ff69,
00ac,
00df,
009e,
010c,
01d4,
021d,
021a,
013f,
0008,
ff6b,
ff7f,
fff6,
0038,
0007,
ff6a,
fec0,
fe90,
ff17,
ffcb,
002d,
ffd8,
ffff,
0000,
fffe,
fffd,
fffe,
0002,
0006,
0008,
0003,
fffe,
fff9,
fff9,
fffb,
0001,
0001,
0001,
fffc,
fffc,
fff8,
0016,
fffc,
0014,
ffe5,
000d,
ffef,
ffff,
001b,
ffca,
004b,
0127,
10ae,
1989,
1773,
d6fc,
b94e,
1338,
3e5b,
2ab3,
0ab4,
0089,
0265,
0758,
0174,
e0e8,
cf66,
d250,
e64c,
f019,
f853,
03a1,
07a1,
1084,
1837,
1aae,
14b3,
0e9a,
0732,
03ae,
fe52,
f830,
f7b7,
f673,
f5f9,
f6e6,
f767,
f510,
f64f,
fa6f,
ff71,
0424,
05b3,
04e9,
04c7,
075b,
099c,
08dd,
0618,
00d0,
fb7c,
fac9,
fc84,
fc23,
fb69,
fad8,
fa2d,
fb46,
fd93,
ff6b,
fed4,
fd62,
fdd0,
0072,
038e,
0500,
04b4,
03d5,
02d4,
01c9,
00f2,
002c,
ff0b,
fe02,
fcba,
fbac,
fba7,
fca9,
fe49,
ffe0,
00c5,
00bb,
008b,
0117,
01dc,
0205,
01ee,
00e0,
ffa4,
ff56,
ffb7,
0044,
0085,
0009,
ff1f,
fe8f,
fea8,
ff62,
001b,
001c,
ffff,
0000,
fffe,
fffd,
fffe,
0002,
0006,
0008,
0003,
fffe,
fff9,
fff9,
fffb,
0001,
0001,
0001,
fffc,
fffc,
fff8,
0016,
fffc,
0014,
ffe5,
000d,
ffef,
ffff,
001b,
ffca,
004b,
0127,
10ae,
1989,
1773,
d6fc,
b94e,
1338,
3e5b,
2ab3,
0ab4,
0089,
0265,
0758,
0174,
e0e8,
cf66,
d250,
e64c,
f019,
f853,
03a1,
07a1,
1084,
1837,
1aae,
14b3,
0e9a,
0732,
03ae,
fe52,
f830,
f7b7,
f673,
f5f9,
f6e6,
f767,
f510,
f64f,
fa6f,
ff71,
0424,
05b3,
04e9,
04c7,
075b,
099c,
08dd,
0618,
00d0,
fb7c,
fac9,
fc84,
fc23,
fb69,
fad8,
fa2d,
fb46,
fd93,
ff6b,
fed4,
fd62,
fdd0,
0072,
038e,
0500,
04b4,
03d5,
02d4,
01c9,
00f2,
002c,
ff0b,
fe02,
fcba,
fbac,
fba7,
fca9,
fe49,
ffe0,
00c5,
00bb,
008b,
0117,
01dc,
0205,
01ee,
00e0,
ffa4,
ff56,
ffb7,
0044,
0085,
0009,
ff1f,
fe8f,
fea8,
ff62,
001b,
001c,
ffff,
0000,
fffe,
fffd,
fffe,
0002,
0006,
0008,
0003,
fffe,
fff9,
fff9,
fffb,
0001,
0001,
0001,
fffc,
fffc,
fff8,
0016,
fffc,
0014,
ffe5,
000d,
ffef,
ffff,
001b,
ffca,
004b,
0127,
10ae,
1989,
1773,
d6fc,
b94e,
1338,
3e5b,
2ab3,
0ab4,
0089,
0265,
0758,
0174,
e0e8,
cf66,
d250,
e64c,
f019,
f853,
03a1,
07a1,
1084,
1837,
1aae,
14b3,
0e9a,
0732,
03ae,
fe52,
f830,
f7b7,
f673,
f5f9,
f6e6,
f767,
f510,
f64f,
fa6f,
ff71,
0424,
05b3,
04e9,
04c7,
075b,
099c,
08dd,
0618,
00d0,
fb7c,
fac9,
fc84,
fc23,
fb69,
fad8,
fa2d,
fb46,
fd93,
ff6b,
fed4,
fd62,
fdd0,
0072,
038e,
0500,
04b4,
03d5,
02d4,
01c9,
00f2,
002c,
ff0b,
fe02,
fcba,
fbac,
fba7,
fca9,
fe49,
ffe0,
00c5,
00bb,
008b,
0117,
01dc,
0205,
01ee,
00e0,
ffa4,
ff56,
ffb7,
0044,
0085,
0009,
ff1f,
fe8f,
fea8,
ff62,
001b,
001c,
0000,
ffff,
ffff,
fffd,
fffd,
0000,
0005,
0006,
0007,
0001,
fffe,
fff8,
fffb,
fffa,
0003,
0000,
0002,
fff9,
fffc,
fffe,
0018,
fff5,
001b,
ffd0,
0034,
ffb5,
005e,
ff95,
007e,
ff5d,
05f2,
13ce,
1984,
0716,
c010,
d607,
2b51,
39e3,
2074,
0288,
ffcc,
0360,
0945,
f6a8,
da0b,
d048,
d90f,
ed4e,
f43d,
fd70,
0442,
094f,
1190,
1779,
17e0,
11ea,
0b42,
04f8,
036a,
fcac,
f872,
f845,
f707,
f68c,
f73c,
f6e8,
f58b,
f7be,
fbb3,
00d3,
04cb,
05c1,
04a7,
0500,
07ab,
0906,
07dc,
0485,
ff1b,
fad8,
fb29,
fd04,
fca7,
fc06,
fae0,
fa38,
fbb8,
fe53,
ffcf,
fe5a,
fc63,
fd65,
0183,
04a1,
04c4,
03e0,
0365,
02cf,
01c1,
00db,
000d,
fee4,
fd90,
fc48,
fbc2,
fc0e,
fd36,
feca,
0036,
00dd,
00a7,
006a,
00e7,
01bb,
01fb,
01a3,
0090,
ff80,
ff63,
ffec,
007e,
00bf,
0008,
fef0,
fe7e,
fed2,
ffa0,
0043,
0001,
0000,
0000,
fffe,
fffc,
fffe,
0002,
0004,
0006,
0005,
0001,
fffe,
fff8,
fffa,
fffc,
0004,
0000,
0000,
fff9,
fffa,
0008,
000c,
ffff,
000a,
ffe1,
0025,
ffc2,
005e,
ff82,
00a0,
ff7a,
09ed,
13b7,
175b,
f578,
bcf3,
f02e,
31f4,
3462,
180e,
fedb,
ff95,
05f5,
0752,
eec1,
d982,
d2de,
e014,
f1ce,
f6f9,
fef2,
0387,
0994,
10d7,
1685,
157c,
0fba,
0941,
054a,
0332,
fba5,
f958,
f8cd,
f720,
f69d,
f79d,
f6a4,
f639,
f909,
fcb4,
0185,
0516,
059f,
0439,
0501,
0775,
0848,
06c3,
0307,
fe33,
fb50,
fbcb,
fd7b,
fd93,
fc36,
fa87,
fa7a,
fc23,
fe96,
ffba,
fdc1,
fbcc,
fdd2,
02ab,
04d1,
042f,
03a9,
02fb,
0249,
01c5,
00e9,
ff96,
fe75,
fd8c,
fc6b,
fbe3,
fc6a,
fdce,
ff38,
0067,
00da,
007e,
004b,
00b0,
0178,
01bd,
0164,
0095,
ff93,
ff56,
0006,
00bc,
00da,
0012,
fee7,
fe82,
fef8,
ffc9,
0001,
0000,
0000,
fffe,
fffc,
fffe,
0002,
0004,
0006,
0005,
0001,
fffe,
fff8,
fffa,
fffc,
0004,
0000,
0000,
fff9,
fffa,
0008,
000c,
ffff,
000a,
ffe1,
0025,
ffc2,
005e,
ff82,
00a0,
ff7a,
09ed,
13b7,
175b,
f578,
bcf3,
f02e,
31f4,
3462,
180e,
fedb,
ff95,
05f5,
0752,
eec1,
d982,
d2de,
e014,
f1ce,
f6f9,
fef2,
0387,
0994,
10d7,
1685,
157c,
0fba,
0941,
054a,
0332,
fba5,
f958,
f8cd,
f720,
f69d,
f79d,
f6a4,
f639,
f909,
fcb4,
0185,
0516,
059f,
0439,
0501,
0775,
0848,
06c3,
0307,
fe33,
fb50,
fbcb,
fd7b,
fd93,
fc36,
fa87,
fa7a,
fc23,
fe96,
ffba,
fdc1,
fbcc,
fdd2,
02ab,
04d1,
042f,
03a9,
02fb,
0249,
01c5,
00e9,
ff96,
fe75,
fd8c,
fc6b,
fbe3,
fc6a,
fdce,
ff38,
0067,
00da,
007e,
004b,
00b0,
0178,
01bd,
0164,
0095,
ff93,
ff56,
0006,
00bc,
00da,
0012,
fee7,
fe82,
fef8,
ffc9,
0001,
0000,
0000,
fffe,
fffc,
fffe,
0002,
0004,
0006,
0005,
0001,
fffe,
fff8,
fffa,
fffc,
0004,
0000,
0000,
fff9,
fffa,
0008,
000c,
ffff,
000a,
ffe1,
0025,
ffc2,
005e,
ff82,
00a0,
ff7a,
09ed,
13b7,
175b,
f578,
bcf3,
f02e,
31f4,
3462,
180e,
fedb,
ff95,
05f5,
0752,
eec1,
d982,
d2de,
e014,
f1ce,
f6f9,
fef2,
0387,
0994,
10d7,
1685,
157c,
0fba,
0941,
054a,
0332,
fba5,
f958,
f8cd,
f720,
f69d,
f79d,
f6a4,
f639,
f909,
fcb4,
0185,
0516,
059f,
0439,
0501,
0775,
0848,
06c3,
0307,
fe33,
fb50,
fbcb,
fd7b,
fd93,
fc36,
fa87,
fa7a,
fc23,
fe96,
ffba,
fdc1,
fbcc,
fdd2,
02ab,
04d1,
042f,
03a9,
02fb,
0249,
01c5,
00e9,
ff96,
fe75,
fd8c,
fc6b,
fbe3,
fc6a,
fdce,
ff38,
0067,
00da,
007e,
004b,
00b0,
0178,
01bd,
0164,
0095,
ff93,
ff56,
0006,
00bc,
00da,
0012,
fee7,
fe82,
fef8,
ffc9,
0001,
0000,
ffff,
0000,
ffff,
fffe,
ffff,
0001,
0004,
0007,
0005,
0000,
fffc,
fffb,
fffc,
fffe,
0002,
0001,
ffff,
fffc,
fffa,
000d,
0002,
000c,
fff7,
fffa,
0007,
ffe8,
0030,
ffb4,
0062,
0074,
0be1,
1297,
131d,
e8b0,
c45f,
00d7,
3164,
2f2d,
11eb,
fd74,
0043,
0779,
0408,
ebfc,
db23,
d70e,
e5d6,
f3ee,
f82c,
fe6c,
0265,
08d0,
100e,
150a,
1321,
0e9c,
0907,
05d0,
0298,
fbe0,
fa44,
f8bf,
f73c,
f721,
f7ad,
f6d0,
f756,
f9e1,
fd35,
01d7,
04f7,
04fc,
03d1,
04c4,
06e5,
0773,
05cb,
01fa,
fdf2,
fc77,
fce7,
fdeb,
fdcb,
fc17,
fa99,
faeb,
fc6f,
fe4b,
feeb,
fd84,
fc87,
fe95,
02a6,
04b3,
0436,
0348,
026d,
01d8,
0164,
0081,
ff4c,
fe6f,
fdb8,
fcbe,
fc3d,
fcd1,
fe4b,
ffa1,
006b,
0096,
0053,
0046,
0073,
0108,
018c,
0160,
00a3,
ffb3,
ff73,
0022,
00e1,
00cd,
0004,
ff08,
fea5,
ff13,
fffe,
ffff,
ffff,
0000,
0000,
fffe,
fffd,
fffe,
0001,
0003,
0006,
0002,
0000,
fffc,
fffb,
fffb,
ffff,
0000,
0001,
fffd,
fffb,
fff9,
000d,
fffd,
0010,
ffe9,
000c,
ffee,
000b,
fffd,
fff2,
0011,
01b1,
0c43,
1107,
0db5,
e19e,
cfd9,
0a1e,
2df3,
29bb,
0d90,
fdd3,
00e6,
07f1,
017b,
eba7,
de12,
db99,
e9dc,
f4a6,
f876,
fd76,
0161,
082b,
0edc,
1304,
11a8,
0e37,
08de,
060e,
025a,
fc74,
fa7c,
f8c7,
f7cc,
f792,
f802,
f752,
f822,
fa51,
fda2,
01c1,
0451,
0475,
0376,
0478,
0656,
06a7,
04f2,
01a0,
fe73,
fd6d,
fda9,
fdc8,
fd96,
fc5c,
faf1,
fb02,
fc22,
fdf5,
fec4,
fdfa,
fd75,
ff37,
026e,
045d,
0457,
030a,
01a9,
00eb,
00a5,
0048,
ff60,
fe6a,
fdb1,
fd29,
fcfb,
fd5f,
fe89,
ffbf,
0065,
0067,
002e,
0036,
005d,
00c6,
015b,
0153,
00b8,
ffff,
ffb1,
0012,
00ac,
00a3,
fff8,
ff31,
fec4,
ffff,
ffff,
0000,
0000,
0001,
0001,
0000,
fffe,
ffff,
0002,
0004,
0005,
0003,
0001,
fffe,
fffb,
fffc,
fffc,
0000,
ffff,
fffe,
fffc,
fffa,
0003,
0008,
0003,
0004,
fff5,
0010,
ffe7,
0027,
ffd0,
0049,
ffe2,
060a,
0f35,
15d4,
0175,
d8d1,
ec5f,
1980,
1b4d,
0b33,
0997,
0a46,
04f9,
01c9,
f54c,
e66d,
e46e,
eb0f,
ee3f,
f191,
fad0,
021b,
07d2,
0d49,
11dd,
10bd,
0ca0,
098d,
05e5,
004e,
faed,
fa73,
fb1b,
f9ec,
f825,
f7a2,
f71a,
f7c2,
fb57,
ff6f,
015f,
02ad,
03ed,
03e9,
04e0,
0699,
0621,
037d,
00b8,
ff34,
fe8b,
fe9b,
fdf6,
fb76,
f93c,
f9c7,
fc21,
fe2e,
003e,
013e,
0192,
022d,
029a,
01eb,
005b,
ff6b,
ff7f,
ff4d,
fe26,
fdb0,
fee2,
002f,
002a,
ffbb,
ff96,
ff64,
ff15,
ff6b,
0040,
00e4,
00fa,
004b,
ff4f,
ff3b,
0037,
00fc,
0071,
fed9,
fdc2,
fe2e,
ffa0,
00c8,
00c5,
0035,
0024,
ffff,
ffff,
0000,
0000,
0001,
0001,
0000,
fffe,
ffff,
0002,
0004,
0005,
0003,
0001,
fffe,
fffb,
fffc,
fffc,
0000,
ffff,
fffe,
fffc,
fffa,
0003,
0008,
0003,
0004,
fff5,
0010,
ffe7,
0027,
ffd0,
0049,
ffe2,
060a,
0f35,
15d4,
0175,
d8d1,
ec5f,
1980,
1b4d,
0b33,
0997,
0a46,
04f9,
01c9,
f54c,
e66d,
e46e,
eb0f,
ee3f,
f191,
fad0,
021b,
07d2,
0d49,
11dd,
10bd,
0ca0,
098d,
05e5,
004e,
faed,
fa73,
fb1b,
f9ec,
f825,
f7a2,
f71a,
f7c2,
fb57,
ff6f,
015f,
02ad,
03ed,
03e9,
04e0,
0699,
0621,
037d,
00b8,
ff34,
fe8b,
fe9b,
fdf6,
fb76,
f93c,
f9c7,
fc21,
fe2e,
003e,
013e,
0192,
022d,
029a,
01eb,
005b,
ff6b,
ff7f,
ff4d,
fe26,
fdb0,
fee2,
002f,
002a,
ffbb,
ff96,
ff64,
ff15,
ff6b,
0040,
00e4,
00fa,
004b,
ff4f,
ff3b,
0037,
00fc,
0071,
fed9,
fdc2,
fe2e,
ffa0,
00c8,
00c5,
0035,
0024,
ffff,
ffff,
0000,
0000,
0001,
0001,
0000,
fffe,
ffff,
0002,
0004,
0005,
0003,
0001,
fffe,
fffb,
fffc,
fffc,
0000,
ffff,
fffe,
fffc,
fffa,
0003,
0008,
0003,
0004,
fff5,
0010,
ffe7,
0027,
ffd0,
0049,
ffe2,
060a,
0f35,
15d4,
0175,
d8d1,
ec5f,
1980,
1b4d,
0b33,
0997,
0a46,
04f9,
01c9,
f54c,
e66d,
e46e,
eb0f,
ee3f,
f191,
fad0,
021b,
07d2,
0d49,
11dd,
10bd,
0ca0,
098d,
05e5,
004e,
faed,
fa73,
fb1b,
f9ec,
f825,
f7a2,
f71a,
f7c2,
fb57,
ff6f,
015f,
02ad,
03ed,
03e9,
04e0,
0699,
0621,
037d,
00b8,
ff34,
fe8b,
fe9b,
fdf6,
fb76,
f93c,
f9c7,
fc21,
fe2e,
003e,
013e,
0192,
022d,
029a,
01eb,
005b,
ff6b,
ff7f,
ff4d,
fe26,
fdb0,
fee2,
002f,
002a,
ffbb,
ff96,
ff64,
ff15,
ff6b,
0040,
00e4,
00fa,
004b,
ff4f,
ff3b,
0037,
00fc,
0071,
fed9,
fdc2,
fe2e,
ffa0,
00c8,
00c5,
0035,
0024,
ffff,
ffff,
0000,
0000,
0001,
0001,
0000,
fffe,
ffff,
0002,
0004,
0005,
0003,
0001,
fffe,
fffb,
fffc,
fffc,
0000,
ffff,
fffe,
fffc,
fffa,
0003,
0008,
0003,
0004,
fff5,
0010,
ffe7,
0027,
ffd0,
0049,
ffe2,
060a,
0f35,
15d4,
0175,
d8d1,
ec5f,
1980,
1b4d,
0b33,
0997,
0a46,
04f9,
01c9,
f54c,
e66d,
e46e,
eb0f,
ee3f,
f191,
fad0,
021b,
07d2,
0d49,
11dd,
10bd,
0ca0,
098d,
05e5,
004e,
faed,
fa73,
fb1b,
f9ec,
f825,
f7a2,
f71a,
f7c2,
fb57,
ff6f,
015f,
02ad,
03ed,
03e9,
04e0,
0699,
0621,
037d,
00b8,
ff34,
fe8b,
fe9b,
fdf6,
fb76,
f93c,
f9c7,
fc21,
fe2e,
003e,
013e,
0192,
022d,
029a,
01eb,
005b,
ff6b,
ff7f,
ff4d,
fe26,
fdb0,
fee2,
002f,
002a,
ffbb,
ff96,
ff64,
ff15,
ff6b,
0040,
00e4,
00fa,
004b,
ff4f,
ff3b,
0037,
00fc,
0071,
fed9,
fdc2,
fe2e,
ffa0,
00c8,
00c5,
0035,
0024,
ffff,
ffff,
0000,
0000,
0001,
0001,
0000,
fffe,
ffff,
0002,
0004,
0005,
0003,
0001,
fffe,
fffb,
fffc,
fffc,
0000,
ffff,
fffe,
fffc,
fffa,
0003,
0008,
0003,
0004,
fff5,
0010,
ffe7,
0027,
ffd0,
0049,
ffe2,
060a,
0f35,
15d4,
0175,
d8d1,
ec5f,
1980,
1b4d,
0b33,
0997,
0a46,
04f9,
01c9,
f54c,
e66d,
e46e,
eb0f,
ee3f,
f191,
fad0,
021b,
07d2,
0d49,
11dd,
10bd,
0ca0,
098d,
05e5,
004e,
faed,
fa73,
fb1b,
f9ec,
f825,
f7a2,
f71a,
f7c2,
fb57,
ff6f,
015f,
02ad,
03ed,
03e9,
04e0,
0699,
0621,
037d,
00b8,
ff34,
fe8b,
fe9b,
fdf6,
fb76,
f93c,
f9c7,
fc21,
fe2e,
003e,
013e,
0192,
022d,
029a,
01eb,
005b,
ff6b,
ff7f,
ff4d,
fe26,
fdb0,
fee2,
002f,
002a,
ffbb,
ff96,
ff64,
ff15,
ff6b,
0040,
00e4,
00fa,
004b,
ff4f,
ff3b,
0037,
00fc,
0071,
fed9,
fdc2,
fe2e,
ffa0,
00c8,
00c5,
0035,
0024,
ffff,
ffff,
0000,
0000,
0001,
0001,
0000,
fffe,
ffff,
0002,
0004,
0005,
0003,
0001,
fffe,
fffb,
fffc,
fffc,
0000,
ffff,
fffe,
fffc,
fffa,
0003,
0008,
0003,
0004,
fff5,
0010,
ffe7,
0027,
ffd0,
0049,
ffe2,
060a,
0f35,
15d4,
0175,
d8d1,
ec5f,
1980,
1b4d,
0b33,
0997,
0a46,
04f9,
01c9,
f54c,
e66d,
e46e,
eb0f,
ee3f,
f191,
fad0,
021b,
07d2,
0d49,
11dd,
10bd,
0ca0,
098d,
05e5,
004e,
faed,
fa73,
fb1b,
f9ec,
f825,
f7a2,
f71a,
f7c2,
fb57,
ff6f,
015f,
02ad,
03ed,
03e9,
04e0,
0699,
0621,
037d,
00b8,
ff34,
fe8b,
fe9b,
fdf6,
fb76,
f93c,
f9c7,
fc21,
fe2e,
003e,
013e,
0192,
022d,
029a,
01eb,
005b,
ff6b,
ff7f,
ff4d,
fe26,
fdb0,
fee2,
002f,
002a,
ffbb,
ff96,
ff64,
ff15,
ff6b,
0040,
00e4,
00fa,
004b,
ff4f,
ff3b,
0037,
00fc,
0071,
fed9,
fdc2,
fe2e,
ffa0,
00c8,
00c5,
0035,
0024,
ffff,
ffff,
0000,
0000,
0001,
0001,
0000,
fffe,
ffff,
0002,
0004,
0005,
0003,
0001,
fffe,
fffb,
fffc,
fffc,
0000,
ffff,
fffe,
fffc,
fffa,
0003,
0008,
0003,
0004,
fff5,
0010,
ffe7,
0027,
ffd0,
0049,
ffe2,
060a,
0f35,
15d4,
0175,
d8d1,
ec5f,
1980,
1b4d,
0b33,
0997,
0a46,
04f9,
01c9,
f54c,
e66d,
e46e,
eb0f,
ee3f,
f191,
fad0,
021b,
07d2,
0d49,
11dd,
10bd,
0ca0,
098d,
05e5,
004e,
faed,
fa73,
fb1b,
f9ec,
f825,
f7a2,
f71a,
f7c2,
fb57,
ff6f,
015f,
02ad,
03ed,
03e9,
04e0,
0699,
0621,
037d,
00b8,
ff34,
fe8b,
fe9b,
fdf6,
fb76,
f93c,
f9c7,
fc21,
fe2e,
003e,
013e,
0192,
022d,
029a,
01eb,
005b,
ff6b,
ff7f,
ff4d,
fe26,
fdb0,
fee2,
002f,
002a,
ffbb,
ff96,
ff64,
ff15,
ff6b,
0040,
00e4,
00fa,
004b,
ff4f,
ff3b,
0037,
00fc,
0071,
fed9,
fdc2,
fe2e,
ffa0,
00c8,
00c5,
0035,
0024,
ffff,
ffff,
0000,
0000,
0001,
0001,
0000,
fffe,
ffff,
0002,
0004,
0005,
0003,
0001,
fffe,
fffb,
fffc,
fffc,
0000,
ffff,
fffe,
fffc,
fffa,
0003,
0008,
0003,
0004,
fff5,
0010,
ffe7,
0027,
ffd0,
0049,
ffe2,
060a,
0f35,
15d4,
0175,
d8d1,
ec5f,
1980,
1b4d,
0b33,
0997,
0a46,
04f9,
01c9,
f54c,
e66d,
e46e,
eb0f,
ee3f,
f191,
fad0,
021b,
07d2,
0d49,
11dd,
10bd,
0ca0,
098d,
05e5,
004e,
faed,
fa73,
fb1b,
f9ec,
f825,
f7a2,
f71a,
f7c2,
fb57,
ff6f,
015f,
02ad,
03ed,
03e9,
04e0,
0699,
0621,
037d,
00b8,
ff34,
fe8b,
fe9b,
fdf6,
fb76,
f93c,
f9c7,
fc21,
fe2e,
003e,
013e,
0192,
022d,
029a,
01eb,
005b,
ff6b,
ff7f,
ff4d,
fe26,
fdb0,
fee2,
002f,
002a,
ffbb,
ff96,
ff64,
ff15,
ff6b,
0040,
00e4,
00fa,
004b,
ff4f,
ff3b,
0037,
00fc,
0071,
fed9,
fdc2,
fe2e,
ffa0,
00c8,
00c5,
0035,
0024,
ffff,
ffff,
0000,
0000,
0001,
0001,
0000,
fffe,
ffff,
0002,
0004,
0005,
0003,
0001,
fffe,
fffb,
fffc,
fffc,
0000,
ffff,
fffe,
fffc,
fffa,
0003,
0008,
0003,
0004,
fff5,
0010,
ffe7,
0027,
ffd0,
0049,
ffe2,
060a,
0f35,
15d4,
0175,
d8d1,
ec5f,
1980,
1b4d,
0b33,
0997,
0a46,
04f9,
01c9,
f54c,
e66d,
e46e,
eb0f,
ee3f,
f191,
fad0,
021b,
07d2,
0d49,
11dd,
10bd,
0ca0,
098d,
05e5,
004e,
faed,
fa73,
fb1b,
f9ec,
f825,
f7a2,
f71a,
f7c2,
fb57,
ff6f,
015f,
02ad,
03ed,
03e9,
04e0,
0699,
0621,
037d,
00b8,
ff34,
fe8b,
fe9b,
fdf6,
fb76,
f93c,
f9c7,
fc21,
fe2e,
003e,
013e,
0192,
022d,
029a,
01eb,
005b,
ff6b,
ff7f,
ff4d,
fe26,
fdb0,
fee2,
002f,
002a,
ffbb,
ff96,
ff64,
ff15,
ff6b,
0040,
00e4,
00fa,
004b,
ff4f,
ff3b,
0037,
00fc,
0071,
fed9,
fdc2,
fe2e,
ffa0,
00c8,
00c5,
0035,
0024,
ffff,
ffff,
0000,
0000,
0001,
0001,
0000,
fffe,
ffff,
0002,
0004,
0005,
0003,
0001,
fffe,
fffb,
fffc,
fffc,
0000,
ffff,
fffe,
fffc,
fffa,
0003,
0008,
0003,
0004,
fff5,
0010,
ffe7,
0027,
ffd0,
0049,
ffe2,
060a,
0f35,
15d4,
0175,
d8d1,
ec5f,
1980,
1b4d,
0b33,
0997,
0a46,
04f9,
01c9,
f54c,
e66d,
e46e,
eb0f,
ee3f,
f191,
fad0,
021b,
07d2,
0d49,
11dd,
10bd,
0ca0,
098d,
05e5,
004e,
faed,
fa73,
fb1b,
f9ec,
f825,
f7a2,
f71a,
f7c2,
fb57,
ff6f,
015f,
02ad,
03ed,
03e9,
04e0,
0699,
0621,
037d,
00b8,
ff34,
fe8b,
fe9b,
fdf6,
fb76,
f93c,
f9c7,
fc21,
fe2e,
003e,
013e,
0192,
022d,
029a,
01eb,
005b,
ff6b,
ff7f,
ff4d,
fe26,
fdb0,
fee2,
002f,
002a,
ffbb,
ff96,
ff64,
ff15,
ff6b,
0040,
00e4,
00fa,
004b,
ff4f,
ff3b,
0037,
00fc,
0071,
fed9,
fdc2,
fe2e,
ffa0,
00c8,
00c5,
0035,
0024,
ffff,
ffff,
0000,
0000,
0001,
0001,
0000,
fffe,
ffff,
0002,
0004,
0005,
0003,
0001,
fffe,
fffb,
fffc,
fffc,
0000,
ffff,
fffe,
fffc,
fffa,
0003,
0008,
0003,
0004,
fff5,
0010,
ffe7,
0027,
ffd0,
0049,
ffe2,
060a,
0f35,
15d4,
0175,
d8d1,
ec5f,
1980,
1b4d,
0b33,
0997,
0a46,
04f9,
01c9,
f54c,
e66d,
e46e,
eb0f,
ee3f,
f191,
fad0,
021b,
07d2,
0d49,
11dd,
10bd,
0ca0,
098d,
05e5,
004e,
faed,
fa73,
fb1b,
f9ec,
f825,
f7a2,
f71a,
f7c2,
fb57,
ff6f,
015f,
02ad,
03ed,
03e9,
04e0,
0699,
0621,
037d,
00b8,
ff34,
fe8b,
fe9b,
fdf6,
fb76,
f93c,
f9c7,
fc21,
fe2e,
003e,
013e,
0192,
022d,
029a,
01eb,
005b,
ff6b,
ff7f,
ff4d,
fe26,
fdb0,
fee2,
002f,
002a,
ffbb,
ff96,
ff64,
ff15,
ff6b,
0040,
00e4,
00fa,
004b,
ff4f,
ff3b,
0037,
00fc,
0071,
fed9,
fdc2,
fe2e,
ffa0,
00c8,
00c5,
0035,
0024,
ffff,
ffff,
0000,
0000,
0001,
0001,
0000,
fffe,
ffff,
0002,
0004,
0005,
0003,
0001,
fffe,
fffb,
fffc,
fffc,
0000,
ffff,
fffe,
fffc,
fffa,
0003,
0008,
0003,
0004,
fff5,
0010,
ffe7,
0027,
ffd0,
0049,
ffe2,
060a,
0f35,
15d4,
0175,
d8d1,
ec5f,
1980,
1b4d,
0b33,
0997,
0a46,
04f9,
01c9,
f54c,
e66d,
e46e,
eb0f,
ee3f,
f191,
fad0,
021b,
07d2,
0d49,
11dd,
10bd,
0ca0,
098d,
05e5,
004e,
faed,
fa73,
fb1b,
f9ec,
f825,
f7a2,
f71a,
f7c2,
fb57,
ff6f,
015f,
02ad,
03ed,
03e9,
04e0,
0699,
0621,
037d,
00b8,
ff34,
fe8b,
fe9b,
fdf6,
fb76,
f93c,
f9c7,
fc21,
fe2e,
003e,
013e,
0192,
022d,
029a,
01eb,
005b,
ff6b,
ff7f,
ff4d,
fe26,
fdb0,
fee2,
002f,
002a,
ffbb,
ff96,
ff64,
ff15,
ff6b,
0040,
00e4,
00fa,
004b,
ff4f,
ff3b,
0037,
00fc,
0071,
fed9,
fdc2,
fe2e,
ffa0,
00c8,
00c5,
0035,
0024,
ffff,
ffff,
0000,
0000,
0001,
0001,
0000,
fffe,
ffff,
0002,
0004,
0005,
0003,
0001,
fffe,
fffb,
fffc,
fffc,
0000,
ffff,
fffe,
fffc,
fffa,
0003,
0008,
0003,
0004,
fff5,
0010,
ffe7,
0027,
ffd0,
0049,
ffe2,
060a,
0f35,
15d4,
0175,
d8d1,
ec5f,
1980,
1b4d,
0b33,
0997,
0a46,
04f9,
01c9,
f54c,
e66d,
e46e,
eb0f,
ee3f,
f191,
fad0,
021b,
07d2,
0d49,
11dd,
10bd,
0ca0,
098d,
05e5,
004e,
faed,
fa73,
fb1b,
f9ec,
f825,
f7a2,
f71a,
f7c2,
fb57,
ff6f,
015f,
02ad,
03ed,
03e9,
04e0,
0699,
0621,
037d,
00b8,
ff34,
fe8b,
fe9b,
fdf6,
fb76,
f93c,
f9c7,
fc21,
fe2e,
003e,
013e,
0192,
022d,
029a,
01eb,
005b,
ff6b,
ff7f,
ff4d,
fe26,
fdb0,
fee2,
002f,
002a,
ffbb,
ff96,
ff64,
ff15,
ff6b,
0040,
00e4,
00fa,
004b,
ff4f,
ff3b,
0037,
00fc,
0071,
fed9,
fdc2,
fe2e,
ffa0,
00c8,
00c5,
0035,
0024,
ffff,
ffff,
0000,
0000,
0001,
0001,
0000,
fffe,
ffff,
0002,
0004,
0005,
0003,
0001,
fffe,
fffb,
fffc,
fffc,
0000,
ffff,
fffe,
fffc,
fffa,
0003,
0008,
0003,
0004,
fff5,
0010,
ffe7,
0027,
ffd0,
0049,
ffe2,
060a,
0f35,
15d4,
0175,
d8d1,
ec5f,
1980,
1b4d,
0b33,
0997,
0a46,
04f9,
01c9,
f54c,
e66d,
e46e,
eb0f,
ee3f,
f191,
fad0,
021b,
07d2,
0d49,
11dd,
10bd,
0ca0,
098d,
05e5,
004e,
faed,
fa73,
fb1b,
f9ec,
f825,
f7a2,
f71a,
f7c2,
fb57,
ff6f,
015f,
02ad,
03ed,
03e9,
04e0,
0699,
0621,
037d,
00b8,
ff34,
fe8b,
fe9b,
fdf6,
fb76,
f93c,
f9c7,
fc21,
fe2e,
003e,
013e,
0192,
022d,
029a,
01eb,
005b,
ff6b,
ff7f,
ff4d,
fe26,
fdb0,
fee2,
002f,
002a,
ffbb,
ff96,
ff64,
ff15,
ff6b,
0040,
00e4,
00fa,
004b,
ff4f,
ff3b,
0037,
00fc,
0071,
fed9,
fdc2,
fe2e,
ffa0,
00c8,
00c5,
0035,
0024,
ffff,
ffff,
0000,
0000,
0001,
0001,
0000,
fffe,
ffff,
0002,
0004,
0005,
0003,
0001,
fffe,
fffb,
fffc,
fffc,
0000,
ffff,
fffe,
fffc,
fffa,
0003,
0008,
0003,
0004,
fff5,
0010,
ffe7,
0027,
ffd0,
0049,
ffe2,
060a,
0f35,
15d4,
0175,
d8d1,
ec5f,
1980,
1b4d,
0b33,
0997,
0a46,
04f9,
01c9,
f54c,
e66d,
e46e,
eb0f,
ee3f,
f191,
fad0,
021b,
07d2,
0d49,
11dd,
10bd,
0ca0,
098d,
05e5,
004e,
faed,
fa73,
fb1b,
f9ec,
f825,
f7a2,
f71a,
f7c2,
fb57,
ff6f,
015f,
02ad,
03ed,
03e9,
04e0,
0699,
0621,
037d,
00b8,
ff34,
fe8b,
fe9b,
fdf6,
fb76,
f93c,
f9c7,
fc21,
fe2e,
003e,
013e,
0192,
022d,
029a,
01eb,
005b,
ff6b,
ff7f,
ff4d,
fe26,
fdb0,
fee2,
002f,
002a,
ffbb,
ff96,
ff64,
ff15,
ff6b,
0040,
00e4,
00fa,
004b,
ff4f,
ff3b,
0037,
00fc,
0071,
fed9,
fdc2,
fe2e,
ffa0,
00c8,
00c5,
0035,
0024,
ffff,
ffff,
0000,
0000,
0001,
0001,
0000,
fffe,
ffff,
0002,
0004,
0005,
0003,
0001,
fffe,
fffb,
fffc,
fffc,
0000,
ffff,
fffe,
fffc,
fffa,
0003,
0008,
0003,
0004,
fff5,
0010,
ffe7,
0027,
ffd0,
0049,
ffe2,
060a,
0f35,
15d4,
0175,
d8d1,
ec5f,
1980,
1b4d,
0b33,
0997,
0a46,
04f9,
01c9,
f54c,
e66d,
e46e,
eb0f,
ee3f,
f191,
fad0,
021b,
07d2,
0d49,
11dd,
10bd,
0ca0,
098d,
05e5,
004e,
faed,
fa73,
fb1b,
f9ec,
f825,
f7a2,
f71a,
f7c2,
fb57,
ff6f,
015f,
02ad,
03ed,
03e9,
04e0,
0699,
0621,
037d,
00b8,
ff34,
fe8b,
fe9b,
fdf6,
fb76,
f93c,
f9c7,
fc21,
fe2e,
003e,
013e,
0192,
022d,
029a,
01eb,
005b,
ff6b,
ff7f,
ff4d,
fe26,
fdb0,
fee2,
002f,
002a,
ffbb,
ff96,
ff64,
ff15,
ff6b,
0040,
00e4,
00fa,
004b,
ff4f,
ff3b,
0037,
00fc,
0071,
fed9,
fdc2,
fe2e,
ffa0,
00c8,
00c5,
0035,
0024,
ffff,
ffff,
0000,
0000,
0001,
0001,
0000,
fffe,
ffff,
0002,
0004,
0005,
0003,
0001,
fffe,
fffb,
fffc,
fffc,
0000,
ffff,
fffe,
fffc,
fffa,
0003,
0008,
0003,
0004,
fff5,
0010,
ffe7,
0027,
ffd0,
0049,
ffe2,
060a,
0f35,
15d4,
0175,
d8d1,
ec5f,
1980,
1b4d,
0b33,
0997,
0a46,
04f9,
01c9,
f54c,
e66d,
e46e,
eb0f,
ee3f,
f191,
fad0,
021b,
07d2,
0d49,
11dd,
10bd,
0ca0,
098d,
05e5,
004e,
faed,
fa73,
fb1b,
f9ec,
f825,
f7a2,
f71a,
f7c2,
fb57,
ff6f,
015f,
02ad,
03ed,
03e9,
04e0,
0699,
0621,
037d,
00b8,
ff34,
fe8b,
fe9b,
fdf6,
fb76,
f93c,
f9c7,
fc21,
fe2e,
003e,
013e,
0192,
022d,
029a,
01eb,
005b,
ff6b,
ff7f,
ff4d,
fe26,
fdb0,
fee2,
002f,
002a,
ffbb,
ff96,
ff64,
ff15,
ff6b,
0040,
00e4,
00fa,
004b,
ff4f,
ff3b,
0037,
00fc,
0071,
fed9,
fdc2,
fe2e,
ffa0,
00c8,
00c5,
0035,
0024,
ffff,
ffff,
0000,
0000,
0001,
0001,
0000,
fffe,
ffff,
0002,
0004,
0005,
0003,
0001,
fffe,
fffb,
fffc,
fffc,
0000,
ffff,
fffe,
fffc,
fffa,
0003,
0008,
0003,
0004,
fff5,
0010,
ffe7,
0027,
ffd0,
0049,
ffe2,
060a,
0f35,
15d4,
0175,
d8d1,
ec5f,
1980,
1b4d,
0b33,
0997,
0a46,
04f9,
01c9,
f54c,
e66d,
e46e,
eb0f,
ee3f,
f191,
fad0,
021b,
07d2,
0d49,
11dd,
10bd,
0ca0,
098d,
05e5,
004e,
faed,
fa73,
fb1b,
f9ec,
f825,
f7a2,
f71a,
f7c2,
fb57,
ff6f,
015f,
02ad,
03ed,
03e9,
04e0,
0699,
0621,
037d,
00b8,
ff34,
fe8b,
fe9b,
fdf6,
fb76,
f93c,
f9c7,
fc21,
fe2e,
003e,
013e,
0192,
022d,
029a,
01eb,
005b,
ff6b,
ff7f,
ff4d,
fe26,
fdb0,
fee2,
002f,
002a,
ffbb,
ff96,
ff64,
ff15,
ff6b,
0040,
00e4,
00fa,
004b,
ff4f,
ff3b,
0037,
00fc,
0071,
fed9,
fdc2,
fe2e,
ffa0,
00c8,
00c5,
0035,
0024,
ffff,
ffff,
0000,
0000,
0001,
0001,
0000,
fffe,
ffff,
0002,
0004,
0005,
0003,
0001,
fffe,
fffb,
fffc,
fffc,
0000,
ffff,
fffe,
fffc,
fffa,
0003,
0008,
0003,
0004,
fff5,
0010,
ffe7,
0027,
ffd0,
0049,
ffe2,
060a,
0f35,
15d4,
0175,
d8d1,
ec5f,
1980,
1b4d,
0b33,
0997,
0a46,
04f9,
01c9,
f54c,
e66d,
e46e,
eb0f,
ee3f,
f191,
fad0,
021b,
07d2,
0d49,
11dd,
10bd,
0ca0,
098d,
05e5,
004e,
faed,
fa73,
fb1b,
f9ec,
f825,
f7a2,
f71a,
f7c2,
fb57,
ff6f,
015f,
02ad,
03ed,
03e9,
04e0,
0699,
0621,
037d,
00b8,
ff34,
fe8b,
fe9b,
fdf6,
fb76,
f93c,
f9c7,
fc21,
fe2e,
003e,
013e,
0192,
022d,
029a,
01eb,
005b,
ff6b,
ff7f,
ff4d,
fe26,
fdb0,
fee2,
002f,
002a,
ffbb,
ff96,
ff64,
ff15,
ff6b,
0040,
00e4,
00fa,
004b,
ff4f,
ff3b,
0037,
00fc,
0071,
fed9,
fdc2,
fe2e,
ffa0,
00c8,
00c5,
0035,
0024,
ffff,
ffff,
0000,
0000,
0001,
0001,
0000,
fffe,
ffff,
0002,
0004,
0005,
0003,
0001,
fffe,
fffb,
fffc,
fffc,
0000,
ffff,
fffe,
fffc,
fffa,
0003,
0008,
0003,
0004,
fff5,
0010,
ffe7,
0027,
ffd0,
0049,
ffe2,
060a,
0f35,
15d4,
0175,
d8d1,
ec5f,
1980,
1b4d,
0b33,
0997,
0a46,
04f9,
01c9,
f54c,
e66d,
e46e,
eb0f,
ee3f,
f191,
fad0,
021b,
07d2,
0d49,
11dd,
10bd,
0ca0,
098d,
05e5,
004e,
faed,
fa73,
fb1b,
f9ec,
f825,
f7a2,
f71a,
f7c2,
fb57,
ff6f,
015f,
02ad,
03ed,
03e9,
04e0,
0699,
0621,
037d,
00b8,
ff34,
fe8b,
fe9b,
fdf6,
fb76,
f93c,
f9c7,
fc21,
fe2e,
003e,
013e,
0192,
022d,
029a,
01eb,
005b,
ff6b,
ff7f,
ff4d,
fe26,
fdb0,
fee2,
002f,
002a,
ffbb,
ff96,
ff64,
ff15,
ff6b,
0040,
00e4,
00fa,
004b,
ff4f,
ff3b,
0037,
00fc,
0071,
fed9,
fdc2,
fe2e,
ffa0,
00c8,
00c5,
0035,
0024,
ffff,
ffff,
0000,
0000,
0001,
0001,
0000,
fffe,
ffff,
0002,
0004,
0005,
0003,
0001,
fffe,
fffb,
fffc,
fffc,
0000,
ffff,
fffe,
fffc,
fffa,
0003,
0008,
0003,
0004,
fff5,
0010,
ffe7,
0027,
ffd0,
0049,
ffe2,
060a,
0f35,
15d4,
0175,
d8d1,
ec5f,
1980,
1b4d,
0b33,
0997,
0a46,
04f9,
01c9,
f54c,
e66d,
e46e,
eb0f,
ee3f,
f191,
fad0,
021b,
07d2,
0d49,
11dd,
10bd,
0ca0,
098d,
05e5,
004e,
faed,
fa73,
fb1b,
f9ec,
f825,
f7a2,
f71a,
f7c2,
fb57,
ff6f,
015f,
02ad,
03ed,
03e9,
04e0,
0699,
0621,
037d,
00b8,
ff34,
fe8b,
fe9b,
fdf6,
fb76,
f93c,
f9c7,
fc21,
fe2e,
003e,
013e,
0192,
022d,
029a,
01eb,
005b,
ff6b,
ff7f,
ff4d,
fe26,
fdb0,
fee2,
002f,
002a,
ffbb,
ff96,
ff64,
ff15,
ff6b,
0040,
00e4,
00fa,
004b,
ff4f,
ff3b,
0037,
00fc,
0071,
fed9,
fdc2,
fe2e,
ffa0,
00c8,
00c5,
0035,
0024,
ffff,
ffff,
0000,
0000,
0001,
0001,
0000,
fffe,
ffff,
0002,
0004,
0005,
0003,
0001,
fffe,
fffb,
fffc,
fffc,
0000,
ffff,
fffe,
fffc,
fffa,
0003,
0008,
0003,
0004,
fff5,
0010,
ffe7,
0027,
ffd0,
0049,
ffe2,
060a,
0f35,
15d4,
0175,
d8d1,
ec5f,
1980,
1b4d,
0b33,
0997,
0a46,
04f9,
01c9,
f54c,
e66d,
e46e,
eb0f,
ee3f,
f191,
fad0,
021b,
07d2,
0d49,
11dd,
10bd,
0ca0,
098d,
05e5,
004e,
faed,
fa73,
fb1b,
f9ec,
f825,
f7a2,
f71a,
f7c2,
fb57,
ff6f,
015f,
02ad,
03ed,
03e9,
04e0,
0699,
0621,
037d,
00b8,
ff34,
fe8b,
fe9b,
fdf6,
fb76,
f93c,
f9c7,
fc21,
fe2e,
003e,
013e,
0192,
022d,
029a,
01eb,
005b,
ff6b,
ff7f,
ff4d,
fe26,
fdb0,
fee2,
002f,
002a,
ffbb,
ff96,
ff64,
ff15,
ff6b,
0040,
00e4,
00fa,
004b,
ff4f,
ff3b,
0037,
00fc,
0071,
fed9,
fdc2,
fe2e,
ffa0,
00c8,
00c5,
0035,
0024,
ffff,
ffff,
0000,
0000,
0001,
0001,
0000,
fffe,
ffff,
0002,
0004,
0005,
0003,
0001,
fffe,
fffb,
fffc,
fffc,
0000,
ffff,
fffe,
fffc,
fffa,
0003,
0008,
0003,
0004,
fff5,
0010,
ffe7,
0027,
ffd0,
0049,
ffe2,
060a,
0f35,
15d4,
0175,
d8d1,
ec5f,
1980,
1b4d,
0b33,
0997,
0a46,
04f9,
01c9,
f54c,
e66d,
e46e,
eb0f,
ee3f,
f191,
fad0,
021b,
07d2,
0d49,
11dd,
10bd,
0ca0,
098d,
05e5,
004e,
faed,
fa73,
fb1b,
f9ec,
f825,
f7a2,
f71a,
f7c2,
fb57,
ff6f,
015f,
02ad,
03ed,
03e9,
04e0,
0699,
0621,
037d,
00b8,
ff34,
fe8b,
fe9b,
fdf6,
fb76,
f93c,
f9c7,
fc21,
fe2e,
003e,
013e,
0192,
022d,
029a,
01eb,
005b,
ff6b,
ff7f,
ff4d,
fe26,
fdb0,
fee2,
002f,
002a,
ffbb,
ff96,
ff64,
ff15,
ff6b,
0040,
00e4,
00fa,
004b,
ff4f,
ff3b,
0037,
00fc,
0071,
fed9,
fdc2,
fe2e,
ffa0,
00c8,
00c5,
0035,
0024,
ffff,
ffff,
0000,
0000,
0001,
0001,
0000,
fffe,
ffff,
0002,
0004,
0005,
0003,
0001,
fffe,
fffb,
fffc,
fffc,
0000,
ffff,
fffe,
fffc,
fffa,
0003,
0008,
0003,
0004,
fff5,
0010,
ffe7,
0027,
ffd0,
0049,
ffe2,
060a,
0f35,
15d4,
0175,
d8d1,
ec5f,
1980,
1b4d,
0b33,
0997,
0a46,
04f9,
01c9,
f54c,
e66d,
e46e,
eb0f,
ee3f,
f191,
fad0,
021b,
07d2,
0d49,
11dd,
10bd,
0ca0,
098d,
05e5,
004e,
faed,
fa73,
fb1b,
f9ec,
f825,
f7a2,
f71a,
f7c2,
fb57,
ff6f,
015f,
02ad,
03ed,
03e9,
04e0,
0699,
0621,
037d,
00b8,
ff34,
fe8b,
fe9b,
fdf6,
fb76,
f93c,
f9c7,
fc21,
fe2e,
003e,
013e,
0192,
022d,
029a,
01eb,
005b,
ff6b,
ff7f,
ff4d,
fe26,
fdb0,
fee2,
002f,
002a,
ffbb,
ff96,
ff64,
ff15,
ff6b,
0040,
00e4,
00fa,
004b,
ff4f,
ff3b,
0037,
00fc,
0071,
fed9,
fdc2,
fe2e,
ffa0,
00c8,
00c5,
0035,
0024,
ffff,
ffff,
0000,
0000,
0001,
0001,
0000,
fffe,
ffff,
0002,
0004,
0005,
0003,
0001,
fffe,
fffb,
fffc,
fffc,
0000,
ffff,
fffe,
fffc,
fffa,
0003,
0008,
0003,
0004,
fff5,
0010,
ffe7,
0027,
ffd0,
0049,
ffe2,
060a,
0f35,
15d4,
0175,
d8d1,
ec5f,
1980,
1b4d,
0b33,
0997,
0a46,
04f9,
01c9,
f54c,
e66d,
e46e,
eb0f,
ee3f,
f191,
fad0,
021b,
07d2,
0d49,
11dd,
10bd,
0ca0,
098d,
05e5,
004e,
faed,
fa73,
fb1b,
f9ec,
f825,
f7a2,
f71a,
f7c2,
fb57,
ff6f,
015f,
02ad,
03ed,
03e9,
04e0,
0699,
0621,
037d,
00b8,
ff34,
fe8b,
fe9b,
fdf6,
fb76,
f93c,
f9c7,
fc21,
fe2e,
003e,
013e,
0192,
022d,
029a,
01eb,
005b,
ff6b,
ff7f,
ff4d,
fe26,
fdb0,
fee2,
002f,
002a,
ffbb,
ff96,
ff64,
ff15,
ff6b,
0040,
00e4,
00fa,
004b,
ff4f,
ff3b,
0037,
00fc,
0071,
fed9,
fdc2,
fe2e,
ffa0,
00c8,
00c5,
0035,
0024,
ffff,
ffff,
0000,
0000,
0001,
0001,
0000,
fffe,
ffff,
0002,
0004,
0005,
0003,
0001,
fffe,
fffb,
fffc,
fffc,
0000,
ffff,
fffe,
fffc,
fffa,
0003,
0008,
0003,
0004,
fff5,
0010,
ffe7,
0027,
ffd0,
0049,
ffe2,
060a,
0f35,
15d4,
0175,
d8d1,
ec5f,
1980,
1b4d,
0b33,
0997,
0a46,
04f9,
01c9,
f54c,
e66d,
e46e,
eb0f,
ee3f,
f191,
fad0,
021b,
07d2,
0d49,
11dd,
10bd,
0ca0,
098d,
05e5,
004e,
faed,
fa73,
fb1b,
f9ec,
f825,
f7a2,
f71a,
f7c2,
fb57,
ff6f,
015f,
02ad,
03ed,
03e9,
04e0,
0699,
0621,
037d,
00b8,
ff34,
fe8b,
fe9b,
fdf6,
fb76,
f93c,
f9c7,
fc21,
fe2e,
003e,
013e,
0192,
022d,
029a,
01eb,
005b,
ff6b,
ff7f,
ff4d,
fe26,
fdb0,
fee2,
002f,
002a,
ffbb,
ff96,
ff64,
ff15,
ff6b,
0040,
00e4,
00fa,
004b,
ff4f,
ff3b,
0037,
00fc,
0071,
fed9,
fdc2,
fe2e,
ffa0,
00c8,
00c5,
0035,
0024,
ffff,
ffff,
0000,
0000,
0001,
0001,
0000,
fffe,
ffff,
0002,
0004,
0005,
0003,
0001,
fffe,
fffb,
fffc,
fffc,
0000,
ffff,
fffe,
fffc,
fffa,
0003,
0008,
0003,
0004,
fff5,
0010,
ffe7,
0027,
ffd0,
0049,
ffe2,
060a,
0f35,
15d4,
0175,
d8d1,
ec5f,
1980,
1b4d,
0b33,
0997,
0a46,
04f9,
01c9,
f54c,
e66d,
e46e,
eb0f,
ee3f,
f191,
fad0,
021b,
07d2,
0d49,
11dd,
10bd,
0ca0,
098d,
05e5,
004e,
faed,
fa73,
fb1b,
f9ec,
f825,
f7a2,
f71a,
f7c2,
fb57,
ff6f,
015f,
02ad,
03ed,
03e9,
04e0,
0699,
0621,
037d,
00b8,
ff34,
fe8b,
fe9b,
fdf6,
fb76,
f93c,
f9c7,
fc21,
fe2e,
003e,
013e,
0192,
022d,
029a,
01eb,
005b,
ff6b,
ff7f,
ff4d,
fe26,
fdb0,
fee2,
002f,
002a,
ffbb,
ff96,
ff64,
ff15,
ff6b,
0040,
00e4,
00fa,
004b,
ff4f,
ff3b,
0037,
00fc,
0071,
fed9,
fdc2,
fe2e,
ffa0,
00c8,
00c5,
0035,
0024,
ffff,
ffff,
0000,
0000,
0001,
0001,
0000,
fffe,
ffff,
0002,
0004,
0005,
0003,
0001,
fffe,
fffb,
fffc,
fffc,
0000,
ffff,
fffe,
fffc,
fffa,
0003,
0008,
0003,
0004,
fff5,
0010,
ffe7,
0027,
ffd0,
0049,
ffe2,
060a,
0f35,
15d4,
0175,
d8d1,
ec5f,
1980,
1b4d,
0b33,
0997,
0a46,
04f9,
01c9,
f54c,
e66d,
e46e,
eb0f,
ee3f,
f191,
fad0,
021b,
07d2,
0d49,
11dd,
10bd,
0ca0,
098d,
05e5,
004e,
faed,
fa73,
fb1b,
f9ec,
f825,
f7a2,
f71a,
f7c2,
fb57,
ff6f,
015f,
02ad,
03ed,
03e9,
04e0,
0699,
0621,
037d,
00b8,
ff34,
fe8b,
fe9b,
fdf6,
fb76,
f93c,
f9c7,
fc21,
fe2e,
003e,
013e,
0192,
022d,
029a,
01eb,
005b,
ff6b,
ff7f,
ff4d,
fe26,
fdb0,
fee2,
002f,
002a,
ffbb,
ff96,
ff64,
ff15,
ff6b,
0040,
00e4,
00fa,
004b,
ff4f,
ff3b,
0037,
00fc,
0071,
fed9,
fdc2,
fe2e,
ffa0,
00c8,
00c5,
0035,
0024,
ffff,
ffff,
0000,
0000,
0001,
0001,
0000,
fffe,
ffff,
0002,
0004,
0005,
0003,
0001,
fffe,
fffb,
fffc,
fffc,
0000,
ffff,
fffe,
fffc,
fffa,
0003,
0008,
0003,
0004,
fff5,
0010,
ffe7,
0027,
ffd0,
0049,
ffe2,
060a,
0f35,
15d4,
0175,
d8d1,
ec5f,
1980,
1b4d,
0b33,
0997,
0a46,
04f9,
01c9,
f54c,
e66d,
e46e,
eb0f,
ee3f,
f191,
fad0,
021b,
07d2,
0d49,
11dd,
10bd,
0ca0,
098d,
05e5,
004e,
faed,
fa73,
fb1b,
f9ec,
f825,
f7a2,
f71a,
f7c2,
fb57,
ff6f,
015f,
02ad,
03ed,
03e9,
04e0,
0699,
0621,
037d,
00b8,
ff34,
fe8b,
fe9b,
fdf6,
fb76,
f93c,
f9c7,
fc21,
fe2e,
003e,
013e,
0192,
022d,
029a,
01eb,
005b,
ff6b,
ff7f,
ff4d,
fe26,
fdb0,
fee2,
002f,
002a,
ffbb,
ff96,
ff64,
ff15,
ff6b,
0040,
00e4,
00fa,
004b,
ff4f,
ff3b,
0037,
00fc,
0071,
fed9,
fdc2,
fe2e,
ffa0,
00c8,
00c5,
0035,
0024,
ffff,
ffff,
0000,
0000,
0001,
0001,
0000,
fffe,
ffff,
0002,
0004,
0005,
0003,
0001,
fffe,
fffb,
fffc,
fffc,
0000,
ffff,
fffe,
fffc,
fffa,
0003,
0008,
0003,
0004,
fff5,
0010,
ffe7,
0027,
ffd0,
0049,
ffe2,
060a,
0f35,
15d4,
0175,
d8d1,
ec5f,
1980,
1b4d,
0b33,
0997,
0a46,
04f9,
01c9,
f54c,
e66d,
e46e,
eb0f,
ee3f,
f191,
fad0,
021b,
07d2,
0d49,
11dd,
10bd,
0ca0,
098d,
05e5,
004e,
faed,
fa73,
fb1b,
f9ec,
f825,
f7a2,
f71a,
f7c2,
fb57,
ff6f,
015f,
02ad,
03ed,
03e9,
04e0,
0699,
0621,
037d,
00b8,
ff34,
fe8b,
fe9b,
fdf6,
fb76,
f93c,
f9c7,
fc21,
fe2e,
003e,
013e,
0192,
022d,
029a,
01eb,
005b,
ff6b,
ff7f,
ff4d,
fe26,
fdb0,
fee2,
002f,
002a,
ffbb,
ff96,
ff64,
ff15,
ff6b,
0040,
00e4,
00fa,
004b,
ff4f,
ff3b,
0037,
00fc,
0071,
fed9,
fdc2,
fe2e,
ffa0,
00c8,
00c5,
0035,
0024,
ffff,
ffff,
0000,
0000,
0001,
0001,
0000,
fffe,
ffff,
0002,
0004,
0005,
0003,
0001,
fffe,
fffb,
fffc,
fffc,
0000,
ffff,
fffe,
fffc,
fffa,
0003,
0008,
0003,
0004,
fff5,
0010,
ffe7,
0027,
ffd0,
0049,
ffe2,
060a,
0f35,
15d4,
0175,
d8d1,
ec5f,
1980,
1b4d,
0b33,
0997,
0a46,
04f9,
01c9,
f54c,
e66d,
e46e,
eb0f,
ee3f,
f191,
fad0,
021b,
07d2,
0d49,
11dd,
10bd,
0ca0,
098d,
05e5,
004e,
faed,
fa73,
fb1b,
f9ec,
f825,
f7a2,
f71a,
f7c2,
fb57,
ff6f,
015f,
02ad,
03ed,
03e9,
04e0,
0699,
0621,
037d,
00b8,
ff34,
fe8b,
fe9b,
fdf6,
fb76,
f93c,
f9c7,
fc21,
fe2e,
003e,
013e,
0192,
022d,
029a,
01eb,
005b,
ff6b,
ff7f,
ff4d,
fe26,
fdb0,
fee2,
002f,
002a,
ffbb,
ff96,
ff64,
ff15,
ff6b,
0040,
00e4,
00fa,
004b,
ff4f,
ff3b,
0037,
00fc,
0071,
fed9,
fdc2,
fe2e,
ffa0,
00c8,
00c5,
0035,
0024,
ffff,
ffff,
0000,
0000,
0001,
0001,
0000,
fffe,
ffff,
0002,
0004,
0005,
0003,
0001,
fffe,
fffb,
fffc,
fffc,
0000,
ffff,
fffe,
fffc,
fffa,
0003,
0008,
0003,
0004,
fff5,
0010,
ffe7,
0027,
ffd0,
0049,
ffe2,
060a,
0f35,
15d4,
0175,
d8d1,
ec5f,
1980,
1b4d,
0b33,
0997,
0a46,
04f9,
01c9,
f54c,
e66d,
e46e,
eb0f,
ee3f,
f191,
fad0,
021b,
07d2,
0d49,
11dd,
10bd,
0ca0,
098d,
05e5,
004e,
faed,
fa73,
fb1b,
f9ec,
f825,
f7a2,
f71a,
f7c2,
fb57,
ff6f,
015f,
02ad,
03ed,
03e9,
04e0,
0699,
0621,
037d,
00b8,
ff34,
fe8b,
fe9b,
fdf6,
fb76,
f93c,
f9c7,
fc21,
fe2e,
003e,
013e,
0192,
022d,
029a,
01eb,
005b,
ff6b,
ff7f,
ff4d,
fe26,
fdb0,
fee2,
002f,
002a,
ffbb,
ff96,
ff64,
ff15,
ff6b,
0040,
00e4,
00fa,
004b,
ff4f,
ff3b,
0037,
00fc,
0071,
fed9,
fdc2,
fe2e,
ffa0,
00c8,
00c5,
0035,
0024,
ffff,
ffff,
0000,
0000,
0001,
0001,
0000,
fffe,
ffff,
0002,
0004,
0005,
0003,
0001,
fffe,
fffb,
fffc,
fffc,
0000,
ffff,
fffe,
fffc,
fffa,
0003,
0008,
0003,
0004,
fff5,
0010,
ffe7,
0027,
ffd0,
0049,
ffe2,
060a,
0f35,
15d4,
0175,
d8d1,
ec5f,
1980,
1b4d,
0b33,
0997,
0a46,
04f9,
01c9,
f54c,
e66d,
e46e,
eb0f,
ee3f,
f191,
fad0,
021b,
07d2,
0d49,
11dd,
10bd,
0ca0,
098d,
05e5,
004e,
faed,
fa73,
fb1b,
f9ec,
f825,
f7a2,
f71a,
f7c2,
fb57,
ff6f,
015f,
02ad,
03ed,
03e9,
04e0,
0699,
0621,
037d,
00b8,
ff34,
fe8b,
fe9b,
fdf6,
fb76,
f93c,
f9c7,
fc21,
fe2e,
003e,
013e,
0192,
022d,
029a,
01eb,
005b,
ff6b,
ff7f,
ff4d,
fe26,
fdb0,
fee2,
002f,
002a,
ffbb,
ff96,
ff64,
ff15,
ff6b,
0040,
00e4,
00fa,
004b,
ff4f,
ff3b,
0037,
00fc,
0071,
fed9,
fdc2,
fe2e,
ffa0,
00c8,
00c5,
0035,
0024,
ffff,
ffff,
0000,
0000,
0001,
0001,
0000,
fffe,
ffff,
0002,
0004,
0005,
0003,
0001,
fffe,
fffb,
fffc,
fffc,
0000,
ffff,
fffe,
fffc,
fffa,
0003,
0008,
0003,
0004,
fff5,
0010,
ffe7,
0027,
ffd0,
0049,
ffe2,
060a,
0f35,
15d4,
0175,
d8d1,
ec5f,
1980,
1b4d,
0b33,
0997,
0a46,
04f9,
01c9,
f54c,
e66d,
e46e,
eb0f,
ee3f,
f191,
fad0,
021b,
07d2,
0d49,
11dd,
10bd,
0ca0,
098d,
05e5,
004e,
faed,
fa73,
fb1b,
f9ec,
f825,
f7a2,
f71a,
f7c2,
fb57,
ff6f,
015f,
02ad,
03ed,
03e9,
04e0,
0699,
0621,
037d,
00b8,
ff34,
fe8b,
fe9b,
fdf6,
fb76,
f93c,
f9c7,
fc21,
fe2e,
003e,
013e,
0192,
022d,
029a,
01eb,
005b,
ff6b,
ff7f,
ff4d,
fe26,
fdb0,
fee2,
002f,
002a,
ffbb,
ff96,
ff64,
ff15,
ff6b,
0040,
00e4,
00fa,
004b,
ff4f,
ff3b,
0037,
00fc,
0071,
fed9,
fdc2,
fe2e,
ffa0,
00c8,
00c5,
0035,
0024,
ffff,
ffff,
0000,
0000,
0001,
0001,
0000,
fffe,
ffff,
0002,
0004,
0005,
0003,
0001,
fffe,
fffb,
fffc,
fffc,
0000,
ffff,
fffe,
fffc,
fffa,
0003,
0008,
0003,
0004,
fff5,
0010,
ffe7,
0027,
ffd0,
0049,
ffe2,
060a,
0f35,
15d4,
0175,
d8d1,
ec5f,
1980,
1b4d,
0b33,
0997,
0a46,
04f9,
01c9,
f54c,
e66d,
e46e,
eb0f,
ee3f,
f191,
fad0,
021b,
07d2,
0d49,
11dd,
10bd,
0ca0,
098d,
05e5,
004e,
faed,
fa73,
fb1b,
f9ec,
f825,
f7a2,
f71a,
f7c2,
fb57,
ff6f,
015f,
02ad,
03ed,
03e9,
04e0,
0699,
0621,
037d,
00b8,
ff34,
fe8b,
fe9b,
fdf6,
fb76,
f93c,
f9c7,
fc21,
fe2e,
003e,
013e,
0192,
022d,
029a,
01eb,
005b,
ff6b,
ff7f,
ff4d,
fe26,
fdb0,
fee2,
002f,
002a,
ffbb,
ff96,
ff64,
ff15,
ff6b,
0040,
00e4,
00fa,
004b,
ff4f,
ff3b,
0037,
00fc,
0071,
fed9,
fdc2,
fe2e,
ffa0,
00c8,
00c5,
0035,
0024,
ffff,
ffff,
0000,
0000,
0001,
0001,
0000,
fffe,
ffff,
0002,
0004,
0005,
0003,
0001,
fffe,
fffb,
fffc,
fffc,
0000,
ffff,
fffe,
fffc,
fffa,
0003,
0008,
0003,
0004,
fff5,
0010,
ffe7,
0027,
ffd0,
0049,
ffe2,
060a,
0f35,
15d4,
0175,
d8d1,
ec5f,
1980,
1b4d,
0b33,
0997,
0a46,
04f9,
01c9,
f54c,
e66d,
e46e,
eb0f,
ee3f,
f191,
fad0,
021b,
07d2,
0d49,
11dd,
10bd,
0ca0,
098d,
05e5,
004e,
faed,
fa73,
fb1b,
f9ec,
f825,
f7a2,
f71a,
f7c2,
fb57,
ff6f,
015f,
02ad,
03ed,
03e9,
04e0,
0699,
0621,
037d,
00b8,
ff34,
fe8b,
fe9b,
fdf6,
fb76,
f93c,
f9c7,
fc21,
fe2e,
003e,
013e,
0192,
022d,
029a,
01eb,
005b,
ff6b,
ff7f,
ff4d,
fe26,
fdb0,
fee2,
002f,
002a,
ffbb,
ff96,
ff64,
ff15,
ff6b,
0040,
00e4,
00fa,
004b,
ff4f,
ff3b,
0037,
00fc,
0071,
fed9,
fdc2,
fe2e,
ffa0,
00c8,
00c5,
0035,
0024,
ffff,
ffff,
0000,
0000,
0001,
0001,
0000,
fffe,
ffff,
0002,
0004,
0005,
0003,
0001,
fffe,
fffb,
fffc,
fffc,
0000,
ffff,
fffe,
fffc,
fffa,
0003,
0008,
0003,
0004,
fff5,
0010,
ffe7,
0027,
ffd0,
0049,
ffe2,
060a,
0f35,
15d4,
0175,
d8d1,
ec5f,
1980,
1b4d,
0b33,
0997,
0a46,
04f9,
01c9,
f54c,
e66d,
e46e,
eb0f,
ee3f,
f191,
fad0,
021b,
07d2,
0d49,
11dd,
10bd,
0ca0,
098d,
05e5,
004e,
faed,
fa73,
fb1b,
f9ec,
f825,
f7a2,
f71a,
f7c2,
fb57,
ff6f,
015f,
02ad,
03ed,
03e9,
04e0,
0699,
0621,
037d,
00b8,
ff34,
fe8b,
fe9b,
fdf6,
fb76,
f93c,
f9c7,
fc21,
fe2e,
003e,
013e,
0192,
022d,
029a,
01eb,
005b,
ff6b,
ff7f,
ff4d,
fe26,
fdb0,
fee2,
002f,
002a,
ffbb,
ff96,
ff64,
ff15,
ff6b,
0040,
00e4,
00fa,
004b,
ff4f,
ff3b,
0037,
00fc,
0071,
fed9,
fdc2,
fe2e,
ffa0,
00c8,
00c5,
0035,
0024,
ffff,
ffff,
0000,
0000,
0001,
0001,
0000,
fffe,
ffff,
0002,
0004,
0005,
0003,
0001,
fffe,
fffb,
fffc,
fffc,
0000,
ffff,
fffe,
fffc,
fffa,
0003,
0008,
0003,
0004,
fff5,
0010,
ffe7,
0027,
ffd0,
0049,
ffe2,
060a,
0f35,
15d4,
0175,
d8d1,
ec5f,
1980,
1b4d,
0b33,
0997,
0a46,
04f9,
01c9,
f54c,
e66d,
e46e,
eb0f,
ee3f,
f191,
fad0,
021b,
07d2,
0d49,
11dd,
10bd,
0ca0,
098d,
05e5,
004e,
faed,
fa73,
fb1b,
f9ec,
f825,
f7a2,
f71a,
f7c2,
fb57,
ff6f,
015f,
02ad,
03ed,
03e9,
04e0,
0699,
0621,
037d,
00b8,
ff34,
fe8b,
fe9b,
fdf6,
fb76,
f93c,
f9c7,
fc21,
fe2e,
003e,
013e,
0192,
022d,
029a,
01eb,
005b,
ff6b,
ff7f,
ff4d,
fe26,
fdb0,
fee2,
002f,
002a,
ffbb,
ff96,
ff64,
ff15,
ff6b,
0040,
00e4,
00fa,
004b,
ff4f,
ff3b,
0037,
00fc,
0071,
fed9,
fdc2,
fe2e,
ffa0,
00c8,
00c5,
0035,
0024,
ffff,
ffff,
0000,
0000,
0001,
0001,
0000,
fffe,
ffff,
0002,
0004,
0005,
0003,
0001,
fffe,
fffb,
fffc,
fffc,
0000,
ffff,
fffe,
fffc,
fffa,
0003,
0008,
0003,
0004,
fff5,
0010,
ffe7,
0027,
ffd0,
0049,
ffe2,
060a,
0f35,
15d4,
0175,
d8d1,
ec5f,
1980,
1b4d,
0b33,
0997,
0a46,
04f9,
01c9,
f54c,
e66d,
e46e,
eb0f,
ee3f,
f191,
fad0,
021b,
07d2,
0d49,
11dd,
10bd,
0ca0,
098d,
05e5,
004e,
faed,
fa73,
fb1b,
f9ec,
f825,
f7a2,
f71a,
f7c2,
fb57,
ff6f,
015f,
02ad,
03ed,
03e9,
04e0,
0699,
0621,
037d,
00b8,
ff34,
fe8b,
fe9b,
fdf6,
fb76,
f93c,
f9c7,
fc21,
fe2e,
003e,
013e,
0192,
022d,
029a,
01eb,
005b,
ff6b,
ff7f,
ff4d,
fe26,
fdb0,
fee2,
002f,
002a,
ffbb,
ff96,
ff64,
ff15,
ff6b,
0040,
00e4,
00fa,
004b,
ff4f,
ff3b,
0037,
00fc,
0071,
fed9,
fdc2,
fe2e,
ffa0,
00c8,
00c5,
0035,
0024,
ffff,
ffff,
0000,
0000,
0001,
0001,
0000,
fffe,
ffff,
0002,
0004,
0005,
0003,
0001,
fffe,
fffb,
fffc,
fffc,
0000,
ffff,
fffe,
fffc,
fffa,
0003,
0008,
0003,
0004,
fff5,
0010,
ffe7,
0027,
ffd0,
0049,
ffe2,
060a,
0f35,
15d4,
0175,
d8d1,
ec5f,
1980,
1b4d,
0b33,
0997,
0a46,
04f9,
01c9,
f54c,
e66d,
e46e,
eb0f,
ee3f,
f191,
fad0,
021b,
07d2,
0d49,
11dd,
10bd,
0ca0,
098d,
05e5,
004e,
faed,
fa73,
fb1b,
f9ec,
f825,
f7a2,
f71a,
f7c2,
fb57,
ff6f,
015f,
02ad,
03ed,
03e9,
04e0,
0699,
0621,
037d,
00b8,
ff34,
fe8b,
fe9b,
fdf6,
fb76,
f93c,
f9c7,
fc21,
fe2e,
003e,
013e,
0192,
022d,
029a,
01eb,
005b,
ff6b,
ff7f,
ff4d,
fe26,
fdb0,
fee2,
002f,
002a,
ffbb,
ff96,
ff64,
ff15,
ff6b,
0040,
00e4,
00fa,
004b,
ff4f,
ff3b,
0037,
00fc,
0071,
fed9,
fdc2,
fe2e,
ffa0,
00c8,
00c5,
0035,
0024,
ffff,
ffff,
0000,
0000,
0001,
0001,
0000,
fffe,
ffff,
0002,
0004,
0005,
0003,
0001,
fffe,
fffb,
fffc,
fffc,
0000,
ffff,
fffe,
fffc,
fffa,
0003,
0008,
0003,
0004,
fff5,
0010,
ffe7,
0027,
ffd0,
0049,
ffe2,
060a,
0f35,
15d4,
0175,
d8d1,
ec5f,
1980,
1b4d,
0b33,
0997,
0a46,
04f9,
01c9,
f54c,
e66d,
e46e,
eb0f,
ee3f,
f191,
fad0,
021b,
07d2,
0d49,
11dd,
10bd,
0ca0,
098d,
05e5,
004e,
faed,
fa73,
fb1b,
f9ec,
f825,
f7a2,
f71a,
f7c2,
fb57,
ff6f,
015f,
02ad,
03ed,
03e9,
04e0,
0699,
0621,
037d,
00b8,
ff34,
fe8b,
fe9b,
fdf6,
fb76,
f93c,
f9c7,
fc21,
fe2e,
003e,
013e,
0192,
022d,
029a,
01eb,
005b,
ff6b,
ff7f,
ff4d,
fe26,
fdb0,
fee2,
002f,
002a,
ffbb,
ff96,
ff64,
ff15,
ff6b,
0040,
00e4,
00fa,
004b,
ff4f,
ff3b,
0037,
00fc,
0071,
fed9,
fdc2,
fe2e,
ffa0,
00c8,
00c5,
0035,
0024,
ffff,
ffff,
0000,
0000,
0001,
0001,
0000,
fffe,
ffff,
0002,
0004,
0005,
0003,
0001,
fffe,
fffb,
fffc,
fffc,
0000,
ffff,
fffe,
fffc,
fffa,
0003,
0008,
0003,
0004,
fff5,
0010,
ffe7,
0027,
ffd0,
0049,
ffe2,
060a,
0f35,
15d4,
0175,
d8d1,
ec5f,
1980,
1b4d,
0b33,
0997,
0a46,
04f9,
01c9,
f54c,
e66d,
e46e,
eb0f,
ee3f,
f191,
fad0,
021b,
07d2,
0d49,
11dd,
10bd,
0ca0,
098d,
05e5,
004e,
faed,
fa73,
fb1b,
f9ec,
f825,
f7a2,
f71a,
f7c2,
fb57,
ff6f,
015f,
02ad,
03ed,
03e9,
04e0,
0699,
0621,
037d,
00b8,
ff34,
fe8b,
fe9b,
fdf6,
fb76,
f93c,
f9c7,
fc21,
fe2e,
003e,
013e,
0192,
022d,
029a,
01eb,
005b,
ff6b,
ff7f,
ff4d,
fe26,
fdb0,
fee2,
002f,
002a,
ffbb,
ff96,
ff64,
ff15,
ff6b,
0040,
00e4,
00fa,
004b,
ff4f,
ff3b,
0037,
00fc,
0071,
fed9,
fdc2,
fe2e,
ffa0,
00c8,
00c5,
0035,
0024,
ffff,
ffff,
0000,
0000,
0001,
0001,
0000,
fffe,
ffff,
0002,
0004,
0005,
0003,
0001,
fffe,
fffb,
fffc,
fffc,
0000,
ffff,
fffe,
fffc,
fffa,
0003,
0008,
0003,
0004,
fff5,
0010,
ffe7,
0027,
ffd0,
0049,
ffe2,
060a,
0f35,
15d4,
0175,
d8d1,
ec5f,
1980,
1b4d,
0b33,
0997,
0a46,
04f9,
01c9,
f54c,
e66d,
e46e,
eb0f,
ee3f,
f191,
fad0,
021b,
07d2,
0d49,
11dd,
10bd,
0ca0,
098d,
05e5,
004e,
faed,
fa73,
fb1b,
f9ec,
f825,
f7a2,
f71a,
f7c2,
fb57,
ff6f,
015f,
02ad,
03ed,
03e9,
04e0,
0699,
0621,
037d,
00b8,
ff34,
fe8b,
fe9b,
fdf6,
fb76,
f93c,
f9c7,
fc21,
fe2e,
003e,
013e,
0192,
022d,
029a,
01eb,
005b,
ff6b,
ff7f,
ff4d,
fe26,
fdb0,
fee2,
002f,
002a,
ffbb,
ff96,
ff64,
ff15,
ff6b,
0040,
00e4,
00fa,
004b,
ff4f,
ff3b,
0037,
00fc,
0071,
fed9,
fdc2,
fe2e,
ffa0,
00c8,
00c5,
0035,
0024,
ffff,
ffff,
0000,
0000,
0001,
0001,
0000,
fffe,
ffff,
0002,
0004,
0005,
0003,
0001,
fffe,
fffb,
fffc,
fffc,
0000,
ffff,
fffe,
fffc,
fffa,
0003,
0008,
0003,
0004,
fff5,
0010,
ffe7,
0027,
ffd0,
0049,
ffe2,
060a,
0f35,
15d4,
0175,
d8d1,
ec5f,
1980,
1b4d,
0b33,
0997,
0a46,
04f9,
01c9,
f54c,
e66d,
e46e,
eb0f,
ee3f,
f191,
fad0,
021b,
07d2,
0d49,
11dd,
10bd,
0ca0,
098d,
05e5,
004e,
faed,
fa73,
fb1b,
f9ec,
f825,
f7a2,
f71a,
f7c2,
fb57,
ff6f,
015f,
02ad,
03ed,
03e9,
04e0,
0699,
0621,
037d,
00b8,
ff34,
fe8b,
fe9b,
fdf6,
fb76,
f93c,
f9c7,
fc21,
fe2e,
003e,
013e,
0192,
022d,
029a,
01eb,
005b,
ff6b,
ff7f,
ff4d,
fe26,
fdb0,
fee2,
002f,
002a,
ffbb,
ff96,
ff64,
ff15,
ff6b,
0040,
00e4,
00fa,
004b,
ff4f,
ff3b,
0037,
00fc,
0071,
fed9,
fdc2,
fe2e,
ffa0,
00c8,
00c5,
0035,
0024,
ffff,
ffff,
0000,
0000,
0001,
0001,
0000,
fffe,
ffff,
0002,
0004,
0005,
0003,
0001,
fffe,
fffb,
fffc,
fffc,
0000,
ffff,
fffe,
fffc,
fffa,
0003,
0008,
0003,
0004,
fff5,
0010,
ffe7,
0027,
ffd0,
0049,
ffe2,
060a,
0f35,
15d4,
0175,
d8d1,
ec5f,
1980,
1b4d,
0b33,
0997,
0a46,
04f9,
01c9,
f54c,
e66d,
e46e,
eb0f,
ee3f,
f191,
fad0,
021b,
07d2,
0d49,
11dd,
10bd,
0ca0,
098d,
05e5,
004e,
faed,
fa73,
fb1b,
f9ec,
f825,
f7a2,
f71a,
f7c2,
fb57,
ff6f,
015f,
02ad,
03ed,
03e9,
04e0,
0699,
0621,
037d,
00b8,
ff34,
fe8b,
fe9b,
fdf6,
fb76,
f93c,
f9c7,
fc21,
fe2e,
003e,
013e,
0192,
022d,
029a,
01eb,
005b,
ff6b,
ff7f,
ff4d,
fe26,
fdb0,
fee2,
002f,
002a,
ffbb,
ff96,
ff64,
ff15,
ff6b,
0040,
00e4,
00fa,
004b,
ff4f,
ff3b,
0037,
00fc,
0071,
fed9,
fdc2,
fe2e,
ffa0,
00c8,
00c5,
0035,
0024,
ffff,
ffff,
0000,
0000,
0001,
0001,
0000,
fffe,
ffff,
0002,
0004,
0005,
0003,
0001,
fffe,
fffb,
fffc,
fffc,
0000,
ffff,
fffe,
fffc,
fffa,
0003,
0008,
0003,
0004,
fff5,
0010,
ffe7,
0027,
ffd0,
0049,
ffe2,
060a,
0f35,
15d4,
0175,
d8d1,
ec5f,
1980,
1b4d,
0b33,
0997,
0a46,
04f9,
01c9,
f54c,
e66d,
e46e,
eb0f,
ee3f,
f191,
fad0,
021b,
07d2,
0d49,
11dd,
10bd,
0ca0,
098d,
05e5,
004e,
faed,
fa73,
fb1b,
f9ec,
f825,
f7a2,
f71a,
f7c2,
fb57,
ff6f,
015f,
02ad,
03ed,
03e9,
04e0,
0699,
0621,
037d,
00b8,
ff34,
fe8b,
fe9b,
fdf6,
fb76,
f93c,
f9c7,
fc21,
fe2e,
003e,
013e,
0192,
022d,
029a,
01eb,
005b,
ff6b,
ff7f,
ff4d,
fe26,
fdb0,
fee2,
002f,
002a,
ffbb,
ff96,
ff64,
ff15,
ff6b,
0040,
00e4,
00fa,
004b,
ff4f,
ff3b,
0037,
00fc,
0071,
fed9,
fdc2,
fe2e,
ffa0,
00c8,
00c5,
0035,
0024,
ffff,
ffff,
0000,
0000,
0001,
0001,
0000,
fffe,
ffff,
0002,
0004,
0005,
0003,
0001,
fffe,
fffb,
fffc,
fffc,
0000,
ffff,
fffe,
fffc,
fffa,
0003,
0008,
0003,
0004,
fff5,
0010,
ffe7,
0027,
ffd0,
0049,
ffe2,
060a,
0f35,
15d4,
0175,
d8d1,
ec5f,
1980,
1b4d,
0b33,
0997,
0a46,
04f9,
01c9,
f54c,
e66d,
e46e,
eb0f,
ee3f,
f191,
fad0,
021b,
07d2,
0d49,
11dd,
10bd,
0ca0,
098d,
05e5,
004e,
faed,
fa73,
fb1b,
f9ec,
f825,
f7a2,
f71a,
f7c2,
fb57,
ff6f,
015f,
02ad,
03ed,
03e9,
04e0,
0699,
0621,
037d,
00b8,
ff34,
fe8b,
fe9b,
fdf6,
fb76,
f93c,
f9c7,
fc21,
fe2e,
003e,
013e,
0192,
022d,
029a,
01eb,
005b,
ff6b,
ff7f,
ff4d,
fe26,
fdb0,
fee2,
002f,
002a,
ffbb,
ff96,
ff64,
ff15,
ff6b,
0040,
00e4,
00fa,
004b,
ff4f,
ff3b,
0037,
00fc,
0071,
fed9,
fdc2,
fe2e,
ffa0,
00c8,
00c5,
0035,
0024,
ffff,
ffff,
0000,
0000,
0001,
0001,
0000,
fffe,
ffff,
0002,
0004,
0005,
0003,
0001,
fffe,
fffb,
fffc,
fffc,
0000,
ffff,
fffe,
fffc,
fffa,
0003,
0008,
0003,
0004,
fff5,
0010,
ffe7,
0027,
ffd0,
0049,
ffe2,
060a,
0f35,
15d4,
0175,
d8d1,
ec5f,
1980,
1b4d,
0b33,
0997,
0a46,
04f9,
01c9,
f54c,
e66d,
e46e,
eb0f,
ee3f,
f191,
fad0,
021b,
07d2,
0d49,
11dd,
10bd,
0ca0,
098d,
05e5,
004e,
faed,
fa73,
fb1b,
f9ec,
f825,
f7a2,
f71a,
f7c2,
fb57,
ff6f,
015f,
02ad,
03ed,
03e9,
04e0,
0699,
0621,
037d,
00b8,
ff34,
fe8b,
fe9b,
fdf6,
fb76,
f93c,
f9c7,
fc21,
fe2e,
003e,
013e,
0192,
022d,
029a,
01eb,
005b,
ff6b,
ff7f,
ff4d,
fe26,
fdb0,
fee2,
002f,
002a,
ffbb,
ff96,
ff64,
ff15,
ff6b,
0040,
00e4,
00fa,
004b,
ff4f,
ff3b,
0037,
00fc,
0071,
fed9,
fdc2,
fe2e,
ffa0,
00c8,
00c5,
0035,
0024,
ffff,
ffff,
0000,
0000,
0001,
0001,
0000,
fffe,
ffff,
0002,
0004,
0005,
0003,
0001,
fffe,
fffb,
fffc,
fffc,
0000,
ffff,
fffe,
fffc,
fffa,
0003,
0008,
0003,
0004,
fff5,
0010,
ffe7,
0027,
ffd0,
0049,
ffe2,
060a,
0f35,
15d4,
0175,
d8d1,
ec5f,
1980,
1b4d,
0b33,
0997,
0a46,
04f9,
01c9,
f54c,
e66d,
e46e,
eb0f,
ee3f,
f191,
fad0,
021b,
07d2,
0d49,
11dd,
10bd,
0ca0,
098d,
05e5,
004e,
faed,
fa73,
fb1b,
f9ec,
f825,
f7a2,
f71a,
f7c2,
fb57,
ff6f,
015f,
02ad,
03ed,
03e9,
04e0,
0699,
0621,
037d,
00b8,
ff34,
fe8b,
fe9b,
fdf6,
fb76,
f93c,
f9c7,
fc21,
fe2e,
003e,
013e,
0192,
022d,
029a,
01eb,
005b,
ff6b,
ff7f,
ff4d,
fe26,
fdb0,
fee2,
002f,
002a,
ffbb,
ff96,
ff64,
ff15,
ff6b,
0040,
00e4,
00fa,
004b,
ff4f,
ff3b,
0037,
00fc,
0071,
fed9,
fdc2,
fe2e,
ffa0,
00c8,
00c5,
0035,
0024,
ffff,
ffff,
0000,
0000,
0001,
0001,
0000,
fffe,
ffff,
0002,
0004,
0005,
0003,
0001,
fffe,
fffb,
fffc,
fffc,
0000,
ffff,
fffe,
fffc,
fffa,
0003,
0008,
0003,
0004,
fff5,
0010,
ffe7,
0027,
ffd0,
0049,
ffe2,
060a,
0f35,
15d4,
0175,
d8d1,
ec5f,
1980,
1b4d,
0b33,
0997,
0a46,
04f9,
01c9,
f54c,
e66d,
e46e,
eb0f,
ee3f,
f191,
fad0,
021b,
07d2,
0d49,
11dd,
10bd,
0ca0,
098d,
05e5,
004e,
faed,
fa73,
fb1b,
f9ec,
f825,
f7a2,
f71a,
f7c2,
fb57,
ff6f,
015f,
02ad,
03ed,
03e9,
04e0,
0699,
0621,
037d,
00b8,
ff34,
fe8b,
fe9b,
fdf6,
fb76,
f93c,
f9c7,
fc21,
fe2e,
003e,
013e,
0192,
022d,
029a,
01eb,
005b,
ff6b,
ff7f,
ff4d,
fe26,
fdb0,
fee2,
002f,
002a,
ffbb,
ff96,
ff64,
ff15,
ff6b,
0040,
00e4,
00fa,
004b,
ff4f,
ff3b,
0037,
00fc,
0071,
fed9,
fdc2,
fe2e,
ffa0,
00c8,
00c5,
0035,
0024,
ffff,
ffff,
0000,
0000,
0001,
0001,
0000,
fffe,
ffff,
0002,
0004,
0005,
0003,
0001,
fffe,
fffb,
fffc,
fffc,
0000,
ffff,
fffe,
fffc,
fffa,
0003,
0008,
0003,
0004,
fff5,
0010,
ffe7,
0027,
ffd0,
0049,
ffe2,
060a,
0f35,
15d4,
0175,
d8d1,
ec5f,
1980,
1b4d,
0b33,
0997,
0a46,
04f9,
01c9,
f54c,
e66d,
e46e,
eb0f,
ee3f,
f191,
fad0,
021b,
07d2,
0d49,
11dd,
10bd,
0ca0,
098d,
05e5,
004e,
faed,
fa73,
fb1b,
f9ec,
f825,
f7a2,
f71a,
f7c2,
fb57,
ff6f,
015f,
02ad,
03ed,
03e9,
04e0,
0699,
0621,
037d,
00b8,
ff34,
fe8b,
fe9b,
fdf6,
fb76,
f93c,
f9c7,
fc21,
fe2e,
003e,
013e,
0192,
022d,
029a,
01eb,
005b,
ff6b,
ff7f,
ff4d,
fe26,
fdb0,
fee2,
002f,
002a,
ffbb,
ff96,
ff64,
ff15,
ff6b,
0040,
00e4,
00fa,
004b,
ff4f,
ff3b,
0037,
00fc,
0071,
fed9,
fdc2,
fe2e,
ffa0,
00c8,
00c5,
0035,
0024,
ffff,
ffff,
0000,
0000,
0001,
0001,
0000,
fffe,
ffff,
0002,
0004,
0005,
0003,
0001,
fffe,
fffb,
fffc,
fffc,
0000,
ffff,
fffe,
fffc,
fffa,
0003,
0008,
0003,
0004,
fff5,
0010,
ffe7,
0027,
ffd0,
0049,
ffe2,
060a,
0f35,
15d4,
0175,
d8d1,
ec5f,
1980,
1b4d,
0b33,
0997,
0a46,
04f9,
01c9,
f54c,
e66d,
e46e,
eb0f,
ee3f,
f191,
fad0,
021b,
07d2,
0d49,
11dd,
10bd,
0ca0,
098d,
05e5,
004e,
faed,
fa73,
fb1b,
f9ec,
f825,
f7a2,
f71a,
f7c2,
fb57,
ff6f,
015f,
02ad,
03ed,
03e9,
04e0,
0699,
0621,
037d,
00b8,
ff34,
fe8b,
fe9b,
fdf6,
fb76,
f93c,
f9c7,
fc21,
fe2e,
003e,
013e,
0192,
022d,
029a,
01eb,
005b,
ff6b,
ff7f,
ff4d,
fe26,
fdb0,
fee2,
002f,
002a,
ffbb,
ff96,
ff64,
ff15,
ff6b,
0040,
00e4,
00fa,
004b,
ff4f,
ff3b,
0037,
00fc,
0071,
fed9,
fdc2,
fe2e,
ffa0,
00c8,
00c5,
0035,
0024,
ffff,
ffff,
0000,
0000,
0001,
0001,
0000,
fffe,
ffff,
0002,
0004,
0005,
0003,
0001,
fffe,
fffb,
fffc,
fffc,
0000,
ffff,
fffe,
fffc,
fffa,
0003,
0008,
0003,
0004,
fff5,
0010,
ffe7,
0027,
ffd0,
0049,
ffe2,
060a,
0f35,
15d4,
0175,
d8d1,
ec5f,
1980,
1b4d,
0b33,
0997,
0a46,
04f9,
01c9,
f54c,
e66d,
e46e,
eb0f,
ee3f,
f191,
fad0,
021b,
07d2,
0d49,
11dd,
10bd,
0ca0,
098d,
05e5,
004e,
faed,
fa73,
fb1b,
f9ec,
f825,
f7a2,
f71a,
f7c2,
fb57,
ff6f,
015f,
02ad,
03ed,
03e9,
04e0,
0699,
0621,
037d,
00b8,
ff34,
fe8b,
fe9b,
fdf6,
fb76,
f93c,
f9c7,
fc21,
fe2e,
003e,
013e,
0192,
022d,
029a,
01eb,
005b,
ff6b,
ff7f,
ff4d,
fe26,
fdb0,
fee2,
002f,
002a,
ffbb,
ff96,
ff64,
ff15,
ff6b,
0040,
00e4,
00fa,
004b,
ff4f,
ff3b,
0037,
00fc,
0071,
fed9,
fdc2,
fe2e,
ffa0,
00c8,
00c5,
0035,
0024,
ffff,
ffff,
0000,
0000,
0001,
0001,
0000,
fffe,
ffff,
0002,
0004,
0005,
0003,
0001,
fffe,
fffb,
fffc,
fffc,
0000,
ffff,
fffe,
fffc,
fffa,
0003,
0008,
0003,
0004,
fff5,
0010,
ffe7,
0027,
ffd0,
0049,
ffe2,
060a,
0f35,
15d4,
0175,
d8d1,
ec5f,
1980,
1b4d,
0b33,
0997,
0a46,
04f9,
01c9,
f54c,
e66d,
e46e,
eb0f,
ee3f,
f191,
fad0,
021b,
07d2,
0d49,
11dd,
10bd,
0ca0,
098d,
05e5,
004e,
faed,
fa73,
fb1b,
f9ec,
f825,
f7a2,
f71a,
f7c2,
fb57,
ff6f,
015f,
02ad,
03ed,
03e9,
04e0,
0699,
0621,
037d,
00b8,
ff34,
fe8b,
fe9b,
fdf6,
fb76,
f93c,
f9c7,
fc21,
fe2e,
003e,
013e,
0192,
022d,
029a,
01eb,
005b,
ff6b,
ff7f,
ff4d,
fe26,
fdb0,
fee2,
002f,
002a,
ffbb,
ff96,
ff64,
ff15,
ff6b,
0040,
00e4,
00fa,
004b,
ff4f,
ff3b,
0037,
00fc,
0071,
fed9,
fdc2,
fe2e,
ffa0,
00c8,
00c5,
0035,
0024,
ffff,
ffff,
0000,
0000,
0001,
0001,
0000,
fffe,
ffff,
0002,
0004,
0005,
0003,
0001,
fffe,
fffb,
fffc,
fffc,
0000,
ffff,
fffe,
fffc,
fffa,
0003,
0008,
0003,
0004,
fff5,
0010,
ffe7,
0027,
ffd0,
0049,
ffe2,
060a,
0f35,
15d4,
0175,
d8d1,
ec5f,
1980,
1b4d,
0b33,
0997,
0a46,
04f9,
01c9,
f54c,
e66d,
e46e,
eb0f,
ee3f,
f191,
fad0,
021b,
07d2,
0d49,
11dd,
10bd,
0ca0,
098d,
05e5,
004e,
faed,
fa73,
fb1b,
f9ec,
f825,
f7a2,
f71a,
f7c2,
fb57,
ff6f,
015f,
02ad,
03ed,
03e9,
04e0,
0699,
0621,
037d,
00b8,
ff34,
fe8b,
fe9b,
fdf6,
fb76,
f93c,
f9c7,
fc21,
fe2e,
003e,
013e,
0192,
022d,
029a,
01eb,
005b,
ff6b,
ff7f,
ff4d,
fe26,
fdb0,
fee2,
002f,
002a,
ffbb,
ff96,
ff64,
ff15,
ff6b,
0040,
00e4,
00fa,
004b,
ff4f,
ff3b,
0037,
00fc,
0071,
fed9,
fdc2,
fe2e,
ffa0,
00c8,
00c5,
0035,
0024,
ffff,
ffff,
0000,
0000,
0001,
0001,
0000,
fffe,
ffff,
0002,
0004,
0005,
0003,
0001,
fffe,
fffb,
fffc,
fffc,
0000,
ffff,
fffe,
fffc,
fffa,
0003,
0008,
0003,
0004,
fff5,
0010,
ffe7,
0027,
ffd0,
0049,
ffe2,
060a,
0f35,
15d4,
0175,
d8d1,
ec5f,
1980,
1b4d,
0b33,
0997,
0a46,
04f9,
01c9,
f54c,
e66d,
e46e,
eb0f,
ee3f,
f191,
fad0,
021b,
07d2,
0d49,
11dd,
10bd,
0ca0,
098d,
05e5,
004e,
faed,
fa73,
fb1b,
f9ec,
f825,
f7a2,
f71a,
f7c2,
fb57,
ff6f,
015f,
02ad,
03ed,
03e9,
04e0,
0699,
0621,
037d,
00b8,
ff34,
fe8b,
fe9b,
fdf6,
fb76,
f93c,
f9c7,
fc21,
fe2e,
003e,
013e,
0192,
022d,
029a,
01eb,
005b,
ff6b,
ff7f,
ff4d,
fe26,
fdb0,
fee2,
002f,
002a,
ffbb,
ff96,
ff64,
ff15,
ff6b,
0040,
00e4,
00fa,
004b,
ff4f,
ff3b,
0037,
00fc,
0071,
fed9,
fdc2,
fe2e,
ffa0,
00c8,
00c5,
0035,
0024,
ffff,
ffff,
0000,
0000,
0001,
0001,
0000,
fffe,
ffff,
0002,
0004,
0005,
0003,
0001,
fffe,
fffb,
fffc,
fffc,
0000,
ffff,
fffe,
fffc,
fffa,
0003,
0008,
0003,
0004,
fff5,
0010,
ffe7,
0027,
ffd0,
0049,
ffe2,
060a,
0f35,
15d4,
0175,
d8d1,
ec5f,
1980,
1b4d,
0b33,
0997,
0a46,
04f9,
01c9,
f54c,
e66d,
e46e,
eb0f,
ee3f,
f191,
fad0,
021b,
07d2,
0d49,
11dd,
10bd,
0ca0,
098d,
05e5,
004e,
faed,
fa73,
fb1b,
f9ec,
f825,
f7a2,
f71a,
f7c2,
fb57,
ff6f,
015f,
02ad,
03ed,
03e9,
04e0,
0699,
0621,
037d,
00b8,
ff34,
fe8b,
fe9b,
fdf6,
fb76,
f93c,
f9c7,
fc21,
fe2e,
003e,
013e,
0192,
022d,
029a,
01eb,
005b,
ff6b,
ff7f,
ff4d,
fe26,
fdb0,
fee2,
002f,
002a,
ffbb,
ff96,
ff64,
ff15,
ff6b,
0040,
00e4,
00fa,
004b,
ff4f,
ff3b,
0037,
00fc,
0071,
fed9,
fdc2,
fe2e,
ffa0,
00c8,
00c5,
0035,
0024,
ffff,
ffff,
0000,
0000,
0001,
0001,
0000,
fffe,
ffff,
0002,
0004,
0005,
0003,
0001,
fffe,
fffb,
fffc,
fffc,
0000,
ffff,
fffe,
fffc,
fffa,
0003,
0008,
0003,
0004,
fff5,
0010,
ffe7,
0027,
ffd0,
0049,
ffe2,
060a,
0f35,
15d4,
0175,
d8d1,
ec5f,
1980,
1b4d,
0b33,
0997,
0a46,
04f9,
01c9,
f54c,
e66d,
e46e,
eb0f,
ee3f,
f191,
fad0,
021b,
07d2,
0d49,
11dd,
10bd,
0ca0,
098d,
05e5,
004e,
faed,
fa73,
fb1b,
f9ec,
f825,
f7a2,
f71a,
f7c2,
fb57,
ff6f,
015f,
02ad,
03ed,
03e9,
04e0,
0699,
0621,
037d,
00b8,
ff34,
fe8b,
fe9b,
fdf6,
fb76,
f93c,
f9c7,
fc21,
fe2e,
003e,
013e,
0192,
022d,
029a,
01eb,
005b,
ff6b,
ff7f,
ff4d,
fe26,
fdb0,
fee2,
002f,
002a,
ffbb,
ff96,
ff64,
ff15,
ff6b,
0040,
00e4,
00fa,
004b,
ff4f,
ff3b,
0037,
00fc,
0071,
fed9,
fdc2,
fe2e,
ffa0,
00c8,
00c5,
0035,
0024,
ffff,
ffff,
0000,
0000,
0001,
0001,
0000,
fffe,
ffff,
0002,
0004,
0005,
0003,
0001,
fffe,
fffb,
fffc,
fffc,
0000,
ffff,
fffe,
fffc,
fffa,
0003,
0008,
0003,
0004,
fff5,
0010,
ffe7,
0027,
ffd0,
0049,
ffe2,
060a,
0f35,
15d4,
0175,
d8d1,
ec5f,
1980,
1b4d,
0b33,
0997,
0a46,
04f9,
01c9,
f54c,
e66d,
e46e,
eb0f,
ee3f,
f191,
fad0,
021b,
07d2,
0d49,
11dd,
10bd,
0ca0,
098d,
05e5,
004e,
faed,
fa73,
fb1b,
f9ec,
f825,
f7a2,
f71a,
f7c2,
fb57,
ff6f,
015f,
02ad,
03ed,
03e9,
04e0,
0699,
0621,
037d,
00b8,
ff34,
fe8b,
fe9b,
fdf6,
fb76,
f93c,
f9c7,
fc21,
fe2e,
003e,
013e,
0192,
022d,
029a,
01eb,
005b,
ff6b,
ff7f,
ff4d,
fe26,
fdb0,
fee2,
002f,
002a,
ffbb,
ff96,
ff64,
ff15,
ff6b,
0040,
00e4,
00fa,
004b,
ff4f,
ff3b,
0037,
00fc,
0071,
fed9,
fdc2,
fe2e,
ffa0,
00c8,
00c5,
0035,
0024,
ffff,
ffff,
0000,
0000,
0001,
0001,
0000,
fffe,
ffff,
0002,
0004,
0005,
0003,
0001,
fffe,
fffb,
fffc,
fffc,
0000,
ffff,
fffe,
fffc,
fffa,
0003,
0008,
0003,
0004,
fff5,
0010,
ffe7,
0027,
ffd0,
0049,
ffe2,
060a,
0f35,
15d4,
0175,
d8d1,
ec5f,
1980,
1b4d,
0b33,
0997,
0a46,
04f9,
01c9,
f54c,
e66d,
e46e,
eb0f,
ee3f,
f191,
fad0,
021b,
07d2,
0d49,
11dd,
10bd,
0ca0,
098d,
05e5,
004e,
faed,
fa73,
fb1b,
f9ec,
f825,
f7a2,
f71a,
f7c2,
fb57,
ff6f,
015f,
02ad,
03ed,
03e9,
04e0,
0699,
0621,
037d,
00b8,
ff34,
fe8b,
fe9b,
fdf6,
fb76,
f93c,
f9c7,
fc21,
fe2e,
003e,
013e,
0192,
022d,
029a,
01eb,
005b,
ff6b,
ff7f,
ff4d,
fe26,
fdb0,
fee2,
002f,
002a,
ffbb,
ff96,
ff64,
ff15,
ff6b,
0040,
00e4,
00fa,
004b,
ff4f,
ff3b,
0037,
00fc,
0071,
fed9,
fdc2,
fe2e,
ffa0,
00c8,
00c5,
0035,
0024,
ffff,
ffff,
0000,
0000,
0001,
0001,
0000,
fffe,
ffff,
0002,
0004,
0005,
0003,
0001,
fffe,
fffb,
fffc,
fffc,
0000,
ffff,
fffe,
fffc,
fffa,
0003,
0008,
0003,
0004,
fff5,
0010,
ffe7,
0027,
ffd0,
0049,
ffe2,
060a,
0f35,
15d4,
0175,
d8d1,
ec5f,
1980,
1b4d,
0b33,
0997,
0a46,
04f9,
01c9,
f54c,
e66d,
e46e,
eb0f,
ee3f,
f191,
fad0,
021b,
07d2,
0d49,
11dd,
10bd,
0ca0,
098d,
05e5,
004e,
faed,
fa73,
fb1b,
f9ec,
f825,
f7a2,
f71a,
f7c2,
fb57,
ff6f,
015f,
02ad,
03ed,
03e9,
04e0,
0699,
0621,
037d,
00b8,
ff34,
fe8b,
fe9b,
fdf6,
fb76,
f93c,
f9c7,
fc21,
fe2e,
003e,
013e,
0192,
022d,
029a,
01eb,
005b,
ff6b,
ff7f,
ff4d,
fe26,
fdb0,
fee2,
002f,
002a,
ffbb,
ff96,
ff64,
ff15,
ff6b,
0040,
00e4,
00fa,
004b,
ff4f,
ff3b,
0037,
00fc,
0071,
fed9,
fdc2,
fe2e,
ffa0,
00c8,
00c5,
0035,
0024,
ffff,
ffff,
0000,
0000,
0001,
0001,
0000,
fffe,
ffff,
0002,
0004,
0005,
0003,
0001,
fffe,
fffb,
fffc,
fffc,
0000,
ffff,
fffe,
fffc,
fffa,
0003,
0008,
0003,
0004,
fff5,
0010,
ffe7,
0027,
ffd0,
0049,
ffe2,
060a,
0f35,
15d4,
0175,
d8d1,
ec5f,
1980,
1b4d,
0b33,
0997,
0a46,
04f9,
01c9,
f54c,
e66d,
e46e,
eb0f,
ee3f,
f191,
fad0,
021b,
07d2,
0d49,
11dd,
10bd,
0ca0,
098d,
05e5,
004e,
faed,
fa73,
fb1b,
f9ec,
f825,
f7a2,
f71a,
f7c2,
fb57,
ff6f,
015f,
02ad,
03ed,
03e9,
04e0,
0699,
0621,
037d,
00b8,
ff34,
fe8b,
fe9b,
fdf6,
fb76,
f93c,
f9c7,
fc21,
fe2e,
003e,
013e,
0192,
022d,
029a,
01eb,
005b,
ff6b,
ff7f,
ff4d,
fe26,
fdb0,
fee2,
002f,
002a,
ffbb,
ff96,
ff64,
ff15,
ff6b,
0040,
00e4,
00fa,
004b,
ff4f,
ff3b,
0037,
00fc,
0071,
fed9,
fdc2,
fe2e,
ffa0,
00c8,
00c5,
0035,
0024,
ffff,
ffff,
0000,
0000,
0001,
0001,
0000,
fffe,
ffff,
0002,
0004,
0005,
0003,
0001,
fffe,
fffb,
fffc,
fffc,
0000,
ffff,
fffe,
fffc,
fffa,
0003,
0008,
0003,
0004,
fff5,
0010,
ffe7,
0027,
ffd0,
0049,
ffe2,
060a,
0f35,
15d4,
0175,
d8d1,
ec5f,
1980,
1b4d,
0b33,
0997,
0a46,
04f9,
01c9,
f54c,
e66d,
e46e,
eb0f,
ee3f,
f191,
fad0,
021b,
07d2,
0d49,
11dd,
10bd,
0ca0,
098d,
05e5,
004e,
faed,
fa73,
fb1b,
f9ec,
f825,
f7a2,
f71a,
f7c2,
fb57,
ff6f,
015f,
02ad,
03ed,
03e9,
04e0,
0699,
0621,
037d,
00b8,
ff34,
fe8b,
fe9b,
fdf6,
fb76,
f93c,
f9c7,
fc21,
fe2e,
003e,
013e,
0192,
022d,
029a,
01eb,
005b,
ff6b,
ff7f,
ff4d,
fe26,
fdb0,
fee2,
002f,
002a,
ffbb,
ff96,
ff64,
ff15,
ff6b,
0040,
00e4,
00fa,
004b,
ff4f,
ff3b,
0037,
00fc,
0071,
fed9,
fdc2,
fe2e,
ffa0,
00c8,
00c5,
0035,
0024,
ffff,
ffff,
0000,
0000,
0001,
0001,
0000,
fffe,
ffff,
0002,
0004,
0005,
0003,
0001,
fffe,
fffb,
fffc,
fffc,
0000,
ffff,
fffe,
fffc,
fffa,
0003,
0008,
0003,
0004,
fff5,
0010,
ffe7,
0027,
ffd0,
0049,
ffe2,
060a,
0f35,
15d4,
0175,
d8d1,
ec5f,
1980,
1b4d,
0b33,
0997,
0a46,
04f9,
01c9,
f54c,
e66d,
e46e,
eb0f,
ee3f,
f191,
fad0,
021b,
07d2,
0d49,
11dd,
10bd,
0ca0,
098d,
05e5,
004e,
faed,
fa73,
fb1b,
f9ec,
f825,
f7a2,
f71a,
f7c2,
fb57,
ff6f,
015f,
02ad,
03ed,
03e9,
04e0,
0699,
0621,
037d,
00b8,
ff34,
fe8b,
fe9b,
fdf6,
fb76,
f93c,
f9c7,
fc21,
fe2e,
003e,
013e,
0192,
022d,
029a,
01eb,
005b,
ff6b,
ff7f,
ff4d,
fe26,
fdb0,
fee2,
002f,
002a,
ffbb,
ff96,
ff64,
ff15,
ff6b,
0040,
00e4,
00fa,
004b,
ff4f,
ff3b,
0037,
00fc,
0071,
fed9,
fdc2,
fe2e,
ffa0,
00c8,
00c5,
0035,
0024,
ffff,
ffff,
0000,
0000,
0001,
0001,
0000,
fffe,
ffff,
0002,
0004,
0005,
0003,
0001,
fffe,
fffb,
fffc,
fffc,
0000,
ffff,
fffe,
fffc,
fffa,
0003,
0008,
0003,
0004,
fff5,
0010,
ffe7,
0027,
ffd0,
0049,
ffe2,
060a,
0f35,
15d4,
0175,
d8d1,
ec5f,
1980,
1b4d,
0b33,
0997,
0a46,
04f9,
01c9,
f54c,
e66d,
e46e,
eb0f,
ee3f,
f191,
fad0,
021b,
07d2,
0d49,
11dd,
10bd,
0ca0,
098d,
05e5,
004e,
faed,
fa73,
fb1b,
f9ec,
f825,
f7a2,
f71a,
f7c2,
fb57,
ff6f,
015f,
02ad,
03ed,
03e9,
04e0,
0699,
0621,
037d,
00b8,
ff34,
fe8b,
fe9b,
fdf6,
fb76,
f93c,
f9c7,
fc21,
fe2e,
003e,
013e,
0192,
022d,
029a,
01eb,
005b,
ff6b,
ff7f,
ff4d,
fe26,
fdb0,
fee2,
002f,
002a,
ffbb,
ff96,
ff64,
ff15,
ff6b,
0040,
00e4,
00fa,
004b,
ff4f,
ff3b,
0037,
00fc,
0071,
fed9,
fdc2,
fe2e,
ffa0,
00c8,
00c5,
0035,
0024,
ffff,
ffff,
0000,
0000,
0001,
0001,
0000,
fffe,
ffff,
0002,
0004,
0005,
0003,
0001,
fffe,
fffb,
fffc,
fffc,
0000,
ffff,
fffe,
fffc,
fffa,
0003,
0008,
0003,
0004,
fff5,
0010,
ffe7,
0027,
ffd0,
0049,
ffe2,
060a,
0f35,
15d4,
0175,
d8d1,
ec5f,
1980,
1b4d,
0b33,
0997,
0a46,
04f9,
01c9,
f54c,
e66d,
e46e,
eb0f,
ee3f,
f191,
fad0,
021b,
07d2,
0d49,
11dd,
10bd,
0ca0,
098d,
05e5,
004e,
faed,
fa73,
fb1b,
f9ec,
f825,
f7a2,
f71a,
f7c2,
fb57,
ff6f,
015f,
02ad,
03ed,
03e9,
04e0,
0699,
0621,
037d,
00b8,
ff34,
fe8b,
fe9b,
fdf6,
fb76,
f93c,
f9c7,
fc21,
fe2e,
003e,
013e,
0192,
022d,
029a,
01eb,
005b,
ff6b,
ff7f,
ff4d,
fe26,
fdb0,
fee2,
002f,
002a,
ffbb,
ff96,
ff64,
ff15,
ff6b,
0040,
00e4,
00fa,
004b,
ff4f,
ff3b,
0037,
00fc,
0071,
fed9,
fdc2,
fe2e,
ffa0,
00c8,
00c5,
0035,
0024,
ffff,
ffff,
0000,
0000,
0001,
0001,
0000,
fffe,
ffff,
0002,
0004,
0005,
0003,
0001,
fffe,
fffb,
fffc,
fffc,
0000,
ffff,
fffe,
fffc,
fffa,
0003,
0008,
0003,
0004,
fff5,
0010,
ffe7,
0027,
ffd0,
0049,
ffe2,
060a,
0f35,
15d4,
0175,
d8d1,
ec5f,
1980,
1b4d,
0b33,
0997,
0a46,
04f9,
01c9,
f54c,
e66d,
e46e,
eb0f,
ee3f,
f191,
fad0,
021b,
07d2,
0d49,
11dd,
10bd,
0ca0,
098d,
05e5,
004e,
faed,
fa73,
fb1b,
f9ec,
f825,
f7a2,
f71a,
f7c2,
fb57,
ff6f,
015f,
02ad,
03ed,
03e9,
04e0,
0699,
0621,
037d,
00b8,
ff34,
fe8b,
fe9b,
fdf6,
fb76,
f93c,
f9c7,
fc21,
fe2e,
003e,
013e,
0192,
022d,
029a,
01eb,
005b,
ff6b,
ff7f,
ff4d,
fe26,
fdb0,
fee2,
002f,
002a,
ffbb,
ff96,
ff64,
ff15,
ff6b,
0040,
00e4,
00fa,
004b,
ff4f,
ff3b,
0037,
00fc,
0071,
fed9,
fdc2,
fe2e,
ffa0,
00c8,
00c5,
0035,
0024,
ffff,
ffff,
0000,
0000,
0001,
0001,
0000,
fffe,
ffff,
0002,
0004,
0005,
0003,
0001,
fffe,
fffb,
fffc,
fffc,
0000,
ffff,
fffe,
fffc,
fffa,
0003,
0008,
0003,
0004,
fff5,
0010,
ffe7,
0027,
ffd0,
0049,
ffe2,
060a,
0f35,
15d4,
0175,
d8d1,
ec5f,
1980,
1b4d,
0b33,
0997,
0a46,
04f9,
01c9,
f54c,
e66d,
e46e,
eb0f,
ee3f,
f191,
fad0,
021b,
07d2,
0d49,
11dd,
10bd,
0ca0,
098d,
05e5,
004e,
faed,
fa73,
fb1b,
f9ec,
f825,
f7a2,
f71a,
f7c2,
fb57,
ff6f,
015f,
02ad,
03ed,
03e9,
04e0,
0699,
0621,
037d,
00b8,
ff34,
fe8b,
fe9b,
fdf6,
fb76,
f93c,
f9c7,
fc21,
fe2e,
003e,
013e,
0192,
022d,
029a,
01eb,
005b,
ff6b,
ff7f,
ff4d,
fe26,
fdb0,
fee2,
002f,
002a,
ffbb,
ff96,
ff64,
ff15,
ff6b,
0040,
00e4,
00fa,
004b,
ff4f,
ff3b,
0037,
00fc,
0071,
fed9,
fdc2,
fe2e,
ffa0,
00c8,
00c5,
0035,
0024,
ffff,
ffff,
0000,
0000,
0001,
0001,
0000,
fffe,
ffff,
0002,
0004,
0005,
0003,
0001,
fffe,
fffb,
fffc,
fffc,
0000,
ffff,
fffe,
fffc,
fffa,
0003,
0008,
0003,
0004,
fff5,
0010,
ffe7,
0027,
ffd0,
0049,
ffe2,
060a,
0f35,
15d4,
0175,
d8d1,
ec5f,
1980,
1b4d,
0b33,
0997,
0a46,
04f9,
01c9,
f54c,
e66d,
e46e,
eb0f,
ee3f,
f191,
fad0,
021b,
07d2,
0d49,
11dd,
10bd,
0ca0,
098d,
05e5,
004e,
faed,
fa73,
fb1b,
f9ec,
f825,
f7a2,
f71a,
f7c2,
fb57,
ff6f,
015f,
02ad,
03ed,
03e9,
04e0,
0699,
0621,
037d,
00b8,
ff34,
fe8b,
fe9b,
fdf6,
fb76,
f93c,
f9c7,
fc21,
fe2e,
003e,
013e,
0192,
022d,
029a,
01eb,
005b,
ff6b,
ff7f,
ff4d,
fe26,
fdb0,
fee2,
002f,
002a,
ffbb,
ff96,
ff64,
ff15,
ff6b,
0040,
00e4,
00fa,
004b,
ff4f,
ff3b,
0037,
00fc,
0071,
fed9,
fdc2,
fe2e,
ffa0,
00c8,
00c5,
0035,
0024,
ffff,
ffff,
0000,
0000,
0001,
0001,
0000,
fffe,
ffff,
0002,
0004,
0005,
0003,
0001,
fffe,
fffb,
fffc,
fffc,
0000,
ffff,
fffe,
fffc,
fffa,
0003,
0008,
0003,
0004,
fff5,
0010,
ffe7,
0027,
ffd0,
0049,
ffe2,
060a,
0f35,
15d4,
0175,
d8d1,
ec5f,
1980,
1b4d,
0b33,
0997,
0a46,
04f9,
01c9,
f54c,
e66d,
e46e,
eb0f,
ee3f,
f191,
fad0,
021b,
07d2,
0d49,
11dd,
10bd,
0ca0,
098d,
05e5,
004e,
faed,
fa73,
fb1b,
f9ec,
f825,
f7a2,
f71a,
f7c2,
fb57,
ff6f,
015f,
02ad,
03ed,
03e9,
04e0,
0699,
0621,
037d,
00b8,
ff34,
fe8b,
fe9b,
fdf6,
fb76,
f93c,
f9c7,
fc21,
fe2e,
003e,
013e,
0192,
022d,
029a,
01eb,
005b,
ff6b,
ff7f,
ff4d,
fe26,
fdb0,
fee2,
002f,
002a,
ffbb,
ff96,
ff64,
ff15,
ff6b,
0040,
00e4,
00fa,
004b,
ff4f,
ff3b,
0037,
00fc,
0071,
fed9,
fdc2,
fe2e,
ffa0,
00c8,
00c5,
0035,
0024,
ffff,
ffff,
0000,
0000,
0001,
0001,
0000,
fffe,
ffff,
0002,
0004,
0005,
0003,
0001,
fffe,
fffb,
fffc,
fffc,
0000,
ffff,
fffe,
fffc,
fffa,
0003,
0008,
0003,
0004,
fff5,
0010,
ffe7,
0027,
ffd0,
0049,
ffe2,
060a,
0f35,
15d4,
0175,
d8d1,
ec5f,
1980,
1b4d,
0b33,
0997,
0a46,
04f9,
01c9,
f54c,
e66d,
e46e,
eb0f,
ee3f,
f191,
fad0,
021b,
07d2,
0d49,
11dd,
10bd,
0ca0,
098d,
05e5,
004e,
faed,
fa73,
fb1b,
f9ec,
f825,
f7a2,
f71a,
f7c2,
fb57,
ff6f,
015f,
02ad,
03ed,
03e9,
04e0,
0699,
0621,
037d,
00b8,
ff34,
fe8b,
fe9b,
fdf6,
fb76,
f93c,
f9c7,
fc21,
fe2e,
003e,
013e,
0192,
022d,
029a,
01eb,
005b,
ff6b,
ff7f,
ff4d,
fe26,
fdb0,
fee2,
002f,
002a,
ffbb,
ff96,
ff64,
ff15,
ff6b,
0040,
00e4,
00fa,
004b,
ff4f,
ff3b,
0037,
00fc,
0071,
fed9,
fdc2,
fe2e,
ffa0,
00c8,
00c5,
0035,
0024,
ffff,
ffff,
0000,
0000,
0001,
0001,
0000,
fffe,
ffff,
0002,
0004,
0005,
0003,
0001,
fffe,
fffb,
fffc,
fffc,
0000,
ffff,
fffe,
fffc,
fffa,
0003,
0008,
0003,
0004,
fff5,
0010,
ffe7,
0027,
ffd0,
0049,
ffe2,
060a,
0f35,
15d4,
0175,
d8d1,
ec5f,
1980,
1b4d,
0b33,
0997,
0a46,
04f9,
01c9,
f54c,
e66d,
e46e,
eb0f,
ee3f,
f191,
fad0,
021b,
07d2,
0d49,
11dd,
10bd,
0ca0,
098d,
05e5,
004e,
faed,
fa73,
fb1b,
f9ec,
f825,
f7a2,
f71a,
f7c2,
fb57,
ff6f,
015f,
02ad,
03ed,
03e9,
04e0,
0699,
0621,
037d,
00b8,
ff34,
fe8b,
fe9b,
fdf6,
fb76,
f93c,
f9c7,
fc21,
fe2e,
003e,
013e,
0192,
022d,
029a,
01eb,
005b,
ff6b,
ff7f,
ff4d,
fe26,
fdb0,
fee2,
002f,
002a,
ffbb,
ff96,
ff64,
ff15,
ff6b,
0040,
00e4,
00fa,
004b,
ff4f,
ff3b,
0037,
00fc,
0071,
fed9,
fdc2,
fe2e,
ffa0,
00c8,
00c5,
0035,
0024;